de [mm],g [mm],Nn [],Nc [],Force1.Force_y [kNewton],prediction_kN,error_kN,abs_error_kN,fold
11,0.3,14,20,-32.84378864,-32.91142,-0.06763077,0.06763077,1
11,0.3,14,28,-34.70097491,-34.930458,-0.22948456,0.22948456,1
11,0.4,14,14,-28.15960833,-28.478233,-0.3186245,0.3186245,1
11,0.7,14,14,-20.24863962,-20.663427,-0.4147873,0.4147873,1
11,0.7,14,28,-28.14348843,-28.381172,-0.23768425,0.23768425,1
11,0.8,14,18,-22.00872594,-22.996136,-0.9874096,0.9874096,1
11,0.8,14,22,-24.63110643,-24.791595,-0.16048813,0.16048813,1
11,0.8,14,28,-26.72646191,-26.728441,-0.0019798279,0.0019798279,1
11,1.0,14,24,-22.45060156,-22.54366,-0.09305763,0.09305763,1
11,0.3,15,20,-33.49759109,-33.45649,0.041103363,0.041103363,1
11,0.3,15,22,-34.06356573,-33.916824,0.14673996,0.14673996,1
11,0.4,15,24,-32.67222079,-32.626907,0.04531479,0.04531479,1
11,0.5,15,14,-26.62874548,-26.733143,-0.10439682,0.10439682,1
11,0.6,15,28,-30.45639871,-30.21214,0.24425888,0.24425888,1
11,0.7,15,22,-27.1441178,-27.300163,-0.15604591,0.15604591,1
11,0.7,15,26,-28.39571741,-28.768055,-0.37233734,0.37233734,1
11,0.8,15,20,-24.60651331,-24.932167,-0.32565308,0.32565308,1
11,0.8,15,26,-26.98988367,-27.089554,-0.09967041,0.09967041,1
11,0.9,15,14,-16.73578963,-16.850029,-0.11423874,0.11423874,1
11,0.9,15,16,-19.34598112,-19.62176,-0.27577782,0.27577782,1
11,0.9,15,22,-24.05477179,-24.569199,-0.5144272,0.5144272,1
11,0.9,15,26,-25.65409691,-25.618736,0.035360336,0.035360336,1
11,0.4,16,20,-32.25491998,-32.031807,0.22311401,0.22311401,1
11,0.4,16,22,-32.83925437,-32.59829,0.24096298,0.24096298,1
11,0.5,16,20,-30.46837239,-30.446014,0.02235794,0.02235794,1
11,0.5,16,22,-31.09789195,-31.012112,0.0857811,0.0857811,1
11,0.7,16,28,-29.72416216,-29.548325,0.17583847,0.17583847,1
11,0.8,16,18,-24.37594893,-24.459896,-0.08394623,0.08394623,1
11,0.8,16,22,-26.39948687,-26.655376,-0.2558899,0.2558899,1
11,0.9,16,14,-18.20899262,-18.462746,-0.25375366,0.25375366,1
11,0.9,16,18,-22.52662513,-22.831783,-0.30515862,0.30515862,1
11,0.9,16,20,-23.94739945,-24.127197,-0.17979813,0.17979813,1
11,1.0,16,18,-20.72824342,-21.157398,-0.42915535,0.42915535,1
11,1.0,16,22,-23.60836915,-24.17517,-0.5668011,0.5668011,1
11,0.3,17,18,-34.04778135,-33.876183,0.17160034,0.17160034,1
11,0.3,17,26,-36.19814909,-36.27241,-0.07426071,0.07426071,1
11,0.3,17,28,-36.60004529,-36.8107,-0.21065521,0.21065521,1
11,0.4,17,18,-32.19173861,-32.051346,0.1403923,0.1403923,1
11,0.5,17,16,-29.43455804,-29.604164,-0.16960526,0.16960526,1
11,0.6,17,14,-26.19680601,-26.550169,-0.35336304,0.35336304,1
11,0.6,17,24,-30.78233188,-30.720772,0.061559677,0.061559677,1
11,0.8,17,14,-21.68258171,-21.723377,-0.04079628,0.04079628,1
11,0.8,17,22,-27.20207551,-27.470646,-0.26856995,0.26856995,1
11,0.8,17,28,-29.13847053,-28.948654,0.18981552,0.18981552,1
11,0.9,17,20,-24.90557258,-24.907093,-0.0015201569,0.0015201569,1
11,1.0,17,28,-26.66112602,-27.029247,-0.3681221,0.3681221,1
11,0.3,18,16,-33.94710811,-33.534485,0.41262436,0.41262436,1
11,0.5,18,22,-32.42191692,-32.184845,0.23707199,0.23707199,1
11,0.5,18,24,-32.99443538,-32.73833,0.25610352,0.25610352,1
11,0.5,18,26,-33.5387697,-33.36261,0.1761589,0.1761589,1
11,0.5,18,28,-34.07349076,-34.0039,0.06959152,0.06959152,1
11,0.6,18,16,-28.26938072,-28.482925,-0.21354485,0.21354485,1
11,0.6,18,22,-30.81285986,-30.727093,0.085767746,0.085767746,1
11,0.7,18,24,-30.02001124,-30.003231,0.016780853,0.016780853,1
11,0.8,18,22,-27.96064791,-28.035131,-0.07448387,0.07448387,1
11,0.9,18,16,-22.9116779,-23.394361,-0.48268318,0.48268318,1
11,0.9,18,18,-24.52177217,-24.906322,-0.3845501,0.3845501,1
11,1.0,18,16,-21.06740812,-21.602745,-0.53533745,0.53533745,1
11,1.0,18,18,-22.92958811,-23.221668,-0.29207993,0.29207993,1
11,0.3,19,16,-34.41295076,-34.001236,0.41171646,0.41171646,1
11,0.3,19,28,-37.69077646,-38.043335,-0.35255814,0.35255814,1
11,0.5,19,20,-32.33053455,-32.192093,0.138443,0.138443,1
11,0.5,19,22,-33.01864101,-32.77335,0.24529266,0.24529266,1
11,0.5,19,26,-34.18104115,-33.956345,0.22469711,0.22469711,1
11,0.6,19,18,-30.07754242,-29.90192,0.17562294,0.17562294,1
11,0.7,19,22,-30.02357576,-29.959873,0.06370163,0.06370163,1
11,0.8,19,26,-29.89810142,-29.873184,0.024917603,0.024917603,1
11,0.9,19,20,-26.41144259,-26.531723,-0.12028122,0.12028122,1
11,0.9,19,28,-29.2639147,-29.552063,-0.28814888,0.28814888,1
11,0.3,20,18,-35.65195151,-35.42379,0.22816086,0.22816086,1
11,0.4,20,16,-33.08400874,-32.867207,0.21680069,0.21680069,1
11,0.5,20,24,-34.21412376,-33.872635,0.34148788,0.34148788,1
11,0.5,20,26,-34.75685747,-34.54873,0.20812988,0.20812988,1
11,0.7,20,16,-27.88906629,-27.878445,0.010622025,0.010622025,1
11,0.7,20,18,-28.96713229,-29.07954,-0.112407684,0.112407684,1
11,0.8,20,28,-31.18482576,-31.089432,0.095394135,0.095394135,1
11,0.9,20,14,-22.81218838,-22.946924,-0.1347351,0.1347351,1
11,0.9,20,26,-29.28608308,-29.271317,0.014766693,0.014766693,1
11,1.0,20,14,-20.89311095,-20.94017,-0.047060013,0.047060013,1
11,1.0,20,28,-28.72447187,-29.018219,-0.29374695,0.29374695,1
11,0.3,21,22,-37.37659767,-37.471252,-0.09465408,0.09465408,1
11,0.6,21,20,-32.00862578,-31.876984,0.13164139,0.13164139,1
11,0.6,21,24,-33.32726546,-33.10032,0.22694778,0.22694778,1
11,0.7,21,14,-27.28013566,-27.181614,0.09852219,0.09852219,1
11,0.7,21,16,-28.50728533,-28.303146,0.20413971,0.20413971,1
11,0.7,21,24,-31.99594601,-31.765766,0.23018074,0.23018074,1
11,0.7,21,28,-33.09856781,-32.999725,0.09884262,0.09884262,1
11,0.8,21,20,-29.04862674,-29.13238,-0.083753586,0.083753586,1
11,0.8,21,28,-31.8084189,-31.603659,0.2047596,0.2047596,1
11,0.9,21,26,-29.9300757,-29.841969,0.08810806,0.08810806,1
11,0.9,21,28,-30.58924494,-30.570942,0.018302917,0.018302917,1
11,1.0,21,16,-23.97054748,-24.270252,-0.2997055,0.2997055,1
11,1.0,21,26,-28.77632206,-28.83522,-0.058898926,0.058898926,1
15,0.3,14,18,-44.25442335,-44.527786,-0.2733612,0.2733612,1
15,0.3,14,26,-47.03230604,-47.034676,-0.002368927,0.002368927,1
15,0.4,14,26,-44.96017312,-45.006084,-0.04590988,0.04590988,1
15,0.7,14,16,-31.21661372,-31.587564,-0.3709507,0.3709507,1
15,0.7,14,20,-35.57497599,-35.948364,-0.37338638,0.37338638,1
15,0.7,14,28,-39.77664729,-39.980103,-0.20345688,0.20345688,1
15,0.8,14,22,-34.73107612,-35.236847,-0.50577164,0.50577164,1
15,0.8,14,26,-37.15515506,-37.349705,-0.19454956,0.19454956,1
15,0.8,14,28,-37.98878353,-37.95812,0.030666351,0.030666351,1
15,0.9,14,16,-24.7438018,-24.87542,-0.1316185,0.1316185,1
15,0.9,14,26,-35.26463455,-35.8901,-0.6254654,0.6254654,1
15,1.0,14,14,-17.51601294,-17.682968,-0.16695595,0.16695595,1
15,0.3,15,28,-48.35223868,-48.154694,0.1975441,0.1975441,1
15,0.4,15,14,-40.12825743,-40.035103,0.09315491,0.09315491,1
15,0.4,15,20,-43.64620867,-44.06204,-0.4158287,0.4158287,1
15,0.5,15,14,-36.94910353,-36.88295,0.06615448,0.06615448,1
15,0.5,15,22,-42.38856656,-42.834732,-0.446167,0.446167,1
15,0.6,15,16,-36.02788681,-36.593937,-0.5660515,0.5660515,1
15,0.6,15,28,-42.61730925,-42.518845,0.098464966,0.098464966,1
15,0.7,15,16,-33.00179789,-33.216423,-0.21462631,0.21462631,1
15,0.7,15,22,-38.27861161,-38.41788,-0.13927078,0.13927078,1
15,0.9,15,14,-23.02914506,-23.464582,-0.43543816,0.43543816,1
15,0.9,15,26,-36.56889638,-36.924316,-0.35541916,0.35541916,1
15,0.3,16,18,-45.90703746,-46.10916,-0.20212555,0.20212555,1
15,0.3,16,20,-46.71836241,-46.678143,0.040218353,0.040218353,1
15,0.3,16,22,-47.41650936,-47.301334,0.11517334,0.11517334,1
15,0.4,16,18,-43.62213888,-43.99196,-0.36981964,0.36981964,1
15,0.5,16,16,-40.04495684,-40.41741,-0.3724556,0.3724556,1
15,0.5,16,24,-44.15565128,-44.387535,-0.231884,0.231884,1
15,0.6,16,20,-40.25859268,-40.39836,-0.1397667,0.1397667,1
15,0.8,16,24,-38.49389534,-38.695072,-0.20117569,0.20117569,1
15,0.8,16,26,-39.48334252,-39.681824,-0.19848251,0.19848251,1
15,0.8,16,28,-40.16803611,-40.295914,-0.12787628,0.12787628,1
15,0.9,16,16,-28.8068267,-28.876583,-0.069755554,0.069755554,1
15,0.9,16,28,-38.53974556,-38.618866,-0.079120636,0.079120636,1
15,1.0,16,14,-21.92354695,-22.234846,-0.31129837,0.31129837,1
15,1.0,16,28,-36.97485064,-37.093086,-0.11823654,0.11823654,1
15,0.3,17,18,-46.66004915,-46.660057,-7.6293945e-06,7.6293945e-06,1
15,0.3,17,22,-48.15523036,-47.978657,0.1765747,0.1765747,1
15,0.3,17,26,-49.3631968,-49.23651,0.1266861,0.1266861,1
15,0.4,17,14,-42.02601278,-42.29828,-0.2722664,0.2722664,1
15,0.4,17,28,-48.03198893,-47.946953,0.08503723,0.08503723,1
15,0.6,17,14,-36.43128433,-36.515152,-0.08386612,0.08386612,1
15,0.6,17,18,-40.0900372,-40.22135,-0.13131332,0.13131332,1
15,0.6,17,20,-41.23005606,-41.338608,-0.108551025,0.108551025,1
15,0.9,17,18,-33.14234798,-33.4228,-0.2804489,0.2804489,1
15,0.9,17,22,-36.64697052,-36.70534,-0.058372498,0.058372498,1
15,0.9,17,24,-37.83626654,-38.01077,-0.17450333,0.17450333,1
15,0.9,17,26,-38.69245522,-39.11052,-0.41806412,0.41806412,1
15,0.3,18,28,-50.54779054,-50.47802,0.06977081,0.06977081,1
15,0.4,18,24,-47.61575346,-47.428734,0.18701935,0.18701935,1
15,0.6,18,20,-42.11530303,-42.197487,-0.08218384,0.08218384,1
15,0.7,18,20,-40.18293134,-40.426888,-0.24395752,0.24395752,1
15,0.8,18,14,-31.74689455,-31.509943,0.23695183,0.23695183,1
15,0.8,18,20,-38.35002711,-38.33703,0.013000488,0.013000488,1
15,0.8,18,24,-40.37177777,-41.123,-0.7512245,0.7512245,1
15,0.8,18,26,-41.29007586,-41.700607,-0.4105301,0.4105301,1
15,1.0,18,18,-32.28140427,-32.43229,-0.15088654,0.15088654,1
15,1.0,18,20,-34.4227424,-34.585884,-0.16314316,0.16314316,1
15,0.4,19,18,-45.89780334,-45.959087,-0.06128311,0.06128311,1
15,0.4,19,20,-46.80817512,-46.705154,0.103019714,0.103019714,1
15,0.5,19,26,-47.15797164,-46.835552,0.3224182,0.3224182,1
15,0.6,19,18,-41.79016282,-42.08306,-0.2929001,0.2929001,1
15,0.6,19,20,-42.95854063,-43.139717,-0.18117523,0.18117523,1
15,0.6,19,22,-43.83504223,-43.848328,-0.013286591,0.013286591,1
15,0.6,19,24,-44.73790356,-44.495293,0.24261093,0.24261093,1
15,0.7,19,28,-44.52088162,-44.389412,0.13146973,0.13146973,1
15,0.8,19,20,-39.28903327,-39.529297,-0.2402649,0.2402649,1
15,0.8,19,28,-42.90353644,-42.888382,0.015155792,0.015155792,1
15,0.9,19,20,-37.4087923,-37.382484,0.026306152,0.026306152,1
15,1.0,19,18,-33.62733745,-33.611816,0.015522003,0.015522003,1
15,1.0,19,26,-39.063066,-39.34906,-0.28599548,0.28599548,1
15,0.3,20,22,-50.09784753,-49.812614,0.28523254,0.28523254,1
15,0.3,20,24,-50.75661613,-50.55774,0.19887543,0.19887543,1
15,0.4,20,14,-44.3048837,-44.57624,-0.2713585,0.2713585,1
15,0.4,20,16,-45.51391918,-45.642006,-0.12808609,0.12808609,1
15,0.4,20,24,-48.99393979,-48.57717,0.41676712,0.41676712,1
15,0.6,20,22,-44.60287071,-44.4445,0.15837097,0.15837097,1
15,0.6,20,26,-46.20615069,-45.825634,0.38051605,0.38051605,1
15,0.6,20,28,-46.95410931,-46.620323,0.333786,0.333786,1
15,0.7,20,14,-37.25695698,-37.277596,-0.020637512,0.020637512,1
15,0.7,20,16,-39.27383939,-39.16566,0.108177185,0.108177185,1
15,0.7,20,28,-45.35126406,-45.048164,0.3031006,0.3031006,1
15,0.9,20,22,-39.52797061,-40.131943,-0.6039734,0.6039734,1
15,1.0,20,18,-34.91752083,-35.058243,-0.14072037,0.14072037,1
15,1.0,20,22,-37.90184143,-38.289406,-0.3875656,0.3875656,1
15,0.4,21,14,-44.92476832,-44.97243,-0.047664642,0.047664642,1
15,0.4,21,20,-48.15345069,-48.00343,0.1500206,0.1500206,1
15,0.4,21,22,-48.8531791,-48.518566,0.3346138,0.3346138,1
15,0.5,21,26,-48.59524047,-47.999405,0.59583664,0.59583664,1
15,0.6,21,14,-40.49106142,-40.477493,0.013568878,0.013568878,1
15,0.6,21,20,-44.36473603,-44.523766,-0.15903091,0.15903091,1
15,0.6,21,28,-47.58208544,-47.289047,0.2930374,0.2930374,1
15,0.7,21,14,-38.26034751,-38.258873,0.0014762878,0.0014762878,1
15,0.7,21,22,-43.62812346,-43.66294,-0.034816742,0.034816742,1
15,0.8,21,16,-38.0444678,-38.159008,-0.1145401,0.1145401,1
15,0.8,21,28,-44.58003044,-44.119797,0.46023178,0.46023178,1
15,0.9,21,24,-41.32629363,-41.529114,-0.20281982,0.20281982,1
19,0.4,14,14,-49.17992424,-49.405724,-0.22579956,0.22579956,1
19,0.5,14,20,-51.66082383,-51.707115,-0.04629135,0.04629135,1
19,0.5,14,22,-52.93012055,-53.196335,-0.26621246,0.26621246,1
19,0.5,14,28,-55.72170242,-55.879784,-0.15808105,0.15808105,1
19,0.6,14,16,-43.88108015,-44.799812,-0.9187317,0.9187317,1
19,0.6,14,18,-46.65752595,-47.14338,-0.4858551,0.4858551,1
19,0.6,14,22,-50.33434711,-50.26007,0.07427597,0.07427597,1
19,0.6,14,24,-51.59655311,-51.60953,-0.0129776,0.0129776,1
19,0.7,14,16,-39.91605027,-40.48844,-0.5723915,0.5723915,1
19,0.7,14,18,-43.03577921,-43.825336,-0.7895584,0.7895584,1
19,0.7,14,20,-45.60356488,-46.178505,-0.5749397,0.5749397,1
19,0.7,14,22,-47.60285368,-47.59925,0.0036010742,0.0036010742,1
19,0.7,14,26,-50.33045485,-50.657932,-0.3274765,0.3274765,1
19,0.8,14,16,-35.76068307,-36.28687,-0.5261841,0.5261841,1
19,0.8,14,20,-42.29085088,-42.58983,-0.2989769,0.2989769,1
19,0.9,14,18,-35.79535137,-36.294033,-0.4986801,0.4986801,1
19,0.9,14,20,-39.03898057,-39.191795,-0.15281296,0.15281296,1
19,0.3,15,26,-60.50194034,-60.51033,-0.008388519,0.008388519,1
19,0.4,15,18,-54.39219927,-54.415215,-0.023014069,0.023014069,1
19,0.5,15,16,-49.5200715,-49.87999,-0.3599167,0.3599167,1
19,0.5,15,28,-56.85696378,-56.72754,0.12942505,0.12942505,1
19,0.6,15,26,-53.85457344,-54.388268,-0.5336952,0.5336952,1
19,0.7,15,20,-47.49612445,-47.687466,-0.1913414,0.1913414,1
19,0.8,15,16,-38.30771647,-38.88574,-0.578022,0.578022,1
19,0.8,15,18,-41.69525446,-42.391678,-0.6964226,0.6964226,1
19,0.8,15,20,-44.45134089,-45.09557,-0.6442299,0.6442299,1
19,0.8,15,28,-50.72271415,-51.08451,-0.36179733,0.36179733,1
19,0.9,15,18,-38.28202468,-39.002003,-0.71997833,0.71997833,1
19,0.9,15,28,-48.63012896,-48.889565,-0.25943375,0.25943375,1
19,1.0,15,14,-24.9951886,-25.549007,-0.55381966,0.55381966,1
19,1.0,15,18,-34.77839206,-35.71548,-0.937088,0.937088,1
19,1.0,15,24,-43.24341574,-43.240227,0.003189087,0.003189087,1
19,1.0,15,26,-45.07589117,-45.098038,-0.022148132,0.022148132,1
19,0.3,16,14,-55.43732528,-55.480247,-0.042922974,0.042922974,1
19,0.3,16,18,-58.10914416,-57.97831,0.13083267,0.13083267,1
19,0.3,16,26,-61.40751576,-61.534084,-0.12656784,0.12656784,1
19,0.4,16,18,-55.4882327,-55.53757,-0.049339294,0.049339294,1
19,0.4,16,22,-57.59962168,-57.665447,-0.065826416,0.065826416,1
19,0.5,16,14,-48.52827039,-48.611374,-0.08310318,0.08310318,1
19,0.5,16,22,-55.28725502,-55.40088,-0.11362457,0.11362457,1
19,0.6,16,20,-51.65468426,-51.70309,-0.048404694,0.048404694,1
19,0.6,16,22,-52.94668286,-53.135883,-0.18920135,0.18920135,1
19,0.6,16,26,-54.99290898,-55.57994,-0.5870323,0.5870323,1
19,0.7,16,14,-40.50581534,-41.06334,-0.55752563,0.55752563,1
19,0.7,16,24,-51.95052247,-52.031906,-0.08138275,0.08138275,1
19,0.7,16,26,-52.96339453,-53.47412,-0.5107269,0.5107269,1
19,0.8,16,16,-40.48803836,-41.03292,-0.5448837,0.5448837,1
19,0.9,16,26,-48.83148106,-48.930264,-0.098781586,0.098781586,1
19,1.0,16,18,-37.2209807,-37.814903,-0.59392166,0.59392166,1
19,0.3,17,16,-57.80297918,-57.7389,0.064079285,0.064079285,1
19,0.3,17,18,-58.96808544,-58.9361,0.031986237,0.031986237,1
19,0.3,17,26,-62.28305656,-62.224777,0.058280945,0.058280945,1
19,0.5,17,24,-57.36643251,-57.694336,-0.32790375,0.32790375,1
19,0.7,17,16,-46.04616123,-46.757786,-0.71162415,0.71162415,1
19,0.7,17,18,-48.61302262,-48.938057,-0.3250351,0.3250351,1
19,0.7,17,20,-50.43706423,-50.378616,0.05844879,0.05844879,1
19,0.7,17,28,-54.99602151,-55.14103,-0.14500809,0.14500809,1
19,0.9,17,18,-42.44572005,-43.094444,-0.6487236,0.6487236,1
19,0.9,17,22,-47.34115521,-47.489944,-0.14878845,0.14878845,1
19,0.9,17,26,-50.14562641,-50.263077,-0.117450714,0.117450714,1
19,0.9,17,28,-51.23820366,-51.51997,-0.28176498,0.28176498,1
19,1.0,17,24,-46.7920118,-47.17218,-0.3801689,0.3801689,1
19,0.5,18,14,-51.32135898,-51.517735,-0.1963768,0.1963768,1
19,0.5,18,18,-55.00473595,-54.843605,0.16113281,0.16113281,1
19,0.5,18,22,-57.26484909,-57.416313,-0.15146255,0.15146255,1
19,0.5,18,26,-59.10040089,-59.185753,-0.08535385,0.08535385,1
19,0.6,18,22,-55.1576062,-55.065372,0.092235565,0.092235565,1
19,0.7,18,28,-56.03746074,-56.080902,-0.043441772,0.043441772,1
19,0.8,18,18,-47.27510883,-47.789543,-0.5144348,0.5144348,1
19,1.0,18,20,-44.37839226,-44.468315,-0.08992386,0.08992386,1
19,0.4,19,14,-55.32076193,-55.372482,-0.051719666,0.051719666,1
19,0.4,19,20,-59.34474855,-59.610462,-0.26571274,0.26571274,1
19,0.5,19,18,-55.85725315,-55.84732,0.009933472,0.009933472,1
19,0.6,19,22,-56.11887521,-56.152046,-0.033172607,0.033172607,1
19,0.6,19,28,-58.9329176,-58.84281,0.090106964,0.090106964,1
19,0.7,19,22,-54.08973688,-54.028126,0.061611176,0.061611176,1
19,0.7,19,24,-55.15380304,-55.50032,-0.34651566,0.34651566,1
19,0.8,19,22,-52.053304,-52.14203,-0.08872604,0.08872604,1
19,0.8,19,24,-53.22588138,-53.661682,-0.43580246,0.43580246,1
19,0.8,19,26,-54.28787741,-55.00928,-0.721405,0.721405,1
19,0.8,19,28,-55.21342725,-55.17713,0.036296844,0.036296844,1
19,0.9,19,14,-38.76807605,-39.917107,-1.1490288,1.1490288,1
19,0.9,19,20,-48.26500159,-48.33203,-0.067028046,0.067028046,1
19,0.9,19,24,-51.29049771,-51.678703,-0.38820648,0.38820648,1
19,1.0,19,16,-39.65775624,-39.940308,-0.2825508,0.2825508,1
19,1.0,19,18,-43.20352882,-43.460415,-0.25688553,0.25688553,1
19,0.3,20,16,-60.15691371,-60.44234,-0.2854271,0.2854271,1
19,0.3,20,24,-63.87965858,-63.63392,0.24573898,0.24573898,1
19,0.4,20,24,-61.91573347,-61.724075,0.19165802,0.19165802,1
19,0.5,20,16,-55.36395307,-55.38048,-0.016529083,0.016529083,1
19,0.5,20,24,-59.96830529,-59.897552,0.07075119,0.07075119,1
19,0.7,20,14,-47.53723543,-47.561523,-0.024288177,0.024288177,1
19,0.7,20,24,-56.14001999,-56.40687,-0.26685333,0.26685333,1
19,0.9,20,26,-53.49217024,-53.92157,-0.4294014,0.4294014,1
19,1.0,20,14,-37.11071834,-37.605614,-0.49489594,0.49489594,1
19,1.0,20,18,-44.87441334,-44.97779,-0.103378296,0.103378296,1
19,0.3,21,14,-59.52735994,-59.748383,-0.22102356,0.22102356,1
19,0.3,21,16,-60.86003832,-60.91735,-0.05731201,0.05731201,1
19,0.4,21,14,-56.94977397,-57.408077,-0.45830154,0.45830154,1
19,0.4,21,18,-59.79022531,-60.03422,-0.24399567,0.24399567,1
19,0.4,21,24,-62.69126627,-62.224846,0.46641922,0.46641922,1
19,0.6,21,24,-58.93967273,-58.579643,0.36003113,0.36003113,1
19,0.7,21,16,-51.40237386,-51.349884,0.052490234,0.052490234,1
19,0.8,21,24,-55.20921,-55.315693,-0.10648346,0.10648346,1
19,0.9,21,22,-52.1188518,-52.561943,-0.44309235,0.44309235,1
19,1.0,21,18,-46.33530741,-46.544044,-0.20873642,0.20873642,1
19,1.0,21,24,-51.65361318,-52.012085,-0.35847092,0.35847092,1
19,1.0,21,28,-53.80671003,-53.810417,-0.0037078857,0.0037078857,1
23,0.3,14,14,-63.8066879,-64.17844,-0.37174988,0.37174988,1
23,0.3,14,18,-67.65214119,-67.626305,0.02583313,0.02583313,1
23,0.3,14,24,-71.01112333,-71.236755,-0.22563171,0.22563171,1
23,0.4,14,18,-64.24301167,-64.65035,-0.407341,0.407341,1
23,0.4,14,22,-67.20786734,-67.3657,-0.15782928,0.15782928,1
23,0.4,14,28,-70.09811125,-70.31621,-0.21809387,0.21809387,1
23,0.5,14,20,-62.68464927,-62.983696,-0.29904556,0.29904556,1
23,0.6,14,22,-61.21081875,-61.599113,-0.38829422,0.38829422,1
23,0.6,14,26,-64.18654727,-64.441734,-0.255188,0.255188,1
23,0.7,14,18,-52.26163756,-52.636562,-0.3749237,0.3749237,1
23,0.7,14,24,-59.89283375,-60.163513,-0.27067947,0.27067947,1
23,0.7,14,28,-62.79056713,-63.27838,-0.48781586,0.48781586,1
23,0.8,14,22,-54.36046577,-54.946938,-0.58647156,0.58647156,1
23,0.8,14,24,-56.7731431,-57.349922,-0.5767784,0.5767784,1
23,0.9,14,18,-43.45120766,-44.525993,-1.0747871,1.0747871,1
23,0.9,14,24,-53.45600913,-54.013294,-0.5572853,0.5572853,1
23,1.0,14,14,-26.43023774,-26.793804,-0.36356735,0.36356735,1
23,0.4,15,20,-67.29808283,-67.405975,-0.1078949,0.1078949,1
23,0.4,15,26,-70.58512593,-70.77923,-0.19409943,0.19409943,1
23,0.4,15,28,-71.34895544,-71.32111,0.02783966,0.02783966,1
23,0.6,15,16,-55.57824819,-56.36518,-0.7869339,0.7869339,1
23,0.7,15,28,-64.38304009,-64.91651,-0.53347015,0.53347015,1
23,0.9,15,24,-55.9573293,-56.19582,-0.23849106,0.23849106,1
23,1.0,15,14,-30.09994109,-30.227446,-0.12750435,0.12750435,1
23,1.0,15,28,-57.10415419,-57.195778,-0.09162521,0.09162521,1
23,0.3,16,16,-68.57246805,-68.57038,0.002090454,0.002090454,1
23,0.3,16,22,-72.32262371,-72.29682,0.025802612,0.025802612,1
23,0.3,16,26,-74.04490244,-74.26997,-0.22507477,0.22507477,1
23,0.4,16,14,-62.80119307,-63.226727,-0.4255333,0.4255333,1
23,0.4,16,24,-70.78044167,-70.96047,-0.18003082,0.18003082,1
23,0.4,16,26,-71.69316537,-72.07801,-0.38484192,0.38484192,1
23,0.4,16,28,-72.49371679,-72.34641,0.14730072,0.14730072,1
23,0.5,16,18,-63.99837046,-64.2667,-0.26832962,0.26832962,1
23,0.7,16,28,-65.77507476,-66.42925,-0.6541748,0.6541748,1
23,0.8,16,22,-58.87722155,-59.47743,-0.6002083,0.6002083,1
23,0.8,16,24,-60.79231072,-60.95048,-0.1581688,0.1581688,1
23,0.8,16,26,-62.27274903,-62.44583,-0.17308044,0.17308044,1
23,0.9,16,16,-44.73279914,-45.243507,-0.51070786,0.51070786,1
23,1.0,16,22,-52.47968973,-52.556778,-0.0770874,0.0770874,1
23,1.0,16,26,-57.36584207,-57.30562,0.060222626,0.060222626,1
23,0.3,17,22,-73.29204251,-73.3563,-0.06425476,0.06425476,1
23,0.4,17,22,-70.85087717,-70.75447,0.09640503,0.09640503,1
23,0.5,17,18,-65.40504156,-65.50968,-0.104637146,0.104637146,1
23,0.6,17,14,-56.01138169,-56.024483,-0.01309967,0.01309967,1
23,0.6,17,18,-62.32727798,-62.05429,0.27298737,0.27298737,1
23,0.6,17,22,-65.79306933,-66.05416,-0.26109314,0.26109314,1
23,0.6,17,24,-67.09565224,-67.31312,-0.21746826,0.21746826,1
23,0.6,17,26,-68.22841868,-68.48348,-0.25506592,0.25506592,1
23,0.7,17,22,-63.30510035,-63.44627,-0.1411705,0.1411705,1
23,0.8,17,20,-58.42762464,-58.695606,-0.26798248,0.26798248,1
23,0.8,17,22,-60.64521269,-60.938244,-0.2930298,0.2930298,1
23,0.9,17,20,-55.12188705,-55.68992,-0.5680313,0.5680313,1
23,0.3,18,24,-75.16100938,-75.22584,-0.064826965,0.064826965,1
23,0.4,18,16,-67.73059103,-68.12382,-0.39322662,0.39322662,1
23,0.4,18,18,-69.35936214,-69.432106,-0.07274628,0.07274628,1
23,0.5,18,20,-68.17404909,-68.12707,0.04698181,0.04698181,1
23,0.7,18,16,-57.7226759,-57.772385,-0.04970932,0.04970932,1
23,0.7,18,22,-64.61788448,-64.8258,-0.20791626,0.20791626,1
23,0.8,18,14,-49.13564661,-49.85866,-0.72301483,0.72301483,1
23,0.8,18,20,-60.17588718,-60.259415,-0.08352661,0.08352661,1
23,0.8,18,22,-62.18113027,-62.362442,-0.18131256,0.18131256,1
23,0.9,18,18,-53.96616969,-54.64689,-0.68071747,0.68071747,1
23,0.9,18,24,-61.39437969,-61.28535,0.10902786,0.10902786,1
23,1.0,18,14,-39.70637518,-40.24242,-0.5360451,0.5360451,1
23,1.0,18,20,-53.99854942,-54.456577,-0.4580269,0.4580269,1
23,1.0,18,26,-60.73217624,-60.689644,0.042533875,0.042533875,1
23,0.3,19,20,-74.13060392,-74.36141,-0.23080444,0.23080444,1
23,0.3,19,24,-76.04895358,-75.91567,0.1332779,0.1332779,1
23,0.3,19,28,-77.5966704,-77.348465,0.24820709,0.24820709,1
23,0.4,19,22,-72.82292797,-72.96923,-0.14630127,0.14630127,1
23,0.4,19,26,-74.66838101,-74.61785,0.05052948,0.05052948,1
23,0.5,19,14,-63.41311393,-63.673496,-0.2603836,0.2603836,1
23,0.5,19,18,-67.76847101,-67.8955,-0.12702942,0.12702942,1
23,0.5,19,28,-73.59224791,-73.45493,0.13731384,0.13731384,1
23,0.6,19,22,-68.22953732,-68.26734,-0.03780365,0.03780365,1
23,0.6,19,24,-69.41321429,-69.651955,-0.23873901,0.23873901,1
23,0.7,19,18,-62.28330188,-62.248756,0.0345459,0.0345459,1
23,0.7,19,20,-64.26626337,-64.52107,-0.25480652,0.25480652,1
23,0.8,19,14,-51.3430273,-51.992744,-0.6497154,0.6497154,1
23,1.0,19,22,-58.61400773,-59.05507,-0.44106293,0.44106293,1
23,1.0,19,26,-62.12289456,-62.159134,-0.036239624,0.036239624,1
23,1.0,19,28,-63.46540473,-63.659855,-0.19445038,0.19445038,1
23,0.3,20,22,-75.97248029,-75.9861,-0.013618469,0.013618469,1
23,0.4,20,16,-69.73899521,-69.71595,0.0230484,0.0230484,1
23,0.4,20,26,-75.61603741,-75.36639,0.24964905,0.24964905,1
23,0.5,20,22,-71.4882687,-71.72488,-0.23661041,0.23661041,1
23,0.5,20,24,-72.60221874,-72.89016,-0.28794098,0.28794098,1
23,0.6,20,14,-61.24511442,-61.580795,-0.33568192,0.33568192,1
23,0.8,20,26,-67.45124723,-68.166405,-0.71515656,0.71515656,1
23,0.9,20,14,-49.24523512,-50.08146,-0.8362236,0.8362236,1
23,0.3,21,18,-74.58768161,-74.89744,-0.30975342,0.30975342,1
23,0.4,21,24,-75.59180149,-75.40802,0.18378448,0.18378448,1
23,0.4,21,28,-77.2983212,-76.818665,0.47966003,0.47966003,1
23,0.6,21,22,-70.38826429,-70.319305,0.0689621,0.0689621,1
23,0.7,21,14,-59.15674798,-59.6545,-0.49774933,0.49774933,1
23,0.7,21,24,-69.39276872,-69.744774,-0.352005,0.352005,1
23,0.9,21,22,-63.71439224,-63.759445,-0.045051575,0.045051575,1
23,1.0,21,24,-63.22072701,-63.426132,-0.20540619,0.20540619,1
27,0.4,14,14,-68.94446316,-69.49724,-0.5527725,0.5527725,1
27,0.4,14,24,-80.09860261,-80.35206,-0.25345612,0.25345612,1
27,0.6,14,22,-71.83163909,-72.50737,-0.67572784,0.67572784,1
27,0.7,14,16,-56.77408751,-57.35865,-0.5845642,0.5845642,1
27,0.7,14,24,-70.40355558,-71.24923,-0.8456726,0.8456726,1
27,0.8,14,26,-69.13930902,-69.83485,-0.69553375,0.69553375,1
27,0.9,14,20,-55.91852717,-56.265057,-0.3465309,0.3465309,1
27,0.9,14,28,-67.93527776,-68.49691,-0.56163025,0.56163025,1
27,1.0,14,14,-30.79288909,-31.07688,-0.28399086,0.28399086,1
27,1.0,14,16,-38.92095454,-38.452164,0.46879196,0.46879196,1
27,1.0,14,18,-45.6630735,-46.37014,-0.7070656,0.7070656,1
27,0.3,15,24,-84.29633365,-84.478615,-0.1822815,0.1822815,1
27,0.3,15,26,-85.30060124,-85.55734,-0.25674438,0.25674438,1
27,0.3,15,28,-86.12465861,-86.30709,-0.18243408,0.18243408,1
27,0.4,15,22,-80.23714139,-80.483444,-0.24629974,0.24629974,1
27,0.4,15,28,-83.5840152,-83.874794,-0.2907791,0.2907791,1
27,0.6,15,16,-64.92248337,-65.5124,-0.5899124,0.5899124,1
27,0.7,15,18,-64.2135651,-64.40902,-0.19545746,0.19545746,1
27,0.7,15,28,-75.8616963,-76.094536,-0.23284149,0.23284149,1
27,0.9,15,16,-48.80659369,-49.378326,-0.57173157,0.57173157,1
27,0.9,15,22,-62.80545214,-63.296173,-0.49072266,0.49072266,1
27,1.0,15,26,-65.0714826,-65.5528,-0.48132324,0.48132324,1
27,0.3,16,16,-79.94642115,-80.39074,-0.44432068,0.44432068,1
27,0.3,16,24,-85.51997918,-85.66657,-0.14659119,0.14659119,1
27,0.4,16,22,-81.63557261,-81.74191,-0.1063385,0.1063385,1
27,0.5,16,18,-74.91849017,-75.03837,-0.119880676,0.119880676,1
27,0.5,16,28,-82.45355932,-82.64602,-0.1924591,0.1924591,1
27,0.6,16,16,-67.46448915,-68.1219,-0.65740967,0.65740967,1
27,0.7,16,16,-62.66376305,-63.08755,-0.42378616,0.42378616,1
27,0.7,16,18,-66.83456178,-67.27646,-0.44189453,0.44189453,1
27,0.8,16,16,-57.71474243,-57.927994,-0.21325302,0.21325302,1
27,0.8,16,22,-69.25023603,-70.057335,-0.8070984,0.8070984,1
27,0.9,16,16,-52.44036649,-52.886726,-0.44636154,0.44636154,1
27,0.9,16,20,-62.09504268,-62.44179,-0.34674835,0.34674835,1
27,0.9,16,22,-65.61205598,-66.05036,-0.43830872,0.43830872,1
27,0.4,17,20,-81.51626081,-81.60977,-0.09351349,0.09351349,1
27,0.4,17,22,-82.90342886,-82.84986,0.05356598,0.05356598,1
27,0.4,17,28,-86.09893388,-86.13299,-0.034057617,0.034057617,1
27,0.5,17,26,-82.76198937,-82.86147,-0.099487305,0.099487305,1
27,0.5,17,28,-83.73809332,-83.99502,-0.2569275,0.2569275,1
27,0.6,17,16,-69.72479222,-70.15463,-0.4298401,0.4298401,1
27,0.7,17,16,-65.21913794,-65.72912,-0.50997925,0.50997925,1
27,0.8,17,22,-71.39456302,-71.83274,-0.43817902,0.43817902,1
27,0.9,17,20,-64.79678253,-64.924644,-0.12786102,0.12786102,1
27,0.9,17,28,-74.21993064,-74.46505,-0.24511719,0.24511719,1
27,1.0,17,14,-43.1064322,-43.44729,-0.34085464,0.34085464,1
27,1.0,17,20,-60.83866955,-61.52327,-0.68460083,0.68460083,1
27,1.0,17,22,-64.54086038,-65.04667,-0.50580597,0.50580597,1
27,1.0,17,24,-67.60432221,-67.88561,-0.28128815,0.28128815,1
27,1.0,17,28,-71.79013283,-71.965996,-0.17586517,0.17586517,1
27,0.3,18,14,-80.32808001,-80.99453,-0.6664505,0.6664505,1
27,0.3,18,20,-85.46035492,-85.43152,0.028839111,0.028839111,1
27,0.4,18,14,-76.51622832,-76.823296,-0.30706787,0.30706787,1
27,0.5,18,22,-81.48729177,-81.60706,-0.119773865,0.119773865,1
27,0.5,18,26,-83.91835128,-84.21049,-0.29213715,0.29213715,1
27,0.5,18,28,-84.95346965,-85.1278,-0.17433167,0.17433167,1
27,0.6,18,14,-67.6764625,-67.902336,-0.22587585,0.22587585,1
27,0.6,18,24,-80.34485066,-80.57787,-0.2330246,0.2330246,1
27,0.6,18,26,-81.55956024,-81.70233,-0.14276886,0.14276886,1
27,0.7,18,14,-62.73948068,-63.431644,-0.6921654,0.6921654,1
27,0.7,18,24,-77.8689282,-78.07772,-0.20879364,0.20879364,1
27,0.8,18,14,-57.60930731,-57.88657,-0.27726364,0.27726364,1
27,0.8,18,16,-63.06854509,-63.617172,-0.54862595,0.54862595,1
27,1.0,18,22,-66.97682004,-67.40612,-0.4292984,0.4292984,1
27,1.0,18,24,-69.72674607,-70.14596,-0.41921234,0.41921234,1
27,0.3,19,14,-81.48725544,-81.967186,-0.47992706,0.47992706,1
27,0.4,19,14,-77.91358606,-78.09693,-0.18334198,0.18334198,1
27,0.4,19,18,-82.2648282,-82.60145,-0.33661652,0.33661652,1
27,0.4,19,26,-87.35167652,-87.636086,-0.28440857,0.28440857,1
27,0.5,19,14,-74.02730451,-74.042015,-0.014709473,0.014709473,1
27,0.5,19,18,-79.34948158,-79.62091,-0.27143097,0.27143097,1
27,0.5,19,22,-82.63689039,-82.713646,-0.07675934,0.07675934,1
27,0.5,19,24,-83.9589907,-84.09826,-0.13926697,0.13926697,1
27,0.5,19,26,-85.09496413,-85.52581,-0.43084717,0.43084717,1
27,0.6,19,16,-73.54003958,-73.85029,-0.31024933,0.31024933,1
27,0.6,19,18,-76.27027918,-76.36071,-0.09043121,0.09043121,1
27,0.7,19,14,-65.04099948,-65.447586,-0.4065857,0.4065857,1
27,0.7,19,16,-69.66259709,-70.00657,-0.34397125,0.34397125,1
27,0.7,19,28,-81.74961607,-82.183205,-0.43358612,0.43358612,1
27,0.9,19,24,-74.14869795,-74.36291,-0.21421051,0.21421051,1
27,1.0,19,26,-73.51584724,-73.533485,-0.01763916,0.01763916,1
27,0.3,20,20,-87.39570787,-87.68145,-0.2857437,0.2857437,1
27,0.5,20,14,-75.60448389,-75.70222,-0.097732544,0.097732544,1
27,0.6,20,20,-79.70955392,-79.87139,-0.16183472,0.16183472,1
27,0.6,20,24,-82.73928144,-82.90476,-0.16548157,0.16548157,1
27,0.6,20,28,-85.02882425,-85.27265,-0.24382782,0.24382782,1
27,0.7,20,24,-80.34610212,-80.58563,-0.23953247,0.23953247,1
27,0.8,20,18,-71.46343259,-71.71662,-0.2531891,0.2531891,1
27,0.8,20,26,-79.5288494,-80.000694,-0.47184753,0.47184753,1
27,0.9,20,18,-67.95718102,-68.71865,-0.761467,0.761467,1
27,1.0,20,14,-52.75450833,-53.034996,-0.28048706,0.28048706,1
27,1.0,20,16,-59.17242946,-59.741253,-0.56882477,0.56882477,1
27,1.0,20,20,-68.13611898,-68.75161,-0.6154938,0.6154938,1
27,1.0,20,26,-75.021533,-75.241844,-0.22031403,0.22031403,1
27,0.3,21,20,-88.28778991,-88.8063,-0.5185089,0.5185089,1
27,0.3,21,22,-89.50575325,-89.71497,-0.20922089,0.20922089,1
27,0.4,21,28,-90.30370565,-89.9787,0.32500458,0.32500458,1
27,0.5,21,16,-79.6191758,-79.92634,-0.30715942,0.30715942,1
27,0.5,21,18,-81.70109258,-81.68879,0.012306213,0.012306213,1
27,0.6,21,20,-80.88492509,-80.69657,0.18835449,0.18835449,1
27,0.6,21,26,-85.06084526,-85.34901,-0.28816223,0.28816223,1
27,0.7,21,22,-80.20054007,-79.86563,0.33490753,0.33490753,1
27,0.7,21,24,-81.60056936,-81.72863,-0.12805939,0.12805939,1
27,0.8,21,18,-73.11417154,-73.871284,-0.7571106,0.7571106,1
27,0.9,21,14,-60.15333198,-60.80806,-0.65472794,0.65472794,1
27,0.9,21,26,-78.59363146,-79.35186,-0.7582321,0.7582321,1
27,1.0,21,14,-55.45959671,-55.80958,-0.34998322,0.34998322,1
27,1.0,21,16,-61.5603961,-62.20294,-0.6425476,0.6425476,1
27,1.0,21,28,-77.89060484,-78.338615,-0.4480133,0.4480133,1
31,0.3,14,18,-89.87901684,-90.363754,-0.4847412,0.4847412,1
31,0.4,14,14,-78.4561215,-78.977394,-0.52127075,0.52127075,1
31,0.4,14,18,-85.52580761,-85.908165,-0.38235474,0.38235474,1
31,0.4,14,20,-87.95325008,-88.48246,-0.52921295,0.52921295,1
31,0.4,14,24,-91.54376816,-92.0003,-0.4565277,0.4565277,1
31,0.7,14,14,-58.03727893,-58.42797,-0.39069366,0.39069366,1
31,0.7,14,18,-70.20302638,-70.723885,-0.52085876,0.52085876,1
31,0.7,14,24,-80.83688995,-81.37705,-0.54016113,0.54016113,1
31,0.8,14,20,-69.39762043,-69.61827,-0.22064972,0.22064972,1
31,0.9,14,20,-64.21421947,-64.92018,-0.70596313,0.70596313,1
31,1.0,14,18,-52.40671314,-52.674614,-0.26790237,0.26790237,1
31,1.0,14,22,-63.81922426,-64.53714,-0.7179146,0.7179146,1
31,1.0,14,24,-68.06062095,-68.28923,-0.22860718,0.22860718,1
31,1.0,14,28,-74.32183648,-75.050545,-0.72870636,0.72870636,1
31,0.4,15,14,-80.97838943,-81.28625,-0.30786133,0.30786133,1
31,0.6,15,14,-68.86399653,-69.35717,-0.4931717,0.4931717,1
31,0.6,15,20,-81.94267872,-82.45332,-0.510643,0.510643,1
31,0.6,15,24,-86.79035791,-87.684235,-0.8938751,0.8938751,1
31,0.6,15,28,-90.08296281,-90.37592,-0.29296112,0.29296112,1
31,0.7,15,16,-68.54382519,-68.816246,-0.2724228,0.2724228,1
31,0.7,15,22,-80.85404514,-81.40584,-0.55179596,0.55179596,1
31,0.8,15,22,-76.6012068,-76.776474,-0.17527008,0.17527008,1
31,0.9,15,20,-67.94226759,-68.21875,-0.27648163,0.27648163,1
31,1.0,15,14,-40.12176181,-40.79544,-0.67367935,0.67367935,1
31,0.3,16,16,-91.0311737,-91.52648,-0.49530792,0.49530792,1
31,0.3,16,28,-99.71353558,-100.0279,-0.31436157,0.31436157,1
31,0.4,16,14,-83.25201113,-83.56131,-0.30929565,0.30929565,1
31,0.4,16,22,-93.40448705,-93.72028,-0.3157959,0.3157959,1
31,0.4,16,26,-96.04480708,-96.06942,-0.024612427,0.024612427,1
31,0.5,16,24,-91.83200863,-92.294426,-0.4624176,0.4624176,1
31,0.5,16,26,-93.27737611,-93.428215,-0.15084076,0.15084076,1
31,0.6,16,14,-71.88787534,-72.41903,-0.5311508,0.5311508,1
31,0.6,16,16,-77.01933311,-77.983765,-0.96443176,0.96443176,1
31,0.6,16,22,-86.84350462,-87.22935,-0.38584137,0.38584137,1
31,0.7,16,16,-71.66406809,-72.26794,-0.6038666,0.6038666,1
31,0.7,16,22,-83.25689177,-84.08294,-0.8260498,0.8260498,1
31,0.8,16,14,-58.95987954,-59.362637,-0.40275574,0.40275574,1
31,0.8,16,16,-66.07560713,-66.369484,-0.29387665,0.29387665,1
31,0.8,16,20,-75.84487828,-76.40566,-0.5607834,0.5607834,1
31,0.8,16,24,-82.34976953,-83.236244,-0.8864746,0.8864746,1
31,0.8,16,28,-86.3224746,-86.50483,-0.18235779,0.18235779,1
31,0.9,16,28,-83.43555563,-83.87577,-0.44021606,0.44021606,1
31,1.0,16,20,-66.57915685,-66.76505,-0.18589783,0.18589783,1
31,1.0,16,24,-74.71196126,-75.450905,-0.738945,0.738945,1
31,1.0,16,28,-80.36495047,-80.53022,-0.16526794,0.16526794,1
31,0.3,17,14,-89.94687139,-90.2792,-0.3323288,0.3323288,1
31,0.4,17,14,-85.29572567,-85.38584,-0.09011841,0.09011841,1
31,0.5,17,20,-89.92315287,-89.89587,0.027282715,0.027282715,1
31,0.5,17,26,-94.73890259,-94.77722,-0.03832245,0.03832245,1
31,0.6,17,20,-86.41702911,-86.739944,-0.32291412,0.32291412,1
31,0.6,17,22,-88.715023,-89.007065,-0.2920456,0.2920456,1
31,0.6,17,24,-90.49879585,-91.0955,-0.5967026,0.5967026,1
31,0.6,17,26,-92.1296897,-92.1677,-0.038009644,0.038009644,1
31,0.8,17,20,-78.61254227,-79.207085,-0.59454346,0.59454346,1
31,0.8,17,22,-81.88754901,-82.66149,-0.77394104,0.77394104,1
31,0.9,17,24,-81.15390586,-82.22623,-1.072319,1.072319,1
31,1.0,17,20,-69.88549227,-70.087975,-0.20248413,0.20248413,1
31,1.0,17,22,-74.0787192,-74.783424,-0.7047043,0.7047043,1
31,1.0,17,26,-80.55129857,-80.83105,-0.279747,0.279747,1
31,0.3,18,16,-93.86535958,-94.40543,-0.5400772,0.5400772,1
31,0.3,18,18,-95.85388849,-96.323875,-0.46998596,0.46998596,1
31,0.4,18,26,-98.65648952,-98.832214,-0.17572784,0.17572784,1
31,0.5,18,16,-86.3004251,-86.72587,-0.42544556,0.42544556,1
31,0.5,18,28,-97.30559354,-97.345375,-0.039779663,0.039779663,1
31,0.6,18,20,-88.22417197,-88.412186,-0.18801117,0.18801117,1
31,0.6,18,26,-93.64319848,-93.52038,0.12281799,0.12281799,1
31,0.7,18,14,-71.70242631,-72.28051,-0.57808685,0.57808685,1
31,0.7,18,16,-77.17684148,-78.136116,-0.9592743,0.9592743,1
31,0.8,18,18,-77.1271613,-77.9333,-0.8061371,0.8061371,1
31,0.8,18,20,-81.11029901,-81.59934,-0.4890442,0.4890442,1
31,0.8,18,24,-86.43607173,-86.88084,-0.44476318,0.44476318,1
31,0.9,18,26,-85.66512228,-85.94553,-0.28041077,0.28041077,1
31,1.0,18,18,-67.86677393,-68.36979,-0.5030136,0.5030136,1
31,1.0,18,24,-80.15043047,-80.85531,-0.70487976,0.70487976,1
31,0.3,19,16,-95.16457873,-95.624306,-0.45972443,0.45972443,1
31,0.4,19,24,-98.69187544,-98.711655,-0.01978302,0.01978302,1
31,0.4,19,28,-100.9220599,-101.17885,-0.25679016,0.25679016,1
31,0.6,19,16,-84.04089358,-84.61338,-0.5724869,0.5724869,1
31,0.6,19,20,-89.88459649,-90.016685,-0.13208771,0.13208771,1
31,0.7,19,14,-74.35965068,-74.86056,-0.5009079,0.5009079,1
31,0.7,19,26,-92.52085392,-92.564995,-0.044143677,0.044143677,1
31,0.8,19,20,-83.30618163,-83.53599,-0.229805,0.229805,1
31,0.8,19,22,-86.09763236,-86.43884,-0.3412094,0.3412094,1
31,0.9,19,14,-63.120425,-63.7715,-0.65107346,0.65107346,1
31,0.9,19,26,-87.35606241,-87.603966,-0.24790192,0.24790192,1
31,1.0,19,20,-75.6385539,-75.86503,-0.22647095,0.22647095,1
31,0.3,20,16,-96.30390059,-96.70925,-0.40534973,0.40534973,1
31,0.3,20,20,-99.69161932,-99.87653,-0.18491364,0.18491364,1
31,0.4,20,16,-93.04938726,-93.30952,-0.26013184,0.26013184,1
31,0.4,20,18,-95.17252788,-95.52505,-0.35251617,0.35251617,1
31,0.4,20,22,-98.43483228,-98.39378,0.041046143,0.041046143,1
31,0.6,20,14,-81.63360513,-82.01951,-0.3859024,0.3859024,1
31,0.6,20,16,-85.86808574,-86.429085,-0.560997,0.560997,1
31,0.6,20,22,-93.14612042,-93.51766,-0.37154388,0.37154388,1
31,0.6,20,24,-94.81340973,-95.00825,-0.19483948,0.19483948,1
31,0.6,20,26,-96.2617258,-96.52386,-0.26213074,0.26213074,1
31,0.7,20,20,-88.26705504,-88.490074,-0.22302246,0.22302246,1
31,0.7,20,22,-90.64933335,-90.87345,-0.2241211,0.2241211,1
31,0.7,20,24,-92.3508554,-92.51563,-0.16477966,0.16477966,1
31,0.7,20,26,-93.83196143,-94.06855,-0.23658752,0.23658752,1
31,0.9,20,20,-81.82477771,-82.48753,-0.6627579,0.6627579,1
31,0.9,20,26,-88.98516009,-89.32254,-0.33737946,0.33737946,1
31,1.0,20,14,-60.41893822,-60.680935,-0.26199722,0.26199722,1
31,0.3,21,24,-103.2816756,-103.49931,-0.21763611,0.21763611,1
31,0.3,21,26,-104.3416553,-104.28126,0.060394287,0.060394287,1
31,0.4,21,18,-96.28501707,-96.54345,-0.25843048,0.25843048,1
31,0.4,21,20,-98.04796383,-98.13349,-0.08552551,0.08552551,1
31,0.4,21,26,-102.0788389,-102.292046,-0.21320343,0.21320343,1
31,0.5,21,14,-87.81321883,-88.206474,-0.39325714,0.39325714,1
31,0.5,21,26,-99.75088754,-100.21444,-0.46355438,0.46355438,1
31,0.6,21,16,-87.48331202,-88.116844,-0.63352966,0.63352966,1
31,0.6,21,20,-92.63998304,-92.62516,0.014823914,0.014823914,1
31,0.7,21,16,-83.74084039,-84.33991,-0.5990753,0.5990753,1
31,0.8,21,18,-83.78232169,-84.41686,-0.6345444,0.6345444,1
31,0.8,21,22,-89.24030294,-89.36799,-0.12768555,0.12768555,1
31,0.9,21,14,-68.9482983,-69.35837,-0.41007233,0.41007233,1
31,1.0,21,14,-63.52683925,-63.475483,0.05135727,0.05135727,1
31,1.0,21,20,-80.45392036,-80.48133,-0.027412415,0.027412415,1
35,0.3,14,24,-106.3235461,-106.495,-0.17145538,0.17145538,1
35,0.4,14,26,-104.4754519,-104.80945,-0.33399963,0.33399963,1
35,0.6,14,22,-92.46966925,-92.57961,-0.109947205,0.109947205,1
35,0.7,14,14,-65.40564883,-65.580574,-0.17492676,0.17492676,1
35,0.8,14,26,-89.38124391,-89.92184,-0.540596,0.540596,1
35,0.8,14,28,-91.99080933,-92.27209,-0.28128052,0.28128052,1
35,0.9,14,24,-81.53559915,-82.01609,-0.48049164,0.48049164,1
35,1.0,14,16,-50.14794295,-50.512375,-0.3644333,0.3644333,1
35,1.0,14,26,-80.50315399,-81.17117,-0.66802216,0.66802216,1
35,1.0,14,28,-83.88339233,-84.66688,-0.7834854,0.7834854,1
35,0.3,15,26,-109.3127878,-109.81063,-0.49784088,0.49784088,1
35,0.4,15,18,-98.20934758,-98.539375,-0.33002472,0.33002472,1
35,0.5,15,16,-89.25699583,-90.17358,-0.9165802,0.9165802,1
35,0.6,15,14,-77.32347772,-77.73943,-0.4159546,0.4159546,1
35,0.7,15,26,-96.31706363,-97.04684,-0.7297745,0.7297745,1
35,0.8,15,16,-70.2455595,-70.401634,-0.15607452,0.15607452,1
35,0.8,15,18,-76.7640464,-77.550964,-0.78691864,0.78691864,1
35,0.9,15,24,-85.17672536,-85.87659,-0.6998596,0.6998596,1
35,0.9,15,26,-88.58243613,-89.16143,-0.57899475,0.57899475,1
35,0.3,16,20,-106.4536192,-107.25951,-0.8058853,0.8058853,1
35,0.3,16,24,-109.5947602,-109.936104,-0.34134674,0.34134674,1
35,0.3,16,26,-110.8233215,-111.049385,-0.22606659,0.22606659,1
35,0.5,16,22,-101.2936013,-101.56788,-0.27427673,0.27427673,1
35,0.7,16,16,-80.6173068,-80.811356,-0.19404602,0.19404602,1
35,0.7,16,18,-85.85966183,-86.602745,-0.74308014,0.74308014,1
35,0.8,16,14,-66.30815189,-66.61074,-0.30258942,0.30258942,1
35,0.8,16,20,-85.29907235,-85.722374,-0.4233017,0.4233017,1
35,0.8,16,26,-95.32869562,-96.20746,-0.8787613,0.8787613,1
35,0.9,16,22,-84.7023296,-85.06463,-0.36229706,0.36229706,1
35,1.0,16,14,-50.62533511,-51.898495,-1.273159,1.273159,1
35,1.0,16,16,-60.82099912,-60.26458,0.5564194,0.5564194,1
35,1.0,16,18,-68.72659453,-68.6889,0.03768921,0.03768921,1
35,1.0,16,24,-84.25475251,-84.874016,-0.6192627,0.6192627,1
35,0.4,17,16,-99.27169777,-99.79582,-0.52412415,0.52412415,1
35,0.4,17,26,-109.470277,-109.45959,0.010688782,0.010688782,1
35,0.5,17,16,-94.48856312,-95.2309,-0.7423401,0.7423401,1
35,0.5,17,26,-106.6144906,-106.58735,0.027145386,0.027145386,1
35,0.6,17,22,-99.76964013,-100.09322,-0.3235855,0.3235855,1
35,0.8,17,20,-88.37932722,-88.96473,-0.58540344,0.58540344,1
35,0.9,17,24,-91.49247877,-92.42739,-0.93491364,0.93491364,1
35,1.0,17,16,-65.23988614,-65.40999,-0.17010498,0.17010498,1
35,0.4,18,16,-101.1369591,-101.47933,-0.34236908,0.34236908,1
35,0.4,18,20,-106.1567466,-105.999725,0.15702057,0.15702057,1
35,0.4,18,22,-107.9729036,-108.046425,-0.073524475,0.073524475,1
35,0.5,18,24,-106.6674089,-106.84745,-0.18003845,0.18003845,1
35,0.6,18,20,-99.25904648,-99.574486,-0.31543732,0.31543732,1
35,0.6,18,24,-103.7260898,-104.08233,-0.35623932,0.35623932,1
35,0.6,18,26,-105.3368278,-105.42814,-0.091308594,0.091308594,1
35,0.6,18,28,-106.8208485,-106.68593,0.13491821,0.13491821,1
35,0.7,18,26,-102.5467294,-102.757454,-0.21072388,0.21072388,1
35,0.8,18,14,-74.08445729,-75.13696,-1.0525055,1.0525055,1
35,0.9,18,14,-67.2052565,-68.02509,-0.8198395,0.8198395,1
35,0.9,18,24,-94.1036605,-95.16204,-1.0583801,1.0583801,1
35,1.0,18,22,-86.65843298,-86.79487,-0.13643646,0.13643646,1
35,0.3,19,20,-110.6653676,-110.99238,-0.3270111,0.3270111,1
35,0.3,19,24,-113.5993772,-113.63096,-0.031578064,0.031578064,1
35,0.5,19,20,-104.4491788,-104.18424,0.26493835,0.26493835,1
35,0.5,19,22,-106.3760942,-106.50281,-0.12671661,0.12671661,1
35,0.5,19,24,-108.1281372,-108.309166,-0.18103027,0.18103027,1
35,0.6,19,18,-98.09831691,-98.49146,-0.3931427,0.3931427,1
35,0.6,19,20,-101.0829104,-101.185104,-0.10219574,0.10219574,1
35,0.7,19,16,-89.34940318,-90.01064,-0.6612396,0.6612396,1
35,0.7,19,18,-93.96357678,-94.552216,-0.5886383,0.5886383,1
35,0.7,19,28,-105.884844,-105.77183,0.11301422,0.11301422,1
35,0.8,19,14,-77.45202184,-78.13494,-0.68292236,0.68292236,1
35,0.8,19,20,-93.65477349,-94.076515,-0.4217453,0.4217453,1
35,0.8,19,28,-103.2994349,-103.42396,-0.12451935,0.12451935,1
35,0.9,19,14,-70.92158563,-71.83015,-0.9085617,0.9085617,1
35,0.9,19,22,-93.38131026,-93.93368,-0.55236816,0.55236816,1
35,0.9,19,26,-98.67715908,-99.19413,-0.5169678,0.5169678,1
35,0.9,19,28,-100.6415895,-101.05479,-0.41320038,0.41320038,1
35,1.0,19,28,-97.9732125,-98.686905,-0.7136917,0.7136917,1
35,0.5,20,14,-96.50016939,-96.74592,-0.24575043,0.24575043,1
35,0.5,20,28,-112.2295218,-112.39917,-0.16964722,0.16964722,1
35,0.6,20,18,-99.9405521,-100.310555,-0.37000275,0.37000275,1
35,0.8,20,24,-101.3536768,-101.64175,-0.28807068,0.28807068,1
35,0.9,20,20,-92.12131048,-92.11759,0.0037155151,0.0037155151,1
35,0.9,20,22,-95.57372935,-96.59713,-1.0233994,1.0233994,1
35,1.0,20,16,-76.42684074,-76.48631,-0.05947113,0.05947113,1
35,1.0,20,26,-97.76764365,-98.32789,-0.5602417,0.5602417,1
35,0.4,21,16,-105.732659,-105.87848,-0.14582062,0.14582062,1
35,0.4,21,24,-113.2457126,-113.52306,-0.27735138,0.27735138,1
35,0.5,21,18,-104.9517976,-105.02683,-0.075035095,0.075035095,1
35,0.5,21,24,-110.6916702,-110.762566,-0.070892334,0.070892334,1
35,0.5,21,26,-112.152811,-112.342766,-0.18995667,0.18995667,1
35,0.5,21,28,-113.4494182,-113.60461,-0.15518951,0.15518951,1
35,0.6,21,14,-93.65977302,-93.58758,0.07219696,0.07219696,1
35,0.6,21,18,-101.6211944,-101.76939,-0.14819336,0.14819336,1
35,0.7,21,24,-105.5611054,-105.632774,-0.07167053,0.07167053,1
35,0.9,21,26,-102.2301309,-102.534195,-0.3040619,0.3040619,1
35,0.9,21,28,-103.9876569,-104.3869,-0.39924622,0.39924622,1
35,1.0,21,20,-90.53572327,-90.408264,0.12745667,0.12745667,1
35,1.0,21,28,-101.5095492,-101.82306,-0.31350708,0.31350708,1
39,0.3,14,14,-103.7744523,-103.94079,-0.16633606,0.16633606,1
39,0.3,14,16,-107.748037,-108.29062,-0.54257965,0.54257965,1
39,0.3,14,28,-120.5957453,-120.97536,-0.37960815,0.37960815,1
39,0.4,14,14,-96.96873558,-97.20269,-0.23395538,0.23395538,1
39,0.4,14,16,-101.8185093,-102.55297,-0.7344589,0.7344589,1
39,0.4,14,24,-113.8789535,-114.31696,-0.43801117,0.43801117,1
39,0.4,14,28,-117.2697478,-117.45502,-0.18527222,0.18527222,1
39,0.7,14,28,-106.3824532,-106.40838,-0.025924683,0.025924683,1
39,0.8,14,16,-72.95865129,-72.65395,0.30469513,0.30469513,1
39,0.8,14,20,-86.74316499,-87.4909,-0.74773407,0.74773407,1
39,0.8,14,22,-91.56383202,-92.230934,-0.667099,0.667099,1
39,0.8,14,28,-102.2285439,-102.43924,-0.21069336,0.21069336,1
39,0.9,14,16,-64.57118595,-64.818,-0.24681854,0.24681854,1
39,0.9,14,18,-73.26739795,-73.46235,-0.19495392,0.19495392,1
39,1.0,14,20,-73.5143913,-74.389435,-0.8750458,0.8750458,1
39,1.0,14,28,-93.27936091,-94.210915,-0.9315567,0.9315567,1
39,0.3,15,28,-122.3982597,-123.03894,-0.6406784,0.6406784,1
39,0.4,15,14,-100.0027763,-100.241425,-0.23864746,0.23864746,1
39,0.4,15,16,-104.7430745,-105.67324,-0.93016815,0.93016815,1
39,0.5,15,22,-110.0489115,-110.20022,-0.15130615,0.15130615,1
39,0.7,15,28,-109.2712185,-109.53556,-0.26434326,0.26434326,1
39,0.8,15,18,-85.19825394,-85.96917,-0.7709122,0.7709122,1
39,0.8,15,22,-95.48347061,-95.6612,-0.17773438,0.17773438,1
39,0.9,15,16,-70.18306795,-69.74398,0.4390869,0.4390869,1
39,1.0,15,16,-62.02486976,-62.17283,-0.14796066,0.14796066,1
39,0.3,16,24,-121.3677824,-122.07087,-0.70308685,0.70308685,1
39,0.3,16,28,-124.0678067,-124.38335,-0.3155365,0.3155365,1
39,0.4,16,24,-117.9893502,-118.56916,-0.5798111,0.5798111,1
39,0.5,16,20,-109.5459747,-109.62406,-0.07808685,0.07808685,1
39,0.5,16,24,-114.5115192,-114.655975,-0.14445496,0.14445496,1
39,0.7,16,16,-89.32252106,-89.22405,0.098464966,0.098464966,1
39,0.7,16,28,-111.7588621,-112.13727,-0.3784027,0.3784027,1
39,0.9,16,16,-75.1156705,-74.63138,0.48429108,0.48429108,1
39,0.9,16,20,-89.08368205,-88.85366,0.23001862,0.23001862,1
39,0.9,16,22,-94.20218427,-93.76116,0.44102478,0.44102478,1
39,0.3,17,20,-119.4580941,-120.07992,-0.6218262,0.6218262,1
39,0.4,17,16,-109.6554597,-110.26184,-0.6063843,0.6063843,1
39,0.4,17,28,-122.7626909,-122.73739,0.025299072,0.025299072,1
39,0.5,17,18,-108.5427681,-109.00446,-0.4616928,0.4616928,1
39,0.8,17,20,-97.97194885,-97.76468,0.20726776,0.20726776,1
39,0.8,17,28,-110.813142,-111.42826,-0.61511993,0.61511993,1
39,1.0,17,18,-80.86791796,-80.71826,0.1496582,0.1496582,1
39,0.3,18,26,-125.786057,-125.905945,-0.119888306,0.119888306,1
39,0.4,18,18,-115.0012525,-115.304276,-0.3030243,0.3030243,1
39,0.4,18,24,-121.3862089,-121.59168,-0.20547485,0.20547485,1
39,0.4,18,26,-122.9077812,-122.95996,-0.05217743,0.05217743,1
39,0.5,18,18,-110.7812494,-111.13232,-0.3510666,0.3510666,1
39,0.5,18,20,-113.9189511,-113.81997,0.098983765,0.098983765,1
39,0.6,18,18,-106.30971,-106.87912,-0.56941223,0.56941223,1
39,0.6,18,28,-118.6939703,-118.6171,0.07686615,0.07686615,1
39,0.7,18,16,-95.9527963,-95.90504,0.04776001,0.04776001,1
39,0.7,18,20,-105.6881298,-106.33642,-0.6482849,0.6482849,1
39,0.7,18,22,-109.1203017,-109.69775,-0.577446,0.577446,1
39,0.8,18,18,-96.12040372,-96.2833,-0.1628952,0.1628952,1
39,0.9,18,18,-90.63439259,-90.78605,-0.1516571,0.1516571,1
39,0.9,18,22,-100.8226011,-100.47204,0.35056305,0.35056305,1
39,0.9,18,24,-104.5527842,-105.19191,-0.639122,0.639122,1
39,1.0,18,16,-77.00139227,-77.07622,-0.0748291,0.0748291,1
39,0.3,19,16,-117.8344846,-118.34674,-0.5122528,0.5122528,1
39,0.3,19,20,-122.4665403,-122.663185,-0.19664764,0.19664764,1
39,0.3,19,24,-125.8002845,-125.9451,-0.14481354,0.14481354,1
39,0.5,19,14,-104.3425412,-104.13068,0.21186829,0.21186829,1
39,0.5,19,20,-115.6973753,-115.35651,0.3408661,0.3408661,1
39,0.5,19,22,-118.0235458,-117.83157,0.19197083,0.19197083,1
39,0.6,19,26,-118.8652134,-118.83708,0.028129578,0.028129578,1
39,0.6,19,28,-120.3384762,-120.110344,0.22813416,0.22813416,1
39,0.7,19,26,-115.9817718,-116.16367,-0.18190002,0.18190002,1
39,0.9,19,14,-78.7436375,-79.39472,-0.6510849,0.6510849,1
39,0.9,19,16,-87.34606325,-88.11587,-0.7698059,0.7698059,1
39,0.9,19,22,-103.6472452,-103.29285,0.35440063,0.35440063,1
39,0.9,19,28,-112.0969421,-112.644966,-0.54802704,0.54802704,1
39,1.0,19,28,-109.1367681,-109.9161,-0.779335,0.779335,1
39,0.3,20,14,-116.227812,-117.003395,-0.77558136,0.77558136,1
39,0.3,20,22,-125.5236409,-125.7517,-0.22805786,0.22805786,1
39,0.4,20,20,-120.597661,-120.37383,0.22383118,0.22383118,1
39,0.4,20,24,-124.2464248,-124.485245,-0.23882294,0.23882294,1
39,0.4,20,28,-127.0347477,-127.21389,-0.17914581,0.17914581,1
39,0.7,20,24,-115.67977,-116.11062,-0.43084717,0.43084717,1
39,0.7,20,26,-117.6199829,-117.64063,-0.020652771,0.020652771,1
39,0.8,20,18,-101.9351923,-101.82681,0.10838318,0.10838318,1
39,0.8,20,20,-106.4073236,-106.139725,0.267601,0.267601,1
39,0.8,20,22,-109.8255576,-110.29168,-0.4661255,0.4661255,1
39,0.8,20,26,-114.8721859,-115.036865,-0.16468048,0.16468048,1
39,0.9,20,26,-112.0450357,-112.39586,-0.35082245,0.35082245,1
39,1.0,20,14,-75.51881167,-76.52056,-1.0017471,1.0017471,1
39,0.3,21,28,-130.8396091,-131.00015,-0.16053772,0.16053772,1
39,0.4,21,16,-116.9522819,-117.033875,-0.081596375,0.081596375,1
39,0.4,21,24,-125.6451419,-125.70648,-0.061340332,0.061340332,1
39,0.4,21,28,-128.3111611,-128.67397,-0.36280823,0.36280823,1
39,0.5,21,14,-108.6464015,-108.33752,0.30888367,0.30888367,1
39,0.5,21,16,-112.9998229,-113.395004,-0.39517975,0.39517975,1
39,0.6,21,22,-118.0256823,-118.23351,-0.20783234,0.20783234,1
39,0.6,21,24,-120.0888158,-120.19553,-0.10671997,0.10671997,1
39,0.7,21,18,-108.7249883,-108.54637,0.17861938,0.17861938,1
39,0.7,21,26,-119.2619806,-119.128685,0.13329315,0.13329315,1
39,0.8,21,18,-104.5689092,-104.13625,0.43265533,0.43265533,1
39,0.8,21,22,-111.8156808,-112.39751,-0.58182526,0.58182526,1
39,0.8,21,28,-118.3473792,-118.33625,0.011131287,0.011131287,1
39,0.9,21,16,-93.69173672,-93.81548,-0.12374878,0.12374878,1
39,0.9,21,22,-108.4302746,-108.864174,-0.43389893,0.43389893,1
39,1.0,21,14,-79.30398411,-79.51746,-0.21347809,0.21347809,1
39,1.0,21,20,-100.4710017,-100.164604,0.30639648,0.30639648,1
39,1.0,21,28,-113.229144,-113.38798,-0.15883636,0.15883636,1
11,0.3,14,16,-31.49632455,-31.232023,0.2643013,0.2643013,2
11,0.3,14,24,-33.88447305,-33.256397,0.62807465,0.62807465,2
11,0.4,14,16,-29.26231369,-29.39425,-0.13193703,0.13193703,2
11,0.4,14,22,-31.42421774,-31.040848,0.38336945,0.38336945,2
11,0.4,14,24,-31.99185318,-31.593927,0.39792633,0.39792633,2
11,0.5,14,18,-28.16323982,-28.351357,-0.18811607,0.18811607,2
11,0.7,14,24,-26.99530619,-27.08158,-0.08627319,0.08627319,2
11,0.8,14,16,-20.12487954,-20.095655,0.029224396,0.029224396,2
11,0.9,14,14,-15.21084267,-15.347534,-0.1366911,0.1366911,2
11,1.0,14,28,-24.13205538,-24.379961,-0.24790573,0.24790573,2
11,0.3,15,16,-32.16425955,-31.841932,0.32232857,0.32232857,2
11,0.3,15,28,-35.38671502,-34.889282,0.4974327,0.4974327,2
11,0.4,15,18,-30.88802369,-30.590508,0.29751587,0.29751587,2
11,0.5,15,24,-30.96223916,-30.619232,0.34300613,0.34300613,2
11,0.5,15,28,-32.02048074,-31.530174,0.49030685,0.49030685,2
11,0.6,15,16,-25.8369194,-25.603346,0.23357391,0.23357391,2
11,0.8,15,22,-25.61253763,-25.612638,-0.00010108948,0.00010108948,2
11,0.8,15,28,-27.59547355,-27.400833,0.19464111,0.19464111,2
11,0.9,15,24,-24.92132739,-24.966066,-0.04473877,0.04473877,2
11,1.0,15,20,-21.13160731,-21.55373,-0.42212296,0.42212296,2
11,1.0,15,28,-25.0148451,-25.031364,-0.016519547,0.016519547,2
11,0.3,16,24,-35.15111914,-34.620956,0.5301628,0.5301628,2
11,0.3,16,28,-35.99801172,-35.69436,0.30365372,0.30365372,2
11,0.5,16,24,-31.68198923,-31.28587,0.39612007,0.39612007,2
11,0.5,16,26,-32.18294559,-31.85339,0.3295555,0.3295555,2
11,0.6,16,20,-28.75843451,-28.548223,0.2102108,0.2102108,2
11,0.6,16,22,-29.48385419,-29.213404,0.2704506,0.2704506,2
11,0.8,16,20,-25.52410683,-25.363482,0.16062546,0.16062546,2
11,0.8,16,28,-28.37727296,-28.017843,0.3594303,0.3594303,2
11,0.9,16,22,-24.99326942,-25.018473,-0.025203705,0.025203705,2
11,0.9,16,24,-25.77615931,-25.805986,-0.029827118,0.029827118,2
11,0.9,16,26,-26.4939737,-26.504854,-0.010881424,0.010881424,2
11,0.9,16,28,-27.08470644,-26.936623,0.14808464,0.14808464,2
11,1.0,16,14,-15.96797034,-16.07086,-0.102890015,0.102890015,2
11,0.3,17,24,-35.74597952,-35.329906,0.41607285,0.41607285,2
11,0.4,17,20,-32.85445389,-32.410694,0.44375992,0.44375992,2
11,0.5,17,24,-32.33494995,-31.951767,0.38318253,0.38318253,2
11,0.7,17,18,-26.9566604,-26.952223,0.0044384003,0.0044384003,2
11,0.7,17,28,-30.46416656,-30.067,0.3971672,0.3971672,2
11,0.8,17,16,-23.82327553,-23.85621,-0.032936096,0.032936096,2
11,0.9,17,22,-25.78249633,-25.65925,0.12324524,0.12324524,2
11,1.0,17,14,-17.38685352,-17.31354,0.07331467,0.07331467,2
11,1.0,17,16,-19.90048063,-20.06811,-0.16762924,0.16762924,2
11,1.0,17,18,-21.90058487,-22.164988,-0.2644024,0.2644024,2
11,1.0,17,20,-23.35294134,-23.35197,0.00097084045,0.00097084045,2
11,0.3,18,20,-35.22849671,-34.67264,0.5558548,0.5558548,2
11,0.3,18,26,-36.75608371,-36.565083,0.19100189,0.19100189,2
11,0.3,18,28,-37.15860816,-37.189213,-0.030605316,0.030605316,2
11,0.4,18,14,-31.00495276,-30.88128,0.123672485,0.123672485,2
11,0.4,18,20,-33.46853454,-33.001232,0.46730423,0.46730423,2
11,0.5,18,14,-28.98171463,-28.881617,0.100097656,0.100097656,2
11,0.6,18,20,-30.13871239,-29.702452,0.43626022,0.43626022,2
11,0.6,18,28,-32.57258849,-32.210888,0.36170197,0.36170197,2
11,0.8,18,26,-29.23762548,-29.021303,0.21632195,0.21632195,2
11,0.9,18,24,-27.30433106,-27.37226,-0.067928314,0.067928314,2
11,1.0,18,26,-26.77800146,-26.686737,0.091264725,0.091264725,2
11,0.3,19,18,-35.17882741,-34.597958,0.5808716,0.5808716,2
11,0.4,19,24,-35.19426146,-34.793247,0.40101242,0.40101242,2
11,0.5,19,18,-31.64376749,-31.33891,0.30485916,0.30485916,2
11,0.5,19,28,-34.65180472,-34.457207,0.19459915,0.19459915,2
11,0.6,19,26,-32.68247888,-32.29611,0.3863716,0.3863716,2
11,0.9,19,22,-27.23624879,-27.136538,0.099710464,0.099710464,2
11,1.0,19,28,-28.06835829,-27.78189,0.2864666,0.2864666,2
11,0.3,20,14,-34.08529735,-33.470806,0.6144905,0.6144905,2
11,0.3,20,24,-37.33070466,-37.16714,0.16356277,0.16356277,2
11,0.4,20,26,-36.23264461,-36.079075,0.15356827,0.15356827,2
11,0.5,20,14,-30.16603367,-29.980959,0.18507385,0.18507385,2
11,0.5,20,22,-33.62234606,-33.1331,0.48924637,0.48924637,2
11,0.6,20,16,-29.52795908,-29.36198,0.16597939,0.16597939,2
11,0.6,20,26,-33.30205752,-32.91632,0.38573837,0.38573837,2
11,0.7,20,24,-31.30107626,-30.773552,0.52752495,0.52752495,2
11,0.8,20,20,-28.41476384,-28.169226,0.24553871,0.24553871,2
11,0.9,20,18,-26.01937774,-26.211428,-0.19204903,0.19204903,2
11,0.9,20,22,-27.90102885,-27.689837,0.21119308,0.21119308,2
11,0.9,20,24,-28.64206967,-28.354033,0.28803635,0.28803635,2
11,1.0,20,18,-24.62726695,-24.625082,0.0021858215,0.0021858215,2
11,1.0,20,20,-25.75561412,-25.687346,0.06826782,0.06826782,2
11,1.0,20,22,-26.70621782,-26.483957,0.22226143,0.22226143,2
11,1.0,20,24,-27.45045154,-27.532776,-0.08232498,0.08232498,2
11,0.3,21,16,-35.40875359,-34.93732,0.47143173,0.47143173,2
11,0.3,21,18,-36.08202959,-35.873123,0.20890808,0.20890808,2
11,0.3,21,24,-37.80083915,-37.843513,-0.04267502,0.04267502,2
11,0.4,21,20,-35.12570817,-34.712864,0.4128456,0.4128456,2
11,0.4,21,28,-37.19832863,-37.437225,-0.23889542,0.23889542,2
11,0.5,21,14,-30.78690177,-30.37309,0.41381073,0.41381073,2
11,0.6,21,18,-31.09159339,-30.90681,0.18478203,0.18478203,2
11,0.8,21,14,-25.55579121,-25.463404,0.09238815,0.09238815,2
11,0.8,21,16,-26.96246914,-27.108374,-0.14590454,0.14590454,2
11,0.8,21,18,-28.07771441,-28.165102,-0.087387085,0.087387085,2
11,0.8,21,26,-31.19606085,-31.16071,0.0353508,0.0353508,2
11,0.9,21,18,-26.70387059,-27.042261,-0.33839035,0.33839035,2
15,0.4,14,18,-41.75562615,-41.714554,0.041072845,0.041072845,2
15,0.6,14,16,-34.48537223,-34.16586,0.3195114,0.3195114,2
15,0.6,14,20,-38.06173559,-38.193134,-0.13139725,0.13139725,2
15,0.6,14,24,-40.18851043,-40.29813,-0.10961914,0.10961914,2
15,0.6,14,28,-41.6296187,-41.121815,0.5078049,0.5078049,2
15,0.8,14,14,-24.29847923,-24.569647,-0.27116776,0.27116776,2
15,0.8,14,18,-30.78990796,-30.489155,0.30075264,0.30075264,2
15,0.9,14,14,-20.79605204,-20.54254,0.25351334,0.25351334,2
15,0.9,14,20,-30.36890926,-30.373056,-0.004146576,0.004146576,2
15,0.9,14,28,-36.23628239,-35.93279,0.3034935,0.3034935,2
15,1.0,14,16,-21.67852746,-21.527111,0.15141678,0.15141678,2
15,1.0,14,28,-34.46362127,-34.24509,0.21853256,0.21853256,2
15,0.3,15,14,-43.00411446,-43.06841,-0.06429291,0.06429291,2
15,0.3,15,26,-47.82925257,-47.389633,0.43962097,0.43962097,2
15,0.6,15,14,-33.4197891,-33.469707,-0.04991913,0.04991913,2
15,0.6,15,18,-37.89843428,-38.015644,-0.11721039,0.11721039,2
15,0.6,15,20,-39.25336219,-39.36612,-0.11275864,0.11275864,2
15,0.6,15,22,-40.31937137,-40.343147,-0.023777008,0.023777008,2
15,0.6,15,24,-41.16053438,-41.380116,-0.2195816,0.2195816,2
15,0.7,15,14,-30.01326344,-30.114164,-0.10090065,0.10090065,2
15,0.7,15,24,-39.32067585,-39.470493,-0.14981842,0.14981842,2
15,0.8,15,16,-29.94755596,-29.820492,0.12706375,0.12706375,2
15,0.8,15,18,-32.53830979,-32.41934,0.11897278,0.11897278,2
15,0.9,15,24,-35.47765465,-35.376606,0.101047516,0.101047516,2
15,1.0,15,14,-19.82098277,-19.37403,0.44695282,0.44695282,2
15,1.0,15,16,-23.87006069,-23.881296,-0.011236191,0.011236191,2
15,1.0,15,22,-31.80613864,-32.41069,-0.6045513,0.6045513,2
15,1.0,15,26,-34.81569006,-34.71712,0.09856796,0.09856796,2
15,0.3,16,16,-44.98404156,-44.882694,0.10134888,0.10134888,2
15,0.4,16,14,-41.12543029,-41.244686,-0.119255066,0.119255066,2
15,0.5,16,28,-45.41873387,-44.83541,0.58332443,0.58332443,2
15,0.6,16,16,-37.39612787,-37.413654,-0.01752472,0.01752472,2
15,0.7,16,14,-31.73380373,-31.906933,-0.17313004,0.17313004,2
15,0.7,16,18,-36.75298934,-36.590702,0.16228867,0.16228867,2
15,0.7,16,24,-40.34794589,-40.486362,-0.13841629,0.13841629,2
15,0.7,16,26,-41.22629614,-41.244083,-0.017787933,0.017787933,2
15,0.8,16,16,-31.6665989,-31.629148,0.03745079,0.03745079,2
15,0.8,16,20,-36.08620821,-35.92243,0.16378021,0.16378021,2
15,0.9,16,18,-31.56907655,-31.549414,0.019662857,0.019662857,2
15,0.9,16,20,-33.78786187,-34.06308,-0.27521896,0.27521896,2
15,1.0,16,18,-29.01955901,-28.965532,0.054027557,0.054027557,2
15,1.0,16,20,-31.48606153,-31.718592,-0.2325306,0.2325306,2
15,0.5,17,16,-40.95788624,-41.225773,-0.26788712,0.26788712,2
15,0.6,17,16,-38.54742229,-38.63298,-0.085559845,0.085559845,2
15,0.6,17,28,-44.49479766,-43.925068,0.56972885,0.56972885,2
15,0.7,17,28,-42.906987,-42.40066,0.50632477,0.50632477,2
15,0.8,17,20,-37.31922092,-36.99055,0.3286705,0.3286705,2
15,0.8,17,22,-38.48328642,-38.431957,0.051330566,0.051330566,2
15,0.8,17,28,-41.22241975,-41.01444,0.20798111,0.20798111,2
15,0.9,17,14,-27.05083669,-27.196848,-0.14601135,0.14601135,2
15,0.9,17,20,-35.20554351,-35.17922,0.026325226,0.026325226,2
15,1.0,17,14,-23.89617981,-23.537846,0.3583336,0.3583336,2
15,1.0,17,18,-30.67515814,-30.798676,-0.12351799,0.12351799,2
15,1.0,17,22,-34.77309951,-35.02235,-0.24925232,0.24925232,2
15,1.0,17,24,-36.10683528,-35.97773,0.12910461,0.12910461,2
15,0.4,18,28,-48.77100196,-48.320652,0.45035172,0.45035172,2
15,0.5,18,18,-43.06986283,-42.97897,0.09089279,0.09089279,2
15,0.6,18,14,-37.75736251,-37.70558,0.0517807,0.0517807,2
15,0.6,18,18,-41.00035873,-40.95567,0.04468918,0.04468918,2
15,0.6,18,22,-43.04378831,-43.02788,0.015907288,0.015907288,2
15,0.6,18,24,-43.95500771,-43.676067,0.2789421,0.2789421,2
15,0.6,18,26,-44.63132323,-44.30907,0.32225418,0.32225418,2
15,0.7,18,14,-34.76534847,-34.84787,-0.08251953,0.08251953,2
15,0.8,18,16,-34.75386227,-34.606358,0.1475029,0.1475029,2
15,0.8,18,18,-36.78856297,-36.66045,0.1281128,0.1281128,2
15,0.9,18,14,-28.8166124,-28.743002,0.073610306,0.073610306,2
15,0.9,18,28,-40.48439458,-40.421627,0.06276703,0.06276703,2
15,1.0,18,14,-25.78233333,-25.690416,0.09191704,0.09191704,2
15,1.0,18,22,-35.93729982,-35.76222,0.17508316,0.17508316,2
15,0.3,19,14,-45.9378785,-45.68561,0.25226593,0.25226593,2
15,0.3,19,18,-47.97130675,-47.596695,0.3746109,0.3746109,2
15,0.5,19,18,-43.82257876,-43.826145,-0.003566742,0.003566742,2
15,0.5,19,22,-45.69413916,-45.29193,0.40220642,0.40220642,2
15,0.5,19,24,-46.52104333,-45.95554,0.56550217,0.56550217,2
15,0.7,19,14,-36.15008659,-36.128105,0.021980286,0.021980286,2
15,0.7,19,26,-43.78463796,-43.399105,0.38553238,0.38553238,2
15,0.9,19,16,-33.54589306,-33.509487,0.03640747,0.03640747,2
15,0.9,19,18,-35.78459626,-35.63,0.15459442,0.15459442,2
15,0.9,19,26,-40.59478932,-40.530468,0.06431961,0.06431961,2
15,1.0,19,14,-27.53295408,-27.435701,0.09725189,0.09725189,2
15,1.0,19,16,-31.03548092,-31.341314,-0.30583382,0.30583382,2
15,1.0,19,20,-35.57119037,-35.368397,0.20279312,0.20279312,2
15,0.3,20,28,-51.82489866,-51.477116,0.34778214,0.34778214,2
15,0.4,20,22,-48.22613805,-47.64544,0.5806999,0.5806999,2
15,0.5,20,18,-44.55272452,-44.618324,-0.06560135,0.06560135,2
15,0.5,20,20,-45.58756984,-45.268826,0.31874466,0.31874466,2
15,0.5,20,22,-46.41791679,-45.932426,0.4854889,0.4854889,2
15,0.5,20,24,-47.23820699,-46.59605,0.6421585,0.6421585,2
15,0.5,20,28,-48.50298327,-48.018772,0.48421097,0.48421097,2
15,0.6,20,16,-41.26977072,-41.14482,0.12495041,0.12495041,2
15,0.6,20,24,-45.50949622,-44.916813,0.5926819,0.5926819,2
15,0.7,20,20,-41.85523414,-42.004665,-0.14943314,0.14943314,2
15,0.8,20,18,-38.72618357,-39.001144,-0.27495956,0.27495956,2
15,1.0,20,14,-29.07723073,-29.151466,-0.074235916,0.074235916,2
15,0.3,21,28,-52.48748605,-52.187885,0.2996025,0.2996025,2
15,0.5,21,22,-47.13257325,-46.572933,0.559639,0.559639,2
15,0.5,21,28,-49.19160944,-48.770687,0.42092133,0.42092133,2
15,0.6,21,18,-43.3086853,-43.618168,-0.30948257,0.30948257,2
15,0.6,21,22,-45.31774333,-44.90418,0.4135666,0.4135666,2
15,0.6,21,26,-46.9915956,-46.37145,0.6201477,0.6201477,2
15,0.7,21,18,-41.45322133,-41.892384,-0.4391632,0.4391632,2
15,0.7,21,24,-44.53672798,-44.083984,0.45274353,0.45274353,2
15,0.7,21,26,-45.3934461,-44.83808,0.5553665,0.5553665,2
15,0.7,21,28,-46.13330464,-45.51843,0.6148758,0.6148758,2
15,0.8,21,22,-41.98903087,-41.704655,0.28437805,0.28437805,2
15,0.9,21,14,-33.18852519,-33.157932,0.030593872,0.030593872,2
15,0.9,21,20,-39.13867691,-39.043907,0.094768524,0.094768524,2
19,0.3,14,16,-54.81803642,-54.54795,0.27008438,0.27008438,2
19,0.3,14,26,-59.53780875,-59.24483,0.29297638,0.29297638,2
19,0.3,14,28,-60.16476251,-59.45925,0.705513,0.705513,2
19,0.4,14,18,-53.15815721,-53.099075,0.05908203,0.05908203,2
19,0.4,14,28,-57.87740298,-57.45206,0.42534256,0.42534256,2
19,0.5,14,16,-47.82947127,-47.49119,0.33827972,0.33827972,2
19,0.5,14,24,-54.01384454,-53.83363,0.18021393,0.18021393,2
19,0.8,14,24,-46.53659523,-46.62561,-0.08901596,0.08901596,2
19,0.9,14,22,-41.61330682,-41.642963,-0.029655457,0.029655457,2
19,1.0,14,16,-27.50095511,-27.527983,-0.02702713,0.02702713,2
19,1.0,14,24,-41.00370754,-41.287136,-0.2834282,0.2834282,2
19,0.3,15,16,-55.92672747,-55.92394,0.0027885437,0.0027885437,2
19,0.3,15,18,-57.16458956,-56.825016,0.3395729,0.3395729,2
19,0.3,15,20,-58.20672845,-57.781853,0.42487717,0.42487717,2
19,0.4,15,22,-56.59376233,-56.413147,0.18061447,0.18061447,2
19,0.4,15,26,-58.29454498,-58.404285,-0.10974121,0.10974121,2
19,0.5,15,22,-54.18872635,-54.01266,0.17606354,0.17606354,2
19,0.5,15,26,-56.03889134,-56.046307,-0.0074157715,0.0074157715,2
19,0.6,15,22,-51.73985517,-51.772385,-0.032527924,0.032527924,2
19,0.7,15,14,-38.27784288,-38.26135,0.016494751,0.016494751,2
19,0.7,15,18,-45.15553699,-45.158855,-0.0033187866,0.0033187866,2
19,0.9,15,20,-41.30305227,-41.144817,0.15823364,0.15823364,2
19,0.9,15,22,-43.80219379,-43.96378,-0.16158676,0.16158676,2
19,0.9,15,26,-47.37157054,-47.038006,0.33356476,0.33356476,2
19,0.3,16,16,-56.91935826,-56.832382,0.0869751,0.0869751,2
19,0.3,16,22,-59.98273185,-59.816765,0.16596603,0.16596603,2
19,0.4,16,16,-54.06050112,-54.211998,-0.15149689,0.15149689,2
19,0.5,16,18,-52.79752266,-52.764233,0.033290863,0.033290863,2
19,0.5,16,20,-54.16033276,-53.875683,0.2846489,0.2846489,2
19,0.6,16,14,-44.54846619,-44.597805,-0.049339294,0.049339294,2
19,0.6,16,18,-50.01734514,-50.138935,-0.12158966,0.12158966,2
19,0.6,16,28,-55.84000114,-55.834354,0.005645752,0.005645752,2
19,0.7,16,16,-44.13460069,-44.148304,-0.013702393,0.013702393,2
19,0.7,16,22,-50.65044057,-50.56625,0.08419037,0.08419037,2
19,0.8,16,14,-36.269272,-35.991375,0.27789688,0.27789688,2
19,0.8,16,22,-48.26158062,-48.310825,-0.049243927,0.049243927,2
19,0.8,16,26,-50.91512172,-51.027073,-0.11194992,0.11194992,2
19,0.9,16,20,-43.44509525,-43.58039,-0.13529587,0.13529587,2
19,0.9,16,22,-45.73224799,-45.961544,-0.22929764,0.22929764,2
19,1.0,16,22,-43.07897078,-43.368206,-0.28923416,0.28923416,2
19,0.4,17,18,-56.44724192,-56.070187,0.37705612,0.37705612,2
19,0.4,17,22,-58.53843414,-58.30876,0.22967148,0.22967148,2
19,0.4,17,28,-60.91958413,-60.376778,0.5428047,0.5428047,2
19,0.5,17,18,-53.92291181,-53.687565,0.23534775,0.23534775,2
19,0.5,17,26,-58.15650058,-58.231064,-0.07456207,0.07456207,2
19,0.5,17,28,-58.90718164,-58.556473,0.350708,0.350708,2
19,0.8,17,20,-47.97150905,-47.91865,0.052856445,0.052856445,2
19,0.9,17,20,-45.30190381,-45.402237,-0.10033417,0.10033417,2
19,1.0,17,20,-42.50437789,-42.446415,0.057964325,0.057964325,2
19,1.0,17,26,-48.19591031,-48.058865,0.13704681,0.13704681,2
19,0.3,18,18,-59.80267458,-59.67694,0.12573242,0.12573242,2
19,0.3,18,24,-62.41750891,-61.862957,0.5545502,0.5545502,2
19,0.4,18,14,-54.35148907,-54.374683,-0.02319336,0.02319336,2
19,0.4,18,28,-61.77729373,-61.17808,0.59921265,0.59921265,2
19,0.5,18,20,-56.21022643,-55.74169,0.46853638,0.46853638,2
19,0.6,18,24,-56.18850712,-55.8913,0.29720688,0.29720688,2
19,0.6,18,28,-57.94948416,-57.536304,0.4131813,0.4131813,2
19,0.7,18,14,-44.31351949,-44.13877,0.17474747,0.17474747,2
19,0.7,18,18,-50.0086501,-50.0279,-0.019248962,0.019248962,2
19,0.7,18,20,-51.63340414,-51.527905,0.10549927,0.10549927,2
19,0.8,18,20,-49.3161961,-49.105686,0.21051025,0.21051025,2
19,0.9,18,16,-41.01394944,-40.995003,0.018947601,0.018947601,2
19,0.9,18,28,-52.38579057,-52.65863,-0.2728386,0.2728386,2
19,1.0,18,18,-41.34496786,-41.408794,-0.063827515,0.063827515,2
19,1.0,18,28,-50.58565916,-50.911144,-0.32548523,0.32548523,2
19,0.3,19,22,-62.39562415,-61.901806,0.49381638,0.49381638,2
19,0.3,19,28,-64.53208047,-63.81789,0.71419144,0.71419144,2
19,0.4,19,16,-56.95263875,-56.63406,0.31858063,0.31858063,2
19,0.4,19,22,-60.31978248,-59.988438,0.3313446,0.3313446,2
19,0.5,19,14,-52.44684047,-52.311977,0.1348648,0.1348648,2
19,0.5,19,20,-57.13077233,-56.674694,0.45607758,0.45607758,2
19,0.6,19,20,-54.90431204,-54.42939,0.47492218,0.47492218,2
19,0.7,19,14,-45.98587378,-45.64402,0.3418541,0.3418541,2
19,0.8,19,16,-46.07047296,-45.770878,0.29959488,0.29959488,2
19,0.9,19,22,-50.00269277,-49.63217,0.37052155,0.37052155,2
19,0.9,19,28,-53.42556256,-53.541668,-0.116104126,0.116104126,2
19,1.0,19,14,-35.04370425,-34.915173,0.12853241,0.12853241,2
19,0.3,20,22,-63.12995179,-62.53481,0.59514236,0.59514236,2
19,0.4,20,14,-56.19103622,-55.994564,0.19647217,0.19647217,2
19,0.4,20,18,-59.0277077,-59.01602,0.011684418,0.011684418,2
19,0.4,20,20,-60.10646278,-59.985462,0.1210022,0.1210022,2
19,0.5,20,14,-53.44901447,-53.232006,0.21700668,0.21700668,2
19,0.5,20,28,-61.66396748,-60.968388,0.6955795,0.6955795,2
19,0.6,20,20,-55.82290716,-55.48123,0.3416748,0.3416748,2
19,0.6,20,26,-58.97393832,-58.56913,0.40480804,0.40480804,2
19,0.8,20,20,-51.61897424,-51.592033,0.026939392,0.026939392,2
19,0.8,20,22,-53.07602668,-52.85646,0.21956635,0.21956635,2
19,0.8,20,24,-54.30090189,-54.15424,0.14666367,0.14666367,2
19,0.8,20,28,-56.30080453,-55.86392,0.43688583,0.43688583,2
19,0.9,20,14,-40.59279959,-40.732403,-0.13960266,0.13960266,2
19,0.9,20,16,-44.61294004,-44.341137,0.2718048,0.2718048,2
19,0.4,21,16,-58.57813055,-58.271282,0.30684662,0.30684662,2
19,0.4,21,26,-63.43471182,-62.723244,0.71146774,0.71146774,2
19,0.4,21,28,-64.19186398,-63.490738,0.7011261,0.7011261,2
19,0.5,21,16,-56.19689024,-55.571884,0.6250076,0.6250076,2
19,0.6,21,14,-51.67450801,-51.460884,0.21362305,0.21362305,2
19,0.6,21,20,-56.7173965,-56.533085,0.18431091,0.18431091,2
19,0.7,21,14,-48.87250779,-48.750603,0.12190628,0.12190628,2
19,0.7,21,20,-54.72527899,-54.460186,0.26509476,0.26509476,2
19,1.0,21,20,-48.51330378,-48.397587,0.11571884,0.11571884,2
19,1.0,21,26,-52.74461153,-52.719326,0.025283813,0.025283813,2
23,0.3,14,22,-70.06210484,-69.684975,0.3771286,0.3771286,2
23,0.5,14,24,-65.60695317,-65.53119,0.07576752,0.07576752,2
23,0.6,14,24,-62.79764222,-62.935936,-0.13829422,0.13829422,2
23,0.7,14,20,-55.39817803,-55.59785,-0.1996727,0.1996727,2
23,0.8,14,28,-60.23299012,-60.03094,0.20204926,0.20204926,2
23,0.9,14,26,-55.75190742,-55.891552,-0.13964462,0.13964462,2
23,1.0,14,16,-33.22015792,-33.05301,0.16714859,0.16714859,2
23,1.0,14,26,-52.62539933,-52.780502,-0.15510178,0.15510178,2
23,1.0,14,28,-54.77938539,-55.216988,-0.437603,0.437603,2
23,0.3,15,14,-65.35193318,-65.329636,0.02230072,0.02230072,2
23,0.3,15,16,-67.39216304,-67.272964,0.11920166,0.11920166,2
23,0.3,15,20,-70.12982086,-69.86817,0.2616501,0.2616501,2
23,0.3,15,28,-73.7331699,-73.509384,0.2237854,0.2237854,2
23,0.4,15,16,-63.82145134,-63.76643,0.055023193,0.055023193,2
23,0.4,15,22,-68.53340728,-68.29962,0.23378754,0.23378754,2
23,0.5,15,18,-62.41433542,-62.35468,0.05965805,0.05965805,2
23,0.5,15,20,-64.30801165,-64.4254,-0.117385864,0.117385864,2
23,0.5,15,28,-69.02288593,-68.762436,0.26045227,0.26045227,2
23,0.6,15,22,-62.97555868,-63.190308,-0.21474838,0.21474838,2
23,0.6,15,26,-65.71900834,-65.37358,0.34542847,0.34542847,2
23,0.8,15,18,-50.65940264,-50.66251,-0.0031089783,0.0031089783,2
23,0.8,15,26,-60.66588519,-60.45001,0.21587753,0.21587753,2
23,0.9,15,26,-58.00561856,-57.95039,0.055229187,0.055229187,2
23,0.9,15,28,-59.59711031,-59.352703,0.24440765,0.24440765,2
23,1.0,15,16,-36.83138066,-36.71536,0.1160202,0.1160202,2
23,1.0,15,24,-52.80253089,-52.67453,0.12800217,0.12800217,2
23,0.3,16,24,-73.22564685,-72.95438,0.27127075,0.27127075,2
23,0.5,16,14,-58.49736212,-58.400646,0.09671402,0.09671402,2
23,0.5,16,20,-65.73642293,-65.77476,-0.038337708,0.038337708,2
23,0.5,16,22,-67.1416934,-66.88761,0.25408173,0.25408173,2
23,0.5,16,24,-68.32883757,-67.99632,0.3325119,0.3325119,2
23,0.5,16,28,-70.26926427,-70.1301,0.13916779,0.13916779,2
23,0.6,16,14,-53.8512746,-53.950424,-0.0991478,0.0991478,2
23,0.6,16,18,-60.65884287,-60.610027,0.04881668,0.04881668,2
23,0.6,16,26,-66.98427984,-66.79599,0.18829346,0.18829346,2
23,0.7,16,18,-57.03188971,-57.178017,-0.1461258,0.1461258,2
23,0.8,16,14,-43.91325455,-43.99883,-0.085575104,0.085575104,2
23,0.8,16,16,-49.22028856,-49.092518,0.12776947,0.12776947,2
23,0.9,16,24,-58.08149815,-58.124966,-0.043468475,0.043468475,2
23,1.0,16,24,-55.20466126,-55.27963,-0.07496643,0.07496643,2
23,0.3,17,28,-75.76278852,-75.30542,0.45736694,0.45736694,2
23,0.5,17,14,-60.36594419,-60.019257,0.34668732,0.34668732,2
23,0.7,17,16,-55.70425783,-55.789402,-0.08514404,0.08514404,2
23,0.8,17,16,-51.6213475,-51.60242,0.018928528,0.018928528,2
23,0.8,17,18,-55.4922692,-55.74072,-0.24845123,0.24845123,2
23,0.8,17,28,-64.95778114,-64.68841,0.26937103,0.26937103,2
23,0.9,17,22,-57.83474428,-57.81672,0.018024445,0.018024445,2
23,1.0,17,16,-43.05492734,-43.1515,-0.096572876,0.096572876,2
23,1.0,17,18,-47.94473104,-48.008728,-0.06399536,0.06399536,2
23,1.0,17,24,-57.27558016,-57.2963,-0.02071762,0.02071762,2
23,1.0,17,28,-60.66391338,-60.746143,-0.082229614,0.082229614,2
23,0.3,18,26,-75.96531909,-75.51227,0.4530487,0.4530487,2
23,0.5,18,16,-64.69036479,-64.513,0.17736053,0.17736053,2
23,0.5,18,18,-66.65097713,-66.54079,0.110191345,0.110191345,2
23,0.5,18,28,-72.57976281,-72.20102,0.37874603,0.37874603,2
23,0.6,18,20,-65.59629851,-65.370926,0.22537231,0.22537231,2
23,0.6,18,22,-67.05603781,-66.62781,0.4282303,0.4282303,2
23,0.7,18,14,-53.60262027,-53.74805,-0.14543152,0.14543152,2
23,0.7,18,20,-62.95309166,-62.9276,0.025489807,0.025489807,2
23,0.8,18,16,-53.81403373,-54.09936,-0.2853279,0.2853279,2
23,0.8,18,26,-65.0730605,-64.66614,0.4069214,0.4069214,2
23,0.9,18,16,-49.81960851,-49.80425,0.015357971,0.015357971,2
23,1.0,18,18,-50.37063338,-50.55247,-0.18183899,0.18183899,2
23,0.3,19,16,-71.56865984,-71.23634,0.33231354,0.33231354,2
23,0.3,19,18,-72.92014875,-72.6962,0.22395325,0.22395325,2
23,0.3,19,22,-75.13909857,-74.85246,0.28663635,0.28663635,2
23,0.4,19,14,-66.73786987,-66.71901,0.018859863,0.018859863,2
23,0.7,19,24,-67.22341512,-66.762054,0.46135712,0.46135712,2
23,0.7,19,28,-69.50312587,-69.30998,0.19314575,0.19314575,2
23,0.8,19,16,-55.87873622,-55.808136,0.0705986,0.0705986,2
23,0.9,19,22,-61.14522013,-60.89425,0.25097275,0.25097275,2
23,0.9,19,24,-62.79694583,-62.652103,0.14484406,0.14484406,2
23,0.9,19,26,-64.19437404,-64.10445,0.08992767,0.08992767,2
23,1.0,19,18,-52.59190139,-52.745045,-0.15314484,0.15314484,2
23,0.3,20,20,-74.92274546,-74.71208,0.21066284,0.21066284,2
23,0.3,20,26,-77.70717998,-76.91377,0.7934036,0.7934036,2
23,0.4,20,14,-67.80378762,-67.75569,0.048095703,0.048095703,2
23,0.5,20,16,-66.97326842,-66.60099,0.3722763,0.3722763,2
23,0.6,20,20,-67.9182207,-67.47462,0.44360352,0.44360352,2
23,0.6,20,26,-71.50470336,-71.480515,0.02418518,0.02418518,2
23,0.6,20,28,-72.59995039,-72.177376,0.4225769,0.4225769,2
23,0.7,20,18,-63.66461634,-63.79356,-0.1289444,0.1289444,2
23,0.7,20,20,-65.45693222,-65.2354,0.22153473,0.22153473,2
23,0.8,20,22,-64.77132705,-64.44789,0.32343292,0.32343292,2
23,0.9,20,16,-54.11223709,-54.088203,0.024032593,0.024032593,2
23,0.9,20,28,-66.65932752,-66.35773,0.3015976,0.3015976,2
23,1.0,20,14,-44.97745773,-44.818264,0.15919495,0.15919495,2
23,1.0,20,20,-57.8441358,-57.76404,0.080093384,0.080093384,2
23,1.0,20,24,-61.98837377,-61.700455,0.2879181,0.2879181,2
23,1.0,20,28,-64.72137722,-64.82379,-0.10241699,0.10241699,2
23,0.4,21,18,-72.15755631,-71.9945,0.16305542,0.16305542,2
23,0.5,21,24,-73.52541983,-73.258606,0.2668152,0.2668152,2
23,0.5,21,28,-75.33972375,-74.79361,0.54611206,0.54611206,2
23,0.7,21,18,-64.79643927,-64.7216,0.07483673,0.07483673,2
23,0.8,21,18,-62.10480864,-62.248093,-0.14328384,0.14328384,2
23,0.8,21,20,-64.29356444,-64.26102,0.032546997,0.032546997,2
23,0.9,21,16,-56.02767487,-55.733562,0.29411316,0.29411316,2
23,0.9,21,24,-65.27452664,-64.95726,0.31726837,0.31726837,2
23,1.0,21,22,-61.50658421,-61.20155,0.30503464,0.30503464,2
27,0.3,14,20,-80.51911807,-80.101845,0.41727448,0.41727448,2
27,0.3,14,22,-81.84145341,-81.76977,0.07168579,0.07168579,2
27,0.4,14,18,-75.03882696,-74.83342,0.20540619,0.20540619,2
27,0.4,14,22,-78.68876735,-78.34588,0.34288788,0.34288788,2
27,0.4,14,28,-82.18852502,-81.46806,0.720459,0.720459,2
27,0.5,14,16,-67.40061988,-67.24939,0.15122986,0.15122986,2
27,0.5,14,20,-73.32881606,-73.0879,0.24092102,0.24092102,2
27,0.6,14,14,-57.25967046,-57.324917,-0.06524658,0.06524658,2
27,0.6,14,26,-75.4367327,-75.54287,-0.10614014,0.10614014,2
27,0.6,14,28,-76.79752565,-76.55549,0.24203491,0.24203491,2
27,0.7,14,14,-50.67756887,-51.241695,-0.56412506,0.56412506,2
27,0.7,14,18,-61.41629702,-61.12791,0.2883873,0.2883873,2
27,0.7,14,22,-67.96950537,-68.150635,-0.18112946,0.18112946,2
27,0.7,14,28,-74.07821119,-74.13496,-0.056747437,0.056747437,2
27,0.8,14,24,-66.75022133,-66.85416,-0.10393524,0.10393524,2
27,0.9,14,16,-44.90883375,-45.093018,-0.18418503,0.18418503,2
27,0.9,14,24,-62.9080717,-63.235706,-0.3276329,0.3276329,2
27,1.0,14,24,-59.0745083,-59.423893,-0.3493843,0.3493843,2
27,0.5,15,14,-65.85728283,-65.72325,0.1340332,0.1340332,2
27,0.5,15,24,-78.68063572,-78.66461,0.016021729,0.016021729,2
27,0.6,15,20,-71.70602125,-71.63745,0.068573,0.068573,2
27,0.6,15,22,-73.95750037,-73.79465,0.16284943,0.16284943,2
27,0.7,15,14,-54.33275276,-54.68131,-0.34855652,0.34855652,2
27,0.7,15,20,-67.67841012,-68.13706,-0.45864868,0.45864868,2
27,0.8,15,16,-54.50941059,-54.900616,-0.39120483,0.39120483,2
27,0.8,15,18,-59.59109404,-59.382946,0.20814896,0.20814896,2
27,0.8,15,20,-63.41638067,-63.535812,-0.11943054,0.11943054,2
27,0.9,15,18,-54.70735316,-54.869724,-0.16237259,0.16237259,2
27,0.9,15,24,-65.89293367,-65.82882,0.06411743,0.06411743,2
27,0.9,15,28,-70.43063189,-70.20978,0.22085571,0.22085571,2
27,1.0,15,28,-67.43687128,-67.518265,-0.08139038,0.08139038,2
27,0.3,16,14,-77.65351308,-77.67096,-0.017448425,0.017448425,2
27,0.4,16,14,-73.15503196,-73.11861,0.03642273,0.03642273,2
27,0.4,16,24,-82.85881831,-82.451904,0.40691376,0.40691376,2
27,0.5,16,24,-80.22020526,-79.99779,0.22241974,0.22241974,2
27,0.6,16,22,-75.78798139,-75.911865,-0.12388611,0.12388611,2
27,0.7,16,14,-57.46227895,-57.465187,-0.0029067993,0.0029067993,2
27,0.7,16,22,-72.63440738,-72.64113,-0.0067214966,0.0067214966,2
27,0.8,16,18,-62.37931263,-62.571304,-0.1919899,0.1919899,2
27,0.8,16,26,-73.49991659,-73.47128,0.028633118,0.028633118,2
27,0.9,16,14,-45.40995783,-46.350834,-0.940876,0.940876,2
27,0.9,16,18,-57.88535972,-58.00961,-0.124248505,0.124248505,2
27,0.9,16,24,-68.443164,-68.18395,0.25920868,0.25920868,2
27,1.0,16,16,-47.03133696,-48.107624,-1.0762863,1.0762863,2
27,0.4,17,14,-74.94189792,-74.98901,-0.04711914,0.04711914,2
27,0.4,17,16,-77.72427268,-77.51343,0.21084595,0.21084595,2
27,0.5,17,16,-73.90881468,-73.817245,0.09156799,0.09156799,2
27,0.5,17,18,-76.58319255,-76.49185,0.09133911,0.09133911,2
27,0.5,17,24,-81.60243939,-81.12994,0.47250366,0.47250366,2
27,0.6,17,18,-73.10280903,-73.036194,0.06661224,0.06661224,2
27,0.7,17,14,-60.23247529,-60.045513,0.18696213,0.18696213,2
27,0.7,17,18,-69.25305607,-69.65114,-0.39807892,0.39807892,2
27,0.7,17,20,-72.26651493,-72.07434,0.19217682,0.19217682,2
27,0.7,17,28,-79.04123221,-78.783714,0.25751495,0.25751495,2
27,0.8,17,26,-75.23530667,-75.26085,-0.025543213,0.025543213,2
27,1.0,17,16,-50.53483991,-51.44353,-0.9086914,0.9086914,2
27,1.0,17,18,-56.39062243,-56.439205,-0.048583984,0.048583984,2
27,0.3,18,28,-89.52661065,-89.178604,0.3480072,0.3480072,2
27,0.4,18,16,-79.13051628,-78.7528,0.37771606,0.37771606,2
27,0.4,18,26,-86.28627257,-85.89926,0.38700867,0.38700867,2
27,0.5,18,14,-72.30498747,-72.29654,0.00844574,0.00844574,2
27,0.5,18,16,-75.66677801,-75.399475,0.26730347,0.26730347,2
27,0.6,18,16,-71.80766466,-71.54146,0.26620483,0.26620483,2
27,0.6,18,28,-82.6648301,-82.27121,0.39362335,0.39362335,2
27,0.7,18,16,-67.57347385,-67.56248,0.0109939575,0.0109939575,2
27,0.7,18,22,-76.09179054,-76.21221,-0.12042236,0.12042236,2
27,0.8,18,20,-70.84855863,-70.591736,0.25682068,0.25682068,2
27,0.9,18,14,-52.15788418,-52.597828,-0.43994522,0.43994522,2
27,0.9,18,22,-70.20856081,-69.82594,0.38261414,0.38261414,2
27,1.0,18,20,-63.51597826,-63.535538,-0.019557953,0.019557953,2
27,0.3,19,16,-83.47528799,-83.43252,0.042770386,0.042770386,2
27,0.3,19,18,-85.07638908,-85.02225,0.054138184,0.054138184,2
27,0.3,19,26,-89.66341408,-89.25456,0.40885162,0.40885162,2
27,0.4,19,20,-83.80042266,-83.270676,0.529747,0.529747,2
27,0.4,19,28,-88.28326944,-88.030334,0.25293732,0.25293732,2
27,0.6,19,14,-69.72548561,-69.71362,0.0118637085,0.0118637085,2
27,0.6,19,24,-81.55950809,-80.946,0.61351013,0.61351013,2
27,0.7,19,18,-73.13678994,-73.11722,0.019569397,0.019569397,2
27,0.7,19,24,-79.10815207,-78.8267,0.281456,0.281456,2
27,0.7,19,26,-80.53470379,-80.16703,0.36767578,0.36767578,2
27,0.8,19,18,-69.60544159,-69.75653,-0.15109253,0.15109253,2
27,0.8,19,22,-74.81778957,-74.83681,-0.01902008,0.01902008,2
27,0.8,19,26,-78.21920771,-77.96837,0.25083923,0.25083923,2
27,0.9,19,22,-72.05616886,-71.69331,0.362854,0.362854,2
27,1.0,19,20,-65.99168241,-66.229935,-0.23825073,0.23825073,2
27,1.0,19,22,-69.12350427,-68.90268,0.2208252,0.2208252,2
27,0.3,20,18,-86.07770631,-85.917465,0.16024017,0.16024017,2
27,0.5,20,18,-80.60156324,-80.52546,0.07610321,0.07610321,2
27,0.5,20,24,-85.06190905,-84.492,0.5699158,0.5699158,2
27,0.6,20,18,-77.72731065,-77.87453,-0.1472168,0.1472168,2
27,0.7,20,20,-77.05027121,-77.228775,-0.17850494,0.17850494,2
27,0.7,20,26,-81.77787537,-81.436264,0.34161377,0.34161377,2
27,0.9,20,28,-78.69064932,-78.2948,0.39585114,0.39585114,2
27,1.0,20,18,-64.19573585,-64.19416,0.0015716553,0.0015716553,2
27,1.0,20,28,-76.55605002,-76.36603,0.19002533,0.19002533,2
27,0.3,21,14,-83.51280862,-83.4089,0.10391235,0.10391235,2
27,0.3,21,18,-86.97499008,-86.69697,0.27802277,0.27802277,2
27,0.4,21,18,-84.36540384,-83.9374,0.4280014,0.4280014,2
27,0.6,21,22,-82.52138296,-82.05881,0.46257782,0.46257782,2
27,0.7,21,18,-76.1102027,-76.34015,-0.22994995,0.22994995,2
27,0.8,21,16,-69.60241466,-69.56241,0.040008545,0.040008545,2
27,0.8,21,20,-75.71664682,-76.087814,-0.37117004,0.37117004,2
27,0.9,21,20,-72.91995021,-72.88411,0.035842896,0.035842896,2
27,0.9,21,22,-75.16371744,-75.08653,0.077186584,0.077186584,2
27,0.9,21,24,-76.97086656,-76.91612,0.054740906,0.054740906,2
31,0.3,14,16,-87.42135969,-87.545944,-0.12458801,0.12458801,2
31,0.3,14,26,-95.90583433,-95.78963,0.11621094,0.11621094,2
31,0.3,14,28,-96.97517952,-96.49461,0.48056793,0.48056793,2
31,0.4,14,16,-82.39464151,-82.28227,0.11236572,0.11236572,2
31,0.5,14,26,-89.81509438,-89.34122,0.47387695,0.47387695,2
31,0.5,14,28,-91.20321285,-90.79127,0.41194916,0.41194916,2
31,0.6,14,14,-65.41980648,-65.99815,-0.57834625,0.57834625,2
31,0.6,14,16,-71.14577704,-70.940506,0.20526886,0.20526886,2
31,0.6,14,24,-84.51477872,-84.334656,0.18012238,0.18012238,2
31,0.6,14,26,-86.53962284,-86.393555,0.14606476,0.14606476,2
31,0.7,14,22,-77.88427571,-78.141266,-0.25698853,0.25698853,2
31,0.9,14,18,-58.45803781,-58.65532,-0.19728088,0.19728088,2
31,0.3,15,14,-86.3903316,-86.37012,0.020217896,0.020217896,2
31,0.3,15,24,-96.28187556,-96.33667,-0.05479431,0.05479431,2
31,0.4,15,24,-93.23003628,-93.10767,0.12236023,0.12236023,2
31,0.5,15,16,-79.63903258,-79.604935,0.034095764,0.034095764,2
31,0.5,15,28,-92.89755911,-92.43562,0.46193695,0.46193695,2
31,0.6,15,26,-88.54648111,-88.482216,0.06426239,0.06426239,2
31,0.7,15,14,-62.13584408,-63.17005,-1.0342064,1.0342064,2
31,0.7,15,20,-77.58212111,-77.608734,-0.026611328,0.026611328,2
31,0.7,15,24,-83.44317655,-83.19818,0.24499512,0.24499512,2
31,0.8,15,26,-82.08729835,-81.802734,0.28456116,0.28456116,2
31,0.8,15,28,-84.14726312,-83.94643,0.20083618,0.20083618,2
31,0.9,15,26,-78.55798278,-78.536026,0.021957397,0.021957397,2
31,1.0,15,18,-56.86751648,-57.34746,-0.47994614,0.47994614,2
31,1.0,15,22,-67.62384508,-67.42091,0.20293427,0.20293427,2
31,1.0,15,26,-74.77251579,-74.853226,-0.080711365,0.080711365,2
31,0.3,16,26,-98.78601085,-98.59265,0.19335938,0.19335938,2
31,0.4,16,24,-94.77600078,-94.76579,0.01020813,0.01020813,2
31,0.5,16,18,-85.52268474,-85.865295,-0.34261322,0.34261322,2
31,0.5,16,22,-90.31639082,-89.906784,0.40960693,0.40960693,2
31,0.7,16,24,-85.80921091,-85.51607,0.29314423,0.29314423,2
31,0.8,16,18,-71.43698854,-71.7885,-0.3515091,0.3515091,2
31,0.9,16,20,-71.19880259,-71.15448,0.044319153,0.044319153,2
31,0.9,16,24,-78.68068803,-78.569374,0.111312866,0.111312866,2
31,1.0,16,26,-77.79920313,-77.75257,0.04663086,0.04663086,2
31,0.3,17,28,-101.0628192,-100.71128,0.3515396,0.3515396,2
31,0.4,17,26,-97.37179905,-97.010284,0.36151123,0.36151123,2
31,0.5,17,14,-80.17017818,-80.03416,0.13602448,0.13602448,2
31,0.5,17,16,-84.33143697,-84.214294,0.11714172,0.11714172,2
31,0.7,17,18,-79.08792189,-79.57723,-0.48931122,0.48931122,2
31,0.7,17,26,-89.42569509,-89.59866,-0.172966,0.172966,2
31,0.8,17,14,-62.62777038,-62.70055,-0.07278061,0.07278061,2
31,0.8,17,16,-69.26856104,-69.538124,-0.26956177,0.26956177,2
31,0.8,17,24,-84.49167299,-84.29283,0.19884491,0.19884491,2
31,0.9,17,16,-63.76917655,-64.289566,-0.52038956,0.52038956,2
31,0.9,17,26,-83.55839393,-83.30435,0.25404358,0.25404358,2
31,1.0,17,18,-64.663559,-65.15606,-0.4925003,0.4925003,2
31,0.4,18,14,-87.14855678,-87.26471,-0.1161499,0.1161499,2
31,0.4,18,24,-97.47559006,-96.9222,0.5533905,0.5533905,2
31,0.4,18,28,-99.7348527,-99.14099,0.59386444,0.59386444,2
31,0.5,18,22,-93.27591196,-93.03947,0.23644257,0.23644257,2
31,0.5,18,24,-94.80105899,-94.38168,0.41937256,0.41937256,2
31,0.6,18,16,-81.8966073,-81.57173,0.32487488,0.32487488,2
31,0.6,18,28,-94.86876178,-94.366196,0.5025635,0.5025635,2
31,0.7,18,18,-81.50116185,-81.77094,-0.26978302,0.26978302,2
31,0.7,18,26,-91.0541195,-90.92347,0.13065338,0.13065338,2
31,0.8,18,14,-65.92170844,-65.81229,0.10942078,0.10942078,2
31,0.8,18,22,-84.22243376,-83.83974,0.38269806,0.38269806,2
31,0.8,18,26,-88.39960531,-88.5876,-0.18799591,0.18799591,2
31,0.9,18,14,-59.7009007,-59.450382,0.2505188,0.2505188,2
31,0.9,18,20,-77.06318588,-77.182816,-0.119628906,0.119628906,2
31,0.9,18,22,-80.73240454,-80.70097,0.031433105,0.031433105,2
31,0.9,18,24,-83.37187582,-83.08018,0.29170227,0.29170227,2
31,0.3,19,22,-99.99115874,-99.503265,0.48789215,0.48789215,2
31,0.3,19,24,-101.1978611,-100.67771,0.52014923,0.52014923,2
31,0.3,19,26,-102.2690063,-101.83731,0.43169403,0.43169403,2
31,0.4,19,14,-88.78780711,-88.97761,-0.18980408,0.18980408,2
31,0.4,19,16,-91.72551447,-91.23964,0.485878,0.485878,2
31,0.4,19,26,-99.84315226,-99.151024,0.69213104,0.69213104,2
31,0.5,19,20,-92.82519232,-92.637474,0.18772125,0.18772125,2
31,0.7,19,16,-79.64919508,-79.45974,0.18945312,0.18945312,2
31,0.7,19,24,-90.90665396,-90.89133,0.015327454,0.015327454,2
31,0.8,19,24,-88.15797483,-88.27999,-0.12201691,0.12201691,2
31,0.9,19,16,-69.94684544,-70.03519,-0.08834076,0.08834076,2
31,1.0,19,24,-82.39638905,-81.93871,0.45767975,0.45767975,2
31,0.3,20,18,-98.1289561,-98.08501,0.043952942,0.043952942,2
31,0.5,20,14,-86.14723004,-86.293045,-0.14581299,0.14581299,2
31,0.5,20,22,-95.81486838,-95.36508,0.44978333,0.44978333,2
31,0.5,20,28,-99.86979846,-99.43178,0.4380188,0.4380188,2
31,0.6,20,20,-91.24555688,-91.33632,-0.09075928,0.09075928,2
31,0.7,20,14,-76.74026646,-76.68494,0.05532837,0.05532837,2
31,0.7,20,28,-95.30589405,-94.67601,0.6298828,0.6298828,2
31,0.8,20,16,-77.34075909,-77.417114,-0.07635498,0.07635498,2
31,0.8,20,18,-81.81503972,-81.99283,-0.17778778,0.17778778,2
31,0.8,20,22,-87.81295525,-87.69146,0.12149811,0.12149811,2
31,0.8,20,28,-92.97488169,-92.477356,0.49752808,0.49752808,2
31,0.9,20,28,-90.61063297,-90.37577,0.23486328,0.23486328,2
31,1.0,20,20,-78.16683642,-78.331696,-0.16485596,0.16485596,2
31,1.0,20,24,-84.3653655,-83.97047,0.39489746,0.39489746,2
31,0.3,21,18,-99.16791674,-98.958824,0.20909119,0.20909119,2
31,0.3,21,20,-100.7495668,-100.44335,0.30621338,0.30621338,2
31,0.3,21,22,-102.0686436,-101.61781,0.45082855,0.45082855,2
31,0.4,21,16,-94.21536341,-93.82167,0.39369202,0.39369202,2
31,0.4,21,28,-103.1322052,-102.783424,0.34877777,0.34877777,2
31,0.5,21,28,-100.9658959,-100.74701,0.21888733,0.21888733,2
31,0.6,21,22,-94.53782042,-94.27022,0.267601,0.267601,2
31,0.6,21,26,-97.48583457,-97.06264,0.4231949,0.4231949,2
31,0.6,21,28,-98.81872787,-98.396645,0.422081,0.422081,2
31,0.7,21,20,-89.78460879,-90.21153,-0.42692566,0.42692566,2
31,0.7,21,22,-91.93255922,-91.97757,-0.045013428,0.045013428,2
31,0.7,21,28,-96.56419848,-96.0193,0.544899,0.544899,2
31,0.8,21,16,-79.59648977,-79.66367,-0.06718445,0.06718445,2
31,0.8,21,20,-86.86893041,-87.0967,-0.22777557,0.22777557,2
31,1.0,21,18,-76.08267286,-75.90538,0.17729187,0.17729187,2
35,0.3,14,18,-100.5725374,-100.39372,0.17881775,0.17881775,2
35,0.3,14,20,-102.8714656,-102.70377,0.16769409,0.16769409,2
35,0.4,14,16,-92.2224516,-92.001785,0.22066498,0.22066498,2
35,0.5,14,20,-93.98033414,-93.865616,0.114715576,0.114715576,2
35,0.5,14,26,-100.9400766,-100.63628,0.3038025,0.3038025,2
35,0.6,14,20,-89.03653734,-88.7693,0.2672348,0.2672348,2
35,0.6,14,24,-95.04742479,-95.07526,-0.027832031,0.027832031,2
35,0.7,14,28,-95.74221929,-95.66888,0.07334137,0.07334137,2
35,0.8,14,18,-72.64398368,-72.97659,-0.33261108,0.33261108,2
35,0.9,14,26,-84.99759953,-85.0773,-0.079704285,0.079704285,2
35,0.9,14,28,-88.07429392,-88.7573,-0.6830063,0.6830063,2
35,0.4,15,14,-90.56087745,-90.61211,-0.051231384,0.051231384,2
35,0.4,15,16,-94.81293492,-94.68364,0.12929535,0.12929535,2
35,0.5,15,26,-103.0587326,-102.70267,0.35606384,0.35606384,2
35,0.6,15,22,-95.17430532,-95.000565,0.1737442,0.1737442,2
35,0.7,15,16,-77.09878713,-77.69714,-0.59835815,0.59835815,2
35,0.8,15,20,-81.82597082,-82.08358,-0.2576065,0.2576065,2
35,0.9,15,22,-81.17440453,-81.20763,-0.033218384,0.033218384,2
35,1.0,15,16,-55.83313588,-55.41988,0.4132576,0.4132576,2
35,1.0,15,28,-87.57343671,-87.856705,-0.2832718,0.2832718,2
35,0.3,16,18,-104.4246376,-104.575714,-0.15107727,0.15107727,2
35,0.4,16,14,-93.11024121,-93.09158,0.018661499,0.018661499,2
35,0.4,16,16,-97.16051977,-97.0415,0.119026184,0.119026184,2
35,0.4,16,18,-100.3728137,-100.55156,-0.17874908,0.17874908,2
35,0.4,16,24,-106.4609742,-106.40236,0.05861664,0.05861664,2
35,0.4,16,28,-109.1612922,-109.0047,0.15659332,0.15659332,2
35,0.5,16,24,-103.2736744,-103.14574,0.12793732,0.12793732,2
35,0.6,16,18,-90.98588102,-91.3285,-0.34262085,0.34262085,2
35,0.7,16,14,-73.81947012,-74.70409,-0.88461304,0.88461304,2
35,0.8,16,16,-74.32617294,-75.31483,-0.9886551,0.9886551,2
35,0.8,16,18,-80.38535182,-80.94908,-0.56372833,0.56372833,2
35,0.8,16,24,-92.77242268,-92.49141,0.2810135,0.2810135,2
35,0.9,16,16,-67.65582517,-67.86902,-0.2131958,0.2131958,2
35,0.9,16,18,-74.73604061,-75.86868,-1.1326447,1.1326447,2
35,0.9,16,24,-88.71489577,-88.058426,0.65647125,0.65647125,2
35,0.3,17,14,-100.4871846,-100.26241,0.22476959,0.22476959,2
35,0.3,17,24,-111.0240913,-111.008484,0.015609741,0.015609741,2
35,0.3,17,26,-112.2568296,-112.16318,0.09365082,0.09365082,2
35,0.5,17,18,-98.17442113,-98.13001,0.044410706,0.044410706,2
35,0.5,17,22,-103.2712718,-102.97885,0.29241943,0.29241943,2
35,0.6,17,18,-93.70471369,-93.70933,-0.0046157837,0.0046157837,2
35,0.6,17,24,-101.9615369,-101.76611,0.19542694,0.19542694,2
35,0.8,17,22,-92.16479817,-92.16373,0.0010681152,0.0010681152,2
35,0.8,17,24,-95.22359491,-95.12419,0.09940338,0.09940338,2
35,0.8,17,26,-97.69704856,-97.35962,0.33743286,0.33743286,2
35,0.9,17,18,-78.35551369,-79.059746,-0.70423126,0.70423126,2
35,0.9,17,28,-96.66633193,-96.26894,0.39738464,0.39738464,2
35,1.0,17,20,-78.67735925,-78.91772,-0.24035645,0.24035645,2
35,1.0,17,22,-83.511398,-83.204865,0.3065338,0.3065338,2
35,1.0,17,26,-90.83522845,-90.725464,0.1097641,0.1097641,2
35,0.3,18,16,-105.187452,-104.89139,0.29606628,0.29606628,2
35,0.3,18,24,-112.3417947,-112.07322,0.26857758,0.26857758,2
35,0.3,18,28,-114.6930513,-114.31206,0.3809967,0.3809967,2
35,0.4,18,18,-103.916786,-103.721085,0.1957016,0.1957016,2
35,0.5,18,26,-108.156362,-107.85678,0.29958344,0.29958344,2
35,0.5,18,28,-109.4454692,-108.936035,0.50943756,0.50943756,2
35,0.7,18,16,-86.66720287,-86.51318,0.15402222,0.15402222,2
35,0.7,18,20,-95.36554158,-95.16628,0.1992569,0.1992569,2
35,0.8,18,18,-86.69112496,-86.692184,-0.0010604858,0.0010604858,2
35,0.8,18,28,-101.5443699,-101.71023,-0.16585541,0.16585541,2
35,0.3,19,28,-115.9313374,-115.5367,0.39463806,0.39463806,2
35,0.4,19,18,-105.4462175,-105.05644,0.38977814,0.38977814,2
35,0.4,19,20,-107.5797481,-107.286354,0.293396,0.293396,2
35,0.4,19,22,-109.3666324,-109.18971,0.17691803,0.17691803,2
35,0.5,19,14,-94.49468031,-93.99545,0.49922943,0.49922943,2
35,0.5,19,18,-101.908655,-101.84001,0.06864166,0.06864166,2
35,0.6,19,16,-94.23867787,-93.81808,0.4206009,0.4206009,2
35,0.7,19,20,-97.53414378,-97.48801,0.04613495,0.04613495,2
35,0.8,19,22,-96.90156671,-96.69582,0.20574188,0.20574188,2
35,0.9,19,20,-89.51447823,-89.5712,-0.05671692,0.05671692,2
35,1.0,19,18,-79.71134654,-79.74021,-0.028862,0.028862,2
35,1.0,19,22,-89.53798886,-89.2025,0.33548737,0.33548737,2
35,0.3,20,18,-110.0384854,-109.73678,0.3017044,0.3017044,2
35,0.4,20,14,-101.0700128,-100.83763,0.23238373,0.23238373,2
35,0.4,20,20,-108.8720549,-108.808495,0.063560486,0.063560486,2
35,0.4,20,26,-113.4019905,-112.86772,0.53427124,0.53427124,2
35,0.5,20,16,-100.5176516,-100.385544,0.1321106,0.1321106,2
35,0.5,20,18,-103.4906404,-103.19853,0.29210663,0.29210663,2
35,0.6,20,14,-91.51082199,-91.18693,0.3238907,0.3238907,2
35,0.6,20,20,-102.6849721,-102.55006,0.13491821,0.13491821,2
35,0.6,20,26,-108.3608037,-108.02011,0.3406906,0.3406906,2
35,0.7,20,16,-91.86167446,-91.52082,0.34085083,0.34085083,2
35,0.7,20,18,-96.13215466,-95.82334,0.308815,0.308815,2
35,0.7,20,26,-105.762341,-105.69592,0.06642151,0.06642151,2
35,0.8,20,28,-104.8893258,-104.529144,0.36018372,0.36018372,2
35,0.9,20,14,-74.38014733,-73.88068,0.49947357,0.49947357,2
35,1.0,20,14,-67.9731682,-67.67039,0.30278015,0.30278015,2
35,1.0,20,24,-95.4257443,-95.00223,0.42351532,0.42351532,2
35,1.0,20,28,-99.81362076,-99.82631,-0.012687683,0.012687683,2
35,0.4,21,14,-102.629786,-102.38784,0.24194336,0.24194336,2
35,0.4,21,22,-111.8101255,-111.426285,0.38384247,0.38384247,2
35,0.5,21,20,-107.187256,-107.18982,-0.0025634766,0.0025634766,2
35,0.6,21,16,-98.27016677,-98.06594,0.20422363,0.20422363,2
35,0.6,21,24,-108.101386,-107.87734,0.2240448,0.2240448,2
35,0.6,21,28,-111.0856421,-110.58417,0.5014725,0.5014725,2
35,0.7,21,18,-98.07144469,-98.06441,0.0070343018,0.0070343018,2
35,0.7,21,22,-103.5843986,-103.62962,-0.04522705,0.04522705,2
35,0.8,21,14,-83.18827262,-83.78806,-0.5997925,0.5997925,2
35,0.8,21,16,-89.48207017,-89.464714,0.017356873,0.017356873,2
35,0.8,21,22,-100.6778809,-100.62317,0.05471039,0.05471039,2
35,0.8,21,24,-102.9745747,-103.00048,-0.025909424,0.025909424,2
35,0.8,21,26,-104.9267149,-104.69211,0.23460388,0.23460388,2
35,0.9,21,20,-94.30859655,-94.37526,-0.06666565,0.06666565,2
35,0.9,21,22,-97.61326547,-97.43696,0.17630768,0.17630768,2
35,0.9,21,24,-100.2773511,-100.02441,0.25294495,0.25294495,2
39,0.3,14,18,-111.0264431,-110.536316,0.49012756,0.49012756,2
39,0.3,14,24,-117.7017142,-117.33508,0.36663055,0.36663055,2
39,0.5,14,24,-109.7512468,-109.821526,-0.07028198,0.07028198,2
39,0.5,14,26,-111.9562705,-111.9897,-0.033432007,0.033432007,2
39,0.6,14,14,-81.35623295,-82.3419,-0.985672,0.985672,2
39,0.6,14,18,-93.98144453,-94.23358,-0.25213623,0.25213623,2
39,0.7,14,18,-87.5966837,-87.82645,-0.22975922,0.22975922,2
39,0.7,14,22,-97.14881301,-96.91464,0.234169,0.234169,2
39,0.7,14,24,-100.7434827,-100.34242,0.401062,0.401062,2
39,0.8,14,14,-63.04276982,-63.58426,-0.54148865,0.54148865,2
39,0.8,14,24,-95.76864588,-95.499695,0.26895142,0.26895142,2
39,0.8,14,26,-99.19948342,-99.01259,0.18689728,0.18689728,2
39,0.4,15,20,-111.5456188,-111.15411,0.39150238,0.39150238,2
39,0.5,15,26,-114.3621426,-114.05609,0.30605316,0.30605316,2
39,0.6,15,14,-85.6161493,-86.56056,-0.94441223,0.94441223,2
39,0.6,15,16,-92.30271915,-92.62949,-0.3267746,0.3267746,2
39,0.6,15,18,-97.55819439,-97.730446,-0.17224884,0.17224884,2
39,0.6,15,22,-105.5214819,-105.131195,0.3902893,0.3902893,2
39,0.6,15,24,-108.3613611,-108.08105,0.28031158,0.28031158,2
39,0.7,15,14,-77.45409515,-77.339386,0.11470795,0.11470795,2
39,0.7,15,20,-96.44022212,-96.53996,-0.099739075,0.099739075,2
39,0.7,15,24,-104.0450936,-103.52896,0.51613617,0.51613617,2
39,0.7,15,26,-106.9030836,-106.43417,0.46891022,0.46891022,2
39,0.8,15,28,-105.5617942,-105.42938,0.13240814,0.13240814,2
39,0.9,15,14,-59.43902505,-59.923206,-0.48418045,0.48418045,2
39,0.9,15,18,-78.39523489,-78.12068,0.2745514,0.2745514,2
39,0.9,15,28,-101.5837767,-101.394455,0.18932343,0.18932343,2
39,1.0,15,14,-50.0914997,-52.297535,-2.2060356,2.2060356,2
39,1.0,15,18,-71.33099196,-70.57559,0.7554016,0.7554016,2
39,1.0,15,24,-89.63722973,-89.57239,0.064842224,0.064842224,2
39,0.3,16,26,-122.7785955,-122.85013,-0.0715332,0.0715332,2
39,0.4,16,18,-110.9040068,-110.73201,0.17199707,0.17199707,2
39,0.4,16,26,-119.6303986,-119.47279,0.15760803,0.15760803,2
39,0.6,16,18,-100.7299843,-100.91258,-0.1825943,0.1825943,2
39,0.6,16,26,-113.0775064,-112.77217,0.305336,0.305336,2
39,0.7,16,22,-103.8803691,-103.33446,0.5459137,0.5459137,2
39,0.8,16,14,-73.67561991,-73.08086,0.5947647,0.5947647,2
39,0.8,16,18,-89.17945566,-90.04905,-0.86959076,0.86959076,2
39,0.8,16,22,-99.04118008,-98.440445,0.6007385,0.6007385,2
39,0.8,16,28,-108.4165914,-107.893585,0.5230026,0.5230026,2
39,0.3,17,16,-114.4443177,-113.75754,0.68678284,0.68678284,2
39,0.3,17,24,-122.9365596,-122.76662,0.16994476,0.16994476,2
39,0.4,17,18,-113.0361796,-112.78238,0.25379944,0.25379944,2
39,0.4,17,22,-117.9510967,-117.701805,0.24929047,0.24929047,2
39,0.4,17,26,-121.3296892,-121.40037,-0.07067871,0.07067871,2
39,0.5,17,14,-99.20956588,-99.284,-0.07443237,0.07443237,2
39,0.5,17,24,-116.4731358,-116.40147,0.07167053,0.07167053,2
39,0.6,17,20,-107.5790932,-107.32535,0.25374603,0.25374603,2
39,0.7,17,14,-85.69512822,-86.098335,-0.40320587,0.40320587,2
39,0.7,17,28,-113.9305459,-113.63884,0.2917099,0.2917099,2
39,0.8,17,16,-86.48760976,-86.3668,0.12081146,0.12081146,2
39,0.8,17,24,-105.7495931,-105.07523,0.6743622,0.6743622,2
39,0.8,17,26,-108.7190115,-108.10233,0.61667633,0.61667633,2
39,0.9,17,14,-70.21969468,-69.993484,0.22621155,0.22621155,2
39,1.0,17,14,-61.85587855,-62.732166,-0.87628937,0.87628937,2
39,1.0,17,20,-87.47714162,-88.290344,-0.8132019,0.8132019,2
39,0.3,18,16,-116.2403374,-115.44897,0.7913742,0.7913742,2
39,0.3,18,18,-118.8438266,-118.61651,0.22731781,0.22731781,2
39,0.3,18,22,-122.8205694,-122.4016,0.4189682,0.4189682,2
39,0.4,18,14,-107.6448227,-107.06869,0.5761337,0.5761337,2
39,0.4,18,20,-117.5079609,-117.33563,0.17232513,0.17232513,2
39,0.4,18,22,-119.6873099,-119.209915,0.4773941,0.4773941,2
39,0.5,18,22,-116.288539,-116.04934,0.23919678,0.23919678,2
39,0.5,18,26,-120.1350557,-119.87451,0.26054382,0.26054382,2
39,0.5,18,28,-121.4860401,-121.43394,0.052101135,0.052101135,2
39,0.7,18,24,-111.8762124,-111.54552,0.3306961,0.3306961,2
39,0.8,18,26,-110.8468272,-110.40648,0.44034576,0.44034576,2
39,0.9,18,14,-74.67322436,-74.41313,0.2600937,0.2600937,2
39,0.9,18,26,-107.5136654,-107.14482,0.36884308,0.36884308,2
39,1.0,18,24,-100.5458853,-99.67113,0.87475586,0.87475586,2
39,1.0,18,28,-106.7456092,-106.48735,0.258255,0.258255,2
39,0.4,19,20,-119.1352209,-118.84375,0.2914734,0.2914734,2
39,0.4,19,24,-122.8446424,-122.62577,0.21887207,0.21887207,2
39,0.5,19,16,-109.1185324,-108.46507,0.65345764,0.65345764,2
39,0.5,19,28,-123.0557716,-122.72999,0.32578278,0.32578278,2
39,0.6,19,16,-104.2212469,-103.8855,0.33574677,0.33574677,2
39,0.7,19,14,-92.36882691,-92.58872,-0.21989441,0.21989441,2
39,0.7,19,20,-108.1376393,-107.557175,0.5804672,0.5804672,2
39,0.7,19,24,-113.8036953,-113.54153,0.26216888,0.26216888,2
39,0.8,19,16,-93.24937253,-92.83336,0.41601562,0.41601562,2
39,0.8,19,18,-99.16046263,-98.80527,0.3551941,0.3551941,2
39,0.9,19,20,-99.33432449,-99.09849,0.23583984,0.23583984,2
39,1.0,19,16,-81.09350446,-80.99982,0.093688965,0.093688965,2
39,1.0,19,20,-94.50585506,-94.569725,-0.06387329,0.06387329,2
39,1.0,19,22,-99.41460222,-98.86966,0.54494476,0.54494476,2
39,1.0,19,26,-106.5585333,-106.15926,0.3992691,0.3992691,2
39,0.3,20,16,-119.3110801,-118.729,0.58208466,0.58208466,2
39,0.3,20,20,-123.807244,-123.54355,0.26369476,0.26369476,2
39,0.4,20,14,-111.634987,-111.09098,0.54400635,0.54400635,2
39,0.5,20,14,-106.5932609,-106.20792,0.38534546,0.38534546,2
39,0.5,20,16,-111.1847222,-110.5545,0.63022614,0.63022614,2
39,0.7,20,18,-106.4933305,-105.72647,0.76686096,0.76686096,2
39,0.9,20,14,-82.49614668,-81.88574,0.61040497,0.61040497,2
39,0.9,20,16,-90.66245634,-90.019745,0.6427078,0.6427078,2
39,0.9,20,20,-102.1774598,-101.7818,0.3956604,0.3956604,2
39,0.9,20,22,-106.1776517,-105.47916,0.69849396,0.69849396,2
39,1.0,20,28,-111.2268027,-110.85806,0.36873627,0.36873627,2
39,0.4,21,18,-119.7027039,-119.144356,0.5583496,0.5583496,2
39,0.4,21,20,-121.9866877,-121.86334,0.12334442,0.12334442,2
39,0.5,21,24,-122.8777892,-122.72761,0.15018463,0.15018463,2
39,0.6,21,16,-108.7165361,-108.16042,0.5561142,0.5561142,2
39,0.6,21,20,-115.6243037,-115.64398,-0.019676208,0.019676208,2
39,0.8,21,16,-99.04300425,-99.24391,-0.20090485,0.20090485,2
39,0.8,21,26,-116.5293883,-116.43094,0.09844971,0.09844971,2
39,0.9,21,18,-99.83450467,-99.65317,0.18133545,0.18133545,2
39,1.0,21,16,-88.16157314,-88.39191,-0.23033142,0.23033142,2
11,0.3,14,22,-33.35244853,-33.391525,-0.03907776,0.03907776,3
11,0.4,14,26,-32.54071288,-32.362625,0.17808914,0.17808914,3
11,0.5,14,20,-28.92739378,-28.93111,-0.0037174225,0.0037174225,3
11,0.5,14,24,-30.19706174,-30.096056,0.101005554,0.101005554,3
11,0.5,14,26,-30.72093357,-30.456371,0.2645626,0.2645626,3
11,0.6,14,24,-28.54130307,-28.457304,0.083999634,0.083999634,3
11,0.6,14,28,-29.63805698,-29.344227,0.29383087,0.29383087,3
11,0.7,14,18,-24.03753223,-24.008633,0.028900146,0.028900146,3
11,0.7,14,26,-27.57630521,-27.510754,0.06555176,0.06555176,3
11,0.8,14,26,-26.12777299,-25.925364,0.20240974,0.20240974,3
11,0.9,14,18,-19.97451648,-19.916014,0.058502197,0.058502197,3
11,0.9,14,22,-22.96279332,-22.842342,0.12045097,0.12045097,3
11,1.0,14,22,-21.26989796,-20.863937,0.40596008,0.40596008,3
11,1.0,14,26,-23.36295352,-23.363983,-0.0010299683,0.0010299683,3
11,0.4,15,26,-33.23167572,-33.062134,0.1695404,0.1695404,3
11,0.5,15,16,-27.93705956,-27.971615,-0.034555435,0.034555435,3
11,0.6,15,18,-27.11410683,-27.05019,0.06391716,0.06391716,3
11,0.7,15,16,-23.71202484,-23.733278,-0.021253586,0.021253586,3
11,0.7,15,18,-25.15761951,-25.244406,-0.08678627,0.08678627,3
11,0.7,15,24,-27.83372838,-27.86519,-0.031461716,0.031461716,3
11,0.7,15,28,-28.97214324,-28.755611,0.21653175,0.21653175,3
11,0.9,15,28,-26.28535923,-25.977734,0.30762482,0.30762482,3
11,1.0,15,14,-14.55503243,-14.122501,0.43253136,0.43253136,3
11,0.3,16,16,-32.80399647,-33.12603,-0.32203293,0.32203293,3
11,0.5,16,14,-27.5362399,-27.859255,-0.3230152,0.3230152,3
11,0.6,16,24,-30.07503968,-30.074917,0.00012207031,0.00012207031,3
11,0.6,16,26,-30.62722112,-30.718756,-0.09153366,0.09153366,3
11,0.7,16,26,-29.21313926,-29.216736,-0.0035972595,0.0035972595,3
11,0.8,16,16,-22.6815112,-22.558228,0.123283386,0.123283386,3
11,0.8,16,26,-27.82526985,-27.864374,-0.03910446,0.03910446,3
11,0.9,16,16,-20.61820913,-20.222507,0.39570236,0.39570236,3
11,1.0,16,16,-18.66514366,-18.50428,0.16086388,0.16086388,3
11,0.3,17,22,-35.25062239,-35.118958,0.13166428,0.13166428,3
11,0.4,17,16,-31.37166913,-31.405376,-0.033706665,0.033706665,3
11,0.4,17,22,-33.48405332,-33.26597,0.21808624,0.21808624,3
11,0.4,17,24,-34.04192469,-33.808563,0.23336029,0.23336029,3
11,0.4,17,26,-34.54770311,-34.44995,0.09775162,0.09775162,3
11,0.4,17,28,-34.96739526,-35.099907,-0.13251114,0.13251114,3
11,0.5,17,14,-28.31194618,-28.493801,-0.18185425,0.18185425,3
11,0.5,17,26,-32.9227359,-32.796684,0.12605286,0.12605286,3
11,0.6,17,16,-27.56257294,-27.320263,0.24230957,0.24230957,3
11,0.6,17,26,-31.36286264,-31.329119,0.033744812,0.033744812,3
11,0.7,17,22,-28.71382221,-28.68512,0.028701782,0.028701782,3
11,0.8,17,18,-25.31191435,-25.169533,0.14238167,0.14238167,3
11,0.8,17,20,-26.40440655,-26.278145,0.12626266,0.12626266,3
11,0.8,17,26,-28.56982531,-28.435745,0.13408089,0.13408089,3
11,0.9,17,14,-19.51837414,-19.438221,0.08015251,0.08015251,3
11,0.9,17,24,-26.55949219,-26.389837,0.16965485,0.16965485,3
11,0.9,17,26,-27.2204538,-27.14082,0.07963371,0.07963371,3
11,0.9,17,28,-27.84241427,-27.78338,0.059034348,0.059034348,3
11,0.4,18,18,-32.82144492,-32.936802,-0.115356445,0.115356445,3
11,0.4,18,28,-35.5748375,-35.749054,-0.17421722,0.17421722,3
11,0.5,18,16,-30.08158453,-29.877552,0.2040329,0.2040329,3
11,0.7,18,22,-29.28471732,-29.308792,-0.024074554,0.024074554,3
11,0.7,18,28,-31.19950032,-31.099503,0.099998474,0.099998474,3
11,1.0,18,20,-24.22885361,-24.064644,0.16420937,0.16420937,3
11,1.0,18,24,-25.99660825,-25.969742,0.026866913,0.026866913,3
11,0.3,19,26,-37.19561227,-37.526505,-0.33089066,0.33089066,3
11,0.5,19,16,-30.67233435,-30.40336,0.2689743,0.2689743,3
11,0.6,19,24,-32.10918535,-31.946444,0.1627407,0.1627407,3
11,0.7,19,16,-27.24452472,-27.343803,-0.0992794,0.0992794,3
11,0.7,19,20,-29.23275285,-29.293627,-0.06087303,0.06087303,3
11,0.7,19,28,-31.897731,-31.705116,0.19261551,0.19261551,3
11,0.8,19,14,-23.82468126,-24.321106,-0.49642563,0.49642563,3
11,0.8,19,16,-25.60584535,-25.605516,0.00032806396,0.00032806396,3
11,0.8,19,22,-28.57804466,-28.529158,0.048887253,0.048887253,3
11,0.9,19,14,-21.78886126,-21.99945,-0.21059036,0.21059036,3
11,0.9,19,18,-25.34184505,-25.068142,0.27370262,0.27370262,3
11,0.9,19,26,-28.619422,-28.432766,0.18665695,0.18665695,3
11,1.0,19,26,-27.48604846,-27.160158,0.3258896,0.3258896,3
11,0.3,20,16,-34.95946524,-34.92198,0.037483215,0.037483215,3
11,0.3,20,20,-36.28379446,-36.40928,-0.12548447,0.12548447,3
11,0.3,20,26,-37.77562947,-38.25198,-0.47634888,0.47634888,3
11,0.3,20,28,-38.20166681,-38.98397,-0.78230286,0.78230286,3
11,0.4,20,14,-32.11594649,-32.147976,-0.0320282,0.0320282,3
11,0.4,20,24,-35.75502461,-35.81185,-0.056827545,0.056827545,3
11,0.5,20,16,-31.29348355,-30.999018,0.29446602,0.29446602,3
11,0.5,20,20,-32.91503478,-33.03858,-0.1235466,0.1235466,3
11,0.5,20,28,-35.22485868,-35.48158,-0.2567215,0.2567215,3
11,0.8,20,18,-27.477533,-27.494772,-0.017238617,0.017238617,3
11,0.8,20,24,-29.92783962,-29.721006,0.20683289,0.20683289,3
11,0.9,20,16,-24.72762854,-24.519,0.20862961,0.20862961,3
11,0.9,20,20,-27.05747121,-26.868587,0.18888283,0.18888283,3
11,1.0,20,26,-28.16653439,-27.90063,0.26590347,0.26590347,3
11,0.3,21,14,-34.5730012,-34.66721,-0.09420776,0.09420776,3
11,0.3,21,26,-38.26854458,-39.017532,-0.7489891,0.7489891,3
11,0.3,21,28,-38.66660346,-39.82161,-1.1550064,1.1550064,3
11,0.4,21,14,-32.62371433,-32.857574,-0.23386002,0.23386002,3
11,0.4,21,22,-35.71031297,-35.943207,-0.2328949,0.2328949,3
11,0.5,21,22,-34.19251078,-34.29537,-0.10285568,0.10285568,3
11,0.5,21,24,-34.77801863,-34.870075,-0.092056274,0.092056274,3
11,0.5,21,26,-35.31432585,-35.53553,-0.22120285,0.22120285,3
11,0.6,21,14,-28.98307953,-29.042522,-0.05944252,0.05944252,3
11,0.6,21,22,-32.66000128,-32.744682,-0.084682465,0.084682465,3
11,0.7,21,18,-29.53952701,-29.56173,-0.022201538,0.022201538,3
11,0.9,21,22,-28.59296502,-28.76204,-0.16907501,0.16907501,3
11,1.0,21,14,-21.88489743,-22.062675,-0.17777824,0.17777824,3
11,1.0,21,18,-25.27068647,-25.58475,-0.31406212,0.31406212,3
11,1.0,21,22,-27.32925627,-27.550564,-0.22130775,0.22130775,3
11,1.0,21,24,-28.09264327,-28.186218,-0.093574524,0.093574524,3
11,1.0,21,28,-29.41302159,-29.386547,0.026473999,0.026473999,3
15,0.3,14,14,-42.01568258,-42.185707,-0.17002487,0.17002487,3
15,0.3,14,16,-43.28628054,-43.208572,0.0777092,0.0777092,3
15,0.3,14,20,-45.0969354,-45.04184,0.055095673,0.055095673,3
15,0.3,14,22,-45.84610166,-45.93681,-0.09070969,0.09070969,3
15,0.3,14,24,-46.48475076,-46.479576,0.005176544,0.005176544,3
15,0.4,14,14,-38.84726283,-38.852444,-0.005180359,0.005180359,3
15,0.5,14,18,-39.20795171,-39.5308,-0.32284927,0.32284927,3
15,0.5,14,28,-43.5459385,-43.535305,0.010635376,0.010635376,3
15,0.6,14,14,-31.70689823,-31.678986,0.02791214,0.02791214,3
15,0.6,14,18,-36.51632312,-36.49369,0.022632599,0.022632599,3
15,0.6,14,22,-39.21400881,-38.88936,0.3246498,0.3246498,3
15,0.7,14,18,-33.69286563,-33.358467,0.33440018,0.33440018,3
15,0.8,14,20,-32.94465267,-32.56656,0.37809372,0.37809372,3
15,0.9,14,22,-32.35772084,-31.942364,0.41535568,0.41535568,3
15,1.0,14,18,-25.08038954,-25.212456,-0.13206673,0.13206673,3
15,1.0,14,26,-33.31662754,-33.20425,0.11237717,0.11237717,3
15,0.3,15,16,-44.18138116,-44.072746,0.10863495,0.10863495,3
15,0.3,15,22,-46.64128875,-46.894127,-0.25283813,0.25283813,3
15,0.3,15,24,-47.26869831,-47.402657,-0.13395691,0.13395691,3
15,0.4,15,22,-44.50506575,-44.557945,-0.052879333,0.052879333,3
15,0.4,15,24,-45.22253048,-45.395096,-0.17256546,0.17256546,3
15,0.5,15,16,-38.91368984,-39.027584,-0.113895416,0.113895416,3
15,0.5,15,26,-43.8811889,-43.963013,-0.08182526,0.08182526,3
15,0.7,15,18,-35.31400815,-35.27083,0.04317856,0.04317856,3
15,0.7,15,20,-37.00171273,-37.349052,-0.34733963,0.34733963,3
15,0.7,15,28,-40.87006371,-40.775368,0.094696045,0.094696045,3
15,0.8,15,20,-34.66813441,-34.82983,-0.16169739,0.16169739,3
15,0.8,15,22,-36.20068274,-36.513145,-0.31246185,0.31246185,3
15,0.8,15,26,-38.33313679,-38.138153,0.19498444,0.19498444,3
15,0.8,15,28,-39.13220596,-38.901276,0.23093033,0.23093033,3
15,1.0,15,18,-27.182721,-27.1914,-0.008680344,0.008680344,3
15,0.4,16,16,-42.47478609,-42.466053,0.008731842,0.008731842,3
15,0.4,16,26,-46.64948638,-46.70275,-0.053264618,0.053264618,3
15,0.5,16,14,-38.24977375,-38.23606,0.013713837,0.013713837,3
15,0.5,16,18,-41.35385702,-41.293854,0.060001373,0.060001373,3
15,0.6,16,18,-39.08963012,-39.010086,0.07954407,0.07954407,3
15,0.6,16,22,-41.2913937,-41.07422,0.21717453,0.21717453,3
15,0.6,16,26,-42.95929565,-43.08359,-0.12429428,0.12429428,3
15,0.6,16,28,-43.58234721,-43.6756,-0.093250275,0.093250275,3
15,0.9,16,24,-36.70678281,-36.606,0.1007843,0.1007843,3
15,0.9,16,26,-37.74736708,-37.486134,0.26123428,0.26123428,3
15,1.0,16,26,-36.05346296,-35.832558,0.2209053,0.2209053,3
15,0.3,17,16,-45.7394696,-45.79135,-0.051879883,0.051879883,3
15,0.3,17,24,-48.73444898,-48.58554,0.14890671,0.14890671,3
15,0.4,17,26,-47.44555031,-47.36427,0.081279755,0.081279755,3
15,0.5,17,14,-39.3268301,-39.280617,0.046215057,0.046215057,3
15,0.5,17,20,-43.28466622,-43.094902,0.18976593,0.18976593,3
15,0.6,17,22,-42.22637481,-42.026978,0.19939804,0.19939804,3
15,0.6,17,24,-43.09153172,-43.00409,0.08744049,0.08744049,3
15,0.7,17,20,-39.24785754,-39.16194,0.08591461,0.08591461,3
15,0.8,17,18,-35.75522093,-35.55069,0.20453262,0.20453262,3
15,1.0,17,16,-27.83635473,-27.491734,0.34462166,0.34462166,3
15,1.0,17,20,-33.03506644,-32.64375,0.39131546,0.39131546,3
15,0.3,18,16,-46.4038484,-46.56594,-0.16209412,0.16209412,3
15,0.3,18,18,-47.33319142,-47.60141,-0.268219,0.268219,3
15,0.3,18,22,-48.84520176,-48.630802,0.21440125,0.21440125,3
15,0.3,18,24,-49.45158653,-49.18255,0.26903915,0.26903915,3
15,0.3,18,26,-50.06391187,-49.810173,0.2537384,0.2537384,3
15,0.4,18,16,-44.11479058,-44.117348,-0.0025558472,0.0025558472,3
15,0.4,18,18,-45.18298327,-45.40569,-0.22270584,0.22270584,3
15,0.4,18,20,-46.06985449,-46.215744,-0.14588928,0.14588928,3
15,0.4,18,26,-48.20958449,-48.0258,0.18378448,0.18378448,3
15,0.5,18,26,-46.40343378,-46.24141,0.16202545,0.16202545,3
15,0.8,18,28,-42.05064308,-42.091515,-0.040870667,0.040870667,3
15,0.9,18,20,-36.38601894,-36.13437,0.25165176,0.25165176,3
15,0.9,18,26,-39.67324279,-39.57782,0.09542465,0.09542465,3
15,1.0,18,24,-37.17105768,-36.883842,0.2872162,0.2872162,3
15,1.0,18,28,-38.99940846,-38.85952,0.13988876,0.13988876,3
15,0.3,19,26,-50.68739294,-50.52452,0.16287231,0.16287231,3
15,0.4,19,22,-47.57866585,-47.43206,0.14660645,0.14660645,3
15,0.5,19,14,-41.21321304,-41.046738,0.1664772,0.1664772,3
15,0.6,19,14,-38.74469614,-38.513306,0.2313919,0.2313919,3
15,0.7,19,18,-39.80452415,-39.544456,0.260067,0.260067,3
15,0.7,19,22,-42.12015048,-42.14068,-0.020526886,0.020526886,3
15,0.8,19,16,-36.0207326,-36.04142,-0.020687103,0.020687103,3
15,0.8,19,18,-37.81600779,-37.78715,0.028858185,0.028858185,3
15,0.9,19,22,-38.66666637,-38.506668,0.15999985,0.15999985,3
15,0.9,19,24,-39.68560372,-39.555866,0.12973785,0.12973785,3
15,1.0,19,24,-38.07924186,-37.87154,0.20770264,0.20770264,3
15,1.0,19,28,-39.95011955,-39.80539,0.14472961,0.14472961,3
15,0.3,20,26,-51.33668625,-51.290073,0.046611786,0.046611786,3
15,0.7,20,24,-43.81335539,-43.678986,0.1343689,0.1343689,3
15,0.8,20,20,-40.03677312,-40.0085,0.028274536,0.028274536,3
15,0.8,20,22,-41.18624964,-41.347294,-0.16104507,0.16104507,3
15,1.0,20,24,-38.96742765,-38.944477,0.022949219,0.022949219,3
15,0.3,21,16,-48.25588111,-48.0839,0.17198181,0.17198181,3
15,0.3,21,26,-51.96607054,-52.055614,-0.08954239,0.08954239,3
15,0.4,21,16,-46.18185461,-46.006016,0.17583847,0.17583847,3
15,0.4,21,18,-47.20411152,-47.10919,0.09492111,0.09492111,3
15,0.5,21,16,-44.0535203,-44.03813,0.015388489,0.015388489,3
15,0.5,21,24,-47.89634821,-47.66946,0.22688675,0.22688675,3
15,0.8,21,18,-39.56367715,-39.7525,-0.18881989,0.18881989,3
15,0.8,21,24,-42.91165758,-42.910973,0.0006866455,0.0006866455,3
15,0.9,21,26,-42.26404996,-42.01014,0.25391006,0.25391006,3
15,0.9,21,28,-43.06319254,-42.666344,0.3968506,0.3968506,3
15,1.0,21,16,-33.7686685,-34.028687,-0.2600174,0.2600174,3
15,1.0,21,22,-38.7346528,-38.840317,-0.1056633,0.1056633,3
19,0.3,14,14,-53.12168815,-52.926952,0.19473648,0.19473648,3
19,0.3,14,24,-58.81751855,-58.812828,0.0046920776,0.0046920776,3
19,0.4,14,16,-51.48233039,-51.144043,0.33828735,0.33828735,3
19,0.5,14,26,-54.92148659,-54.733395,0.18809128,0.18809128,3
19,0.6,14,14,-40.41412938,-41.165573,-0.75144196,0.75144196,3
19,0.7,14,14,-35.71725053,-35.701958,0.015293121,0.015293121,3
19,0.7,14,28,-51.37946673,-51.25425,0.12521744,0.12521744,3
19,0.8,14,14,-30.93838643,-30.473743,0.46464348,0.46464348,3
19,0.8,14,22,-44.66484633,-44.29705,0.36779404,0.36779404,3
19,0.9,14,24,-43.80620446,-43.390396,0.41580963,0.41580963,3
19,1.0,14,18,-31.98065411,-32.48142,-0.50076485,0.50076485,3
19,1.0,14,22,-38.62886153,-38.483475,0.14538574,0.14538574,3
19,0.4,15,24,-57.48103342,-57.43311,0.04792404,0.04792404,3
19,0.5,15,14,-46.80363007,-46.542046,0.26158524,0.26158524,3
19,0.5,15,24,-55.23361206,-54.913177,0.32043457,0.32043457,3
19,0.6,15,14,-42.53619119,-42.844223,-0.308033,0.308033,3
19,0.6,15,16,-45.91574102,-45.932762,-0.01702118,0.01702118,3
19,0.7,15,26,-51.71887104,-51.5122,0.20667267,0.20667267,3
19,0.8,15,22,-46.6042677,-46.62198,-0.01771164,0.01771164,3
19,0.9,15,14,-29.25806995,-28.724674,0.53339577,0.53339577,3
19,0.9,15,16,-34.33731921,-34.484833,-0.14751434,0.14751434,3
19,1.0,15,16,-30.37938928,-30.257057,0.12233162,0.12233162,3
19,1.0,15,20,-38.19574909,-38.415016,-0.2192688,0.2192688,3
19,0.3,16,24,-60.78312987,-60.964516,-0.18138504,0.18138504,3
19,0.4,16,20,-56.61709811,-56.581947,0.035152435,0.035152435,3
19,0.4,16,28,-59.95930345,-60.01152,-0.052215576,0.052215576,3
19,0.5,16,16,-51.03978458,-51.005943,0.03384018,0.03384018,3
19,0.6,16,16,-47.71703774,-47.83782,-0.120780945,0.120780945,3
19,0.7,16,18,-47.00724148,-47.03317,-0.025928497,0.025928497,3
19,0.8,16,24,-49.73190838,-49.785645,-0.05373764,0.05373764,3
19,0.8,16,28,-51.93497576,-51.67284,0.26213455,0.26213455,3
19,0.9,16,28,-50.00000526,-49.683655,0.31634903,0.31634903,3
19,1.0,16,14,-27.79295927,-27.651554,0.1414051,0.1414051,3
19,1.0,16,26,-46.76295677,-46.789623,-0.026664734,0.026664734,3
19,1.0,16,28,-48.04352728,-47.92137,0.122154236,0.122154236,3
19,0.4,17,14,-53.36724475,-53.309326,0.05791855,0.05791855,3
19,0.4,17,16,-55.13798235,-55.002476,0.13550568,0.13550568,3
19,0.4,17,26,-60.18295834,-60.3096,-0.12664413,0.12664413,3
19,0.7,17,24,-53.10793955,-52.814552,0.29338837,0.29338837,3
19,0.9,17,14,-34.4309952,-34.58667,-0.15567398,0.15567398,3
19,1.0,17,14,-30.37324237,-30.470917,-0.09767532,0.09767532,3
19,0.3,18,14,-57.29047957,-57.262405,0.028072357,0.028072357,3
19,0.3,18,26,-63.11108947,-62.797062,0.31402588,0.31402588,3
19,0.5,18,24,-58.26827716,-58.334732,-0.06645584,0.06645584,3
19,0.5,18,28,-59.85882142,-59.861782,-0.002960205,0.002960205,3
19,0.6,18,18,-52.53649058,-52.370842,0.16564941,0.16564941,3
19,0.6,18,20,-53.89140099,-53.868652,0.02274704,0.02274704,3
19,0.7,18,24,-54.1496381,-53.809624,0.3400154,0.3400154,3
19,0.8,18,14,-40.54546839,-40.741333,-0.19586563,0.19586563,3
19,0.8,18,22,-50.91897307,-50.870495,0.048477173,0.048477173,3
19,0.8,18,24,-52.13758248,-51.886047,0.2515335,0.2515335,3
19,0.8,18,26,-53.22878767,-52.956318,0.27246857,0.27246857,3
19,0.8,18,28,-54.23620531,-54.126842,0.109363556,0.109363556,3
19,0.9,18,20,-46.95011429,-46.72945,0.22066498,0.22066498,3
19,1.0,18,16,-37.69692145,-37.90564,-0.20871735,0.20871735,3
19,1.0,18,24,-48.19537948,-48.26358,-0.06819916,0.06819916,3
19,0.3,19,18,-60.57031968,-60.76873,-0.19841003,0.19841003,3
19,0.3,19,20,-61.57379018,-61.62349,-0.049697876,0.049697876,3
19,0.3,19,24,-63.15327311,-62.83716,0.31611633,0.31611633,3
19,0.4,19,28,-62.6743058,-62.457695,0.21660995,0.21660995,3
19,0.5,19,16,-54.37367004,-54.2855,0.0881691,0.0881691,3
19,0.5,19,28,-60.75916403,-60.627346,0.13181686,0.13181686,3
19,0.7,19,18,-51.20293957,-51.070297,0.13264084,0.13264084,3
19,0.7,19,28,-57.02539313,-57.10642,-0.08102417,0.08102417,3
19,0.8,19,20,-50.57821643,-50.450302,0.12791443,0.12791443,3
19,1.0,19,20,-45.93292768,-45.70512,0.22780609,0.22780609,3
19,1.0,19,22,-47.94461271,-47.853477,0.09113693,0.09113693,3
19,0.3,20,20,-62.27002198,-62.195663,0.074359894,0.074359894,3
19,0.4,20,22,-61.10832475,-61.046898,0.06142807,0.06142807,3
19,0.4,20,28,-63.48536434,-63.22324,0.2621231,0.2621231,3
19,0.5,20,18,-56.75247431,-56.66832,0.08415604,0.08415604,3
19,0.5,20,26,-60.85034149,-60.667446,0.18289566,0.18289566,3
19,0.6,20,14,-50.6245801,-50.53306,0.09152222,0.09152222,3
19,0.6,20,24,-58.02005009,-58.11164,-0.09159088,0.09159088,3
19,0.7,20,26,-57.11694421,-57.160713,-0.043769836,0.043769836,3
19,0.8,20,14,-44.11815266,-44.051205,0.06694794,0.06694794,3
19,0.8,20,16,-47.57866023,-47.2834,0.29525757,0.29525757,3
19,0.9,20,18,-47.45642028,-47.221687,0.23473358,0.23473358,3
19,0.9,20,22,-51.10383449,-50.926903,0.17693329,0.17693329,3
19,1.0,20,20,-47.3056147,-47.107464,0.19815063,0.19815063,3
19,1.0,20,26,-51.72587523,-51.507973,0.21790314,0.21790314,3
19,1.0,20,28,-52.77354112,-52.622032,0.15150833,0.15150833,3
19,0.3,21,22,-63.87749302,-63.64261,0.23488617,0.23488617,3
19,0.3,21,28,-65.99770807,-65.81915,0.17855835,0.17855835,3
19,0.5,21,24,-60.79535966,-60.707554,0.0878067,0.0878067,3
19,0.5,21,26,-61.65372321,-61.43299,0.22073364,0.22073364,3
19,0.6,21,28,-60.65886483,-60.42035,0.23851395,0.23851395,3
19,0.7,21,24,-57.12001424,-57.139122,-0.019107819,0.019107819,3
19,0.8,21,22,-54.0412126,-54.14219,-0.10097504,0.10097504,3
19,0.8,21,28,-57.18201019,-57.15164,0.030368805,0.030368805,3
19,0.9,21,24,-53.39480309,-53.259518,0.13528442,0.13528442,3
19,0.9,21,28,-55.48492862,-55.420273,0.064655304,0.064655304,3
19,1.0,21,14,-38.95908793,-38.67563,0.2834587,0.2834587,3
23,0.3,14,16,-65.95375791,-65.90106,0.052696228,0.052696228,3
23,0.3,14,20,-68.95602708,-69.09072,-0.13469696,0.13469696,3
23,0.3,14,26,-71.84700586,-71.86852,-0.021514893,0.021514893,3
23,0.4,14,14,-59.19429778,-59.13217,0.06212616,0.06212616,3
23,0.4,14,20,-65.9502228,-65.776985,0.17324066,0.17324066,3
23,0.5,14,26,-66.80110191,-66.53858,0.26251984,0.26251984,3
23,0.5,14,28,-67.68790038,-67.615974,0.0719223,0.0719223,3
23,0.7,14,14,-43.2265394,-43.044617,0.18192291,0.18192291,3
23,0.7,14,16,-48.47027457,-48.311905,0.15837097,0.15837097,3
23,0.8,14,14,-37.48649786,-37.418365,0.06813049,0.06813049,3
23,0.8,14,18,-47.97822831,-47.836876,0.1413536,0.1413536,3
23,0.9,14,16,-38.25831538,-38.71689,-0.4585724,0.4585724,3
23,0.9,14,28,-57.58666675,-57.602917,-0.01625061,0.01625061,3
23,1.0,14,18,-38.8530537,-39.604866,-0.751812,0.751812,3
23,1.0,14,22,-47.15683165,-47.118584,0.038246155,0.038246155,3
23,0.3,15,24,-72.16359713,-72.17916,-0.015563965,0.015563965,3
23,0.4,15,14,-61.11587199,-60.854317,0.26155472,0.26155472,3
23,0.4,15,24,-69.59400065,-69.46301,0.13098907,0.13098907,3
23,0.5,15,16,-59.86728178,-59.893948,-0.026664734,0.026664734,3
23,0.5,15,26,-68.18547687,-67.89711,0.28836823,0.28836823,3
23,0.6,15,28,-66.69714135,-66.49845,0.19869232,0.19869232,3
23,0.7,15,14,-46.35733929,-46.203163,0.1541748,0.1541748,3
23,0.7,15,18,-54.75945917,-54.762344,-0.0028839111,0.0028839111,3
23,0.7,15,22,-60.01865239,-60.033257,-0.014602661,0.014602661,3
23,0.7,15,26,-63.19624514,-63.33099,-0.13474655,0.13474655,3
23,0.8,15,14,-40.82845296,-40.52179,0.3066635,0.3066635,3
23,0.8,15,22,-56.79809475,-56.8497,-0.051605225,0.051605225,3
23,0.9,15,14,-35.39796797,-35.236885,0.16108322,0.16108322,3
23,0.9,15,16,-41.6288417,-42.128445,-0.49960327,0.49960327,3
23,1.0,15,20,-46.58158202,-46.36112,0.2204628,0.2204628,3
23,1.0,15,22,-49.91727398,-50.084694,-0.16741943,0.16741943,3
23,0.3,16,18,-70.03443102,-70.25829,-0.2238617,0.2238617,3
23,0.4,16,16,-65.25856531,-65.121284,0.13728333,0.13728333,3
23,0.4,16,18,-67.09003997,-67.30513,-0.21508789,0.21508789,3
23,0.5,16,26,-69.34776466,-69.264915,0.082847595,0.082847595,3
23,0.6,16,28,-68.02244103,-67.86552,0.15692139,0.15692139,3
23,0.7,16,14,-49.05054268,-49.237312,-0.1867714,0.1867714,3
23,0.8,16,20,-56.37827981,-56.709564,-0.33128357,0.33128357,3
23,0.8,16,28,-63.51403884,-63.393097,0.12094116,0.12094116,3
23,0.9,16,18,-49.24891787,-48.96759,0.2813263,0.2813263,3
23,0.9,16,22,-55.75888968,-55.900574,-0.14168549,0.14168549,3
23,0.9,16,28,-61.31806901,-61.437004,-0.11893463,0.11893463,3
23,1.0,16,14,-33.5667674,-33.50538,0.061389923,0.061389923,3
23,0.3,17,16,-69.66941247,-69.76966,-0.100250244,0.100250244,3
23,0.4,17,18,-68.29144064,-68.47499,-0.18354797,0.18354797,3
23,0.4,17,24,-71.8467718,-71.715004,0.13176727,0.13176727,3
23,0.4,17,26,-72.7776148,-72.8373,-0.059684753,0.059684753,3
23,0.5,17,20,-67.01059658,-67.20765,-0.197052,0.197052,3
23,0.5,17,26,-70.49194343,-70.54098,-0.04903412,0.04903412,3
23,0.6,17,28,-69.25454032,-69.23258,0.021957397,0.021957397,3
23,0.7,17,18,-59.03583014,-59.257652,-0.22182083,0.22182083,3
23,0.7,17,26,-66.00008519,-65.92046,0.07962036,0.07962036,3
23,0.8,17,26,-63.72852918,-63.731674,-0.0031433105,0.0031433105,3
23,0.9,17,14,-41.67843893,-41.396427,0.28201294,0.28201294,3
23,0.9,17,16,-47.47173313,-47.46425,0.007484436,0.007484436,3
23,0.9,17,18,-51.68751135,-51.42838,0.2591324,0.2591324,3
23,0.9,17,26,-61.45780961,-61.59754,-0.13973236,0.13973236,3
23,0.9,17,28,-62.82021798,-62.7634,0.0568161,0.0568161,3
23,1.0,17,20,-51.6837059,-51.904778,-0.22107315,0.22107315,3
23,0.3,18,14,-68.91595082,-68.91897,-0.0030136108,0.0030136108,3
23,0.3,18,22,-74.24468452,-74.05237,0.19231415,0.19231415,3
23,0.4,18,14,-65.617229,-65.307144,0.31008148,0.31008148,3
23,0.4,18,24,-72.85681187,-72.77459,0.082221985,0.082221985,3
23,0.6,18,18,-63.81673232,-63.630577,0.18615341,0.18615341,3
23,0.7,18,24,-66.06229726,-65.88561,0.17668152,0.17668152,3
23,0.7,18,28,-68.39893628,-68.1693,0.22963715,0.22963715,3
23,0.8,18,28,-66.26075562,-66.064125,0.19663239,0.19663239,3
23,0.9,18,14,-44.48155157,-44.24343,0.23812103,0.23812103,3
23,0.9,18,22,-59.62051389,-59.58221,0.038303375,0.038303375,3
23,0.3,19,14,-69.90726592,-70.02346,-0.11619568,0.11619568,3
23,0.4,19,16,-68.78781862,-68.81431,-0.026489258,0.026489258,3
23,0.4,19,18,-70.37981141,-70.18145,0.19836426,0.19836426,3
23,0.5,19,20,-69.21933995,-69.29015,-0.07081604,0.07081604,3
23,0.5,19,26,-72.60247964,-72.75465,-0.15216827,0.15216827,3
23,0.6,19,16,-62.80263136,-62.58519,0.21744156,0.21744156,3
23,0.6,19,18,-65.07070863,-65.025795,0.044914246,0.044914246,3
23,0.6,19,20,-66.75576527,-66.83555,-0.07978058,0.07978058,3
23,0.6,19,26,-70.4838077,-70.42864,0.05516815,0.05516815,3
23,0.8,19,20,-61.68221469,-61.475323,0.2068901,0.2068901,3
23,0.8,19,22,-63.53816146,-63.619225,-0.08106232,0.08106232,3
23,0.8,19,24,-65.00749551,-64.84464,0.16284943,0.16284943,3
23,0.9,19,18,-56.04260769,-56.04933,-0.0067253113,0.0067253113,3
23,0.9,19,20,-58.96762594,-58.70941,0.25821304,0.25821304,3
23,0.9,19,28,-65.45841821,-65.1719,0.2865219,0.2865219,3
23,1.0,19,20,-56.05843367,-56.050194,0.008239746,0.008239746,3
23,1.0,19,24,-60.6228972,-60.437286,0.18561172,0.18561172,3
23,0.3,20,28,-78.48629234,-78.09167,0.3946228,0.3946228,3
23,0.4,20,24,-74.7225393,-74.810425,-0.087882996,0.087882996,3
23,0.4,20,28,-76.48119137,-76.26133,0.21986389,0.21986389,3
23,0.5,20,14,-64.64674449,-64.481766,0.16497803,0.16497803,3
23,0.5,20,26,-73.55286129,-73.70553,-0.15266418,0.15266418,3
23,0.6,20,16,-64.11783658,-64.04215,0.075683594,0.075683594,3
23,0.6,20,22,-69.25610952,-69.1845,0.0716095,0.0716095,3
23,0.7,20,14,-57.5016306,-57.33766,0.16396713,0.16396713,3
23,0.7,20,16,-61.04605586,-60.78122,0.26483536,0.26483536,3
23,0.8,20,24,-66.25181202,-66.020256,0.23155975,0.23155975,3
23,1.0,20,16,-50.38712091,-50.709522,-0.32240295,0.32240295,3
23,1.0,20,18,-54.69447125,-54.57033,0.12413788,0.12413788,3
23,1.0,20,26,-63.4367094,-63.100563,0.3361473,0.3361473,3
23,0.3,21,16,-73.19963543,-73.33782,-0.1381836,0.1381836,3
23,0.3,21,20,-75.72628301,-75.94962,-0.2233429,0.2233429,3
23,0.3,21,22,-76.76072359,-76.67608,0.08464813,0.08464813,3
23,0.4,21,20,-73.45803531,-73.79791,-0.33987427,0.33987427,3
23,0.4,21,22,-74.62961682,-74.84844,-0.2188263,0.2188263,3
23,0.5,21,14,-65.77972453,-65.89227,-0.11254883,0.11254883,3
23,0.5,21,18,-69.73330623,-69.6002,0.13311005,0.13311005,3
23,0.5,21,20,-71.16643369,-71.2819,-0.11546326,0.11546326,3
23,0.5,21,26,-74.4803281,-74.47108,0.009254456,0.009254456,3
23,0.6,21,20,-68.85313068,-68.79301,0.06012726,0.06012726,3
23,0.6,21,24,-71.44183933,-71.4967,-0.054855347,0.054855347,3
23,0.7,21,20,-66.56191988,-66.34885,0.21307373,0.21307373,3
23,0.7,21,22,-68.09871629,-67.999886,0.09883118,0.09883118,3
23,0.8,21,16,-59.3798995,-59.030117,0.34978104,0.34978104,3
23,0.8,21,22,-65.90537848,-65.872475,0.03290558,0.03290558,3
23,0.8,21,24,-67.33597913,-67.25357,0.08240509,0.08240509,3
23,0.8,21,26,-68.63059152,-68.54342,0.08717346,0.08717346,3
23,0.8,21,28,-69.68629938,-69.81143,-0.1251297,0.1251297,3
23,1.0,21,14,-47.26498345,-47.2286,0.036384583,0.036384583,3
23,1.0,21,20,-59.43386697,-59.015045,0.41882324,0.41882324,3
27,0.5,14,28,-79.5354695,-79.59805,-0.06258392,0.06258392,3
27,0.6,14,18,-66.09023532,-66.276115,-0.18588257,0.18588257,3
27,0.6,14,20,-69.30564604,-69.56234,-0.25669098,0.25669098,3
27,0.7,14,20,-65.04989791,-65.12127,-0.071372986,0.071372986,3
27,0.7,14,26,-72.37540791,-72.273605,0.10179901,0.10179901,3
27,0.8,14,28,-71.04620756,-71.03667,0.009544373,0.009544373,3
27,0.9,14,18,-50.99811098,-51.608673,-0.6105614,0.6105614,3
27,0.9,14,22,-59.73162662,-59.74666,-0.015029907,0.015029907,3
27,0.9,14,26,-65.64921553,-65.57258,0.07663727,0.07663727,3
27,1.0,14,26,-62.05693527,-62.00332,0.05361557,0.05361557,3
27,0.3,15,18,-80.39073371,-80.280525,0.110206604,0.110206604,3
27,0.3,15,20,-81.92499397,-81.98998,-0.06498718,0.06498718,3
27,0.3,15,22,-83.21318614,-83.371635,-0.15844727,0.15844727,3
27,0.4,15,20,-78.74910727,-78.71566,0.033447266,0.033447266,3
27,0.4,15,26,-82.63548395,-82.52088,0.114601135,0.114601135,3
27,0.5,15,16,-69.86950622,-69.64881,0.2206955,0.2206955,3
27,0.5,15,18,-72.94825853,-73.23066,-0.28240204,0.28240204,3
27,0.6,15,18,-68.69552391,-68.77735,-0.08182526,0.08182526,3
27,0.7,15,24,-72.68671355,-72.682976,0.0037384033,0.0037384033,3
27,0.8,15,24,-69.40383147,-69.448814,-0.04498291,0.04498291,3
27,0.8,15,26,-71.46384929,-71.41099,0.052864075,0.052864075,3
27,0.8,15,28,-73.1651343,-73.16979,-0.00466156,0.00466156,3
27,0.9,15,26,-68.3270321,-68.26325,0.06378174,0.06378174,3
27,1.0,15,18,-49.56331911,-50.057087,-0.49376678,0.49376678,3
27,0.3,16,18,-81.76932461,-81.78916,-0.019836426,0.019836426,3
27,0.3,16,22,-84.4089413,-84.583916,-0.17497253,0.17497253,3
27,0.3,16,28,-87.33169532,-87.31087,0.020828247,0.020828247,3
27,0.4,16,20,-80.21840266,-80.40708,-0.18868256,0.18868256,3
27,0.6,16,20,-73.81165934,-74.28779,-0.47612762,0.47612762,3
27,0.6,16,24,-77.45121441,-77.57879,-0.1275711,0.1275711,3
27,0.7,16,26,-76.20863564,-76.26003,-0.05139923,0.05139923,3
27,0.8,16,20,-66.202502,-66.283745,-0.08124542,0.08124542,3
27,0.9,16,26,-70.684945,-70.52961,0.15533447,0.15533447,3
27,0.3,17,14,-79.06796164,-78.797325,0.2706375,0.2706375,3
27,0.3,17,18,-82.96093557,-83.177666,-0.21672821,0.21672821,3
27,0.3,17,20,-84.38085462,-84.49976,-0.11891174,0.11891174,3
27,0.3,17,22,-85.58509168,-85.4732,0.1118927,0.1118927,3
27,0.3,17,26,-87.61217869,-87.56189,0.05028534,0.05028534,3
27,0.4,17,26,-85.18447741,-85.07464,0.10984039,0.10984039,3
27,0.5,17,14,-70.38221327,-70.72965,-0.34744263,0.34744263,3
27,0.5,17,20,-78.59799465,-78.65278,-0.054786682,0.054786682,3
27,0.5,17,22,-80.18687567,-80.36922,-0.18234253,0.18234253,3
27,0.6,17,14,-65.39044245,-65.83213,-0.44168854,0.44168854,3
27,0.6,17,20,-75.56896949,-75.690445,-0.12147522,0.12147522,3
27,0.6,17,24,-78.96595759,-79.2741,-0.30814362,0.30814362,3
27,0.6,17,28,-81.3716224,-81.306076,0.06554413,0.06554413,3
27,0.7,17,24,-76.29342985,-76.42628,-0.13285065,0.13285065,3
27,0.7,17,26,-77.77776201,-77.962074,-0.18431091,0.18431091,3
27,0.8,17,28,-76.64669183,-76.6123,0.03439331,0.03439331,3
27,0.9,17,24,-70.6644985,-70.729164,-0.06466675,0.06466675,3
27,1.0,17,26,-69.93259556,-69.6802,0.25239563,0.25239563,3
27,0.3,18,22,-86.66811621,-86.40423,0.2638855,0.2638855,3
27,0.3,18,24,-87.69895757,-87.469765,0.22919464,0.22919464,3
27,0.5,18,18,-78.03573012,-77.858284,0.17744446,0.17744446,3
27,0.7,18,20,-74.08184713,-74.07955,0.0022964478,0.0022964478,3
27,0.8,18,22,-73.24039943,-73.30666,-0.06626129,0.06626129,3
27,1.0,18,16,-53.76789972,-53.75699,0.010910034,0.010910034,3
27,1.0,18,18,-59.18672132,-59.041763,0.1449585,0.1449585,3
27,0.3,19,28,-90.51472268,-90.465485,0.049240112,0.049240112,3
27,0.4,19,16,-80.33716653,-80.37871,-0.041542053,0.041542053,3
27,0.4,19,22,-85.16882267,-84.93899,0.22983551,0.22983551,3
27,0.4,19,24,-86.33570135,-86.11265,0.22305298,0.22305298,3
27,0.5,19,16,-77.13359255,-76.93628,0.1973114,0.1973114,3
27,0.6,19,20,-78.53658243,-78.48089,0.05569458,0.05569458,3
27,0.7,19,20,-75.64933487,-75.47476,0.1745758,0.1745758,3
27,0.7,19,22,-77.53950748,-77.6354,-0.09589386,0.09589386,3
27,0.9,19,18,-65.77901664,-65.48884,0.2901764,0.2901764,3
27,1.0,19,16,-56.62684343,-56.79229,-0.16544724,0.16544724,3
27,1.0,19,28,-75.12472109,-75.171974,-0.04725647,0.04725647,3
27,0.3,20,24,-89.66401778,-89.66692,-0.0029067993,0.0029067993,3
27,0.3,20,26,-90.59730294,-90.45076,0.14654541,0.14654541,3
27,0.3,20,28,-91.54094149,-91.24038,0.30056,0.30056,3
27,0.4,20,16,-81.53018252,-81.7081,-0.17791748,0.17791748,3
27,0.5,20,20,-82.33967193,-82.38361,-0.043945312,0.043945312,3
27,0.5,20,26,-86.12843428,-86.099236,0.029197693,0.029197693,3
27,0.5,20,28,-87.16416243,-87.32421,-0.16004944,0.16004944,3
27,0.6,20,16,-75.13344796,-74.87769,0.25575256,0.25575256,3
27,0.7,20,16,-71.56575433,-71.429375,0.13638306,0.13638306,3
27,0.7,20,22,-78.85913062,-79.061905,-0.20277405,0.20277405,3
27,0.7,20,28,-82.94204137,-82.71473,0.22731018,0.22731018,3
27,0.8,20,20,-74.22393809,-73.91156,0.31237793,0.31237793,3
27,0.8,20,22,-76.32930188,-76.29388,0.03542328,0.03542328,3
27,0.8,20,28,-80.81950968,-80.72767,0.09184265,0.09184265,3
27,1.0,20,22,-71.02483177,-70.618324,0.4065094,0.4065094,3
27,0.4,21,22,-87.10308924,-87.245125,-0.14203644,0.14203644,3
27,0.5,21,20,-83.32854181,-83.45098,-0.12243652,0.12243652,3
27,0.6,21,16,-76.53608695,-76.340904,0.1951828,0.1951828,3
27,0.6,21,18,-78.96618589,-79.03179,-0.06560516,0.06560516,3
27,0.7,21,16,-73.22853965,-72.90742,0.32112122,0.32112122,3
27,0.8,21,14,-64.73399364,-64.652336,0.08165741,0.08165741,3
27,0.8,21,24,-79.33216175,-79.44238,-0.11022186,0.11022186,3
27,0.9,21,18,-69.88762994,-69.646,0.24162292,0.24162292,3
27,1.0,21,18,-66.38608564,-66.5009,-0.11481476,0.11481476,3
31,0.4,14,26,-92.89906753,-92.99964,-0.10057068,0.10057068,3
31,0.5,14,16,-76.91335517,-76.86722,0.04613495,0.04613495,3
31,0.5,14,18,-80.70505299,-80.930305,-0.22525024,0.22525024,3
31,0.6,14,18,-75.6170012,-75.641815,-0.024810791,0.024810791,3
31,0.6,14,28,-88.17305696,-88.23814,-0.065078735,0.065078735,3
31,0.8,14,16,-58.28970379,-58.7634,-0.47369766,0.47369766,3
31,0.8,14,18,-64.54529246,-64.7985,-0.25320435,0.25320435,3
31,0.8,14,24,-76.64539545,-76.78022,-0.13482666,0.13482666,3
31,0.8,14,26,-79.35103026,-79.33722,0.013809204,0.013809204,3
31,0.8,14,28,-81.63661682,-81.543465,0.09315491,0.09315491,3
31,0.9,14,22,-68.69537974,-68.69326,0.0021209717,0.0021209717,3
31,0.9,14,26,-75.3886531,-75.542274,-0.15361786,0.15361786,3
31,1.0,14,14,-35.15589179,-35.910446,-0.75455475,0.75455475,3
31,0.3,15,22,-94.98661399,-94.86413,0.1224823,0.1224823,3
31,0.4,15,18,-87.77643542,-87.91633,-0.13989258,0.13989258,3
31,0.5,15,20,-86.08542072,-86.39242,-0.3069992,0.3069992,3
31,0.6,15,16,-74.18636653,-74.1114,0.07496643,0.07496643,3
31,0.6,15,18,-78.45419355,-78.49053,-0.036338806,0.036338806,3
31,0.8,15,18,-68.27950063,-68.2219,0.05760193,0.05760193,3
31,0.8,15,24,-79.70159296,-80.0282,-0.32660675,0.32660675,3
31,0.9,15,14,-47.49943638,-46.901848,0.5975876,0.5975876,3
31,0.9,15,16,-55.99218631,-55.96619,0.025997162,0.025997162,3
31,0.9,15,22,-72.08388473,-71.949356,0.13452911,0.13452911,3
31,1.0,15,16,-49.52638715,-48.812126,0.7142601,0.7142601,3
31,1.0,15,20,-62.90143934,-62.681854,0.21958542,0.21958542,3
31,1.0,15,24,-71.5124443,-71.31483,0.19761658,0.19761658,3
31,0.3,16,14,-88.27325396,-88.35523,-0.081977844,0.081977844,3
31,0.3,16,20,-94.94802061,-94.946266,0.0017547607,0.0017547607,3
31,0.6,16,24,-88.74725854,-88.735695,0.011566162,0.011566162,3
31,0.6,16,26,-90.38315142,-90.3246,0.058547974,0.058547974,3
31,0.6,16,28,-91.81001774,-91.914696,-0.10467529,0.10467529,3
31,0.7,16,20,-80.21169089,-80.37625,-0.16455841,0.16455841,3
31,0.7,16,28,-89.10361134,-88.93922,0.1643982,0.1643982,3
31,0.8,16,22,-79.37699444,-79.63981,-0.26281738,0.26281738,3
31,0.9,16,26,-81.3598796,-81.12745,0.2324295,0.2324295,3
31,0.3,17,16,-92.56823096,-92.59846,-0.030227661,0.030227661,3
31,0.4,17,22,-94.79109645,-94.80619,-0.015090942,0.015090942,3
31,0.5,17,24,-93.37100405,-93.47121,-0.10020447,0.10020447,3
31,0.6,17,28,-93.41674222,-93.38593,0.030807495,0.030807495,3
31,0.7,17,14,-68.86780535,-68.91811,-0.050308228,0.050308228,3
31,0.7,17,20,-82.69176174,-82.8764,-0.18463898,0.18463898,3
31,0.7,17,22,-85.44057626,-85.93241,-0.49183655,0.49183655,3
31,0.7,17,24,-87.58723604,-87.617195,-0.029960632,0.029960632,3
31,0.8,17,28,-88.22473983,-87.956085,0.26865387,0.26865387,3
31,0.9,17,20,-74.41378589,-74.197334,0.21645355,0.21645355,3
31,0.9,17,22,-78.09706293,-78.24178,-0.14472198,0.14472198,3
31,0.9,17,28,-85.54083756,-85.20301,0.3378296,0.3378296,3
31,1.0,17,28,-82.75929018,-82.338036,0.42125702,0.42125702,3
31,0.3,18,20,-97.50134624,-97.75536,-0.2540207,0.2540207,3
31,0.3,18,24,-100.1141532,-99.91627,0.1978836,0.1978836,3
31,0.3,18,28,-102.1637445,-102.27616,-0.11241913,0.11241913,3
31,0.4,18,18,-92.60933996,-92.46317,0.14616394,0.14616394,3
31,0.4,18,20,-94.52951579,-94.53443,-0.00491333,0.00491333,3
31,0.5,18,26,-96.13790612,-96.05222,0.08568573,0.08568573,3
31,0.7,18,22,-87.43378763,-87.41332,0.020462036,0.020462036,3
31,0.7,18,28,-92.4532365,-92.433586,0.01965332,0.01965332,3
31,0.8,18,16,-72.16922287,-72.53965,-0.37043,0.37043,3
31,0.8,18,28,-89.93528616,-89.93212,0.0031661987,0.0031661987,3
31,0.9,18,18,-72.53167512,-72.40147,0.13021088,0.13021088,3
31,1.0,18,14,-53.38343773,-53.974773,-0.5913353,0.5913353,3
31,1.0,18,20,-72.80642048,-72.49636,0.3100586,0.3100586,3
31,1.0,18,22,-76.94466078,-76.89449,0.0501709,0.0501709,3
31,1.0,18,28,-84.8036277,-84.497086,0.30654144,0.30654144,3
31,0.3,19,18,-97.04209159,-97.17048,-0.12838745,0.12838745,3
31,0.4,19,18,-93.94845379,-93.72932,0.2191391,0.2191391,3
31,0.4,19,20,-95.79680703,-95.93894,-0.14213562,0.14213562,3
31,0.5,19,18,-90.71527326,-90.444626,0.27064514,0.27064514,3
31,0.5,19,24,-96.09254346,-96.012276,0.08026886,0.08026886,3
31,0.5,19,26,-97.39070208,-97.22085,0.16985321,0.16985321,3
31,0.6,19,14,-79.57388161,-79.63618,-0.062294006,0.062294006,3
31,0.6,19,18,-87.31568801,-87.40679,-0.0911026,0.0911026,3
31,0.6,19,26,-94.93450664,-94.875755,0.058753967,0.058753967,3
31,0.7,19,18,-83.62385906,-83.73684,-0.1129837,0.1129837,3
31,0.7,19,20,-86.72664781,-86.64535,0.08129883,0.08129883,3
31,0.8,19,18,-79.61230406,-79.356186,0.25611877,0.25611877,3
31,0.9,19,22,-82.93019147,-83.09701,-0.16681671,0.16681671,3
31,1.0,19,16,-64.87118592,-64.57207,0.29911804,0.29911804,3
31,1.0,19,28,-86.61202139,-86.48469,0.1273346,0.1273346,3
31,0.3,20,26,-103.3348141,-103.357376,-0.02256012,0.02256012,3
31,0.3,20,28,-104.3671245,-104.5689,-0.2017746,0.2017746,3
31,0.4,20,26,-101.0110801,-100.84377,0.167305,0.167305,3
31,0.5,20,18,-92.10715754,-91.89905,0.208107,0.208107,3
31,0.5,20,24,-97.35578085,-97.20852,0.14726257,0.14726257,3
31,0.6,20,18,-88.89941163,-88.82833,0.07108307,0.07108307,3
31,0.8,20,14,-71.61183426,-71.24445,0.36737823,0.36737823,3
31,0.8,20,26,-91.43506268,-91.571175,-0.1361084,0.1361084,3
31,0.9,20,14,-66.15661782,-65.82632,0.33029938,0.33029938,3
31,0.9,20,16,-72.6667118,-72.75529,-0.08857727,0.08857727,3
31,0.9,20,22,-84.81811908,-84.626656,0.19146729,0.19146729,3
31,0.9,20,24,-87.08496245,-86.92957,0.15538788,0.15538788,3
31,1.0,20,16,-67.86042093,-67.55483,0.30558777,0.30558777,3
31,0.4,21,14,-91.60873077,-91.34388,0.26485443,0.26485443,3
31,0.4,21,22,-99.58799054,-99.567085,0.020904541,0.020904541,3
31,0.5,21,16,-90.98063621,-90.8227,0.1579361,0.1579361,3
31,0.5,21,22,-96.96727644,-97.196175,-0.2288971,0.2288971,3
31,0.6,21,18,-90.3827342,-90.31695,0.06578827,0.06578827,3
31,0.6,21,24,-96.13329965,-96.057045,0.0762558,0.0762558,3
31,0.7,21,24,-93.77818937,-93.77798,0.00021362305,0.00021362305,3
31,0.7,21,26,-95.17503962,-95.03994,0.13510132,0.13510132,3
31,0.8,21,14,-74.01924369,-73.75634,0.2629013,0.2629013,3
31,0.8,21,28,-94.32960567,-94.20464,0.12496185,0.12496185,3
31,0.9,21,24,-88.71055416,-88.62295,0.08760834,0.08760834,3
31,1.0,21,16,-70.53390361,-70.01711,0.5167923,0.5167923,3
35,0.3,14,26,-107.6737517,-107.66102,0.0127334595,0.0127334595,3
35,0.4,14,28,-105.7236808,-105.904686,-0.18100739,0.18100739,3
35,0.6,14,14,-73.49174485,-73.664024,-0.17227936,0.17227936,3
35,0.6,14,16,-79.89115032,-80.660416,-0.7692642,0.7692642,3
35,0.6,14,28,-99.30765704,-99.411446,-0.10379028,0.10379028,3
35,0.7,14,24,-90.76351798,-90.95926,-0.19573975,0.19573975,3
35,0.7,14,26,-93.51953751,-93.606186,-0.08664703,0.08664703,3
35,0.8,14,22,-82.57893173,-82.55411,0.02482605,0.02482605,3
35,0.9,14,14,-47.70224333,-48.397087,-0.6948433,0.6948433,3
35,0.9,14,20,-72.29668025,-72.00398,0.2926941,0.2926941,3
35,0.9,14,22,-77.35129518,-77.302956,0.048339844,0.048339844,3
35,1.0,14,14,-39.51212445,-40.852036,-1.3399124,1.3399124,3
35,0.3,15,16,-99.90193828,-99.89932,0.0026168823,0.0026168823,3
35,0.3,15,22,-106.5415076,-106.22205,0.31945038,0.31945038,3
35,0.4,15,22,-102.9691049,-102.84312,0.12599182,0.12599182,3
35,0.4,15,24,-104.7176453,-104.40122,0.3164215,0.3164215,3
35,0.4,15,26,-106.2191832,-105.995056,0.22412872,0.22412872,3
35,0.5,15,14,-84.20728408,-84.11663,0.090652466,0.090652466,3
35,0.5,15,22,-99.33064028,-99.25391,0.07673645,0.07673645,3
35,0.5,15,28,-104.658238,-104.54,0.11824036,0.11824036,3
35,0.6,15,16,-83.3147856,-83.564674,-0.24988556,0.24988556,3
35,0.6,15,28,-101.5026587,-101.40828,0.09437561,0.09437561,3
35,0.7,15,14,-69.8061262,-69.71441,0.09172058,0.09172058,3
35,0.7,15,22,-90.74601455,-90.57503,0.17098999,0.17098999,3
35,0.8,15,14,-61.84775055,-61.7688,0.07895279,0.07895279,3
35,0.8,15,24,-89.61943573,-89.48383,0.13560486,0.13560486,3
35,0.9,15,16,-63.14022692,-62.56584,0.5743866,0.5743866,3
35,0.9,15,18,-70.58995815,-70.49726,0.09269714,0.09269714,3
35,0.9,15,20,-76.55771292,-76.10322,0.4544983,0.4544983,3
35,0.9,15,28,-91.31006508,-91.36532,-0.055252075,0.055252075,3
35,1.0,15,20,-70.84374809,-70.49611,0.347641,0.347641,3
35,1.0,15,24,-80.63144124,-80.46923,0.16220856,0.16220856,3
35,0.3,16,16,-101.8827903,-102.24205,-0.35926056,0.35926056,3
35,0.3,16,28,-111.9547168,-111.95336,0.0013580322,0.0013580322,3
35,0.5,16,14,-87.1134054,-87.070244,0.043159485,0.043159485,3
35,0.5,16,18,-95.91300486,-95.83294,0.080062866,0.080062866,3
35,0.6,16,16,-86.40125621,-86.48315,-0.08189392,0.08189392,3
35,0.6,16,20,-94.72119445,-94.630745,0.09044647,0.09044647,3
35,0.6,16,22,-97.58604342,-98.0516,-0.46555328,0.46555328,3
35,0.7,16,26,-98.7119769,-98.54889,0.16308594,0.16308594,3
35,0.3,17,18,-106.0505172,-106.00495,0.045562744,0.045562744,3
35,0.3,17,20,-107.9638433,-107.9206,0.04324341,0.04324341,3
35,0.4,17,20,-104.5508218,-104.706955,-0.15613556,0.15613556,3
35,0.4,17,24,-108.1659973,-108.08704,0.078956604,0.078956604,3
35,0.5,17,24,-105.0006613,-104.96639,0.03427124,0.03427124,3
35,0.5,17,28,-107.9569584,-108.261406,-0.304451,0.304451,3
35,0.6,17,16,-89.25985642,-89.270454,-0.010597229,0.010597229,3
35,0.6,17,28,-105.217931,-105.11611,0.1018219,0.1018219,3
35,0.7,17,14,-77.39717057,-77.249275,0.14789581,0.14789581,3
35,0.7,17,24,-98.70185629,-98.791435,-0.08957672,0.08957672,3
35,0.7,17,28,-102.5068227,-102.04778,0.45903778,0.45903778,3
35,0.8,17,16,-77.94897891,-78.67712,-0.72813416,0.72813416,3
35,0.8,17,28,-99.6343443,-99.26008,0.37426758,0.37426758,3
35,0.9,17,20,-83.56645425,-83.58737,-0.0209198,0.0209198,3
35,1.0,17,24,-87.513727,-87.22373,0.2899933,0.2899933,3
35,0.3,18,18,-107.513299,-107.32494,0.18835449,0.18835449,3
35,0.3,18,20,-109.3489119,-109.31985,0.029067993,0.029067993,3
35,0.3,18,22,-110.9617937,-110.98685,-0.025054932,0.025054932,3
35,0.4,18,24,-109.4855233,-109.617424,-0.13189697,0.13189697,3
35,0.4,18,28,-112.0999022,-112.26762,-0.16771698,0.16771698,3
35,0.6,18,18,-95.99722456,-95.77674,0.22048187,0.22048187,3
35,0.6,18,22,-101.7130408,-101.6636,0.049446106,0.049446106,3
35,0.7,18,14,-80.5797464,-80.40728,0.1724701,0.1724701,3
35,0.7,18,18,-91.53436873,-91.16186,0.37251282,0.37251282,3
35,0.7,18,22,-98.28185167,-98.70562,-0.4237671,0.4237671,3
35,0.7,18,24,-100.6994133,-100.5363,0.16311646,0.16311646,3
35,0.8,18,20,-91.16633611,-90.90464,0.26169586,0.26169586,3
35,0.8,18,24,-97.48865575,-97.77421,-0.28555298,0.28555298,3
35,0.8,18,26,-99.66907939,-99.546974,0.12210846,0.12210846,3
35,0.9,18,18,-81.63963967,-81.7915,-0.15185547,0.15185547,3
35,0.9,18,22,-90.82999694,-90.73656,0.093437195,0.093437195,3
35,0.9,18,26,-96.65407698,-96.70284,-0.04876709,0.04876709,3
35,1.0,18,24,-90.44379561,-90.59417,-0.15037537,0.15037537,3
35,1.0,18,26,-93.43355807,-93.50219,-0.06863403,0.06863403,3
35,0.3,19,16,-106.6154732,-106.633255,-0.017784119,0.017784119,3
35,0.3,19,22,-112.1984105,-112.37292,-0.17450714,0.17450714,3
35,0.3,19,26,-114.8133099,-114.72578,0.08753204,0.08753204,3
35,0.4,19,28,-113.4203624,-113.42373,-0.003364563,0.003364563,3
35,0.5,19,16,-98.70830852,-98.830986,-0.122680664,0.122680664,3
35,0.6,19,24,-105.332645,-105.06238,0.27026367,0.27026367,3
35,0.7,19,14,-83.47333063,-83.23565,0.23767853,0.23767853,3
35,0.7,19,24,-102.4029392,-102.158516,0.24442291,0.24442291,3
35,0.8,19,18,-89.47030743,-89.099045,0.3712616,0.3712616,3
35,0.8,19,24,-99.64752049,-99.44705,0.20046997,0.20046997,3
35,0.8,19,26,-101.5360844,-101.30501,0.2310791,0.2310791,3
35,0.9,19,18,-84.66185624,-84.75718,-0.095321655,0.095321655,3
35,1.0,19,24,-93.13274908,-93.48937,-0.3566208,0.3566208,3
35,0.3,20,16,-107.9174067,-107.9753,-0.057899475,0.057899475,3
35,0.3,20,24,-114.7636736,-114.66061,0.10306549,0.10306549,3
35,0.4,20,18,-106.8344978,-106.58099,0.2535019,0.2535019,3
35,0.4,20,22,-110.6269714,-110.91088,-0.28391266,0.28391266,3
35,0.5,20,22,-107.8135569,-107.84578,-0.032218933,0.032218933,3
35,0.6,20,16,-96.32093817,-96.373,-0.05206299,0.05206299,3
35,0.6,20,24,-106.7628186,-106.68458,0.07823944,0.07823944,3
35,0.7,20,14,-86.17485049,-85.73075,0.44409943,0.44409943,3
35,0.8,20,22,-98.80607779,-98.94471,-0.13863373,0.13863373,3
35,0.9,20,16,-81.73304497,-81.741005,-0.0079574585,0.0079574585,3
35,0.3,21,18,-111.1831,-111.38098,-0.1978836,0.1978836,3
35,0.3,21,26,-117.0757743,-117.01852,0.057258606,0.057258606,3
35,0.4,21,20,-110.097819,-110.3572,-0.25938416,0.25938416,3
35,0.4,21,26,-114.5812123,-114.50494,0.07627869,0.07627869,3
35,0.4,21,28,-115.7718205,-115.71646,0.055358887,0.055358887,3
35,0.5,21,14,-98.32098266,-97.73202,0.58896637,0.58896637,3
35,0.5,21,16,-102.1652319,-101.92811,0.23712158,0.23712158,3
35,0.6,21,22,-106.2967332,-106.39747,-0.100738525,0.100738525,3
35,0.7,21,20,-101.0943393,-100.95989,0.13444519,0.13444519,3
35,0.7,21,26,-107.2326676,-107.392555,-0.15988922,0.15988922,3
35,0.8,21,20,-97.80794002,-98.11436,-0.30641937,0.30641937,3
35,0.9,21,18,-90.04535528,-90.09577,-0.05041504,0.05041504,3
35,1.0,21,14,-71.4313124,-71.4904,-0.05908966,0.05908966,3
35,1.0,21,16,-79.41155068,-78.8506,0.56095123,0.56095123,3
35,1.0,21,26,-99.62212442,-99.25712,0.3650055,0.3650055,3
39,0.3,14,26,-119.266803,-119.076546,0.19025421,0.19025421,3
39,0.4,14,18,-105.7504122,-105.65763,0.09278107,0.09278107,3
39,0.4,14,20,-109.0877551,-109.29737,-0.20961761,0.20961761,3
39,0.4,14,22,-111.6992595,-111.871086,-0.17182922,0.17182922,3
39,0.4,14,26,-115.7252684,-115.667915,0.05735016,0.05735016,3
39,0.5,14,28,-113.8987897,-113.97826,-0.07946777,0.07946777,3
39,0.6,14,16,-88.55259509,-88.84574,-0.29314423,0.29314423,3
39,0.6,14,22,-102.2734707,-102.181755,0.09171295,0.09171295,3
39,0.7,14,26,-103.7399532,-104.056335,-0.31638336,0.31638336,3
39,0.8,14,18,-80.63723162,-80.94343,-0.30619812,0.30619812,3
39,0.9,14,24,-90.52544741,-90.72639,-0.200943,0.200943,3
39,0.9,14,26,-94.45792448,-94.591515,-0.1335907,0.1335907,3
39,1.0,14,18,-65.74191456,-65.492134,0.24977875,0.24977875,3
39,0.3,15,20,-115.8591643,-115.93413,-0.07496643,0.07496643,3
39,0.3,15,22,-117.9014333,-117.57997,0.32146454,0.32146454,3
39,0.4,15,26,-117.763992,-117.41232,0.3516693,0.3516693,3
39,0.4,15,28,-119.2703845,-119.12952,0.14086914,0.14086914,3
39,0.5,15,20,-106.9259024,-106.852356,0.07354736,0.07354736,3
39,0.5,15,24,-112.3848378,-112.16267,0.22216797,0.22216797,3
39,0.6,15,20,-101.8541889,-101.58271,0.27147675,0.27147675,3
39,0.6,15,26,-110.7389969,-110.68957,0.049430847,0.049430847,3
39,0.8,15,14,-68.77208204,-68.66917,0.1029129,0.1029129,3
39,0.8,15,16,-77.98389565,-77.2546,0.7292938,0.7292938,3
39,0.8,15,20,-90.81455191,-90.48399,0.33055878,0.33055878,3
39,0.8,15,24,-99.44452564,-98.974495,0.47003174,0.47003174,3
39,1.0,15,26,-93.74491842,-93.593025,0.15189362,0.15189362,3
39,0.3,16,16,-112.4638328,-112.34541,0.11841583,0.11841583,3
39,0.3,16,20,-117.7645882,-117.81649,-0.05190277,0.05190277,3
39,0.4,16,22,-116.0961189,-116.08808,0.008033752,0.008033752,3
39,0.5,16,16,-101.6555258,-101.63563,0.019897461,0.019897461,3
39,0.5,16,18,-106.0338617,-105.94932,0.08454132,0.08454132,3
39,0.5,16,26,-116.4117692,-116.273186,0.13858032,0.13858032,3
39,0.6,16,14,-89.35473685,-89.104675,0.25006104,0.25006104,3
39,0.6,16,20,-104.8822152,-104.558784,0.32343292,0.32343292,3
39,0.6,16,22,-108.3338877,-108.174095,0.15979004,0.15979004,3
39,0.6,16,28,-114.9393313,-114.7349,0.20442963,0.20442963,3
39,0.7,16,14,-81.77739994,-81.77897,-0.0015716553,0.0015716553,3
39,0.8,16,16,-82.45852083,-81.869835,0.5886841,0.5886841,3
39,0.8,16,24,-102.8121133,-102.23855,0.5735626,0.5735626,3
39,0.9,16,26,-101.8612341,-101.51478,0.34645844,0.34645844,3
39,1.0,16,20,-83.4577504,-82.95136,0.5063858,0.5063858,3
39,1.0,16,26,-97.58922497,-97.13798,0.45124817,0.45124817,3
39,1.0,16,28,-100.9860275,-100.830025,0.15600586,0.15600586,3
39,0.4,17,20,-115.7482224,-116.21666,-0.4684372,0.4684372,3
39,0.5,17,22,-114.4390708,-114.77596,-0.33689117,0.33689117,3
39,0.6,17,18,-103.7103982,-103.35802,0.35237885,0.35237885,3
39,0.6,17,28,-116.8934405,-116.604836,0.28860474,0.28860474,3
39,0.7,17,16,-92.82735781,-92.86885,-0.041496277,0.041496277,3
39,0.7,17,18,-98.40703646,-98.16549,0.24154663,0.24154663,3
39,0.7,17,22,-106.6546082,-106.53269,0.121917725,0.121917725,3
39,0.9,17,26,-104.8838491,-104.920204,-0.036354065,0.036354065,3
39,0.9,17,28,-107.5611088,-107.46264,0.098472595,0.098472595,3
39,1.0,17,16,-72.51993997,-72.10705,0.4128952,0.4128952,3
39,0.3,18,20,-121.0161308,-120.88519,0.13093567,0.13093567,3
39,0.4,18,28,-124.2721031,-124.72202,-0.44992065,0.44992065,3
39,0.5,18,14,-101.8951955,-101.64001,0.255188,0.255188,3
39,0.5,18,16,-106.908576,-106.842964,0.06561279,0.06561279,3
39,0.5,18,24,-118.3083937,-118.182396,0.12599945,0.12599945,3
39,0.6,18,16,-101.6189476,-101.69771,-0.07875824,0.07875824,3
39,0.7,18,18,-101.3534912,-101.03335,0.32014465,0.32014465,3
39,0.8,18,20,-101.0720888,-100.68289,0.3891983,0.3891983,3
39,0.8,18,28,-112.9598451,-112.55019,0.4096527,0.4096527,3
39,0.9,18,20,-96.17723173,-96.00382,0.17340851,0.17340851,3
39,1.0,18,14,-66.89206134,-67.94486,-1.052803,1.052803,3
39,1.0,18,20,-91.21079248,-91.19061,0.020179749,0.020179749,3
39,0.3,19,18,-120.3507384,-120.16607,0.1846695,0.1846695,3
39,0.3,19,22,-124.2543779,-124.03835,0.2160263,0.2160263,3
39,0.3,19,26,-127.145966,-127.24055,-0.094581604,0.094581604,3
39,0.4,19,18,-116.6961365,-116.72161,-0.025474548,0.025474548,3
39,0.4,19,22,-121.1144106,-120.97324,0.14116669,0.14116669,3
39,0.4,19,26,-124.3595396,-124.657135,-0.29759216,0.29759216,3
39,0.5,19,18,-112.8143376,-112.8588,-0.04446411,0.04446411,3
39,0.6,19,20,-112.0467566,-112.198326,-0.15157318,0.15157318,3
39,0.7,19,18,-104.0867363,-103.52051,0.5662308,0.5662308,3
39,0.7,19,22,-111.3181814,-111.57731,-0.25912476,0.25912476,3
39,0.8,19,14,-85.79396711,-85.90333,-0.10935974,0.10935974,3
39,0.8,19,20,-103.9084148,-103.56422,0.34420013,0.34420013,3
39,0.8,19,28,-114.9360336,-114.55661,0.37942505,0.37942505,3
39,0.9,19,18,-93.93305898,-94.26763,-0.33457184,0.33457184,3
39,0.9,19,26,-109.8540129,-109.97773,-0.12371826,0.12371826,3
39,0.5,20,22,-119.6284225,-119.47585,0.15257263,0.15257263,3
39,0.5,20,24,-121.4938846,-121.31781,0.17607117,0.17607117,3
39,0.6,20,22,-116.4888736,-116.34252,0.14635468,0.14635468,3
39,0.6,20,28,-122.0452233,-121.845215,0.2000122,0.2000122,3
39,0.7,20,20,-110.3320524,-110.24287,0.08918762,0.08918762,3
39,0.8,20,28,-116.7403664,-116.29859,0.44177246,0.44177246,3
39,1.0,20,22,-102.2728245,-102.24645,0.026374817,0.026374817,3
39,0.3,21,14,-117.7269943,-117.007614,0.71938324,0.71938324,3
39,0.3,21,22,-126.7639818,-127.17376,-0.40977478,0.40977478,3
39,0.4,21,22,-123.9123575,-124.10866,-0.19629669,0.19629669,3
39,0.5,21,22,-121.0456075,-121.043564,0.0020446777,0.0020446777,3
39,0.5,21,26,-124.4482952,-124.50611,-0.05781555,0.05781555,3
39,0.6,21,18,-112.6474846,-112.77328,-0.12579346,0.12579346,3
39,0.6,21,28,-123.3462244,-123.17874,0.16748047,0.16748047,3
39,0.7,21,20,-112.2652095,-112.33878,-0.07357025,0.07357025,3
39,0.8,21,24,-114.3122035,-114.30523,0.0069732666,0.0069732666,3
39,0.9,21,24,-111.3102184,-111.38723,-0.07701111,0.07701111,3
39,0.9,21,26,-113.8217469,-113.35941,0.46233368,0.46233368,3
39,1.0,21,22,-104.8256021,-105.079414,-0.2538147,0.2538147,3
39,1.0,21,24,-108.2306629,-108.37061,-0.13995361,0.13995361,3
39,1.0,21,26,-111.1006384,-110.596176,0.5044632,0.5044632,3
11,0.3,14,18,-32.21724959,-32.32077,-0.10351944,0.10351944,4
11,0.4,14,20,-30.82912867,-30.798603,0.030525208,0.030525208,4
11,0.4,14,28,-32.94716441,-32.982296,-0.03513336,0.03513336,4
11,0.5,14,14,-25.55639943,-25.401714,0.15468597,0.15468597,4
11,0.5,14,28,-31.24294517,-31.133682,0.10926247,0.10926247,4
11,0.6,14,14,-22.82566957,-22.833776,-0.008106232,0.008106232,4
11,0.6,14,18,-26.093706,-25.914244,0.17946243,0.17946243,4
11,0.6,14,22,-27.86413647,-27.862999,0.0011367798,0.0011367798,4
11,0.6,14,26,-29.08142118,-28.803745,0.27767563,0.27767563,4
11,0.7,14,16,-22.39134081,-22.338009,0.053331375,0.053331375,4
11,0.9,14,20,-21.60673329,-21.547985,0.058748245,0.058748245,4
11,0.9,14,24,-23.92335275,-24.198772,-0.27541924,0.27541924,4
11,1.0,14,14,-13.01239222,-12.777374,0.23501778,0.23501778,4
11,1.0,14,18,-18.05762302,-17.95472,0.102903366,0.102903366,4
11,0.4,15,14,-28.99302682,-28.58376,0.40926743,0.40926743,4
11,0.4,15,28,-33.65977519,-33.303772,0.3560028,0.3560028,4
11,0.5,15,18,-28.96570013,-29.087982,-0.12228203,0.12228203,4
11,0.5,15,20,-29.72188924,-29.742958,-0.021068573,0.021068573,4
11,0.5,15,26,-31.493583,-31.180439,0.31314468,0.31314468,4
11,0.6,15,14,-24.08580786,-23.710396,0.375412,0.375412,4
11,0.6,15,22,-28.7226522,-28.519325,0.20332718,0.20332718,4
11,0.6,15,26,-29.88334505,-29.515423,0.36792183,0.36792183,4
11,0.7,15,14,-21.57875906,-21.410961,0.16779709,0.16779709,4
11,0.7,15,20,-26.28929585,-26.268738,0.020557404,0.020557404,4
11,0.8,15,14,-19.16684894,-19.114826,0.052022934,0.052022934,4
11,0.9,15,18,-21.30917394,-21.47313,-0.16395569,0.16395569,4
11,0.9,15,20,-22.89449226,-22.748217,0.14627647,0.14627647,4
11,1.0,15,16,-17.30156151,-17.223381,0.07818031,0.07818031,4
11,1.0,15,18,-19.45919037,-19.697351,-0.23816109,0.23816109,4
11,1.0,15,22,-22.54407655,-22.379383,0.16469383,0.16469383,4
11,1.0,15,26,-24.29400056,-24.507229,-0.21322823,0.21322823,4
11,0.3,16,20,-34.11605061,-33.83648,0.27957153,0.27957153,4
11,0.3,16,22,-34.65375145,-34.343952,0.3097992,0.3097992,4
11,0.4,16,24,-33.36891567,-33.01246,0.35645676,0.35645676,4
11,0.4,16,26,-33.8767116,-33.442696,0.43401718,0.43401718,4
11,0.4,16,28,-34.30810948,-33.872932,0.43517685,0.43517685,4
11,0.5,16,16,-28.74031565,-28.710533,0.029783249,0.029783249,4
11,0.6,16,14,-25.23345444,-24.915363,0.31809044,0.31809044,4
11,0.6,16,18,-27.90795037,-27.977749,-0.06979942,0.06979942,4
11,0.7,16,18,-26.13943885,-25.96417,0.17526817,0.17526817,4
11,0.7,16,20,-27.10624387,-27.24319,-0.13694763,0.13694763,4
11,0.7,16,22,-27.92159044,-27.849821,0.071769714,0.071769714,4
11,1.0,16,24,-24.49876511,-24.468674,0.03009224,0.03009224,4
11,0.3,17,16,-33.40469806,-33.132767,0.2719307,0.2719307,4
11,0.4,17,14,-30.37989369,-30.212685,0.16720963,0.16720963,4
11,0.5,17,18,-30.36678878,-30.288555,0.07823372,0.07823372,4
11,0.5,17,28,-33.4175424,-32.8678,0.54973984,0.54973984,4
11,0.6,17,22,-30.15250101,-29.858593,0.29390717,0.29390717,4
11,0.6,17,28,-31.88319835,-31.435467,0.44773102,0.44773102,4
11,0.7,17,14,-23.94647767,-23.541784,0.4046936,0.4046936,4
11,0.7,17,16,-25.74059793,-25.630838,0.109760284,0.109760284,4
11,0.7,17,24,-29.35279386,-29.216259,0.13653564,0.13653564,4
11,1.0,17,26,-25.96870543,-25.919586,0.04911995,0.04911995,4
11,0.3,18,14,-33.10329946,-32.664783,0.4385147,0.4385147,4
11,0.3,18,18,-34.60605948,-34.215343,0.39071655,0.39071655,4
11,0.3,18,24,-36.2728159,-36.0828,0.19001389,0.19001389,4
11,0.4,18,16,-31.97312545,-31.851078,0.122047424,0.122047424,4
11,0.4,18,24,-34.63254744,-34.229973,0.40257645,0.40257645,4
11,0.6,18,14,-27.00597464,-26.715223,0.2907505,0.2907505,4
11,0.6,18,26,-32.07483099,-31.615273,0.45955658,0.45955658,4
11,0.7,18,18,-27.6713103,-27.747501,-0.07619095,0.07619095,4
11,0.8,18,24,-28.61986452,-28.344902,0.27496338,0.27496338,4
11,0.9,18,14,-20.69152636,-20.531374,0.16015244,0.16015244,4
11,0.9,18,20,-25.63260191,-25.709295,-0.07669258,0.07669258,4
11,0.9,18,22,-26.54559925,-26.431679,0.11392021,0.11392021,4
11,1.0,18,14,-18.66660124,-18.756279,-0.08967781,0.08967781,4
11,0.3,19,14,-33.59430364,-32.973465,0.62083817,0.62083817,4
11,0.3,19,22,-36.34438419,-35.8835,0.4608841,0.4608841,4
11,0.3,19,24,-36.82282268,-36.4926,0.33022308,0.33022308,4
11,0.4,19,14,-31.56515455,-31.129175,0.43597984,0.43597984,4
11,0.4,19,16,-32.53724522,-32.15428,0.3829651,0.3829651,4
11,0.4,19,26,-35.69294678,-35.319042,0.37390518,0.37390518,4
11,0.6,19,16,-28.90647418,-28.711521,0.19495392,0.19495392,4
11,0.6,19,20,-30.75994675,-30.329262,0.43068504,0.43068504,4
11,0.6,19,22,-31.5038,-30.838448,0.66535187,0.66535187,4
11,0.7,19,14,-25.86046469,-25.514698,0.34576607,0.34576607,4
11,0.7,19,18,-28.33679662,-28.195568,0.14122772,0.14122772,4
11,0.7,19,24,-30.63845555,-30.228712,0.40974426,0.40974426,4
11,0.7,19,26,-31.25293178,-30.862282,0.3906498,0.3906498,4
11,0.8,19,18,-26.81223273,-26.928783,-0.116550446,0.116550446,4
11,0.8,19,28,-30.50689758,-30.15276,0.35413742,0.35413742,4
11,1.0,19,22,-25.96840436,-26.133675,-0.16526985,0.16526985,4
11,0.3,20,22,-36.80902361,-36.536705,0.2723198,0.2723198,4
11,0.4,20,18,-33.89020375,-33.459156,0.43104935,0.43104935,4
11,0.4,20,22,-35.22092283,-34.781353,0.43957138,0.43957138,4
11,0.4,20,28,-36.68160066,-36.5799,0.101703644,0.101703644,4
11,0.6,20,22,-32.08485332,-31.57748,0.5073738,0.5073738,4
11,0.6,20,24,-32.72522244,-32.16144,0.56378174,0.56378174,4
11,0.7,20,14,-26.56527777,-26.231491,0.333786,0.333786,4
11,0.7,20,20,-29.87008057,-29.56807,0.3020115,0.3020115,4
11,0.7,20,26,-31.90522048,-31.450377,0.45484352,0.45484352,4
11,0.7,20,28,-32.48846177,-32.088913,0.39954758,0.39954758,4
11,0.8,20,14,-24.77408325,-24.563152,0.21093178,0.21093178,4
11,0.8,20,16,-26.32260326,-26.042091,0.28051186,0.28051186,4
11,0.8,20,26,-30.55859641,-30.093292,0.46530342,0.46530342,4
11,1.0,20,16,-23.09714561,-22.792542,0.30460358,0.30460358,4
11,0.3,21,20,-36.74026417,-36.704327,0.035938263,0.035938263,4
11,0.5,21,16,-31.82048226,-31.027046,0.79343605,0.79343605,4
11,0.5,21,20,-33.47223649,-33.038654,0.4335823,0.4335823,4
11,0.5,21,28,-35.79644913,-35.64436,0.15208817,0.15208817,4
11,0.6,21,26,-33.88493419,-33.52951,0.35542297,0.35542297,4
11,0.7,21,20,-30.46375259,-29.91132,0.552433,0.552433,4
11,0.7,21,22,-31.24866459,-30.952969,0.29569626,0.29569626,4
11,0.7,21,26,-32.51214251,-32.19967,0.3124733,0.3124733,4
11,0.8,21,22,-29.89806665,-29.368015,0.5300522,0.5300522,4
11,0.9,21,14,-23.71588744,-23.672459,0.04342842,0.04342842,4
11,0.9,21,24,-29.33361961,-28.791039,0.54258156,0.54258156,4
11,1.0,21,20,-26.40223552,-26.444677,-0.04244232,0.04244232,4
15,0.3,14,28,-47.52008191,-47.070053,0.45002747,0.45002747,4
15,0.4,14,16,-40.5602515,-40.51386,0.04639435,0.04639435,4
15,0.4,14,28,-45.52749608,-45.12579,0.4017067,0.4017067,4
15,0.5,14,16,-37.58391255,-37.517075,0.06683731,0.06683731,4
15,0.5,14,24,-42.24301073,-42.25042,-0.007408142,0.007408142,4
15,0.6,14,26,-40.9863144,-40.88483,0.10148239,0.10148239,4
15,0.7,14,24,-38.17389621,-38.412724,-0.23882675,0.23882675,4
15,0.7,14,26,-39.06244636,-39.046288,0.016159058,0.016159058,4
15,0.9,14,18,-27.97827114,-27.664171,0.31410027,0.31410027,4
15,0.3,15,18,-45.13073789,-45.318523,-0.1877861,0.1877861,4
15,0.4,15,26,-45.81422854,-45.590313,0.2239151,0.2239151,4
15,0.5,15,20,-41.41585665,-41.35266,0.063194275,0.063194275,4
15,0.7,15,26,-40.16508431,-40.04394,0.12114334,0.12114334,4
15,0.8,15,24,-37.38735014,-37.59014,-0.2027893,0.2027893,4
15,0.9,15,16,-26.928128,-27.011377,-0.083250046,0.083250046,4
15,0.9,15,18,-29.82818278,-29.992142,-0.1639595,0.1639595,4
15,0.9,15,20,-32.14461705,-32.6731,-0.52848434,0.52848434,4
15,0.9,15,28,-37.48077839,-37.147,0.33377838,0.33377838,4
15,1.0,15,24,-33.50928226,-33.505478,0.0038032532,0.0038032532,4
15,0.3,16,14,-43.81964779,-43.741756,0.0778923,0.0778923,4
15,0.3,16,24,-48.07536129,-47.76452,0.31084442,0.31084442,4
15,0.3,16,26,-48.60076701,-48.19713,0.40363693,0.40363693,4
15,0.3,16,28,-49.12545941,-48.61834,0.5071182,0.5071182,4
15,0.4,16,22,-45.36864781,-45.441723,-0.07307434,0.07307434,4
15,0.4,16,28,-47.23076733,-46.722794,0.5079727,0.5079727,4
15,0.5,16,26,-44.7572823,-44.500015,0.257267,0.257267,4
15,0.7,16,16,-34.58976709,-34.74061,-0.15084076,0.15084076,4
15,0.7,16,20,-38.18515789,-37.88724,0.2979164,0.2979164,4
15,0.7,16,22,-39.35465692,-39.210663,0.14399338,0.14399338,4
15,0.9,16,14,-25.11668156,-25.359814,-0.24313164,0.24313164,4
15,1.0,16,16,-25.93528208,-26.263597,-0.32831573,0.32831573,4
15,0.3,17,20,-47.42152574,-47.207855,0.21366882,0.21366882,4
15,0.4,17,16,-43.32001518,-43.36902,-0.0490036,0.0490036,4
15,0.4,17,18,-44.45666334,-44.34948,0.107185364,0.107185364,4
15,0.4,17,22,-46.11935476,-46.030426,0.08892822,0.08892822,4
15,0.5,17,24,-45.00878511,-44.835587,0.1731987,0.1731987,4
15,0.5,17,26,-45.65435991,-45.271023,0.38333893,0.38333893,4
15,0.6,17,26,-43.83598321,-43.516224,0.31975937,0.31975937,4
15,0.7,17,14,-33.37725543,-33.516155,-0.13890076,0.13890076,4
15,0.7,17,22,-40.3100069,-40.12338,0.18662643,0.18662643,4
15,0.7,17,24,-41.28123692,-41.176273,0.10496521,0.10496521,4
15,0.8,17,24,-39.57519578,-39.623146,-0.047950745,0.047950745,4
15,1.0,17,26,-37.0934672,-37.213608,-0.120140076,0.120140076,4
15,1.0,17,28,-38.01230552,-37.804165,0.20814133,0.20814133,4
15,0.3,18,14,-45.33116256,-45.102512,0.22864914,0.22864914,4
15,0.5,18,24,-45.76627925,-45.29738,0.4689026,0.4689026,4
15,0.6,18,16,-39.56489032,-39.506824,0.05806732,0.05806732,4
15,0.6,18,28,-45.34869228,-44.964745,0.38394928,0.38394928,4
15,0.7,18,22,-41.21184034,-40.979683,0.23215866,0.23215866,4
15,0.7,18,24,-42.15515935,-42.021523,0.13363647,0.13363647,4
15,0.7,18,26,-42.99807248,-42.71398,0.28409195,0.28409195,4
15,0.7,18,28,-43.76968231,-43.406113,0.36357117,0.36357117,4
15,0.8,18,22,-39.44402089,-39.413063,0.030956268,0.030956268,4
15,0.9,18,18,-34.59183806,-34.48822,0.10361862,0.10361862,4
15,0.9,18,24,-38.77265706,-38.734177,0.03847885,0.03847885,4
15,0.3,19,20,-48.75953208,-48.217426,0.5421066,0.5421066,4
15,0.3,19,24,-50.1337739,-49.48963,0.64414215,0.64414215,4
15,0.3,19,28,-51.21907593,-50.770996,0.44807816,0.44807816,4
15,0.4,19,16,-44.84980318,-44.7792,0.07060242,0.07060242,4
15,0.4,19,24,-48.31985304,-47.698067,0.621788,0.621788,4
15,0.4,19,28,-49.46863752,-48.970284,0.49835587,0.49835587,4
15,0.5,19,28,-47.82464847,-47.25402,0.5706291,0.5706291,4
15,0.6,19,26,-45.43113062,-44.92575,0.5053787,0.5053787,4
15,0.7,19,20,-41.06943576,-40.90429,0.16514587,0.16514587,4
15,0.7,19,24,-42.99877435,-42.678787,0.31998825,0.31998825,4
15,0.8,19,14,-33.23559013,-33.244484,-0.008892059,0.008892059,4
15,0.8,19,22,-40.3453202,-40.27239,0.0729332,0.0729332,4
15,0.9,19,14,-30.36148454,-30.4497,-0.088214874,0.088214874,4
15,0.3,20,20,-49.40506925,-48.826786,0.5782814,0.5782814,4
15,0.5,20,16,-43.38019593,-43.231575,0.1486206,0.1486206,4
15,0.6,20,20,-43.69607296,-43.47051,0.22556305,0.22556305,4
15,0.7,20,22,-42.90136501,-42.68512,0.21624374,0.21624374,4
15,0.8,20,14,-34.60265728,-34.552246,0.050411224,0.050411224,4
15,0.8,20,16,-37.09506065,-36.95849,0.13657379,0.13657379,4
15,0.8,20,24,-42.15634779,-41.718758,0.43759155,0.43759155,4
15,0.8,20,28,-43.77199105,-43.098576,0.67341614,0.67341614,4
15,0.9,20,18,-36.81794939,-36.419052,0.39889908,0.39889908,4
15,0.9,20,20,-38.28526985,-37.966827,0.3184433,0.3184433,4
15,1.0,20,16,-32.48084485,-31.822258,0.6585884,0.6585884,4
15,1.0,20,26,-39.96972694,-39.3762,0.59352493,0.59352493,4
15,1.0,20,28,-40.80259539,-40.139675,0.6629219,0.6629219,4
15,0.3,21,14,-47.15460405,-46.45293,0.7016754,0.7016754,4
15,0.3,21,20,-49.99231448,-49.316544,0.6757698,0.6757698,4
15,0.4,21,28,-50.82450064,-50.277367,0.5471344,0.5471344,4
15,0.5,21,14,-42.68419205,-42.286156,0.39803696,0.39803696,4
15,0.5,21,18,-45.27891853,-44.633972,0.64494705,0.64494705,4
15,0.5,21,20,-46.23585656,-45.638977,0.59687805,0.59687805,4
15,0.6,21,24,-46.18397112,-45.5823,0.6016731,0.6016731,4
15,0.7,21,16,-40.02749497,-39.530052,0.49744415,0.49744415,4
15,0.8,21,14,-35.81718041,-35.623962,0.19321823,0.19321823,4
15,0.8,21,26,-43.80788214,-43.15437,0.65351105,0.65351105,4
15,0.9,21,16,-35.95017253,-35.57118,0.378994,0.378994,4
15,0.9,21,18,-37.7575966,-37.231205,0.5263901,0.5263901,4
15,0.9,21,22,-40.3247682,-40.03886,0.28590775,0.28590775,4
15,1.0,21,20,-37.50422632,-36.91561,0.5886154,0.5886154,4
19,0.3,14,22,-58.02249551,-58.12908,-0.10658646,0.10658646,4
19,0.4,14,22,-55.50589303,-55.75758,-0.2516861,0.2516861,4
19,0.4,14,24,-56.35992216,-56.586063,-0.22614288,0.22614288,4
19,0.4,14,26,-57.19066064,-57.293533,-0.10287094,0.10287094,4
19,0.6,14,20,-48.73508887,-48.82714,-0.09205246,0.09205246,4
19,0.8,14,28,-49.2231952,-49.489174,-0.26597977,0.26597977,4
19,0.9,14,14,-26.28876826,-25.994478,0.29429054,0.29429054,4
19,0.9,14,16,-31.5188834,-31.76925,-0.25036812,0.25036812,4
19,0.9,14,28,-47.02359736,-47.348755,-0.32515717,0.32515717,4
19,1.0,14,14,-22.0251837,-22.483303,-0.45811844,0.45811844,4
19,1.0,14,26,-43.05221784,-43.365982,-0.31376266,0.31376266,4
19,0.3,15,22,-59.07047276,-58.91842,0.15205383,0.15205383,4
19,0.4,15,14,-50.7701631,-50.598343,0.1718216,0.1718216,4
19,0.4,15,16,-52.82681061,-52.77205,0.05475998,0.05475998,4
19,0.4,15,20,-55.58900459,-55.489212,0.09979248,0.09979248,4
19,0.5,15,18,-51.53854351,-51.452156,0.086387634,0.086387634,4
19,0.6,15,28,-54.73161289,-54.513172,0.21844101,0.21844101,4
19,0.7,15,24,-50.61295522,-50.498486,0.114471436,0.114471436,4
19,0.8,15,14,-33.69152771,-33.984333,-0.29280472,0.29280472,4
19,0.9,15,24,-45.81888881,-45.700733,0.11815643,0.11815643,4
19,0.3,16,20,-59.10007155,-58.959755,0.14031601,0.14031601,4
19,0.3,16,28,-62.03372603,-61.58757,0.44615555,0.44615555,4
19,0.4,16,14,-52.14629214,-52.11592,0.03037262,0.03037262,4
19,0.5,16,24,-56.34418794,-56.064133,0.280056,0.280056,4
19,0.5,16,26,-57.11827184,-56.87906,0.23921204,0.23921204,4
19,0.7,16,20,-49.12161585,-48.874783,0.2468338,0.2468338,4
19,0.8,16,20,-46.36754604,-46.420776,-0.053230286,0.053230286,4
19,0.9,16,16,-36.85113603,-36.493637,0.35749817,0.35749817,4
19,0.9,16,18,-40.49862449,-40.692173,-0.19355011,0.19355011,4
19,1.0,16,24,-45.17491022,-45.04132,0.1335907,0.1335907,4
19,0.3,17,20,-59.94560828,-59.655533,0.2900772,0.2900772,4
19,0.3,17,28,-62.90128808,-62.37766,0.52362823,0.52362823,4
19,0.4,17,24,-59.4718731,-59.269703,0.20217133,0.20217133,4
19,0.5,17,14,-50.01676923,-50.007465,0.009304047,0.009304047,4
19,0.6,17,14,-46.34855068,-46.33361,0.0149383545,0.0149383545,4
19,0.6,17,20,-52.8569099,-52.5206,0.33631134,0.33631134,4
19,0.6,17,22,-54.0748922,-53.934803,0.14009094,0.14009094,4
19,0.6,17,24,-55.22691074,-54.889313,0.3375969,0.3375969,4
19,0.6,17,26,-56.11103159,-55.78194,0.32909012,0.32909012,4
19,0.8,17,14,-38.5548534,-38.525917,0.028934479,0.028934479,4
19,0.8,17,16,-42.51862777,-42.414856,0.10377121,0.10377121,4
19,0.8,17,18,-45.64813889,-45.73108,-0.08293915,0.08293915,4
19,0.8,17,22,-49.64322232,-49.274857,0.36836624,0.36836624,4
19,0.8,17,28,-53.07833961,-52.979607,0.098731995,0.098731995,4
19,0.9,17,24,-48.92163717,-48.734997,0.1866417,0.1866417,4
19,1.0,17,16,-35.53345333,-35.385452,0.14800262,0.14800262,4
19,0.3,18,20,-60.76056649,-60.45197,0.30859756,0.30859756,4
19,0.3,18,22,-61.62228642,-61.331482,0.29080582,0.29080582,4
19,0.3,18,28,-63.74160124,-63.236908,0.5046921,0.5046921,4
19,0.4,18,16,-56.10405005,-55.844707,0.2593422,0.2593422,4
19,0.4,18,20,-58.4940464,-58.23027,0.26377487,0.26377487,4
19,0.6,18,16,-50.62482275,-50.49102,0.13380432,0.13380432,4
19,0.6,18,26,-57.1299142,-56.84349,0.28642273,0.28642273,4
19,0.7,18,22,-52.99931031,-52.654068,0.34524155,0.34524155,4
19,0.7,18,26,-55.15795622,-54.940495,0.21746063,0.21746063,4
19,0.9,18,14,-36.73707994,-37.113945,-0.3768654,0.3768654,4
19,0.9,18,22,-48.81343363,-48.37535,0.43808365,0.43808365,4
19,0.9,18,24,-50.15342603,-49.90429,0.24913788,0.24913788,4
19,0.9,18,26,-51.32617287,-51.281853,0.044319153,0.044319153,4
19,1.0,18,14,-32.78251961,-33.19169,-0.40916824,0.40916824,4
19,1.0,18,26,-49.46346775,-49.58111,-0.11764145,0.11764145,4
19,0.3,19,26,-63.88519621,-63.30008,0.58511734,0.58511734,4
19,0.4,19,18,-58.20122662,-58.111225,0.09000015,0.09000015,4
19,0.5,19,26,-59.99605594,-59.609486,0.38656998,0.38656998,4
19,0.6,19,14,-49.37904838,-49.330215,0.04883194,0.04883194,4
19,0.6,19,16,-51.76861443,-51.581154,0.18746185,0.18746185,4
19,0.6,19,18,-53.50228806,-53.193733,0.3085556,0.3085556,4
19,0.6,19,26,-58.06961784,-57.839146,0.23047256,0.23047256,4
19,0.7,19,20,-52.77796437,-52.37342,0.40454483,0.40454483,4
19,0.8,19,18,-48.67147503,-48.540703,0.13077164,0.13077164,4
19,0.9,19,18,-46.02591657,-45.964256,0.061660767,0.061660767,4
19,1.0,19,28,-51.72137942,-51.842327,-0.12094879,0.12094879,4
19,0.3,20,14,-58.82868437,-58.39559,0.43309402,0.43309402,4
19,0.3,20,18,-61.27962564,-60.93742,0.34220505,0.34220505,4
19,0.5,20,20,-57.97416405,-57.7966,0.17756271,0.17756271,4
19,0.6,20,28,-59.85531391,-59.31846,0.5368538,0.5368538,4
19,0.7,20,20,-53.77532628,-53.47601,0.2993164,0.2993164,4
19,1.0,20,16,-41.49209426,-41.574974,-0.08287811,0.08287811,4
19,1.0,20,22,-49.15481038,-49.07525,0.07956314,0.07956314,4
19,1.0,20,24,-50.56736276,-50.574326,-0.0069618225,0.0069618225,4
19,0.3,21,18,-61.96997784,-61.339165,0.6308136,0.6308136,4
19,0.4,21,20,-60.88851466,-60.397533,0.49098206,0.49098206,4
19,0.5,21,14,-54.35825504,-54.17636,0.1818924,0.1818924,4
19,0.5,21,18,-57.59429549,-57.358337,0.2359581,0.2359581,4
19,0.5,21,22,-59.92474071,-59.56891,0.35583115,0.35583115,4
19,0.6,21,16,-53.80482248,-53.501152,0.30366898,0.30366898,4
19,0.6,21,22,-57.96260397,-57.72869,0.23391342,0.23391342,4
19,0.7,21,18,-53.24894727,-52.79592,0.45302582,0.45302582,4
19,0.8,21,16,-48.85486149,-48.523705,0.33115768,0.33115768,4
19,0.8,21,18,-50.99283456,-50.690014,0.3028221,0.3028221,4
19,0.8,21,26,-56.23015171,-55.941826,0.28832626,0.28832626,4
19,0.9,21,16,-46.14793285,-45.7377,0.41023254,0.41023254,4
19,0.9,21,20,-50.56859996,-50.34626,0.22233963,0.22233963,4
23,0.5,14,14,-54.16968044,-54.383385,-0.21370316,0.21370316,4
23,0.5,14,18,-60.53567659,-60.37709,0.1585846,0.1585846,4
23,0.6,14,14,-48.93906979,-48.949028,-0.00995636,0.00995636,4
23,0.6,14,16,-53.15052022,-53.08812,0.062400818,0.062400818,4
23,0.6,14,18,-56.51852352,-56.44255,0.07597351,0.07597351,4
23,0.6,14,28,-65.22333579,-65.32886,-0.105522156,0.105522156,4
23,0.7,14,26,-61.51195002,-61.68821,-0.17625809,0.17625809,4
23,0.8,14,16,-43.37438705,-43.77237,-0.39798355,0.39798355,4
23,0.8,14,20,-51.46233954,-51.50518,-0.04283905,0.04283905,4
23,0.8,14,26,-58.72557091,-58.58458,0.14099121,0.14099121,4
23,0.9,14,14,-31.69933582,-31.74589,-0.046554565,0.046554565,4
23,1.0,14,20,-43.494952,-43.77115,-0.27619553,0.27619553,4
23,1.0,14,24,-50.10347581,-50.011093,0.09238434,0.09238434,4
23,0.3,15,18,-68.90400888,-68.76856,0.13544464,0.13544464,4
23,0.3,15,22,-71.23365254,-71.264496,-0.030845642,0.030845642,4
23,0.3,15,26,-72.94833347,-72.773964,0.17436981,0.17436981,4
23,0.6,15,24,-64.40477209,-64.42982,-0.025047302,0.025047302,4
23,0.7,15,16,-51.11970509,-50.67481,0.4448967,0.4448967,4
23,0.7,15,20,-57.72114555,-57.923187,-0.20204163,0.20204163,4
23,0.7,15,24,-61.73939353,-61.837906,-0.09851074,0.09851074,4
23,0.8,15,20,-54.02704924,-54.292213,-0.26516342,0.26516342,4
23,0.8,15,24,-58.91921383,-58.900238,0.018974304,0.018974304,4
23,0.9,15,18,-46.56117625,-46.418533,0.14264297,0.14264297,4
23,0.9,15,22,-53.37963393,-53.55677,-0.17713547,0.17713547,4
23,1.0,15,18,-42.22526506,-42.51557,-0.2903061,0.2903061,4
23,1.0,15,26,-55.19388547,-55.092625,0.10126114,0.10126114,4
23,0.3,16,14,-66.7182773,-66.34954,0.36873627,0.36873627,4
23,0.3,16,20,-71.26495341,-71.14475,0.12020111,0.12020111,4
23,0.3,16,28,-74.77230182,-74.60903,0.16326904,0.16326904,4
23,0.4,16,20,-68.54303767,-68.201706,0.34133148,0.34133148,4
23,0.4,16,22,-69.72494785,-69.57162,0.15332794,0.15332794,4
23,0.6,16,22,-64.49645099,-64.48053,0.015922546,0.015922546,4
23,0.7,16,16,-53.47843934,-53.02518,0.4532585,0.4532585,4
23,0.7,16,20,-59.74416073,-60.2005,-0.4563408,0.4563408,4
23,0.8,16,18,-53.16699908,-53.175915,-0.0089149475,0.0089149475,4
23,0.9,16,26,-59.84256622,-59.761536,0.0810318,0.0810318,4
23,1.0,16,16,-40.01528553,-40.36614,-0.35085297,0.35085297,4
23,1.0,16,18,-45.29568237,-45.007065,0.28861618,0.28861618,4
23,1.0,16,20,-49.20891925,-49.42202,-0.21310043,0.21310043,4
23,0.3,17,20,-72.30088803,-72.022316,0.27857208,0.27857208,4
23,0.3,17,24,-74.21613433,-73.952484,0.263649,0.263649,4
23,0.4,17,14,-64.29721716,-64.21958,0.07763672,0.07763672,4
23,0.4,17,16,-66.56791656,-66.51859,0.049324036,0.049324036,4
23,0.4,17,20,-69.67281524,-69.22369,0.4491272,0.4491272,4
23,0.5,17,16,-63.25656664,-63.283665,-0.02709961,0.02709961,4
23,0.5,17,22,-68.30796648,-68.105354,0.20261383,0.20261383,4
23,0.5,17,28,-71.4206062,-70.88678,0.53382874,0.53382874,4
23,0.7,17,14,-51.41124279,-51.15682,0.25442505,0.25442505,4
23,0.7,17,20,-61.46197638,-61.68347,-0.22149658,0.22149658,4
23,0.7,17,28,-67.07855143,-66.81898,0.2595749,0.2595749,4
23,0.8,17,14,-46.67869847,-46.785084,-0.10638428,0.10638428,4
23,0.8,17,24,-62.35305677,-62.18486,0.16819763,0.16819763,4
23,0.9,17,24,-59.88529214,-59.789505,0.09578705,0.09578705,4
23,1.0,17,22,-54.84145486,-54.7115,0.12995529,0.12995529,4
23,1.0,17,26,-59.14534686,-59.05182,0.09352875,0.09352875,4
23,0.3,18,16,-70.65914643,-70.47642,0.18273163,0.18273163,4
23,0.3,18,28,-76.69566814,-76.48358,0.21208954,0.21208954,4
23,0.4,18,28,-74.61731644,-74.489334,0.1279831,0.1279831,4
23,0.5,18,22,-69.47827027,-69.1786,0.299675,0.299675,4
23,0.6,18,14,-57.94247957,-57.70685,0.23563004,0.23563004,4
23,0.6,18,16,-61.36059501,-61.40064,-0.040042877,0.040042877,4
23,0.6,18,26,-69.40917082,-68.98702,0.42214966,0.42214966,4
23,0.7,18,18,-60.80365992,-60.82943,-0.02576828,0.02576828,4
23,0.7,18,26,-67.22248257,-67.00583,0.21665192,0.21665192,4
23,0.8,18,24,-63.73540924,-63.44049,0.29491806,0.29491806,4
23,0.9,18,28,-64.19063033,-64.08611,0.104515076,0.104515076,4
23,1.0,18,16,-45.82556551,-45.616077,0.20948792,0.20948792,4
23,1.0,18,24,-59.06747071,-58.989845,0.077625275,0.077625275,4
23,0.4,19,24,-73.8083793,-73.472435,0.33594513,0.33594513,4
23,0.4,19,28,-75.56624652,-75.26129,0.30495453,0.30495453,4
23,0.5,19,16,-65.88156008,-65.684105,0.19745636,0.19745636,4
23,0.5,19,22,-70.53615089,-70.07798,0.45816803,0.45816803,4
23,0.6,19,14,-59.70436714,-59.40638,0.2979889,0.2979889,4
23,0.6,19,28,-71.56975541,-71.02017,0.54958344,0.54958344,4
23,0.7,19,22,-65.84841786,-65.51281,0.33560944,0.33560944,4
23,0.7,19,26,-68.38870478,-68.041306,0.34739685,0.34739685,4
23,0.8,19,18,-59.3056261,-59.101063,0.20456314,0.20456314,4
23,0.9,19,14,-47.0738047,-47.32899,-0.255188,0.255188,4
23,1.0,19,16,-48.28997405,-48.031303,0.2586708,0.2586708,4
23,0.3,20,14,-70.77760135,-70.85316,-0.075553894,0.075553894,4
23,0.4,20,18,-71.29157706,-71.06904,0.22254181,0.22254181,4
23,0.4,20,20,-72.57963339,-72.387375,0.19226074,0.19226074,4
23,0.5,20,18,-68.74395865,-68.31883,0.42512512,0.42512512,4
23,0.5,20,20,-70.2889132,-69.96107,0.3278427,0.3278427,4
23,0.6,20,24,-70.47722272,-69.94086,0.5363693,0.5363693,4
23,0.7,20,22,-67.03364004,-66.73077,0.3028717,0.3028717,4
23,0.7,20,28,-70.59697944,-70.17593,0.42105103,0.42105103,4
23,0.8,20,14,-53.40352118,-53.546646,-0.14312363,0.14312363,4
23,0.8,20,18,-60.89271942,-60.41921,0.47351074,0.47351074,4
23,0.9,20,20,-60.49513525,-60.372673,0.12246323,0.12246323,4
23,0.9,20,26,-65.42509676,-65.21429,0.2108078,0.2108078,4
23,1.0,20,22,-60.13395623,-60.094193,0.039764404,0.039764404,4
23,0.3,21,24,-77.69703198,-77.15323,0.54380035,0.54380035,4
23,0.3,21,26,-78.51448833,-77.81502,0.6994705,0.6994705,4
23,0.4,21,14,-68.76099425,-68.84754,-0.08654785,0.08654785,4
23,0.5,21,22,-72.53419557,-72.046165,0.48802948,0.48802948,4
23,0.6,21,14,-62.59502666,-62.51121,0.08381653,0.08381653,4
23,0.6,21,16,-65.28066563,-65.01127,0.26939392,0.26939392,4
23,0.6,21,18,-67.31434775,-66.75579,0.5585556,0.5585556,4
23,0.6,21,26,-72.49750039,-72.0492,0.4482956,0.4482956,4
23,0.7,21,26,-70.51680527,-70.13381,0.3829956,0.3829956,4
23,0.7,21,28,-71.55759034,-71.296646,0.26094055,0.26094055,4
23,0.9,21,18,-59.48745937,-59.124725,0.36273575,0.36273575,4
23,0.9,21,20,-61.90640742,-61.553528,0.35287857,0.35287857,4
23,1.0,21,26,-64.67683715,-64.523674,0.1531601,0.1531601,4
27,0.3,14,18,-78.89358982,-78.92417,-0.030578613,0.030578613,4
27,0.3,14,24,-83.00608536,-82.90706,0.09902954,0.09902954,4
27,0.3,14,26,-83.96721444,-83.87493,0.092285156,0.092285156,4
27,0.3,14,28,-84.8572706,-84.73579,0.12148285,0.12148285,4
27,0.4,14,16,-72.29738688,-72.323524,-0.026138306,0.026138306,4
27,0.5,14,18,-70.75517275,-70.7972,-0.042030334,0.042030334,4
27,0.5,14,22,-75.36297844,-75.431816,-0.06884003,0.06884003,4
27,0.5,14,24,-77.06398529,-76.874535,0.18945312,0.18945312,4
27,0.8,14,22,-63.89346449,-63.961006,-0.06754303,0.06754303,4
27,1.0,14,20,-51.09356538,-51.909092,-0.81552505,0.81552505,4
27,1.0,14,22,-55.57906267,-55.826187,-0.24712372,0.24712372,4
27,1.0,14,28,-64.69799239,-64.69201,0.0059814453,0.0059814453,4
27,0.3,15,16,-78.5090284,-78.30175,0.20727539,0.20727539,4
27,0.4,15,14,-71.2043731,-71.07886,0.1255188,0.1255188,4
27,0.4,15,16,-74.38045396,-74.3668,0.013656616,0.013656616,4
27,0.4,15,18,-76.8489686,-76.77773,0.07123566,0.07123566,4
27,0.4,15,24,-81.50346112,-81.329384,0.1740799,0.1740799,4
27,0.5,15,22,-77.17258722,-77.05346,0.119125366,0.119125366,4
27,0.6,15,14,-60.27191454,-60.392883,-0.120967865,0.120967865,4
27,0.6,15,24,-75.74089941,-75.774864,-0.033966064,0.033966064,4
27,0.7,15,22,-70.49932597,-70.79141,-0.29208374,0.29208374,4
27,0.7,15,26,-74.41950322,-74.50997,-0.09046936,0.09046936,4
27,0.8,15,14,-47.90597911,-47.777782,0.12819672,0.12819672,4
27,0.9,15,14,-41.46746807,-41.564484,-0.09701538,0.09701538,4
27,0.9,15,20,-59.13357359,-59.64501,-0.51143646,0.51143646,4
27,1.0,15,14,-35.14112293,-36.271652,-1.1305275,1.1305275,4
27,1.0,15,16,-43.18706763,-43.89438,-0.7073097,0.7073097,4
27,1.0,15,20,-54.78256098,-55.40943,-0.6268692,0.6268692,4
27,1.0,15,22,-58.82401168,-58.86174,-0.037727356,0.037727356,4
27,0.4,16,16,-76.17882126,-76.00826,0.17055511,0.17055511,4
27,0.4,16,18,-78.48605404,-78.22351,0.26254272,0.26254272,4
27,0.4,16,28,-84.88299607,-84.465355,0.4176407,0.4176407,4
27,0.5,16,20,-77.09015688,-77.007835,0.08232117,0.08232117,4
27,0.5,16,22,-78.76544162,-78.57862,0.18682098,0.18682098,4
27,0.5,16,26,-81.39204278,-81.22959,0.1624527,0.1624527,4
27,0.6,16,28,-79.97638364,-79.633,0.3433838,0.3433838,4
27,0.7,16,20,-70.17676372,-70.349594,-0.17282867,0.17282867,4
27,0.7,16,28,-77.52538021,-77.39579,0.1295929,0.1295929,4
27,0.8,16,14,-51.47029211,-51.616005,-0.1457138,0.1457138,4
27,0.8,16,28,-75.00514027,-74.976425,0.028717041,0.028717041,4
27,1.0,16,14,-39.25983423,-39.918556,-0.6587219,0.6587219,4
27,1.0,16,28,-69.82132043,-69.47805,0.34326935,0.34326935,4
27,0.3,17,16,-81.20416251,-81.09802,0.10614014,0.10614014,4
27,0.3,17,28,-88.47354922,-88.17382,0.2997284,0.2997284,4
27,0.4,17,18,-79.82575762,-79.76989,0.055870056,0.055870056,4
27,0.6,17,26,-80.2495273,-80.05059,0.19893646,0.19893646,4
27,0.7,17,22,-74.47880358,-74.7644,-0.28559113,0.28559113,4
27,0.8,17,18,-65.0562472,-65.03198,0.024261475,0.024261475,4
27,0.8,17,20,-68.66210338,-68.85248,-0.19037628,0.19037628,4
27,0.9,17,16,-55.67358855,-55.14926,0.5243263,0.5243263,4
27,0.9,17,18,-60.72444558,-60.2782,0.4462471,0.4462471,4
27,0.9,17,22,-68.07980686,-68.147606,-0.06780243,0.06780243,4
27,0.9,17,26,-72.63882482,-72.65476,-0.015937805,0.015937805,4
27,0.3,18,16,-82.3531648,-82.44545,-0.092285156,0.092285156,4
27,0.3,18,18,-84.01986997,-83.91703,0.10283661,0.10283661,4
27,0.4,18,18,-81.08738353,-80.92303,0.16436005,0.16436005,4
27,0.4,18,28,-87.23143811,-86.93235,0.29908752,0.29908752,4
27,0.7,18,18,-71.31146118,-71.74068,-0.42921448,0.42921448,4
27,0.7,18,26,-79.21276864,-78.93218,0.28058624,0.28058624,4
27,0.7,18,28,-80.41927886,-80.06547,0.35381317,0.35381317,4
27,0.8,18,18,-67.46246371,-67.54194,-0.0794754,0.0794754,4
27,0.8,18,24,-75.28318665,-74.98935,0.2938385,0.2938385,4
27,0.8,18,26,-76.80722328,-76.523186,0.28403473,0.28403473,4
27,0.8,18,28,-78.14161102,-77.97318,0.16842651,0.16842651,4
27,0.9,18,18,-63.35996398,-63.00235,0.3576126,0.3576126,4
27,0.9,18,20,-67.26533118,-67.42506,-0.159729,0.159729,4
27,0.9,18,26,-74.32478729,-74.199524,0.12526703,0.12526703,4
27,1.0,18,14,-46.57692183,-46.549923,0.027000427,0.027000427,4
27,1.0,18,26,-71.82336255,-71.70771,0.11565399,0.11565399,4
27,1.0,18,28,-73.53530815,-73.49372,0.04158783,0.04158783,4
27,0.3,19,20,-86.46261428,-86.316826,0.1457901,0.1457901,4
27,0.3,19,22,-87.67909437,-87.326775,0.3523178,0.3523178,4
27,0.5,19,20,-81.15488642,-80.84673,0.30815125,0.30815125,4
27,0.6,19,26,-82.78575884,-82.304344,0.4814148,0.4814148,4
27,0.8,19,14,-60.16349494,-60.745174,-0.5816803,0.5816803,4
27,0.8,19,16,-65.45128722,-65.13683,0.31445312,0.31445312,4
27,0.8,19,28,-79.56986753,-79.24374,0.32613373,0.32613373,4
27,0.9,19,20,-69.42329901,-69.38273,0.04057312,0.04057312,4
27,1.0,19,14,-49.7717284,-49.781506,-0.009777069,0.009777069,4
27,0.3,20,16,-84.44894741,-84.33468,0.11426544,0.11426544,4
27,0.4,20,22,-86.17686867,-85.923485,0.25338745,0.25338745,4
27,0.4,20,26,-88.37497328,-87.928856,0.4461136,0.4461136,4
27,0.6,20,14,-71.58332414,-71.339966,0.2433548,0.2433548,4
27,0.7,20,14,-67.19889037,-67.40403,-0.20513916,0.20513916,4
27,0.7,20,18,-74.69381854,-74.30411,0.38970947,0.38970947,4
27,0.8,20,14,-62.51549901,-63.067207,-0.5517082,0.5517082,4
27,0.8,20,16,-67.6500166,-67.46288,0.18713379,0.18713379,4
27,0.9,20,14,-57.74121852,-57.987846,-0.24662781,0.24662781,4
27,0.9,20,16,-63.45129929,-63.133675,0.31762314,0.31762314,4
27,0.9,20,20,-71.2797322,-71.075485,0.20424652,0.20424652,4
27,0.9,20,22,-73.71860861,-73.61134,0.10726166,0.10726166,4
27,1.0,20,24,-73.18738983,-73.03629,0.15110016,0.15110016,4
27,0.3,21,16,-85.38801633,-85.24301,0.14500427,0.14500427,4
27,0.3,21,24,-90.52288941,-90.30643,0.21646118,0.21646118,4
27,0.4,21,24,-88.34580798,-87.91465,0.43115997,0.43115997,4
27,0.5,21,22,-84.8344978,-84.439674,0.39482117,0.39482117,4
27,0.5,21,26,-87.20806543,-86.784325,0.4237442,0.4237442,4
27,0.5,21,28,-88.15995985,-87.936806,0.22315216,0.22315216,4
27,0.6,21,14,-73.24755741,-73.101585,0.1459732,0.1459732,4
27,0.6,21,24,-83.84864441,-83.43834,0.41030884,0.41030884,4
27,0.7,21,20,-78.34285348,-77.71708,0.62577057,0.62577057,4
27,0.7,21,26,-82.91644992,-82.42779,0.48866272,0.48866272,4
27,0.8,21,22,-77.75195275,-77.090256,0.6616974,0.6616974,4
27,0.9,21,16,-65.68526198,-65.58946,0.09580231,0.09580231,4
27,0.9,21,28,-79.97213979,-79.66503,0.30710602,0.30710602,4
27,1.0,21,20,-70.03104364,-69.6737,0.35734558,0.35734558,4
27,1.0,21,22,-72.64117023,-72.40737,0.23379517,0.23379517,4
27,1.0,21,24,-74.65875639,-74.3523,0.30645752,0.30645752,4
27,1.0,21,26,-76.42529231,-76.051155,0.37413788,0.37413788,4
31,0.3,14,20,-91.81874913,-92.133644,-0.31489563,0.31489563,4
31,0.3,14,22,-93.44064655,-93.42543,0.015213013,0.015213013,4
31,0.3,14,24,-94.74154621,-94.63059,0.110954285,0.110954285,4
31,0.4,14,22,-89.9283939,-90.18791,-0.25952148,0.25952148,4
31,0.5,14,22,-86.18176591,-86.23094,-0.049179077,0.049179077,4
31,0.5,14,24,-88.17263559,-88.10647,0.06616974,0.06616974,4
31,0.7,14,16,-64.9659583,-65.31669,-0.3507309,0.3507309,4
31,0.7,14,28,-84.99704223,-84.771,0.22603607,0.22603607,4
31,0.8,14,14,-50.36568329,-49.64588,0.71980286,0.71980286,4
31,0.9,14,14,-42.34685271,-41.987816,0.3590355,0.3590355,4
31,0.9,14,16,-51.51692458,-51.33632,0.18060684,0.18060684,4
31,0.9,14,24,-72.33253232,-72.297005,0.03553009,0.03553009,4
31,0.3,15,16,-89.38412607,-89.228874,0.15525055,0.15525055,4
31,0.3,15,28,-98.42386031,-98.17934,0.2445221,0.2445221,4
31,0.4,15,20,-89.90871602,-90.18415,-0.2754364,0.2754364,4
31,0.4,15,26,-94.50135848,-94.26605,0.23530579,0.23530579,4
31,0.4,15,28,-95.7108531,-95.5431,0.16775513,0.16775513,4
31,0.5,15,14,-75.11191819,-75.035576,0.07633972,0.07633972,4
31,0.5,15,22,-88.3357824,-88.4793,-0.14351654,0.14351654,4
31,0.8,15,14,-54.94358243,-54.64976,0.29381943,0.29381943,4
31,0.9,15,18,-62.72100149,-62.59636,0.12464142,0.12464142,4
31,0.9,15,28,-80.95192694,-80.768936,0.18299103,0.18299103,4
31,1.0,15,28,-77.61801729,-77.53069,0.08732605,0.08732605,4
31,0.3,16,18,-93.22095976,-92.98798,0.23297882,0.23297882,4
31,0.3,16,22,-96.5014392,-96.292244,0.209198,0.209198,4
31,0.3,16,24,-97.62632731,-97.59983,0.026496887,0.026496887,4
31,0.4,16,18,-89.50363032,-89.33799,0.16564178,0.16564178,4
31,0.4,16,20,-91.67877732,-91.66306,0.015716553,0.015716553,4
31,0.5,16,14,-77.74543359,-77.698616,0.046813965,0.046813965,4
31,0.5,16,16,-82.12504491,-81.93882,0.18622589,0.18622589,4
31,0.5,16,20,-88.15073884,-88.08909,0.061653137,0.061653137,4
31,0.5,16,28,-94.52847851,-94.39124,0.13723755,0.13723755,4
31,0.6,16,20,-84.36495889,-84.2129,0.15206146,0.15206146,4
31,0.7,16,14,-65.72636484,-66.0971,-0.37073517,0.37073517,4
31,0.9,16,18,-66.36237605,-66.5252,-0.16282654,0.16282654,4
31,0.9,16,22,-75.22564245,-75.345055,-0.11941528,0.11941528,4
31,1.0,16,16,-53.93523935,-54.181023,-0.24578476,0.24578476,4
31,1.0,16,22,-70.94446851,-71.28362,-0.3391571,0.3391571,4
31,0.3,17,18,-94.61511673,-94.4752,0.1399231,0.1399231,4
31,0.3,17,20,-96.29678656,-96.08026,0.21652222,0.21652222,4
31,0.3,17,26,-99.99034503,-99.87488,0.115470886,0.115470886,4
31,0.4,17,16,-88.65136311,-88.536964,0.11439514,0.11439514,4
31,0.4,17,18,-91.17322177,-90.914345,0.25888062,0.25888062,4
31,0.4,17,20,-93.18487121,-92.995926,0.18894196,0.18894196,4
31,0.4,17,28,-98.45275654,-98.12733,0.32543182,0.32543182,4
31,0.5,17,18,-87.45862241,-87.420845,0.03778076,0.03778076,4
31,0.5,17,22,-91.83806256,-91.70664,0.13142395,0.13142395,4
31,0.5,17,28,-95.91259973,-95.71663,0.19596863,0.19596863,4
31,0.7,17,28,-90.81705008,-90.64776,0.16928864,0.16928864,4
31,0.8,17,18,-74.38542586,-74.36608,0.019348145,0.019348145,4
31,0.8,17,26,-86.63193807,-86.60328,0.028656006,0.028656006,4
31,1.0,17,14,-49.4120701,-49.72052,-0.3084488,0.3084488,4
31,1.0,17,24,-77.58607256,-77.57459,0.011482239,0.011482239,4
31,0.3,18,22,-98.89973103,-98.57695,0.32278442,0.32278442,4
31,0.3,18,26,-101.1578503,-100.83987,0.31798553,0.31798553,4
31,0.4,18,22,-96.12112406,-95.78365,0.337471,0.337471,4
31,0.5,18,18,-89.19092331,-88.99155,0.19937897,0.19937897,4
31,0.5,18,20,-91.4550532,-91.57331,-0.118255615,0.118255615,4
31,0.6,18,18,-85.51619378,-85.697044,-0.18084717,0.18084717,4
31,0.6,18,22,-90.36905991,-90.3409,0.028160095,0.028160095,4
31,0.7,18,24,-89.3126819,-89.1921,0.12058258,0.12058258,4
31,0.9,18,28,-87.39125754,-87.307625,0.08363342,0.08363342,4
31,1.0,18,26,-82.74071258,-82.726555,0.014160156,0.014160156,4
31,0.3,19,14,-92.7801672,-92.57924,0.20092773,0.20092773,4
31,0.4,19,22,-97.2907585,-96.99442,0.2963333,0.2963333,4
31,0.5,19,14,-84.37660926,-84.27372,0.102890015,0.102890015,4
31,0.5,19,16,-88.07248608,-87.90638,0.16610718,0.16610718,4
31,0.5,19,28,-98.57564288,-98.11446,0.46118164,0.46118164,4
31,0.7,19,28,-93.89147077,-93.63232,0.25915527,0.25915527,4
31,0.8,19,14,-68.88949174,-69.7069,-0.81741333,0.81741333,4
31,0.8,19,16,-74.89584708,-74.62394,0.271904,0.271904,4
31,0.8,19,28,-91.49129289,-91.08329,0.40800476,0.40800476,4
31,0.9,19,20,-79.61060736,-79.65659,-0.04598236,0.04598236,4
31,0.9,19,28,-89.06526599,-88.73914,0.3261261,0.3261261,4
31,1.0,19,14,-57.02461295,-57.133385,-0.10877228,0.10877228,4
31,1.0,19,22,-79.47727828,-79.34344,0.13384247,0.13384247,4
31,1.0,19,26,-84.71527774,-84.68424,0.031036377,0.031036377,4
31,0.3,20,14,-93.98749922,-93.87617,0.111328125,0.111328125,4
31,0.3,20,22,-101.0529385,-100.78253,0.27040863,0.27040863,4
31,0.4,20,24,-99.81838135,-99.40724,0.41114044,0.41114044,4
31,0.4,20,28,-102.0035239,-101.543434,0.46009064,0.46009064,4
31,0.5,20,20,-94.14236296,-93.82636,0.3160019,0.3160019,4
31,0.5,20,26,-98.63555753,-98.16335,0.47220612,0.47220612,4
31,0.7,20,16,-81.78791477,-81.61813,0.16978455,0.16978455,4
31,0.8,20,20,-85.20023119,-84.80265,0.397583,0.397583,4
31,1.0,20,22,-81.67154172,-81.317215,0.35432434,0.35432434,4
31,1.0,20,26,-86.45509639,-86.33924,0.115852356,0.115852356,4
31,1.0,20,28,-88.24488971,-87.952126,0.29276276,0.29276276,4
31,0.3,21,16,-97.32830064,-97.29017,0.038131714,0.038131714,4
31,0.3,21,28,-105.3793783,-104.97108,0.4083023,0.4083023,4
31,0.4,21,24,-100.9507446,-100.47287,0.47787476,0.47787476,4
31,0.5,21,18,-93.39381154,-93.13719,0.2566223,0.2566223,4
31,0.5,21,24,-98.52413,-98.173454,0.3506775,0.3506775,4
31,0.8,21,24,-91.22992166,-90.706245,0.523674,0.523674,4
31,0.8,21,26,-92.80898847,-92.405205,0.4037857,0.4037857,4
31,0.9,21,22,-86.46317263,-86.08126,0.38191223,0.38191223,4
31,0.9,21,26,-90.43109564,-89.93709,0.49401093,0.49401093,4
31,0.9,21,28,-92.10217155,-91.65796,0.44421387,0.44421387,4
31,1.0,21,22,-83.63136012,-83.29136,0.34000397,0.34000397,4
31,1.0,21,24,-86.12339526,-85.96731,0.15608978,0.15608978,4
31,1.0,21,26,-88.0184794,-87.71691,0.30156708,0.30156708,4
35,0.3,14,28,-108.8170346,-108.76451,0.052520752,0.052520752,4
35,0.4,14,14,-87.86798592,-87.940605,-0.07261658,0.07261658,4
35,0.4,14,20,-98.58022274,-98.53669,0.043533325,0.043533325,4
35,0.4,14,24,-102.8165111,-102.968376,-0.1518631,0.1518631,4
35,0.5,14,14,-81.02082284,-81.16006,-0.13923645,0.13923645,4
35,0.5,14,18,-90.48503039,-91.07754,-0.5925064,0.5925064,4
35,0.6,14,18,-84.82278956,-85.55035,-0.7275543,0.7275543,4
35,0.6,14,26,-97.32885517,-97.423546,-0.094688416,0.094688416,4
35,0.7,14,16,-73.04446702,-72.825645,0.21881866,0.21881866,4
35,0.7,14,22,-87.65842813,-87.51186,0.14656067,0.14656067,4
35,0.8,14,14,-56.72600623,-56.169376,0.5566292,0.5566292,4
35,0.8,14,16,-65.64786766,-65.134834,0.513031,0.513031,4
35,0.8,14,20,-78.10147094,-78.22053,-0.1190567,0.1190567,4
35,0.9,14,16,-58.07753287,-57.17856,0.8989754,0.8989754,4
35,0.9,14,18,-65.90463384,-66.2515,-0.34687042,0.34687042,4
35,1.0,14,18,-59.10428242,-59.409683,-0.30540085,0.30540085,4
35,1.0,14,24,-76.69901645,-76.81333,-0.11431885,0.11431885,4
35,0.3,15,18,-102.6392991,-102.33042,0.30887604,0.30887604,4
35,0.3,15,28,-110.4772332,-110.23621,0.2410202,0.2410202,4
35,0.4,15,28,-107.5283573,-107.25606,0.27230072,0.27230072,4
35,0.5,15,18,-93.34324088,-93.71061,-0.3673706,0.3673706,4
35,0.5,15,24,-101.3041199,-101.33558,-0.031455994,0.031455994,4
35,0.6,15,18,-88.06950917,-88.27681,-0.20729828,0.20729828,4
35,0.6,15,20,-92.00163276,-92.07769,-0.076057434,0.076057434,4
35,0.7,15,24,-93.79870782,-93.75327,0.045433044,0.045433044,4
35,0.7,15,28,-98.33394785,-98.05361,0.28033447,0.28033447,4
35,0.8,15,26,-92.61381,-92.305824,0.3079834,0.3079834,4
35,0.8,15,28,-94.89505646,-94.63666,0.25839996,0.25839996,4
35,0.9,15,14,-53.44230566,-52.72921,0.7130966,0.7130966,4
35,1.0,15,14,-45.14534917,-45.312466,-0.16711807,0.16711807,4
35,1.0,15,18,-64.14583475,-64.011734,0.13410187,0.13410187,4
35,1.0,15,26,-84.36603211,-84.06577,0.30026245,0.30026245,4
35,0.3,16,14,-98.59750928,-98.34086,0.25665283,0.25665283,4
35,0.4,16,20,-102.8966107,-102.80495,0.091667175,0.091667175,4
35,0.4,16,22,-104.7982604,-104.94236,-0.14409637,0.14409637,4
35,0.4,16,26,-107.8827173,-107.5765,0.306221,0.306221,4
35,0.5,16,20,-98.96176347,-98.65826,0.30350494,0.30350494,4
35,0.6,16,14,-80.75163665,-81.0113,-0.2596588,0.2596588,4
35,0.6,16,24,-99.96274197,-100.174736,-0.21199036,0.21199036,4
35,0.6,16,28,-103.4280961,-103.290565,0.13752747,0.13752747,4
35,0.7,16,22,-93.5883499,-93.58126,0.0070877075,0.0070877075,4
35,0.7,16,24,-96.55397048,-96.362976,0.19099426,0.19099426,4
35,0.7,16,28,-100.5923234,-100.4356,0.15672302,0.15672302,4
35,0.8,16,22,-89.28226469,-89.16755,0.114715576,0.114715576,4
35,0.8,16,28,-97.48714866,-97.14361,0.343544,0.343544,4
35,0.9,16,26,-91.67861589,-91.33059,0.3480301,0.3480301,4
35,1.0,16,26,-87.80657088,-87.356926,0.449646,0.449646,4
35,1.0,16,28,-90.75757968,-90.59608,0.16149902,0.16149902,4
35,0.3,17,22,-109.6110674,-109.36013,0.25093842,0.25093842,4
35,0.3,17,28,-113.3663423,-113.109146,0.25719452,0.25719452,4
35,0.4,17,22,-106.5281377,-106.23748,0.29065704,0.29065704,4
35,0.4,17,28,-110.6738152,-110.61246,0.06135559,0.06135559,4
35,0.5,17,14,-89.77639354,-89.83186,-0.055473328,0.055473328,4
35,0.5,17,20,-100.9708929,-100.77619,0.19470215,0.19470215,4
35,0.6,17,14,-83.77533573,-84.07667,-0.30133057,0.30133057,4
35,0.7,17,22,-96.1094314,-95.9195,0.18992615,0.18992615,4
35,0.7,17,26,-100.6985545,-100.89579,-0.1972351,0.1972351,4
35,0.8,17,18,-83.66531593,-83.5337,0.13161469,0.13161469,4
35,0.9,17,16,-71.75938667,-71.952095,-0.19271088,0.19271088,4
35,1.0,17,14,-55.59245556,-57.21277,-1.6203117,1.6203117,4
35,1.0,17,28,-93.54935461,-93.547615,0.001739502,0.001739502,4
35,0.3,18,14,-102.2773022,-102.07278,0.20452881,0.20452881,4
35,0.3,18,26,-113.602168,-113.28322,0.31894684,0.31894684,4
35,0.4,18,26,-110.8717459,-110.62318,0.24856567,0.24856567,4
35,0.5,18,16,-96.71561519,-96.378685,0.33692932,0.33692932,4
35,0.5,18,18,-100.1745638,-99.99805,0.17651367,0.17651367,4
35,0.5,18,22,-104.9120212,-104.83463,0.07738495,0.07738495,4
35,0.9,18,16,-75.41869024,-75.31078,0.107910156,0.107910156,4
35,0.9,18,20,-86.69394809,-86.62022,0.07373047,0.07373047,4
35,0.9,18,28,-98.75681028,-98.627846,0.12896729,0.12896729,4
35,1.0,18,14,-60.17017627,-61.41009,-1.239914,1.239914,4
35,1.0,18,16,-69.34418936,-69.29988,0.044311523,0.044311523,4
35,1.0,18,18,-76.46029076,-76.65112,-0.19083405,0.19083405,4
35,0.3,19,14,-103.7915568,-103.607735,0.18382263,0.18382263,4
35,0.4,19,14,-99.39428916,-99.20208,0.19220734,0.19220734,4
35,0.4,19,24,-110.8302173,-110.46168,0.3685379,0.3685379,4
35,0.4,19,26,-112.2189848,-111.97723,0.24176025,0.24176025,4
35,0.6,19,14,-89.18475242,-89.113335,0.07141876,0.07141876,4
35,0.6,19,26,-106.9297915,-106.66453,0.26526642,0.26526642,4
35,0.7,19,26,-104.2964599,-104.08149,0.21497345,0.21497345,4
35,0.8,19,16,-84.13004378,-84.1134,0.01663971,0.01663971,4
35,0.9,19,24,-96.45784374,-96.04537,0.41246796,0.41246796,4
35,1.0,19,20,-85.10502189,-85.21893,-0.11391449,0.11391449,4
35,0.3,20,14,-105.2023834,-105.04685,0.15553284,0.15553284,4
35,0.3,20,22,-113.3977754,-112.91595,0.48182678,0.48182678,4
35,0.4,20,28,-114.6517428,-114.09598,0.55576324,0.55576324,4
35,0.5,20,24,-109.42523,-109.05795,0.36727905,0.36727905,4
35,0.8,20,16,-86.92670223,-86.67376,0.25294495,0.25294495,4
35,0.8,20,20,-95.87328896,-95.76159,0.111701965,0.111701965,4
35,0.9,20,18,-87.48984797,-87.10591,0.38393402,0.38393402,4
35,0.9,20,26,-100.502165,-100.41322,0.08894348,0.08894348,4
35,0.9,20,28,-102.3850213,-102.03612,0.34890747,0.34890747,4
35,1.0,20,18,-82.76280193,-82.9878,-0.22499847,0.22499847,4
35,0.3,21,16,-109.1612643,-108.699295,0.46196747,0.46196747,4
35,0.3,21,20,-112.9528621,-112.35767,0.59519196,0.59519196,4
35,0.3,21,24,-115.8388094,-115.4024,0.436409,0.436409,4
35,0.4,21,18,-108.0931659,-107.62159,0.47157288,0.47157288,4
35,0.5,21,22,-109.0842919,-108.640335,0.44395447,0.44395447,4
35,0.6,21,26,-109.7778363,-109.47302,0.3048172,0.3048172,4
35,0.7,21,28,-108.7460623,-108.53148,0.21458435,0.21458435,4
35,0.9,21,14,-77.5345098,-77.6984,-0.16389465,0.16389465,4
35,0.9,21,16,-84.5166249,-84.70681,-0.19018555,0.19018555,4
35,1.0,21,22,-94.35050795,-93.667755,0.6827545,0.6827545,4
35,1.0,21,24,-97.41926454,-96.86854,0.55072784,0.55072784,4
39,0.3,14,20,-113.6949264,-113.297104,0.39781952,0.39781952,4
39,0.3,14,22,-115.9161683,-115.74778,0.16838837,0.16838837,4
39,0.5,14,16,-95.43324468,-96.163506,-0.73026276,0.73026276,4
39,0.5,14,20,-103.9180114,-104.084816,-0.16680145,0.16680145,4
39,0.6,14,20,-98.54882982,-99.30778,-0.7589493,0.7589493,4
39,0.6,14,26,-107.9829288,-108.09852,-0.11559296,0.11559296,4
39,0.7,14,20,-92.78176117,-93.109055,-0.3272934,0.3272934,4
39,0.9,14,20,-80.31849713,-80.47147,-0.15297699,0.15297699,4
39,0.9,14,22,-85.99864463,-86.12594,-0.12729645,0.12729645,4
39,0.9,14,28,-97.86995764,-97.68658,0.18338013,0.18338013,4
39,1.0,14,22,-80.01586782,-80.500336,-0.48446655,0.48446655,4
39,0.3,15,14,-106.3577408,-105.844055,0.51368713,0.51368713,4
39,0.3,15,16,-110.2395309,-110.16372,0.07581329,0.07581329,4
39,0.3,15,18,-113.3321641,-112.895485,0.43667603,0.43667603,4
39,0.3,15,26,-121.0908315,-120.82129,0.26953888,0.26953888,4
39,0.5,15,16,-98.66312988,-98.748886,-0.085754395,0.085754395,4
39,0.5,15,18,-103.1985277,-103.404366,-0.20584106,0.20584106,4
39,0.5,15,28,-116.066816,-115.96669,0.100128174,0.100128174,4
39,0.8,15,26,-102.7652262,-102.223564,0.5416641,0.5416641,4
39,0.9,15,20,-84.97721501,-84.769394,0.2078247,0.2078247,4
39,0.9,15,22,-90.20679518,-90.2491,-0.042304993,0.042304993,4
39,0.9,15,24,-94.58607601,-94.40982,0.17625427,0.17625427,4
39,0.9,15,26,-98.3971853,-97.84812,0.54906464,0.54906464,4
39,1.0,15,20,-78.75068952,-78.95722,-0.20653534,0.20653534,4
39,1.0,15,22,-84.77577456,-84.83221,-0.05643463,0.05643463,4
39,0.3,16,14,-108.7649382,-108.198746,0.5661926,0.5661926,4
39,0.4,16,20,-113.7854525,-113.40104,0.38441467,0.38441467,4
39,0.5,16,22,-112.3321073,-111.80723,0.52487946,0.52487946,4
39,0.6,16,16,-95.64698718,-95.8554,-0.20841217,0.20841217,4
39,0.7,16,18,-95.06447147,-95.185936,-0.12146759,0.12146759,4
39,0.7,16,20,-99.89299916,-100.15624,-0.26324463,0.26324463,4
39,0.7,16,24,-107.0144323,-106.70548,0.30895233,0.30895233,4
39,0.8,16,20,-94.58611446,-94.993034,-0.4069214,0.4069214,4
39,0.9,16,14,-65.15186024,-65.53756,-0.3856964,0.3856964,4
39,1.0,16,22,-88.90751645,-89.47211,-0.56459045,0.56459045,4
39,0.3,17,14,-110.871841,-110.28064,0.5912018,0.5912018,4
39,0.3,17,18,-117.2492613,-116.76093,0.48832703,0.48832703,4
39,0.3,17,26,-124.3485331,-123.90725,0.44128418,0.44128418,4
39,0.4,17,24,-119.7705419,-119.38043,0.3901062,0.3901062,4
39,0.5,17,20,-111.8606748,-111.3458,0.5148697,0.5148697,4
39,0.6,17,14,-92.70220362,-92.23115,0.47105408,0.47105408,4
39,0.6,17,16,-98.75627746,-98.51057,0.24571228,0.24571228,4
39,0.6,17,24,-113.099153,-112.93751,0.16164398,0.16164398,4
39,0.7,17,20,-103.0061632,-103.073875,-0.06771088,0.06771088,4
39,0.7,17,24,-109.5667261,-109.10931,0.45742035,0.45742035,4
39,0.7,17,26,-112.0200258,-111.983406,0.036621094,0.036621094,4
39,0.8,17,14,-78.11973907,-78.62904,-0.50930786,0.50930786,4
39,0.8,17,18,-92.78037316,-92.88802,-0.10765076,0.10765076,4
39,0.9,17,20,-92.76227709,-92.90493,-0.14265442,0.14265442,4
39,0.9,17,22,-97.57794729,-97.63367,-0.05571747,0.05571747,4
39,1.0,17,22,-92.67412037,-93.31606,-0.6419449,0.6419449,4
39,1.0,17,26,-101.0038559,-100.133064,0.8707886,0.8707886,4
39,0.3,18,14,-112.8187814,-112.362526,0.45625305,0.45625305,4
39,0.3,18,28,-127.0331386,-126.79618,0.23696136,0.23696136,4
39,0.4,18,16,-111.7406544,-111.3567,0.3839569,0.3839569,4
39,0.6,18,20,-109.9667809,-109.563065,0.40371704,0.40371704,4
39,0.6,18,22,-112.8187442,-112.505775,0.3129654,0.3129654,4
39,0.7,18,26,-114.0996145,-114.21911,-0.11949158,0.11949158,4
39,0.7,18,28,-115.8947049,-115.95739,-0.062683105,0.062683105,4
39,0.8,18,22,-105.1064349,-104.84527,0.26116943,0.26116943,4
39,0.8,18,24,-108.2666562,-107.75482,0.5118332,0.5118332,4
39,0.9,18,16,-83.71350177,-83.236305,0.47719574,0.47719574,4
39,0.9,18,28,-109.9323738,-109.788414,0.14395905,0.14395905,4
39,1.0,18,18,-84.98491505,-85.30479,-0.31987,0.31987,4
39,1.0,18,22,-96.24657635,-96.42103,-0.17445374,0.17445374,4
39,1.0,18,26,-103.9422783,-103.30964,0.632637,0.632637,4
39,0.3,19,28,-128.3599569,-127.842964,0.51699066,0.51699066,4
39,0.4,19,14,-109.7268338,-109.23923,0.48760986,0.48760986,4
39,0.4,19,16,-113.6713206,-113.4322,0.23912048,0.23912048,4
39,0.6,19,14,-98.54056824,-97.76389,0.77667236,0.77667236,4
39,0.6,19,22,-114.7358729,-114.62194,0.11392975,0.11392975,4
39,0.7,19,28,-117.7153102,-117.52704,0.18827057,0.18827057,4
39,0.8,19,22,-107.6060361,-107.255554,0.35047913,0.35047913,4
39,0.8,19,26,-112.9573781,-113.11933,-0.16195679,0.16195679,4
39,0.9,19,24,-107.1230295,-106.47305,0.64997864,0.64997864,4
39,1.0,19,14,-71.40562129,-73.09661,-1.6909866,1.6909866,4
39,1.0,19,18,-88.58266036,-89.0209,-0.43824005,0.43824005,4
39,0.3,20,28,-129.608333,-128.96794,0.6403961,0.6403961,4
39,0.4,20,18,-118.2808325,-117.531075,0.74975586,0.74975586,4
39,0.5,20,18,-114.6420686,-114.07223,0.5698395,0.5698395,4
39,0.5,20,26,-123.101194,-122.63697,0.46422577,0.46422577,4
39,0.5,20,28,-124.5887289,-124.150795,0.43793488,0.43793488,4
39,0.6,20,14,-101.1637387,-100.08001,1.0837326,1.0837326,4
39,0.6,20,20,-113.8939172,-113.57693,0.3169937,0.3169937,4
39,0.6,20,24,-118.6220433,-118.513466,0.10857391,0.10857391,4
39,0.6,20,26,-120.384291,-120.091896,0.29239655,0.29239655,4
39,0.7,20,22,-113.2942838,-113.22643,0.067848206,0.067848206,4
39,0.8,20,24,-112.5868528,-112.624695,-0.037841797,0.037841797,4
39,0.9,20,18,-97.01364297,-96.96,0.053642273,0.053642273,4
39,0.9,20,24,-109.3645064,-109.00109,0.36341858,0.36341858,4
39,0.9,20,28,-114.0031984,-113.9199,0.08329773,0.08329773,4
39,1.0,20,16,-84.8162109,-84.63814,0.17807007,0.17807007,4
39,1.0,20,26,-109.0277685,-108.36155,0.6662216,0.6662216,4
39,0.3,21,16,-120.6589324,-119.9787,0.6802368,0.6802368,4
39,0.3,21,26,-129.593247,-129.03802,0.55522156,0.55522156,4
39,0.4,21,26,-126.9994459,-126.63146,0.36798096,0.36798096,4
39,0.5,21,18,-116.256453,-115.71635,0.5401077,0.5401077,4
39,0.5,21,20,-118.8379198,-118.35162,0.4862976,0.4862976,4
39,0.5,21,28,-125.9733755,-125.53008,0.4432907,0.4432907,4
39,0.7,21,16,-104.0873503,-103.939445,0.14790344,0.14790344,4
39,0.7,21,24,-117.227552,-117.19411,0.033447266,0.033447266,4
39,0.7,21,28,-120.9195833,-120.493965,0.42562103,0.42562103,4
39,0.8,21,14,-92.13132054,-91.86706,0.26425934,0.26425934,4
39,0.9,21,20,-104.6728506,-104.52374,0.14910889,0.14910889,4
11,0.3,14,14,-30.5625036,-31.004137,-0.44163322,0.44163322,5
11,0.3,14,26,-34.26451788,-34.68917,-0.4246521,0.4246521,5
11,0.4,14,18,-30.09282311,-30.002525,0.0902977,0.0902977,5
11,0.5,14,16,-27.06005755,-27.034435,0.025621414,0.025621414,5
11,0.5,14,22,-29.58683834,-29.573467,0.013370514,0.013370514,5
11,0.6,14,16,-24.7428556,-24.518755,0.22410011,0.22410011,5
11,0.6,14,20,-27.13679505,-26.782503,0.35429192,0.35429192,5
11,0.7,14,20,-25.27328939,-25.037424,0.23586464,0.23586464,5
11,0.7,14,22,-26.22523328,-26.104692,0.12054062,0.12054062,5
11,0.8,14,14,-17.63357487,-17.75663,-0.123054504,0.123054504,5
11,0.8,14,20,-23.50110034,-23.43,0.071100235,0.071100235,5
11,0.8,14,24,-25.46468358,-25.257025,0.20765877,0.20765877,5
11,0.9,14,16,-17.91776888,-18.26117,-0.34340096,0.34340096,5
11,0.9,14,26,-24.74247795,-24.49265,0.24982834,0.24982834,5
11,0.9,14,28,-25.43640562,-25.369543,0.06686211,0.06686211,5
11,1.0,14,16,-15.75861965,-16.415031,-0.6564121,0.6564121,5
11,1.0,14,20,-19.82367336,-19.784918,0.038755417,0.038755417,5
11,0.3,15,14,-31.29068769,-31.68357,-0.3928833,0.3928833,5
11,0.3,15,18,-32.88182846,-33.0315,-0.14967346,0.14967346,5
11,0.3,15,24,-34.53409773,-34.680214,-0.14611435,0.14611435,5
11,0.3,15,26,-34.93800733,-35.196167,-0.25815964,0.25815964,5
11,0.4,15,16,-30.01554654,-30.086533,-0.070985794,0.070985794,5
11,0.4,15,20,-31.54895439,-31.470528,0.07842636,0.07842636,5
11,0.4,15,22,-32.1510573,-32.073025,0.07803345,0.07803345,5
11,0.5,15,22,-30.36165729,-30.33895,0.022708893,0.022708893,5
11,0.6,15,20,-27.9823924,-27.877186,0.10520744,0.10520744,5
11,0.6,15,24,-29.33979125,-29.233652,0.10613823,0.10613823,5
11,0.8,15,16,-21.44234828,-21.221642,0.22070694,0.22070694,5
11,0.8,15,18,-23.2400372,-23.060112,0.17992592,0.17992592,5
11,0.8,15,24,-26.33339509,-26.591793,-0.25839806,0.25839806,5
11,1.0,15,24,-23.56969013,-23.263443,0.3062477,0.3062477,5
11,0.3,16,14,-31.92602412,-32.20765,-0.28162575,0.28162575,5
11,0.3,16,18,-33.50590616,-33.53763,-0.031723022,0.031723022,5
11,0.3,16,26,-35.61287315,-35.840145,-0.22727203,0.22727203,5
11,0.4,16,14,-29.71800193,-29.530996,0.187006,0.187006,5
11,0.4,16,16,-30.72816214,-30.62054,0.10762215,0.10762215,5
11,0.4,16,18,-31.54850852,-31.510101,0.038406372,0.038406372,5
11,0.5,16,18,-29.6930505,-29.613918,0.07913208,0.07913208,5
11,0.5,16,28,-32.71164048,-32.63423,0.07740784,0.07740784,5
11,0.6,16,16,-26.7801051,-26.407135,0.37297058,0.37297058,5
11,0.6,16,28,-31.14617392,-30.868982,0.27719116,0.27719116,5
11,0.7,16,14,-22.81562081,-22.941452,-0.1258316,0.1258316,5
11,0.7,16,16,-24.7504631,-24.442905,0.30755806,0.30755806,5
11,0.7,16,24,-28.56847703,-28.545933,0.02254486,0.02254486,5
11,0.8,16,14,-20.48257573,-20.375267,0.10730934,0.10730934,5
11,0.8,16,24,-27.14253559,-27.454357,-0.31182098,0.31182098,5
11,1.0,16,20,-22.35122693,-22.063614,0.28761292,0.28761292,5
11,1.0,16,26,-25.27181605,-25.11074,0.16107559,0.16107559,5
11,1.0,16,28,-25.86729986,-25.728065,0.13923454,0.13923454,5
11,0.3,17,14,-32.49719694,-32.690216,-0.19301987,0.19301987,5
11,0.3,17,20,-34.69611795,-34.64388,0.052238464,0.052238464,5
11,0.5,17,20,-31.1229161,-30.709318,0.4135971,0.4135971,5
11,0.5,17,22,-31.7937615,-31.40706,0.38670158,0.38670158,5
11,0.6,17,18,-28.6383362,-28.492012,0.14632416,0.14632416,5
11,0.6,17,20,-29.48564266,-29.073757,0.41188622,0.41188622,5
11,0.7,17,20,-27.89326029,-27.561203,0.33205795,0.33205795,5
11,0.7,17,26,-29.92356312,-29.57156,0.3520031,0.3520031,5
11,0.8,17,24,-27.88551344,-27.904057,-0.018543243,0.018543243,5
11,0.9,17,16,-21.82214548,-21.82303,-0.00088500977,0.00088500977,5
11,0.9,17,18,-23.58311434,-23.277262,0.3058529,0.3058529,5
11,1.0,17,22,-24.39874858,-24.251068,0.14768028,0.14768028,5
11,1.0,17,24,-25.29849761,-25.130304,0.16819382,0.16819382,5
11,0.3,18,22,-35.77704985,-35.693787,0.0832634,0.0832634,5
11,0.4,18,22,-34.09978115,-33.842274,0.25750732,0.25750732,5
11,0.4,18,26,-35.12148292,-34.879917,0.2415657,0.2415657,5
11,0.5,18,18,-30.9869435,-30.504526,0.48241806,0.48241806,5
11,0.5,18,20,-31.72611611,-31.214865,0.51125145,0.51125145,5
11,0.6,18,18,-29.32575436,-29.036669,0.2890854,0.2890854,5
11,0.6,18,24,-31.44074442,-31.072922,0.36782265,0.36782265,5
11,0.7,18,14,-24.96675478,-24.814137,0.15261841,0.15261841,5
11,0.7,18,16,-26.55257815,-25.991585,0.5609932,0.5609932,5
11,0.7,18,20,-28.57390672,-28.143574,0.43033218,0.43033218,5
11,0.7,18,26,-30.63185288,-30.161476,0.47037697,0.47037697,5
11,0.8,18,14,-22.81561049,-22.7725,0.0431118,0.0431118,5
11,0.8,18,16,-24.77539742,-24.254135,0.5212631,0.5212631,5
11,0.8,18,18,-26.08440755,-25.667961,0.4164467,0.4164467,5
11,0.8,18,20,-27.10027555,-26.674704,0.42557144,0.42557144,5
11,0.8,18,28,-29.83745752,-29.443163,0.39429474,0.39429474,5
11,0.9,18,26,-27.94128999,-27.795643,0.14564705,0.14564705,5
11,0.9,18,28,-28.58815849,-28.26929,0.31886673,0.31886673,5
11,1.0,18,22,-25.24320788,-24.834597,0.4086113,0.4086113,5
11,1.0,18,28,-27.36139053,-27.063843,0.2975483,0.2975483,5
11,0.3,19,20,-35.74674275,-35.4085,0.33824158,0.33824158,5
11,0.4,19,18,-33.30903029,-32.780098,0.52893066,0.52893066,5
11,0.4,19,20,-34.04188199,-33.60304,0.43884277,0.43884277,5
11,0.4,19,22,-34.66207272,-34.39456,0.26750946,0.26750946,5
11,0.4,19,28,-36.16268691,-36.11479,0.047893524,0.047893524,5
11,0.5,19,14,-29.60546862,-29.2605,0.3449688,0.3449688,5
11,0.5,19,24,-33.64061178,-33.31672,0.3238945,0.3238945,5
11,0.6,19,14,-27.73343373,-27.30982,0.4236145,0.4236145,5
11,0.6,19,28,-33.23699024,-33.114853,0.12213898,0.12213898,5
11,0.8,19,20,-27.8010412,-27.405014,0.3960266,0.3960266,5
11,0.8,19,24,-29.25575807,-28.750557,0.50520134,0.50520134,5
11,0.9,19,16,-23.86938929,-23.38201,0.48737907,0.48737907,5
11,0.9,19,24,-27.97749123,-27.606895,0.37059593,0.37059593,5
11,1.0,19,14,-19.81578561,-19.41419,0.40159607,0.40159607,5
11,1.0,19,16,-22.1291938,-21.925934,0.20326042,0.20326042,5
11,1.0,19,18,-23.8648184,-23.227627,0.6371918,0.6371918,5
11,1.0,19,20,-25.0735589,-24.662157,0.41140175,0.41140175,5
11,1.0,19,24,-26.78164508,-26.369541,0.41210365,0.41210365,5
11,0.4,20,20,-34.59534389,-34.1215,0.47384644,0.47384644,5
11,0.5,20,18,-32.14412419,-31.587572,0.556551,0.556551,5
11,0.6,20,14,-28.34246049,-27.953028,0.3894329,0.3894329,5
11,0.6,20,18,-30.47753089,-30.04884,0.42869186,0.42869186,5
11,0.6,20,20,-31.39738954,-30.80766,0.5897312,0.5897312,5
11,0.6,20,28,-33.82509081,-33.7305,0.09459305,0.09459305,5
11,0.7,20,22,-30.73567561,-29.986153,0.74952316,0.74952316,5
11,0.8,20,22,-29.37822628,-28.560493,0.81773186,0.81773186,5
11,0.9,20,28,-29.93046649,-29.807041,0.12342453,0.12342453,5
11,0.4,21,16,-33.61338959,-33.055428,0.5579605,0.5579605,5
11,0.4,21,18,-34.41301553,-33.828083,0.58493423,0.58493423,5
11,0.4,21,24,-36.26868191,-36.245705,0.022975922,0.022975922,5
11,0.4,21,26,-36.75826052,-36.72963,0.028629303,0.028629303,5
11,0.5,21,18,-32.69734611,-32.069126,0.6282196,0.6282196,5
11,0.6,21,16,-30.11779872,-29.696316,0.4214821,0.4214821,5
11,0.6,21,28,-34.43212719,-34.346157,0.08597183,0.08597183,5
11,0.8,21,24,-30.57777993,-30.016117,0.5616627,0.5616627,5
11,0.9,21,16,-25.47274627,-24.981373,0.49137306,0.49137306,5
11,0.9,21,20,-27.68999201,-27.371998,0.31799507,0.31799507,5
15,0.4,14,20,-42.69420389,-42.42684,0.2673607,0.2673607,5
15,0.4,14,22,-43.60295776,-43.596043,0.006916046,0.006916046,5
15,0.4,14,24,-44.28709577,-44.286804,0.000289917,0.000289917,5
15,0.5,14,14,-35.3323883,-35.55315,-0.22076035,0.22076035,5
15,0.5,14,20,-40.43174629,-40.221733,0.21001434,0.21001434,5
15,0.5,14,22,-41.39939235,-41.391273,0.008117676,0.008117676,5
15,0.5,14,26,-42.97554699,-42.93371,0.0418396,0.0418396,5
15,0.7,14,14,-28.07437272,-28.33599,-0.26161766,0.26161766,5
15,0.7,14,22,-37.01370758,-36.997612,0.016094208,0.016094208,5
15,0.8,14,16,-28.04505143,-28.14989,-0.104839325,0.104839325,5
15,0.8,14,24,-36.13467431,-36.209362,-0.07468796,0.07468796,5
15,0.9,14,24,-33.97476717,-34.166237,-0.1914711,0.1914711,5
15,1.0,14,20,-27.83239011,-27.132034,0.7003555,0.7003555,5
15,1.0,14,22,-29.99245054,-29.778748,0.21370316,0.21370316,5
15,1.0,14,24,-31.82905043,-31.808182,0.020868301,0.020868301,5
15,0.3,15,20,-45.89157437,-45.61223,0.27934647,0.27934647,5
15,0.4,15,16,-41.59869108,-41.6463,-0.047611237,0.047611237,5
15,0.4,15,18,-42.73109128,-42.78478,-0.05368805,0.05368805,5
15,0.4,15,28,-46.39205206,-46.264267,0.12778473,0.12778473,5
15,0.5,15,18,-40.32767596,-40.431694,-0.104019165,0.104019165,5
15,0.5,15,24,-43.21552206,-43.209602,0.00592041,0.00592041,5
15,0.5,15,28,-44.51202575,-44.341118,0.17090607,0.17090607,5
15,0.6,15,26,-41.95837759,-41.94075,0.017627716,0.017627716,5
15,0.8,15,14,-26.49044082,-26.103584,0.38685608,0.38685608,5
15,0.9,15,22,-34.03521739,-34.02236,0.01285553,0.01285553,5
15,1.0,15,20,-29.71469582,-29.541218,0.17347717,0.17347717,5
15,1.0,15,28,-35.79909988,-35.64651,0.15258789,0.15258789,5
15,0.4,16,20,-44.51307693,-44.199142,0.31393433,0.31393433,5
15,0.4,16,24,-46.09168413,-45.849148,0.24253464,0.24253464,5
15,0.5,16,20,-42.39260871,-42.24054,0.15206909,0.15206909,5
15,0.5,16,22,-43.29234051,-43.138992,0.15334702,0.15334702,5
15,0.6,16,14,-34.99994299,-35.105217,-0.1052742,0.1052742,5
15,0.6,16,24,-42.11619278,-42.209576,-0.09338379,0.09338379,5
15,0.7,16,28,-41.86059668,-41.510754,0.34984207,0.34984207,5
15,0.8,16,14,-28.47265569,-27.871689,0.6009674,0.6009674,5
15,0.8,16,18,-34.23740658,-33.87805,0.35935593,0.35935593,5
15,0.8,16,22,-37.41757392,-37.214806,0.20276642,0.20276642,5
15,0.9,16,22,-35.45874971,-35.426743,0.03200531,0.03200531,5
15,1.0,16,22,-33.41820408,-33.38717,0.031036377,0.031036377,5
15,1.0,16,24,-34.92305915,-35.10331,-0.18025208,0.18025208,5
15,0.3,17,14,-44.6011068,-44.504715,0.096393585,0.096393585,5
15,0.3,17,28,-49.86763647,-49.591343,0.2762947,0.2762947,5
15,0.4,17,20,-45.30678703,-45.05851,0.24827576,0.24827576,5
15,0.4,17,24,-46.8857652,-46.49953,0.38623428,0.38623428,5
15,0.5,17,18,-42.26929958,-42.389397,-0.120098114,0.120098114,5
15,0.5,17,22,-44.16752472,-43.841797,0.32572937,0.32572937,5
15,0.5,17,28,-46.2830571,-45.866936,0.41612244,0.41612244,5
15,0.7,17,16,-36.02292353,-35.590393,0.43252945,0.43252945,5
15,0.7,17,18,-37.83143108,-37.805664,0.02576828,0.02576828,5
15,0.7,17,26,-42.10804519,-41.899994,0.20804977,0.20804977,5
15,0.8,17,14,-30.17976552,-29.96854,0.21122551,0.21122551,5
15,0.8,17,16,-33.27857033,-33.157944,0.12062836,0.12062836,5
15,0.8,17,26,-40.36935025,-40.14654,0.22280884,0.22280884,5
15,0.9,17,16,-30.49464843,-30.6766,-0.18195152,0.18195152,5
15,0.9,17,28,-39.62942555,-39.132236,0.49718857,0.49718857,5
15,0.3,18,20,-48.0997332,-47.7863,0.3134308,0.3134308,5
15,0.4,18,14,-42.8508266,-42.435295,0.41553116,0.41553116,5
15,0.4,18,22,-46.85934581,-46.484108,0.3752365,0.3752365,5
15,0.5,18,14,-40.35933213,-39.801254,0.55807877,0.55807877,5
15,0.5,18,16,-41.83648709,-41.847054,-0.010566711,0.010566711,5
15,0.5,18,20,-44.06512431,-43.860306,0.20481873,0.20481873,5
15,0.5,18,22,-44.91936787,-44.65326,0.26610947,0.26610947,5
15,0.5,18,28,-47.07298331,-46.746937,0.326046,0.326046,5
15,0.7,18,16,-37.26039609,-36.741856,0.5185394,0.5185394,5
15,0.7,18,18,-38.89961674,-39.009773,-0.11015701,0.11015701,5
15,0.9,18,16,-32.0888811,-31.979645,0.10923767,0.10923767,5
15,0.9,18,22,-37.69370412,-37.303955,0.38974762,0.38974762,5
15,1.0,18,16,-29.49084265,-29.559147,-0.06830406,0.06830406,5
15,1.0,18,26,-38.11945308,-38.10093,0.01852417,0.01852417,5
15,0.3,19,16,-47.08138423,-46.59294,0.48844147,0.48844147,5
15,0.3,19,22,-49.49231638,-48.889435,0.6028824,0.6028824,5
15,0.4,19,14,-43.5957157,-43.07087,0.5248451,0.5248451,5
15,0.4,19,26,-48.88113482,-48.41381,0.4673233,0.4673233,5
15,0.5,19,16,-42.64787997,-42.461708,0.18617249,0.18617249,5
15,0.5,19,20,-44.85645342,-44.535683,0.32077026,0.32077026,5
15,0.6,19,16,-40.46169269,-40.189987,0.27170563,0.27170563,5
15,0.6,19,28,-46.21394146,-45.695526,0.51841354,0.51841354,5
15,0.7,19,16,-38.31796903,-37.70047,0.6175003,0.6175003,5
15,0.8,19,24,-41.33204167,-41.092995,0.239048,0.239048,5
15,0.8,19,26,-42.16752107,-42.03872,0.12880325,0.12880325,5
15,0.9,19,28,-41.37420691,-41.018913,0.35529327,0.35529327,5
15,1.0,19,22,-36.97995316,-36.783455,0.19649887,0.19649887,5
15,0.3,20,14,-46.580519,-46.22114,0.3593788,0.3593788,5
15,0.3,20,16,-47.68634689,-47.0565,0.6298485,0.6298485,5
15,0.3,20,18,-48.55456864,-47.79181,0.76276016,0.76276016,5
15,0.4,20,18,-46.56643814,-45.87661,0.68982697,0.68982697,5
15,0.4,20,20,-47.51087577,-46.710964,0.7999115,0.7999115,5
15,0.4,20,26,-49.6208395,-48.98565,0.63518906,0.63518906,5
15,0.4,20,28,-50.14877407,-49.645004,0.5037689,0.5037689,5
15,0.5,20,14,-42.00701937,-41.285114,0.72190475,0.72190475,5
15,0.5,20,26,-47.89649008,-47.213272,0.6832161,0.6832161,5
15,0.6,20,14,-39.71547627,-38.947857,0.7676201,0.7676201,5
15,0.6,20,18,-42.561684,-42.441486,0.120197296,0.120197296,5
15,0.7,20,18,-40.66220686,-40.63002,0.032188416,0.032188416,5
15,0.7,20,26,-44.58141123,-44.113113,0.46829605,0.46829605,5
15,0.8,20,26,-43.02589008,-42.673958,0.35193253,0.35193253,5
15,0.9,20,14,-31.80512712,-31.288603,0.51652336,0.51652336,5
15,0.9,20,16,-34.84645107,-34.303123,0.54332733,0.54332733,5
15,0.9,20,24,-40.52327956,-39.82823,0.6950493,0.6950493,5
15,0.9,20,26,-41.46120978,-40.95938,0.50182724,0.50182724,5
15,0.9,20,28,-42.24516046,-41.847466,0.39769363,0.39769363,5
15,1.0,20,20,-36.57086052,-36.19857,0.37229156,0.37229156,5
15,0.3,21,18,-49.17343009,-48.118904,1.0545273,1.0545273,5
15,0.3,21,22,-50.72588521,-49.89279,0.83309174,0.83309174,5
15,0.3,21,24,-51.35877783,-50.71768,0.6410942,0.6410942,5
15,0.4,21,24,-49.58327639,-48.898174,0.68510056,0.68510056,5
15,0.4,21,26,-50.27509349,-49.626373,0.6487198,0.6487198,5
15,0.6,21,16,-42.03378352,-41.447594,0.58618927,0.58618927,5
15,0.7,21,20,-42.6118109,-42.053337,0.5584755,0.5584755,5
15,0.8,21,20,-40.8520204,-40.3659,0.48612213,0.48612213,5
15,1.0,21,14,-30.50210641,-29.961443,0.54066277,0.54066277,5
15,1.0,21,18,-36.00550584,-35.216103,0.789402,0.789402,5
15,1.0,21,24,-39.79340648,-38.689354,1.1040535,1.1040535,5
15,1.0,21,26,-40.75595348,-39.870842,0.88511276,0.88511276,5
15,1.0,21,28,-41.64310902,-41.17945,0.46365738,0.46365738,5
19,0.3,14,18,-56.1205481,-56.336143,-0.21559525,0.21559525,5
19,0.3,14,20,-57.16817968,-57.38244,-0.2142601,0.2142601,5
19,0.4,14,20,-54.43936943,-54.8068,-0.36743164,0.36743164,5
19,0.5,14,14,-44.85206949,-45.398556,-0.5464859,0.5464859,5
19,0.5,14,18,-50.0777746,-50.037186,0.04058838,0.04058838,5
19,0.6,14,26,-52.59105665,-53.017296,-0.426239,0.426239,5
19,0.6,14,28,-53.50273661,-53.85583,-0.353096,0.353096,5
19,0.7,14,24,-49.13945098,-49.21041,-0.070961,0.070961,5
19,0.8,14,18,-39.45372313,-39.368645,0.08507919,0.08507919,5
19,0.8,14,26,-48.00992166,-48.038124,-0.028202057,0.028202057,5
19,0.9,14,26,-45.62004147,-45.66722,-0.047180176,0.047180176,5
19,1.0,14,20,-35.74518125,-35.269794,0.47538757,0.47538757,5
19,1.0,14,28,-44.74050228,-44.848198,-0.10769653,0.10769653,5
19,0.3,15,14,-54.37133223,-54.494713,-0.12337875,0.12337875,5
19,0.3,15,24,-59.85102452,-59.926636,-0.075611115,0.075611115,5
19,0.3,15,28,-61.1494592,-60.82524,0.32421875,0.32421875,5
19,0.4,15,28,-58.91933734,-58.75832,0.16101837,0.16101837,5
19,0.5,15,20,-52.99900856,-52.99086,0.008148193,0.008148193,5
19,0.6,15,18,-48.47180019,-48.41909,0.052711487,0.052711487,5
19,0.6,15,20,-50.31512923,-50.19685,0.1182785,0.1182785,5
19,0.6,15,24,-52.90804504,-53.055317,-0.1472702,0.1472702,5
19,0.7,15,16,-42.08971933,-42.367676,-0.27795792,0.27795792,5
19,0.7,15,22,-49.2368143,-49.21106,0.025753021,0.025753021,5
19,0.7,15,28,-52.73133213,-52.977974,-0.24664307,0.24664307,5
19,0.8,15,24,-48.2741666,-48.095604,0.17856216,0.17856216,5
19,0.8,15,26,-49.55919339,-49.64131,-0.08211899,0.08211899,5
19,1.0,15,22,-40.94183828,-40.864357,0.077480316,0.077480316,5
19,1.0,15,28,-46.55752581,-46.477356,0.08016968,0.08016968,5
19,0.4,16,24,-58.53372735,-58.664,-0.13027573,0.13027573,5
19,0.4,16,26,-59.26710959,-59.249317,0.017791748,0.017791748,5
19,0.5,16,28,-57.92036276,-57.67502,0.24534607,0.24534607,5
19,0.6,16,24,-54.13156828,-54.298077,-0.16650772,0.16650772,5
19,0.7,16,28,-53.86024539,-54.057224,-0.19697952,0.19697952,5
19,0.8,16,18,-43.78520334,-43.84182,-0.056617737,0.056617737,5
19,0.9,16,14,-31.93793868,-31.917913,0.020025253,0.020025253,5
19,0.9,16,24,-47.50828126,-47.34084,0.16744232,0.16744232,5
19,1.0,16,16,-33.01235634,-33.22105,-0.20869446,0.20869446,5
19,1.0,16,20,-40.42529677,-40.041084,0.3842125,0.3842125,5
19,0.3,17,14,-56.39183587,-56.406746,-0.014911652,0.014911652,5
19,0.3,17,22,-60.81859543,-60.679947,0.13864899,0.13864899,5
19,0.3,17,24,-61.60543509,-61.35058,0.2548561,0.2548561,5
19,0.4,17,20,-57.59791139,-57.56753,0.030380249,0.030380249,5
19,0.5,17,16,-52.31255932,-52.028236,0.28432465,0.28432465,5
19,0.5,17,20,-55.2427137,-55.03571,0.20700455,0.20700455,5
19,0.5,17,22,-56.30021787,-56.34703,-0.046813965,0.046813965,5
19,0.6,17,16,-49.29301857,-48.89946,0.3935585,0.3935585,5
19,0.6,17,18,-51.35193287,-51.201103,0.15082932,0.15082932,5
19,0.6,17,28,-56.87508247,-56.904793,-0.029708862,0.029708862,5
19,0.7,17,14,-42.48163507,-42.212524,0.26911163,0.26911163,5
19,0.7,17,22,-51.87381455,-51.60688,0.26693344,0.26693344,5
19,0.7,17,26,-54.09571997,-54.22059,-0.1248703,0.1248703,5
19,0.8,17,24,-51.0127765,-50.80091,0.21186447,0.21186447,5
19,0.8,17,26,-52.09916234,-52.043755,0.055408478,0.055408478,5
19,0.9,17,16,-39.0524899,-39.175003,-0.12251282,0.12251282,5
19,1.0,17,18,-39.37163767,-39.519405,-0.14776611,0.14776611,5
19,1.0,17,22,-44.9649396,-45.065277,-0.10033798,0.10033798,5
19,1.0,17,28,-49.37534452,-49.092537,0.2828064,0.2828064,5
19,0.3,18,16,-58.64210537,-58.782883,-0.14077759,0.14077759,5
19,0.4,18,18,-57.3811588,-57.094025,0.28713226,0.28713226,5
19,0.4,18,22,-59.43591829,-59.34823,0.087688446,0.087688446,5
19,0.4,18,24,-60.31321244,-60.103813,0.20940018,0.20940018,5
19,0.4,18,26,-61.06097967,-60.802498,0.25848007,0.25848007,5
19,0.5,18,16,-53.43296222,-53.280235,0.15272522,0.15272522,5
19,0.6,18,14,-47.94577085,-47.705467,0.24030304,0.24030304,5
19,0.7,18,16,-47.68719545,-47.074806,0.6123886,0.6123886,5
19,0.8,18,16,-44.38181342,-44.241283,0.14052963,0.14052963,5
19,0.9,18,18,-44.38366658,-44.209713,0.17395401,0.17395401,5
19,1.0,18,22,-46.57071234,-46.223,0.34771347,0.34771347,5
19,0.3,19,14,-58.08261159,-58.09623,-0.013618469,0.013618469,5
19,0.3,19,16,-59.4313529,-59.274815,0.15653992,0.15653992,5
19,0.4,19,24,-61.14050817,-60.715004,0.42550278,0.42550278,5
19,0.4,19,26,-61.89230081,-61.374348,0.51795197,0.51795197,5
19,0.5,19,22,-58.2171071,-58.261894,-0.04478836,0.04478836,5
19,0.5,19,24,-59.10680791,-58.942257,0.16455078,0.16455078,5
19,0.6,19,24,-57.1244305,-57.1695,-0.045066833,0.045066833,5
19,0.7,19,16,-49.07019558,-48.400986,0.6692085,0.6692085,5
19,0.7,19,26,-56.15483679,-56.16213,-0.0072898865,0.0072898865,5
19,0.8,19,14,-42.38131406,-41.82869,0.55262375,0.55262375,5
19,0.9,19,16,-42.88509858,-42.725845,0.15925217,0.15925217,5
19,0.9,19,26,-52.45005302,-52.535866,-0.085811615,0.085811615,5
19,1.0,19,24,-49.41484795,-48.95035,0.4644966,0.4644966,5
19,1.0,19,26,-50.63779583,-50.530903,0.10689163,0.10689163,5
19,0.3,20,26,-64.61366073,-63.77371,0.8399544,0.8399544,5
19,0.3,20,28,-65.30370493,-64.509346,0.7943573,0.7943573,5
19,0.4,20,16,-57.80243142,-57.646206,0.15622711,0.15622711,5
19,0.4,20,26,-62.69205865,-61.94675,0.7453079,0.7453079,5
19,0.5,20,22,-59.09718926,-58.85476,0.24243164,0.24243164,5
19,0.6,20,16,-52.82776671,-52.35066,0.477108,0.477108,5
19,0.6,20,18,-54.4794599,-54.20317,0.2762909,0.2762909,5
19,0.6,20,22,-57.07065222,-56.875908,0.19474411,0.19474411,5
19,0.7,20,16,-50.2912279,-49.55643,0.73479843,0.73479843,5
19,0.7,20,18,-52.2291153,-51.968323,0.26079178,0.26079178,5
19,0.7,20,22,-55.06215932,-54.66583,0.3963318,0.3963318,5
19,0.7,20,28,-58.06197294,-57.42799,0.6339836,0.6339836,5
19,0.8,20,18,-49.90322917,-49.37146,0.5317688,0.5317688,5
19,0.8,20,26,-55.28895791,-55.245205,0.043754578,0.043754578,5
19,0.9,20,20,-49.48423245,-49.23172,0.2525139,0.2525139,5
19,0.9,20,24,-52.41740822,-52.135483,0.2819252,0.2819252,5
19,0.9,20,28,-54.49580589,-54.349365,0.14644241,0.14644241,5
19,0.3,21,20,-62.95282283,-61.886288,1.066536,1.066536,5
19,0.3,21,24,-64.60996286,-63.79765,0.8123131,0.8123131,5
19,0.3,21,26,-65.33979841,-64.533295,0.8065033,0.8065033,5
19,0.4,21,22,-61.86039385,-61.147682,0.71271133,0.71271133,5
19,0.5,21,20,-58.79919586,-58.117558,0.6816368,0.6816368,5
19,0.5,21,28,-62.46599027,-61.628777,0.8372154,0.8372154,5
19,0.6,21,18,-55.35381578,-55.250946,0.10287094,0.10287094,5
19,0.6,21,26,-59.82823248,-59.110752,0.7174797,0.7174797,5
19,0.7,21,22,-55.99014678,-55.716007,0.2741394,0.2741394,5
19,0.7,21,26,-58.01931698,-57.405502,0.6138153,0.6138153,5
19,0.7,21,28,-58.90937793,-58.15773,0.75164795,0.75164795,5
19,0.8,21,14,-45.69912931,-45.17791,0.52122116,0.52122116,5
19,0.8,21,20,-52.6235998,-52.37774,0.24586105,0.24586105,5
19,0.9,21,14,-42.32944432,-41.49754,0.83190536,0.83190536,5
19,0.9,21,18,-48.72889094,-48.05495,0.67393875,0.67393875,5
19,0.9,21,26,-54.46876396,-54.247276,0.22148895,0.22148895,5
19,1.0,21,16,-43.16151535,-42.67708,0.48443604,0.48443604,5
19,1.0,21,22,-50.17385558,-49.789536,0.3843193,0.3843193,5
23,0.3,14,28,-72.55380975,-72.448746,0.10506439,0.10506439,5
23,0.4,14,16,-62.07675593,-62.536907,-0.46015167,0.46015167,5
23,0.4,14,24,-68.33731262,-68.64091,-0.3035965,0.3035965,5
23,0.4,14,26,-69.30657505,-69.550964,-0.2443924,0.2443924,5
23,0.5,14,16,-57.7372595,-58.29708,-0.5598221,0.5598221,5
23,0.5,14,22,-64.33572581,-64.16537,0.17035675,0.17035675,5
23,0.6,14,20,-59.15623174,-59.618393,-0.46216202,0.46216202,5
23,0.7,14,22,-57.91590389,-58.42195,-0.5060463,0.5060463,5
23,0.9,14,20,-47.55031101,-47.351814,0.19849777,0.19849777,5
23,0.9,14,22,-50.72309828,-50.475388,0.24771118,0.24771118,5
23,0.4,15,18,-65.79222612,-65.83968,-0.047454834,0.047454834,5
23,0.5,15,14,-56.45491228,-56.837284,-0.38237,0.38237,5
23,0.5,15,22,-65.81096972,-65.7497,0.061264038,0.061264038,5
23,0.5,15,24,-67.00999729,-67.00892,0.0010757446,0.0010757446,5
23,0.6,15,14,-51.51208162,-51.830902,-0.31882095,0.31882095,5
23,0.6,15,18,-58.73791168,-59.021763,-0.28385162,0.28385162,5
23,0.6,15,20,-61.17381597,-61.328136,-0.15431976,0.15431976,5
23,0.8,15,16,-46.52302453,-46.41252,0.11050415,0.11050415,5
23,0.8,15,28,-61.99190083,-62.037853,-0.045951843,0.045951843,5
23,0.9,15,20,-50.2832304,-50.638214,-0.35498428,0.35498428,5
23,0.5,16,16,-61.65843377,-61.93685,-0.2784195,0.2784195,5
23,0.6,16,16,-57.71063976,-57.973267,-0.26262665,0.26262665,5
23,0.6,16,20,-62.83609787,-62.864403,-0.028305054,0.028305054,5
23,0.6,16,24,-65.82147817,-65.843346,-0.021865845,0.021865845,5
23,0.7,16,22,-61.8060847,-61.88911,-0.083026886,0.083026886,5
23,0.7,16,24,-63.34466698,-63.33872,0.005947113,0.005947113,5
23,0.7,16,26,-64.64504931,-64.58502,0.060028076,0.060028076,5
23,0.9,16,14,-38.69938202,-38.61592,0.08346176,0.08346176,5
23,0.9,16,20,-52.80176633,-52.806282,-0.0045166016,0.0045166016,5
23,1.0,16,28,-59.02092687,-58.847603,0.17332458,0.17332458,5
23,0.3,17,14,-67.85944994,-67.347145,0.5123062,0.5123062,5
23,0.3,17,18,-71.0861046,-70.72728,0.35882568,0.35882568,5
23,0.3,17,26,-75.04129966,-75.00709,0.034210205,0.034210205,5
23,0.4,17,28,-73.56620387,-73.501274,0.06492615,0.06492615,5
23,0.5,17,24,-69.5208751,-69.63262,-0.11174774,0.11174774,5
23,0.6,17,16,-59.63980774,-59.61454,0.025268555,0.025268555,5
23,0.6,17,20,-64.29951526,-64.16517,0.13434601,0.13434601,5
23,0.7,17,24,-64.75556393,-64.66403,0.091529846,0.091529846,5
23,1.0,17,14,-36.78739574,-36.272938,0.5144577,0.5144577,5
23,0.3,18,18,-72.06220281,-71.71533,0.34687042,0.34687042,5
23,0.3,18,20,-73.24560613,-73.26095,-0.015342712,0.015342712,5
23,0.4,18,20,-70.71856924,-70.51633,0.20223999,0.20223999,5
23,0.4,18,22,-71.84555934,-71.818016,0.027542114,0.027542114,5
23,0.4,18,26,-73.751329,-73.72352,0.027809143,0.027809143,5
23,0.5,18,14,-62.02488407,-61.5056,0.5192833,0.5192833,5
23,0.5,18,24,-70.57821708,-70.662056,-0.08383942,0.08383942,5
23,0.5,18,26,-71.58246373,-71.90836,-0.32589722,0.32589722,5
23,0.6,18,24,-68.29998494,-68.14708,0.15290833,0.15290833,5
23,0.6,18,28,-70.48878338,-70.68397,-0.1951828,0.1951828,5
23,0.8,18,18,-57.49221455,-56.82701,0.6652031,0.6652031,5
23,0.9,18,20,-57.21634126,-56.65576,0.5605812,0.5605812,5
23,0.9,18,26,-62.91361975,-62.742237,0.1713829,0.1713829,5
23,1.0,18,22,-56.90787394,-56.489037,0.4188385,0.4188385,5
23,1.0,18,28,-62.12560389,-61.528397,0.5972061,0.5972061,5
23,0.3,19,26,-76.82172495,-76.196434,0.6252899,0.6252899,5
23,0.4,19,20,-71.65513227,-71.391235,0.26389313,0.26389313,5
23,0.5,19,24,-71.61543868,-71.691505,-0.07606506,0.07606506,5
23,0.7,19,14,-55.64458048,-55.62133,0.02325058,0.02325058,5
23,0.7,19,16,-59.49693655,-59.35446,0.14247513,0.14247513,5
23,0.8,19,26,-66.30851048,-66.04489,0.26361847,0.26361847,5
23,0.8,19,28,-67.46689035,-67.45655,0.01033783,0.01033783,5
23,0.9,19,16,-52.04093471,-51.81162,0.22931671,0.22931671,5
23,1.0,19,14,-42.4554573,-42.336914,0.11854172,0.11854172,5
23,0.3,20,16,-72.39570563,-72.03501,0.3606949,0.3606949,5
23,0.3,20,18,-73.76779816,-73.5223,0.24549866,0.24549866,5
23,0.3,20,24,-76.87020554,-76.25025,0.619957,0.619957,5
23,0.4,20,22,-73.71773242,-73.58805,0.12968445,0.12968445,5
23,0.5,20,28,-74.55880491,-73.94102,0.6177902,0.6177902,5
23,0.6,20,18,-66.23896879,-65.71549,0.52347565,0.52347565,5
23,0.7,20,24,-68.3461331,-67.917305,0.42882538,0.42882538,5
23,0.7,20,26,-69.46217864,-69.30429,0.15789032,0.15789032,5
23,0.8,20,16,-57.71363068,-57.669716,0.043914795,0.043914795,5
23,0.8,20,20,-63.01425872,-62.747566,0.26669312,0.26669312,5
23,0.8,20,28,-68.61778448,-68.531746,0.08603668,0.08603668,5
23,0.9,20,18,-57.87748044,-57.425453,0.45202637,0.45202637,5
23,0.9,20,22,-62.49614634,-62.159607,0.33654022,0.33654022,5
23,0.9,20,24,-64.10394546,-63.74057,0.3633728,0.3633728,5
23,0.3,21,14,-71.61411137,-71.52805,0.08605957,0.08605957,5
23,0.3,21,28,-79.26935539,-78.3489,0.92045593,0.92045593,5
23,0.4,21,16,-70.59603607,-70.17632,0.41971588,0.41971588,5
23,0.4,21,26,-76.48161903,-75.78631,0.6953125,0.6953125,5
23,0.5,21,16,-68.01014647,-67.43274,0.57740784,0.57740784,5
23,0.6,21,28,-73.43903529,-72.891754,0.54727936,0.54727936,5
23,0.7,21,16,-62.43438895,-61.49423,0.94015884,0.94015884,5
23,0.8,21,14,-55.32928448,-54.794624,0.53466034,0.53466034,5
23,0.9,21,14,-51.32153462,-50.993244,0.32828903,0.32828903,5
23,0.9,21,26,-66.62975376,-66.35531,0.27444458,0.27444458,5
23,0.9,21,28,-67.74540426,-67.6811,0.06430817,0.06430817,5
23,1.0,21,16,-52.48116776,-51.7948,0.68636703,0.68636703,5
23,1.0,21,18,-56.524264,-55.78304,0.7412262,0.7412262,5
23,1.0,21,28,-65.91873833,-65.74877,0.16996765,0.16996765,5
27,0.3,14,14,-74.19683256,-74.67858,-0.4817505,0.4817505,5
27,0.3,14,16,-76.86030982,-77.14474,-0.28442383,0.28442383,5
27,0.4,14,20,-77.07741212,-77.31216,-0.23474121,0.23474121,5
27,0.4,14,26,-81.18091801,-81.39742,-0.21650696,0.21650696,5
27,0.5,14,14,-63.26606882,-63.226196,0.039871216,0.039871216,5
27,0.5,14,26,-78.34472052,-78.267525,0.077194214,0.077194214,5
27,0.6,14,16,-62.18092608,-61.963776,0.21715164,0.21715164,5
27,0.6,14,24,-73.83016039,-73.81561,0.014549255,0.014549255,5
27,0.8,14,14,-43.95423775,-43.986443,-0.032203674,0.032203674,5
27,0.8,14,16,-50.85092474,-50.89583,-0.0449028,0.0449028,5
27,0.8,14,18,-56.45249412,-56.574265,-0.12176895,0.12176895,5
27,0.8,14,20,-60.49662754,-60.80084,-0.30421066,0.30421066,5
27,0.9,14,14,-37.08330955,-37.5175,-0.43419266,0.43419266,5
27,0.3,15,14,-76.08434156,-76.3402,-0.25585938,0.25585938,5
27,0.5,15,20,-75.33003657,-75.37395,-0.043907166,0.043907166,5
27,0.5,15,26,-79.92580664,-79.86302,0.06278229,0.06278229,5
27,0.5,15,28,-80.99130784,-81.03867,-0.04736328,0.04736328,5
27,0.6,15,26,-77.20498046,-77.20042,0.004562378,0.004562378,5
27,0.6,15,28,-78.43583215,-78.37651,0.059318542,0.059318542,5
27,0.7,15,16,-59.88092663,-59.679436,0.20149231,0.20149231,5
27,0.8,15,22,-66.76887447,-66.56727,0.20160675,0.20160675,5
27,1.0,15,24,-62.19769628,-62.19326,0.004436493,0.004436493,5
27,0.3,16,20,-83.20593268,-82.95313,0.2528,0.2528,5
27,0.3,16,26,-86.50896305,-87.09304,-0.5840759,0.5840759,5
27,0.4,16,26,-83.93910904,-84.106735,-0.16762543,0.16762543,5
27,0.5,16,14,-68.20399027,-68.35174,-0.14775085,0.14775085,5
27,0.5,16,16,-72.02677947,-71.948296,0.07848358,0.07848358,5
27,0.6,16,14,-62.96315798,-62.762753,0.20040512,0.20040512,5
27,0.6,16,18,-71.00549603,-70.94609,0.059402466,0.059402466,5
27,0.6,16,26,-78.77431972,-78.74723,0.02709198,0.02709198,5
27,0.7,16,24,-74.63929037,-74.91606,-0.27677155,0.27677155,5
27,0.8,16,24,-71.65646257,-71.68174,-0.025276184,0.025276184,5
27,0.9,16,28,-72.48819771,-72.64132,-0.15312195,0.15312195,5
27,1.0,16,18,-53.19005877,-53.376728,-0.1866684,0.1866684,5
27,1.0,16,20,-57.96845293,-58.38373,-0.4152794,0.4152794,5
27,1.0,16,22,-61.80358619,-62.03669,-0.2331047,0.2331047,5
27,1.0,16,24,-65.01850981,-64.75214,0.26637268,0.26637268,5
27,1.0,16,26,-67.67603191,-67.54394,0.13209534,0.13209534,5
27,0.3,17,24,-86.64425981,-86.9994,-0.3551407,0.3551407,5
27,0.4,17,24,-84.09770731,-84.11121,-0.013504028,0.013504028,5
27,0.6,17,22,-77.38220049,-77.41161,-0.029411316,0.029411316,5
27,0.8,17,14,-54.73699751,-54.31441,0.42258453,0.42258453,5
27,0.8,17,16,-60.49190413,-60.431618,0.060287476,0.060287476,5
27,0.8,17,24,-73.57390973,-73.635956,-0.062049866,0.062049866,5
27,0.9,17,14,-48.8986727,-48.38469,0.5139847,0.5139847,5
27,0.3,18,26,-88.66846826,-88.64959,0.018875122,0.018875122,5
27,0.4,18,20,-82.71370073,-82.54118,0.17251587,0.17251587,5
27,0.4,18,22,-84.08341099,-83.85206,0.23135376,0.23135376,5
27,0.4,18,24,-85.24486877,-85.12287,0.12199402,0.12199402,5
27,0.5,18,20,-79.90440903,-79.79737,0.107040405,0.107040405,5
27,0.5,18,24,-82.80360108,-82.58863,0.21497345,0.21497345,5
27,0.6,18,18,-74.7423225,-74.75402,-0.011695862,0.011695862,5
27,0.6,18,20,-77.05308416,-77.23091,-0.17782593,0.17782593,5
27,0.6,18,22,-78.81466109,-78.71462,0.10003662,0.10003662,5
27,0.9,18,16,-58.49398005,-58.174843,0.31913757,0.31913757,5
27,0.9,18,24,-72.62714637,-72.442924,0.18421936,0.18421936,5
27,0.9,18,28,-75.89349819,-75.59959,0.2939148,0.2939148,5
27,0.3,19,24,-88.68534112,-88.695816,-0.010475159,0.010475159,5
27,0.5,19,28,-86.08856616,-86.25578,-0.16721344,0.16721344,5
27,0.6,19,22,-80.12463363,-79.74406,0.3805771,0.3805771,5
27,0.6,19,28,-83.87671251,-83.941696,-0.06498718,0.06498718,5
27,0.8,19,20,-72.62881664,-72.248924,0.37989044,0.37989044,5
27,0.8,19,24,-76.65146468,-76.353546,0.29792023,0.29792023,5
27,0.9,19,14,-55.11886431,-54.227768,0.891098,0.891098,5
27,0.9,19,16,-61.05326379,-60.384735,0.6685295,0.6685295,5
27,0.9,19,26,-75.8763224,-75.619064,0.25725555,0.25725555,5
27,0.9,19,28,-77.34384995,-76.94053,0.4033203,0.4033203,5
27,1.0,19,18,-61.76907115,-61.51725,0.2518196,0.2518196,5
27,1.0,19,24,-71.57741892,-71.36167,0.21574402,0.21574402,5
27,0.3,20,14,-82.53227105,-82.105,0.42726898,0.42726898,5
27,0.3,20,22,-88.63483466,-88.71539,-0.08055878,0.08055878,5
27,0.4,20,14,-79.19150782,-78.550674,0.640831,0.640831,5
27,0.4,20,18,-83.34905118,-82.76391,0.58514404,0.58514404,5
27,0.4,20,20,-84.85466036,-84.32289,0.5317688,0.5317688,5
27,0.4,20,24,-87.3752024,-87.27513,0.10007477,0.10007477,5
27,0.4,20,28,-89.32683294,-88.84232,0.48451233,0.48451233,5
27,0.5,20,16,-78.43281206,-78.11338,0.31943512,0.31943512,5
27,0.5,20,22,-83.74550725,-83.31982,0.4256897,0.4256897,5
27,0.6,20,22,-81.31150268,-80.79064,0.52085876,0.52085876,5
27,0.6,20,26,-83.91188734,-83.743774,0.16811371,0.16811371,5
27,0.8,20,24,-78.03032944,-77.52003,0.5102997,0.5102997,5
27,0.9,20,24,-75.6700836,-75.24001,0.43006897,0.43006897,5
27,0.9,20,26,-77.28434359,-76.70079,0.5835495,0.5835495,5
27,0.3,21,26,-91.53600943,-90.818596,0.71741486,0.71741486,5
27,0.3,21,28,-92.41598962,-91.470375,0.9456177,0.9456177,5
27,0.4,21,14,-80.31366782,-79.0887,1.224968,1.224968,5
27,0.4,21,16,-82.50448716,-81.91666,0.5878296,0.5878296,5
27,0.4,21,20,-85.83122476,-85.353165,0.47805786,0.47805786,5
27,0.4,21,26,-89.35217177,-88.866264,0.4859085,0.4859085,5
27,0.5,21,14,-76.94477013,-75.53446,1.4103088,1.4103088,5
27,0.5,21,24,-86.10000693,-85.92977,0.17023468,0.17023468,5
27,0.6,21,28,-86.11573871,-85.97193,0.14380646,0.14380646,5
27,0.7,21,14,-69.18198138,-68.683014,0.49897003,0.49897003,5
27,0.7,21,28,-84.11549888,-84.082436,0.033065796,0.033065796,5
27,0.8,21,26,-80.75865626,-80.23699,0.5216675,0.5216675,5
27,0.8,21,28,-82.04532857,-81.68902,0.35630798,0.35630798,5
31,0.3,14,14,-84.28962756,-84.796776,-0.50714874,0.50714874,5
31,0.4,14,28,-94.12838147,-94.24798,-0.11959839,0.11959839,5
31,0.5,14,14,-72.2102914,-71.93112,0.27916718,0.27916718,5
31,0.5,14,20,-83.8227963,-83.77148,0.051322937,0.051322937,5
31,0.6,14,20,-79.33297954,-79.2923,0.04067993,0.04067993,5
31,0.6,14,22,-82.14467652,-82.230385,-0.08570862,0.08570862,5
31,0.7,14,20,-74.4513707,-74.814606,-0.36323547,0.36323547,5
31,0.7,14,26,-83.06365053,-83.37241,-0.3087616,0.3087616,5
31,0.8,14,22,-73.30152711,-73.670265,-0.36873627,0.36873627,5
31,0.9,14,28,-78.06153532,-78.74141,-0.6798706,0.6798706,5
31,1.0,14,16,-44.52170577,-44.16964,0.35206604,0.35206604,5
31,1.0,14,20,-58.63723591,-58.94909,-0.3118515,0.3118515,5
31,1.0,14,26,-71.31286002,-71.68206,-0.36920166,0.36920166,5
31,0.3,15,18,-91.66224612,-91.91496,-0.25271606,0.25271606,5
31,0.3,15,20,-93.45619634,-93.73455,-0.27835083,0.27835083,5
31,0.3,15,26,-97.40675336,-97.5241,-0.11734772,0.11734772,5
31,0.4,15,16,-84.71776766,-84.866936,-0.14916992,0.14916992,5
31,0.4,15,22,-91.73418755,-92.11991,-0.38572693,0.38572693,5
31,0.5,15,18,-83.25768911,-83.19933,0.05835724,0.05835724,5
31,0.5,15,24,-90.08022118,-90.4275,-0.34727478,0.34727478,5
31,0.5,15,26,-91.58843838,-91.59907,-0.010627747,0.010627747,5
31,0.6,15,22,-84.66529508,-84.66181,0.0034866333,0.0034866333,5
31,0.7,15,18,-73.486538,-74.32325,-0.83670807,0.83670807,5
31,0.7,15,26,-85.43658314,-85.88223,-0.4456482,0.4456482,5
31,0.7,15,28,-87.16936665,-87.34606,-0.17669678,0.17669678,5
31,0.8,15,16,-62.41764001,-62.305717,0.11192322,0.11192322,5
31,0.8,15,20,-72.76508793,-73.91346,-1.1483688,1.1483688,5
31,0.9,15,24,-75.60274572,-75.504814,0.09793091,0.09793091,5
31,0.4,16,16,-86.82462101,-86.86222,-0.037597656,0.037597656,5
31,0.4,16,28,-97.13920774,-97.04965,0.08955383,0.08955383,5
31,0.6,16,18,-81.08751395,-81.465614,-0.37809753,0.37809753,5
31,0.7,16,18,-76.38760722,-77.207985,-0.82038116,0.82038116,5
31,0.7,16,26,-87.72308644,-87.82189,-0.09880829,0.09880829,5
31,0.8,16,26,-84.51562341,-84.59355,-0.077926636,0.077926636,5
31,0.9,16,14,-52.04844689,-51.82557,0.2228775,0.2228775,5
31,0.9,16,16,-60.05491189,-59.757065,0.29784775,0.29784775,5
31,1.0,16,14,-44.98230867,-45.15699,-0.17468262,0.17468262,5
31,1.0,16,18,-60.98254637,-60.778683,0.20386505,0.20386505,5
31,0.3,17,22,-97.69655942,-97.48308,0.21347809,0.21347809,5
31,0.3,17,24,-98.92984643,-98.89469,0.03515625,0.03515625,5
31,0.4,17,24,-96.19670187,-95.98315,0.21355438,0.21355438,5
31,0.6,17,14,-74.68390186,-74.58477,0.09912872,0.09912872,5
31,0.6,17,16,-79.59705526,-79.5147,0.082351685,0.082351685,5
31,0.6,17,18,-83.41126283,-83.60709,-0.1958313,0.1958313,5
31,0.7,17,16,-74.53432447,-74.74143,-0.20710754,0.20710754,5
31,0.9,17,14,-56.02641395,-55.57003,0.45638275,0.45638275,5
31,0.9,17,18,-69.57932208,-69.467125,0.112197876,0.112197876,5
31,1.0,17,16,-57.9083024,-56.4381,1.4702034,1.4702034,5
31,0.3,18,14,-91.44408715,-91.30146,0.1426239,0.1426239,5
31,0.4,18,16,-90.26091638,-90.22927,0.03164673,0.03164673,5
31,0.5,18,14,-82.37395808,-81.99828,0.3756714,0.3756714,5
31,0.6,18,14,-77.21038865,-76.73118,0.4792099,0.4792099,5
31,0.6,18,24,-92.0603094,-91.978905,0.08140564,0.08140564,5
31,0.7,18,20,-84.82885962,-84.50489,0.32396698,0.32396698,5
31,0.9,18,16,-67.02162353,-66.71124,0.31037903,0.31037903,5
31,1.0,18,16,-61.59038527,-60.467648,1.1227379,1.1227379,5
31,0.3,19,20,-98.67019115,-98.22846,0.44172668,0.44172668,5
31,0.3,19,28,-103.2828378,-103.229614,0.053222656,0.053222656,5
31,0.5,19,22,-94.59082241,-94.185616,0.40520477,0.40520477,5
31,0.6,19,22,-91.77574862,-91.67063,0.1051178,0.1051178,5
31,0.6,19,24,-93.50336634,-93.029655,0.4737091,0.4737091,5
31,0.6,19,28,-96.22164855,-96.0038,0.21784973,0.21784973,5
31,0.7,19,22,-89.08438643,-88.99526,0.08912659,0.08912659,5
31,0.8,19,26,-90.0333519,-89.71325,0.3201065,0.3201065,5
31,0.9,19,18,-75.30832923,-75.2333,0.075027466,0.075027466,5
31,0.9,19,24,-85.32633513,-85.0481,0.27822876,0.27822876,5
31,1.0,19,18,-70.8021687,-70.32653,0.47563934,0.47563934,5
31,0.3,20,24,-102.2650986,-102.29864,-0.03353882,0.03353882,5
31,0.4,20,14,-90.25826633,-89.9802,0.2780609,0.2780609,5
31,0.4,20,20,-96.93421031,-96.48415,0.45005798,0.45005798,5
31,0.5,20,16,-89.56911086,-89.50803,0.061073303,0.061073303,5
31,0.6,20,28,-97.59516882,-97.30048,0.29468536,0.29468536,5
31,0.7,20,18,-85.50306124,-85.15677,0.3462906,0.3462906,5
31,0.8,20,24,-89.71835918,-89.50948,0.20887756,0.20887756,5
31,0.9,20,18,-77.80799704,-77.51345,0.29454803,0.29454803,5
31,1.0,20,18,-73.53997465,-73.18479,0.35518646,0.35518646,5
31,0.3,21,14,-95.12640839,-94.264275,0.86213684,0.86213684,5
31,0.5,21,20,-95.33938436,-94.776634,0.56275177,0.56275177,5
31,0.6,21,14,-83.55025222,-83.331314,0.21894073,0.21894073,5
31,0.7,21,14,-79.01869109,-78.581696,0.43699646,0.43699646,5
31,0.7,21,18,-87.22909702,-86.81414,0.41495514,0.41495514,5
31,0.9,21,16,-75.15479783,-74.44558,0.7092209,0.7092209,5
31,0.9,21,18,-80.08008794,-79.43365,0.6464386,0.6464386,5
31,0.9,21,20,-83.77706117,-83.16584,0.6112213,0.6112213,5
31,1.0,21,28,-89.8299174,-89.17044,0.65947723,0.65947723,5
35,0.3,14,14,-94.04837431,-94.17449,-0.12611389,0.12611389,5
35,0.3,14,16,-97.71240695,-97.827896,-0.115486145,0.115486145,5
35,0.3,14,22,-104.7587845,-105.34343,-0.58464813,0.58464813,5
35,0.4,14,18,-95.76167179,-95.97899,-0.21731567,0.21731567,5
35,0.4,14,22,-100.9122733,-101.25976,-0.3474884,0.3474884,5
35,0.5,14,16,-86.20353286,-86.21423,-0.0107040405,0.0107040405,5
35,0.5,14,22,-96.76120951,-96.90655,-0.14533997,0.14533997,5
35,0.5,14,24,-99.05387645,-99.39802,-0.3441391,0.3441391,5
35,0.5,14,28,-102.6037523,-102.60122,0.002532959,0.002532959,5
35,0.7,14,18,-78.98117837,-79.004005,-0.022827148,0.022827148,5
35,0.7,14,20,-83.66709151,-84.27213,-0.6050415,0.6050415,5
35,0.8,14,24,-86.17413273,-86.75645,-0.58231354,0.58231354,5
35,1.0,14,20,-66.12156322,-66.356636,-0.23506927,0.23506927,5
35,1.0,14,22,-71.97567859,-72.69221,-0.71652985,0.71652985,5
35,0.3,15,14,-96.42758325,-96.33875,0.08882904,0.08882904,5
35,0.3,15,20,-104.7714096,-105.04186,-0.2704544,0.2704544,5
35,0.3,15,24,-108.0424458,-108.29174,-0.2492981,0.2492981,5
35,0.4,15,20,-100.9332801,-100.75834,0.17494202,0.17494202,5
35,0.5,15,20,-96.63077445,-96.50279,0.1279831,0.1279831,5
35,0.6,15,24,-97.70747174,-97.79823,-0.09075928,0.09075928,5
35,0.6,15,26,-99.74837309,-100.396255,-0.64788055,0.64788055,5
35,0.7,15,18,-82.55934217,-83.28837,-0.7290268,0.7290268,5
35,0.7,15,20,-87.00099938,-88.07636,-1.0753632,1.0753632,5
35,0.8,15,22,-86.07784391,-86.514946,-0.43710327,0.43710327,5
35,1.0,15,22,-76.25042596,-77.0041,-0.75366974,0.75366974,5
35,0.3,16,22,-108.1470149,-108.102554,0.04446411,0.04446411,5
35,0.5,16,16,-92.01052913,-91.93569,0.07483673,0.07483673,5
35,0.5,16,26,-104.881556,-104.888084,-0.0065307617,0.0065307617,5
35,0.5,16,28,-106.3328373,-106.05956,0.27327728,0.27327728,5
35,0.6,16,26,-101.8164156,-102.21356,-0.39714813,0.39714813,5
35,0.7,16,20,-90.1881094,-90.92227,-0.7341614,0.7341614,5
35,0.9,16,14,-58.6086317,-59.047695,-0.43906403,0.43906403,5
35,0.9,16,20,-80.19588372,-80.291695,-0.09580994,0.09580994,5
35,0.9,16,28,-94.23936067,-94.50825,-0.26889038,0.26889038,5
35,1.0,16,20,-75.03022491,-74.80161,0.2286148,0.2286148,5
35,1.0,16,22,-80.01753362,-80.51339,-0.49585724,0.49585724,5
35,0.3,17,16,-103.6178356,-103.25822,0.35961914,0.35961914,5
35,0.4,17,14,-95.40928593,-95.04106,0.3682251,0.3682251,5
35,0.4,17,18,-102.2602485,-101.9027,0.35754395,0.35754395,5
35,0.6,17,20,-97.07292486,-96.87771,0.19521332,0.19521332,5
35,0.6,17,26,-103.6912386,-103.79124,-0.099998474,0.099998474,5
35,0.7,17,16,-83.77144889,-84.064384,-0.29293823,0.29293823,5
35,0.7,17,18,-88.86993687,-89.69988,-0.8299484,0.8299484,5
35,0.7,17,20,-92.91437951,-93.295555,-0.38117218,0.38117218,5
35,0.8,17,14,-70.39725406,-70.223595,0.17366028,0.17366028,5
35,0.9,17,14,-63.12486955,-62.99205,0.13282013,0.13282013,5
35,0.9,17,22,-87.98065707,-88.02989,-0.049232483,0.049232483,5
35,0.9,17,26,-94.39615641,-94.22074,0.17541504,0.17541504,5
35,1.0,17,18,-72.8203126,-72.39156,0.42874908,0.42874908,5
35,0.4,18,14,-97.49006906,-97.07537,0.41469574,0.41469574,5
35,0.5,18,14,-92.22435775,-91.65191,0.57244873,0.57244873,5
35,0.5,18,20,-102.8346459,-102.44099,0.3936615,0.3936615,5
35,0.6,18,14,-86.59438942,-86.315895,0.2784958,0.2784958,5
35,0.6,18,16,-91.84733919,-91.400604,0.44673157,0.44673157,5
35,0.7,18,28,-104.2685051,-104.01027,0.25823975,0.25823975,5
35,0.8,18,16,-81.16646503,-81.312836,-0.14636993,0.14636993,5
35,0.8,18,22,-94.66643993,-94.292244,0.3741989,0.3741989,5
35,1.0,18,20,-82.012772,-82.21548,-0.20270538,0.20270538,5
35,1.0,18,28,-95.91926195,-96.03007,-0.1108017,0.1108017,5
35,0.3,19,18,-108.8653013,-108.57076,0.2945404,0.2945404,5
35,0.4,19,16,-102.8007013,-102.68163,0.11907196,0.11907196,5
35,0.5,19,26,-109.5988621,-109.05712,0.5417404,0.5417404,5
35,0.5,19,28,-110.8586408,-110.4894,0.3692398,0.3692398,5
35,0.6,19,22,-103.4124295,-103.26974,0.14269257,0.14269257,5
35,0.6,19,28,-108.3446797,-108.04844,0.29624176,0.29624176,5
35,0.7,19,22,-100.248282,-99.72038,0.5279007,0.5279007,5
35,0.9,19,16,-78.68636816,-78.27336,0.41300964,0.41300964,5
35,1.0,19,14,-64.21927374,-64.72151,-0.5022354,0.5022354,5
35,1.0,19,16,-73.07202961,-72.346306,0.72572327,0.72572327,5
35,1.0,19,26,-95.73750792,-95.624825,0.11268616,0.11268616,5
35,0.3,20,20,-111.8519022,-111.43476,0.41714478,0.41714478,5
35,0.3,20,26,-115.9657061,-115.8076,0.15810394,0.15810394,5
35,0.3,20,28,-117.1181798,-117.099915,0.01826477,0.01826477,5
35,0.4,20,16,-104.2961429,-104.41112,-0.114974976,0.114974976,5
35,0.4,20,24,-112.0879732,-111.58282,0.5051575,0.5051575,5
35,0.5,20,20,-105.8261489,-105.66467,0.16147614,0.16147614,5
35,0.5,20,26,-110.9030823,-110.28986,0.6132202,0.6132202,5
35,0.6,20,22,-104.984654,-104.81835,0.16630554,0.16630554,5
35,0.6,20,28,-109.7265636,-109.39513,0.33143616,0.33143616,5
35,0.7,20,20,-99.42523425,-98.88456,0.5406723,0.5406723,5
35,0.7,20,22,-101.9122448,-101.721436,0.19081116,0.19081116,5
35,0.7,20,24,-104.0456231,-103.96449,0.08113098,0.08113098,5
35,0.7,20,28,-107.3588929,-106.96935,0.38954163,0.38954163,5
35,0.8,20,14,-80.43017434,-80.0411,0.38907623,0.38907623,5
35,0.8,20,18,-91.95753471,-91.855415,0.102119446,0.102119446,5
35,0.8,20,26,-103.1913581,-103.038826,0.15253448,0.15253448,5
35,0.9,20,24,-98.4761299,-97.93639,0.5397339,0.5397339,5
35,1.0,20,20,-87.94842487,-88.11144,-0.16301727,0.16301727,5
35,1.0,20,22,-92.05480197,-91.81915,0.23564911,0.23564911,5
35,0.3,21,14,-106.5365482,-105.86258,0.67396545,0.67396545,5
35,0.3,21,22,-114.48939,-114.112206,0.377182,0.377182,5
35,0.3,21,28,-118.2236268,-117.86532,0.35830688,0.35830688,5
35,0.6,21,20,-104.1880435,-103.86739,0.3206482,0.3206482,5
35,0.7,21,14,-88.66331203,-88.123436,0.53987885,0.53987885,5
35,0.7,21,16,-94.04495336,-93.527756,0.51719666,0.51719666,5
35,0.8,21,18,-94.20144934,-93.702156,0.49929047,0.49929047,5
35,0.8,21,28,-106.4003667,-105.94123,0.45913696,0.45913696,5
35,1.0,21,18,-85.60477984,-85.45341,0.15137482,0.15137482,5
39,0.5,14,14,-89.57578446,-90.587326,-1.0115433,1.0115433,5
39,0.5,14,18,-100.0496826,-100.79634,-0.7466583,0.7466583,5
39,0.5,14,22,-107.2763208,-107.47543,-0.19911194,0.19911194,5
39,0.6,14,24,-105.3557105,-105.70362,-0.34790802,0.34790802,5
39,0.6,14,28,-110.1976807,-110.876945,-0.6792679,0.6792679,5
39,0.7,14,14,-72.59740065,-72.492455,0.10494232,0.10494232,5
39,0.7,14,16,-81.01457464,-80.98315,0.031425476,0.031425476,5
39,0.9,14,14,-52.96990985,-56.45096,-3.4810486,3.4810486,5
39,1.0,14,14,-43.85908317,-49.199417,-5.340336,5.340336,5
39,1.0,14,16,-55.68483785,-57.74286,-2.0580215,2.0580215,5
39,1.0,14,24,-85.26577333,-85.60411,-0.33834076,0.33834076,5
39,1.0,14,26,-89.52690298,-90.12806,-0.60115814,0.60115814,5
39,0.3,15,24,-119.6384616,-120.1004,-0.46194458,0.46194458,5
39,0.4,15,18,-108.4846832,-108.37566,0.10901642,0.10901642,5
39,0.4,15,22,-114.0279136,-114.11106,-0.08314514,0.08314514,5
39,0.4,15,24,-116.0740806,-116.76208,-0.6879959,0.6879959,5
39,0.5,15,14,-93.12101321,-93.96708,-0.84606934,0.84606934,5
39,0.6,15,28,-112.7535226,-113.41126,-0.65773773,0.65773773,5
39,0.7,15,16,-85.41611224,-85.49253,-0.076416016,0.076416016,5
39,0.7,15,18,-91.54147335,-91.63137,-0.089897156,0.089897156,5
39,0.7,15,22,-100.7564589,-100.46169,0.2947693,0.2947693,5
39,1.0,15,28,-97.33102359,-97.01832,0.312706,0.312706,5
39,0.3,16,18,-115.3969978,-115.045586,0.3514099,0.3514099,5
39,0.3,16,22,-119.698893,-119.95938,-0.26049042,0.26049042,5
39,0.4,16,14,-102.7875647,-102.47908,0.30848694,0.30848694,5
39,0.4,16,16,-107.2505571,-107.521996,-0.2714386,0.2714386,5
39,0.4,16,28,-121.0993329,-120.768906,0.33042908,0.33042908,5
39,0.5,16,14,-96.31490337,-96.641174,-0.32627106,0.32627106,5
39,0.5,16,28,-118.0485248,-117.79561,0.25291443,0.25291443,5
39,0.6,16,24,-110.9311747,-110.85449,0.076683044,0.076683044,5
39,0.7,16,26,-109.6094291,-109.59273,0.016700745,0.016700745,5
39,0.8,16,26,-105.836657,-105.6002,0.23645782,0.23645782,5
39,0.9,16,18,-82.96315948,-82.948906,0.014251709,0.014251709,5
39,0.9,16,24,-98.31614573,-97.761894,0.5542526,0.5542526,5
39,0.9,16,28,-104.7703746,-104.62551,0.14486694,0.14486694,5
39,1.0,16,14,-56.22781058,-59.838547,-3.6107368,3.6107368,5
39,1.0,16,16,-67.62749867,-68.63044,-1.0029373,1.0029373,5
39,1.0,16,18,-76.31812847,-77.00946,-0.69132996,0.69132996,5
39,1.0,16,24,-93.60289346,-93.21931,0.38358307,0.38358307,5
39,0.3,17,22,-121.3444714,-121.20963,0.13484192,0.13484192,5
39,0.3,17,28,-125.5988285,-125.4349,0.1639328,0.1639328,5
39,0.4,17,14,-105.2965176,-105.02778,0.2687378,0.2687378,5
39,0.5,17,16,-104.3979111,-104.41291,-0.01499939,0.01499939,5
39,0.5,17,26,-118.298647,-118.197655,0.100990295,0.100990295,5
39,0.5,17,28,-119.8637249,-119.40937,0.45435333,0.45435333,5
39,0.6,17,22,-110.6500001,-110.15095,0.49905396,0.49905396,5
39,0.6,17,26,-115.2055927,-115.25348,-0.04788971,0.04788971,5
39,0.8,17,22,-102.2611988,-101.981636,0.2795639,0.2795639,5
39,0.9,17,16,-79.65211966,-79.21258,0.43954468,0.43954468,5
39,0.9,17,18,-86.98982651,-86.46404,0.52578735,0.52578735,5
39,0.9,17,24,-101.5880321,-101.22793,0.36010742,0.36010742,5
39,1.0,17,24,-97.19983879,-96.93489,0.26494598,0.26494598,5
39,1.0,17,28,-104.0489988,-103.73631,0.3126831,0.3126831,5
39,0.3,18,24,-124.4169018,-124.06744,0.34946442,0.34946442,5
39,0.6,18,14,-95.72803045,-96.17074,-0.44271088,0.44271088,5
39,0.6,18,24,-115.1204659,-114.66363,0.45684052,0.45684052,5
39,0.6,18,26,-117.1345049,-117.079575,0.05493164,0.05493164,5
39,0.7,18,14,-89.23588298,-89.81139,-0.5755081,0.5755081,5
39,0.8,18,14,-82.1083022,-82.48274,-0.37444305,0.37444305,5
39,0.8,18,16,-90.00876632,-90.02645,-0.017684937,0.017684937,5
39,0.3,19,14,-114.5791518,-114.17448,0.40467834,0.40467834,5
39,0.4,19,28,-125.6684469,-125.263756,0.4046936,0.4046936,5
39,0.5,19,24,-119.95862,-119.636086,0.32253265,0.32253265,5
39,0.5,19,26,-121.6895427,-121.09501,0.5945358,0.5945358,5
39,0.6,19,18,-108.6096503,-108.23988,0.36976624,0.36976624,5
39,0.6,19,24,-116.9212478,-116.72837,0.19287872,0.19287872,5
39,0.7,19,16,-98.8997975,-98.42159,0.47820282,0.47820282,5
39,0.8,19,24,-110.5650909,-109.972855,0.5922394,0.5922394,5
39,1.0,19,24,-103.4093997,-102.51299,0.8964081,0.8964081,5
39,0.3,20,18,-121.7338306,-121.280075,0.45375824,0.45375824,5
39,0.3,20,24,-127.0686478,-126.623055,0.4455948,0.4455948,5
39,0.3,20,26,-128.3739335,-127.970924,0.4030075,0.4030075,5
39,0.4,20,16,-115.3999627,-115.1829,0.2170639,0.2170639,5
39,0.4,20,22,-122.6054107,-122.24724,0.35816956,0.35816956,5
39,0.4,20,26,-125.6894941,-125.08074,0.6087494,0.6087494,5
39,0.5,20,20,-117.3365139,-116.84224,0.49427795,0.49427795,5
39,0.6,20,16,-106.5734135,-105.81204,0.7613678,0.7613678,5
39,0.6,20,18,-110.7263435,-110.07373,0.6526108,0.6526108,5
39,0.7,20,14,-95.34841835,-95.54774,-0.19931793,0.19931793,5
39,0.7,20,16,-101.6254352,-100.84768,0.77775574,0.77775574,5
39,0.7,20,28,-119.5262781,-118.996826,0.52944946,0.52944946,5
39,0.8,20,14,-89.10910228,-89.01037,0.098731995,0.098731995,5
39,0.8,20,16,-96.2530931,-95.63715,0.6159363,0.6159363,5
39,1.0,20,18,-91.86152644,-91.42118,0.44034576,0.44034576,5
39,1.0,20,20,-97.61384377,-97.37799,0.2358551,0.2358551,5
39,1.0,20,24,-106.0130101,-105.264015,0.7489929,0.7489929,5
39,0.3,21,18,-123.0470105,-122.07962,0.96739197,0.96739197,5
39,0.3,21,20,-125.043681,-124.0089,1.0347748,1.0347748,5
39,0.3,21,24,-128.2331296,-127.777534,0.4555893,0.4555893,5
39,0.4,21,14,-113.4230829,-113.35156,0.071517944,0.071517944,5
39,0.6,21,14,-103.6062538,-103.12264,0.48361206,0.48361206,5
39,0.6,21,26,-121.7869215,-121.087135,0.6997833,0.6997833,5
39,0.7,21,14,-98.06597034,-97.97518,0.090789795,0.090789795,5
39,0.7,21,22,-115.0239181,-114.38629,0.63762665,0.63762665,5
39,0.8,21,20,-108.6260143,-108.096596,0.52941895,0.52941895,5
39,0.9,21,14,-85.90868709,-86.31631,-0.4076233,0.4076233,5
39,0.9,21,28,-115.9662288,-115.38073,0.5855026,0.5855026,5
39,1.0,21,18,-94.95451138,-94.86582,0.08869171,0.08869171,5
