Problem,Variant,Run,Seed,rPSP,IGDX,IGDF,FEvals,SPDEvals,Generations,JRMode,QDecay
MMF1,SPD-off,1,20260927,0.106893625930803,0.0995318335302049,0.00594852547707992,10000,0,52,off,512
MMF1,Adaptive-q512,1,20260927,0.0702512148509516,0.06914972937221,0.00395700899052248,10000,2600,38,adaptive,512
MMF1,Constant-q512,1,20260927,0.0679549789398759,0.0677837349476544,0.00403553781759055,10000,1800,43,constant,512
MMF1,Adaptive-q64,1,20260927,0.0677789916327729,0.0667891084255407,0.00446941226848633,10000,2600,38,adaptive,64
MMF1,Adaptive-q1024,1,20260927,0.0637161444207882,0.0637116554690544,0.00364736434926351,10000,2600,38,adaptive,1024
MMF1,SPD-off,2,20260928,0.127377557882833,0.125810488512583,0.00865969634809601,10000,0,52,off,512
MMF1,Adaptive-q512,2,20260928,0.0670226454757703,0.067000266425688,0.00415472919649831,10000,2400,39,adaptive,512
MMF1,Constant-q512,2,20260928,0.0685950021937453,0.067464080009634,0.00417616803281936,10000,3145,35,constant,512
MMF1,Adaptive-q64,2,20260928,0.0659767692018054,0.0655940268027291,0.0043015153400862,10000,2400,39,adaptive,64
MMF1,Adaptive-q1024,2,20260928,0.0684610270456764,0.0684610270456764,0.00451873362398142,10000,2400,39,adaptive,1024
MMF1,SPD-off,3,20260929,0.134822021079596,0.127216881403118,0.0096481488838531,10000,0,52,off,512
MMF1,Adaptive-q512,3,20260929,0.064976181380705,0.0648650660492179,0.0037805533391666,10000,2600,38,adaptive,512
MMF1,Constant-q512,3,20260929,0.0679113513529982,0.0676430551868809,0.00402029535142607,10000,3200,35,constant,512
MMF1,Adaptive-q64,3,20260929,0.06211644707683,0.0616278036899052,0.00338470426299278,10000,2600,38,adaptive,64
MMF1,Adaptive-q1024,3,20260929,0.0658955984543436,0.0658069502823856,0.00409975449127798,10000,2600,38,adaptive,1024
MMF1,SPD-off,4,20260930,0.127553927098937,0.119422150624614,0.00503888141958088,10000,0,52,off,512
MMF1,Adaptive-q512,4,20260930,0.0653523771791147,0.0644307171873355,0.00390731369095397,10000,2600,38,adaptive,512
MMF1,Constant-q512,4,20260930,0.0623857770952926,0.0617122052076336,0.00352874286472804,10000,2600,38,constant,512
MMF1,Adaptive-q64,4,20260930,0.0657594290276273,0.0653706843642346,0.00361787091867827,10000,2600,38,adaptive,64
MMF1,Adaptive-q1024,4,20260930,0.063665396079333,0.0632858295275555,0.00423443428430296,10000,2600,38,adaptive,1024
MMF1,SPD-off,5,20260931,0.0934515714904572,0.0933991582227429,0.00451331643661321,10000,0,52,off,512
MMF1,Adaptive-q512,5,20260931,0.0662822692613921,0.0655937229791882,0.00398789662266857,10000,2600,38,adaptive,512
MMF1,Constant-q512,5,20260931,0.0644030990007514,0.0643743999165214,0.00398518278586658,10000,3200,35,constant,512
MMF1,Adaptive-q64,5,20260931,0.0657587506139497,0.0652726490195061,0.00365994452114917,10000,2800,38,adaptive,64
MMF1,Adaptive-q1024,5,20260931,0.0597567967300389,0.0596968048853406,0.0041812432192101,10000,2800,38,adaptive,1024
MMF1,SPD-off,6,20260932,0.0999817135206691,0.0987476384455508,0.00497533880373288,10000,0,52,off,512
MMF1,Adaptive-q512,6,20260932,0.0588187798557843,0.0587469618985839,0.00370106607248601,10000,2000,41,adaptive,512
MMF1,Constant-q512,6,20260932,0.0618345083062138,0.0616331157474086,0.00368764268446569,10000,2800,37,constant,512
MMF1,Adaptive-q64,6,20260932,0.0664388562810686,0.065465727924604,0.0035928727042423,10000,2000,41,adaptive,64
MMF1,Adaptive-q1024,6,20260932,0.0624052009577436,0.0615046431869537,0.003319437827864,10000,2600,38,adaptive,1024
MMF1,SPD-off,7,20260933,0.117325644681491,0.114203198389309,0.00592392794555742,10000,0,52,off,512
MMF1,Adaptive-q512,7,20260933,0.0710939877151144,0.0703779608860486,0.00424914314221351,10000,2000,42,adaptive,512
MMF1,Constant-q512,7,20260933,0.0587604253985142,0.0586395668307051,0.00353073520848478,10000,2600,38,constant,512
MMF1,Adaptive-q64,7,20260933,0.0755694930266647,0.0747973386382232,0.00420204232016927,10000,2000,42,adaptive,64
MMF1,Adaptive-q1024,7,20260933,0.0648442813515412,0.0648256601005701,0.0037518158080071,10000,2000,42,adaptive,1024
MMF1,SPD-off,8,20260934,0.115216272045608,0.114118980483754,0.00475095084710506,10000,0,52,off,512
MMF1,Adaptive-q512,8,20260934,0.0613339336359647,0.0610484078358541,0.00369650298342066,10000,2200,40,adaptive,512
MMF1,Constant-q512,8,20260934,0.0616218115151997,0.0613394104843729,0.00345133156653032,10000,2800,37,constant,512
MMF1,Adaptive-q64,8,20260934,0.0596498021844378,0.0596268605789872,0.00357043029187638,10000,2200,40,adaptive,64
MMF1,Adaptive-q1024,8,20260934,0.0632380040059075,0.0632361933531992,0.0033803382217552,10000,2200,40,adaptive,1024
MMF1,SPD-off,9,20260935,0.100058079975155,0.0972435461775756,0.00654215654655158,10000,0,52,off,512
MMF1,Adaptive-q512,9,20260935,0.0634924105447022,0.0633574497951,0.00407474313545583,10000,2400,39,adaptive,512
MMF1,Constant-q512,9,20260935,0.0563762474533306,0.0563736941857913,0.00365282075182496,10000,3200,35,constant,512
MMF1,Adaptive-q64,9,20260935,0.0604631051834287,0.0603008139207337,0.00384340009742128,10000,2400,39,adaptive,64
MMF1,Adaptive-q1024,9,20260935,0.0558991189008567,0.0557395547249994,0.00356825364558013,10000,2400,39,adaptive,1024
MMF1,SPD-off,10,20260936,0.0835045335691436,0.082811077179204,0.00436050935166596,10000,0,52,off,512
MMF1,Adaptive-q512,10,20260936,0.0642775480503653,0.0642507945021764,0.00396734593974811,10000,2200,41,adaptive,512
MMF1,Constant-q512,10,20260936,0.0608328622946491,0.0605869120811776,0.0037917326444295,10000,2800,37,constant,512
MMF1,Adaptive-q64,10,20260936,0.0605406602829043,0.0602802398077788,0.00393673843822329,10000,2200,41,adaptive,64
MMF1,Adaptive-q1024,10,20260936,0.063088166523861,0.0626642725085333,0.0041718682400126,10000,2200,41,adaptive,1024
MMF1,SPD-off,11,20260937,0.11136267687893,0.10988334685153,0.00559537747397702,10000,0,52,off,512
MMF1,Adaptive-q512,11,20260937,0.0600165945086084,0.0600093310500106,0.00408666076469771,10000,2600,38,adaptive,512
MMF1,Constant-q512,11,20260937,0.0636739536581612,0.0635611932495593,0.00383571693263228,10000,3200,35,constant,512
MMF1,Adaptive-q64,11,20260937,0.0621385543372451,0.0621335870139725,0.00353727876572524,10000,2600,38,adaptive,64
MMF1,Adaptive-q1024,11,20260937,0.0621024564241672,0.0620912892483699,0.00389310723206051,10000,2600,38,adaptive,1024
MMF1,SPD-off,12,20260938,0.113713274905641,0.109386336435861,0.00456818905538634,10000,0,52,off,512
MMF1,Adaptive-q512,12,20260938,0.0630396606283083,0.0622093974442019,0.00356460463011135,10000,2000,41,adaptive,512
MMF1,Constant-q512,12,20260938,0.0587554306150897,0.0585144967603569,0.00351370776672597,10000,3144,35,constant,512
MMF1,Adaptive-q64,12,20260938,0.0679884262560471,0.0669964709593323,0.00382292559681743,10000,2000,41,adaptive,64
MMF1,Adaptive-q1024,12,20260938,0.0721602847382132,0.0710375759244546,0.0038342759942443,10000,2000,41,adaptive,1024
MMF1,SPD-off,13,20260939,0.172048068227826,0.162309172222093,0.00512952329674515,10000,0,52,off,512
MMF1,Adaptive-q512,13,20260939,0.0794030394842642,0.0790714650489646,0.00446591534166678,10000,2400,39,adaptive,512
MMF1,Constant-q512,13,20260939,0.0743356055956624,0.0731398289515807,0.00408263666492063,10000,2800,37,constant,512
MMF1,Adaptive-q64,13,20260939,0.0710494319996429,0.0707741695356991,0.0042904058848323,10000,2400,39,adaptive,64
MMF1,Adaptive-q1024,13,20260939,0.0666685023875157,0.0663766815387821,0.00358043101469276,10000,2400,39,adaptive,1024
MMF1,SPD-off,14,20260940,0.1024604046285,0.10076412207731,0.00415203210880071,10000,0,52,off,512
MMF1,Adaptive-q512,14,20260940,0.0649047408214016,0.0641409213770547,0.00370678108149866,10000,2600,38,adaptive,512
MMF1,Constant-q512,14,20260940,0.059826833085392,0.0598092789085017,0.00386192162131,10000,2600,38,constant,512
MMF1,Adaptive-q64,14,20260940,0.0634199731701384,0.0631311964487675,0.00433952269392328,10000,2600,38,adaptive,64
MMF1,Adaptive-q1024,14,20260940,0.0648812595513415,0.0640810262963335,0.00403861259083803,10000,2600,38,adaptive,1024
MMF1,SPD-off,15,20260941,0.114843434824663,0.110823754198109,0.00492394607694779,10000,0,52,off,512
MMF1,Adaptive-q512,15,20260941,0.0831099665476829,0.0820996631694395,0.00481121895396037,10000,1800,43,adaptive,512
MMF1,Constant-q512,15,20260941,0.0645895488868014,0.0639253415695779,0.00366849561720327,10000,3159,35,constant,512
MMF1,Adaptive-q64,15,20260941,0.0695850746699217,0.0684901933811902,0.00446594816389825,10000,1800,43,adaptive,64
MMF1,Adaptive-q1024,15,20260941,0.071033861779438,0.0710163646024161,0.00369895608641214,10000,1800,43,adaptive,1024
MMF1,SPD-off,16,20260942,0.114979739929053,0.113517397486314,0.00583351741527925,10000,0,52,off,512
MMF1,Adaptive-q512,16,20260942,0.0602801142872976,0.0600965648734432,0.0038633908554778,10000,2400,39,adaptive,512
MMF1,Constant-q512,16,20260942,0.0650992547670421,0.0649914908141984,0.00374422921137416,10000,3000,36,constant,512
MMF1,Adaptive-q64,16,20260942,0.0733092894614813,0.0726295008045523,0.00418792794317673,10000,2400,39,adaptive,64
MMF1,Adaptive-q1024,16,20260942,0.0699932075622242,0.0698650330574496,0.00433997332736359,10000,2400,39,adaptive,1024
MMF1,SPD-off,17,20260943,0.150055066119482,0.146867512443442,0.00571140578593806,10000,0,52,off,512
MMF1,Adaptive-q512,17,20260943,0.0630027318968818,0.0620846948794293,0.0036803563461939,10000,2400,40,adaptive,512
MMF1,Constant-q512,17,20260943,0.0595262579027495,0.0588310599577552,0.00373601508829774,10000,3121,35,constant,512
MMF1,Adaptive-q64,17,20260943,0.0649551528265248,0.0649116861749316,0.00420847387818156,10000,2400,40,adaptive,64
MMF1,Adaptive-q1024,17,20260943,0.0691437095531944,0.0689842233028461,0.00406929923828789,10000,2400,40,adaptive,1024
MMF1,SPD-off,18,20260944,0.122130436974333,0.120899602700592,0.00662053951828537,10000,0,52,off,512
MMF1,Adaptive-q512,18,20260944,0.069689399501608,0.0693114094199968,0.00448616024620494,10000,2000,41,adaptive,512
MMF1,Constant-q512,18,20260944,0.0670441616971669,0.0664522512370471,0.00368176356175049,10000,3000,36,constant,512
MMF1,Adaptive-q64,18,20260944,0.0690461884263095,0.068132948302528,0.00398781578158328,10000,2000,41,adaptive,64
MMF1,Adaptive-q1024,18,20260944,0.0737463563170619,0.0732740502006379,0.00451536601935586,10000,2000,41,adaptive,1024
MMF1,SPD-off,19,20260945,0.123829806458901,0.11898798583849,0.0070757396426802,10000,0,52,off,512
MMF1,Adaptive-q512,19,20260945,0.0617081086936622,0.0615961928435273,0.00364722810148633,10000,1800,42,adaptive,512
MMF1,Constant-q512,19,20260945,0.0597664181356803,0.0595841970792824,0.00379899873460662,10000,2800,37,constant,512
MMF1,Adaptive-q64,19,20260945,0.0667947837863466,0.0667668075632895,0.00404824874435202,10000,1600,44,adaptive,64
MMF1,Adaptive-q1024,19,20260945,0.0616403521633021,0.0610521626759387,0.00389181749774297,10000,1600,44,adaptive,1024
MMF1,SPD-off,20,20260946,0.115358812276302,0.114538896445294,0.00428362628705094,10000,0,52,off,512
MMF1,Adaptive-q512,20,20260946,0.0602623298869027,0.0600778652310045,0.00364337273085313,10000,2200,41,adaptive,512
MMF1,Constant-q512,20,20260946,0.0623327889751663,0.0617204023511415,0.00358335872598829,10000,3000,36,constant,512
MMF1,Adaptive-q64,20,20260946,0.0640507286948927,0.06315603915263,0.00362933368019156,10000,2200,41,adaptive,64
MMF1,Adaptive-q1024,20,20260946,0.0641088339604593,0.0636488575073103,0.00391037855646624,10000,2200,41,adaptive,1024
MMF1,SPD-off,21,20260947,0.120141346088859,0.119146131866524,0.00532031749233839,10000,0,52,off,512
MMF1,Adaptive-q512,21,20260947,0.0577439483054217,0.0577428602317106,0.00402706882644459,10000,2600,38,adaptive,512
MMF1,Constant-q512,21,20260947,0.0621006519546234,0.0618348277442833,0.00369083354506339,10000,2386,39,constant,512
MMF1,Adaptive-q64,21,20260947,0.061870594917701,0.0617671526448095,0.00369519794237311,10000,2600,38,adaptive,64
MMF1,Adaptive-q1024,21,20260947,0.0645698905929316,0.0643299385851372,0.00363396703768547,10000,2600,38,adaptive,1024
MMF1,SPD-off,22,20260948,0.147462029251566,0.145874799600559,0.00466343813212148,10000,0,52,off,512
MMF1,Adaptive-q512,22,20260948,0.0610129141658946,0.0601521361438158,0.00364757530337852,10000,2000,42,adaptive,512
MMF1,Constant-q512,22,20260948,0.0637037647929454,0.0636016810873256,0.00419660715540794,10000,2200,41,constant,512
MMF1,Adaptive-q64,22,20260948,0.0651544277994127,0.065139771367411,0.00366983742558029,10000,2000,42,adaptive,64
MMF1,Adaptive-q1024,22,20260948,0.0599021533519449,0.0595527089838191,0.003525791991371,10000,2000,42,adaptive,1024
MMF1,SPD-off,23,20260949,0.101260297001375,0.100913860379354,0.00465629334822016,10000,0,52,off,512
MMF1,Adaptive-q512,23,20260949,0.0658421172496835,0.0658229563855755,0.00364917377782519,10000,2200,41,adaptive,512
MMF1,Constant-q512,23,20260949,0.0569490114892713,0.0567605736648227,0.00369826729283869,10000,2586,38,constant,512
MMF1,Adaptive-q64,23,20260949,0.0608977428474139,0.0607587256358041,0.00346479376674204,10000,2200,41,adaptive,64
MMF1,Adaptive-q1024,23,20260949,0.0619137292804206,0.0617017707687951,0.00408178797422112,10000,2200,41,adaptive,1024
MMF1,SPD-off,24,20260950,0.0977647235416243,0.0956302463478174,0.00582119506925304,10000,0,52,off,512
MMF1,Adaptive-q512,24,20260950,0.0688719974984852,0.0686312053354817,0.00425007667671729,10000,2200,41,adaptive,512
MMF1,Constant-q512,24,20260950,0.0663720494343552,0.0659433217991962,0.00374291519308979,10000,2600,38,constant,512
MMF1,Adaptive-q64,24,20260950,0.0654329605642561,0.0650129803345062,0.00415085275475699,10000,2200,41,adaptive,64
MMF1,Adaptive-q1024,24,20260950,0.0650221388346497,0.0644996855925576,0.00417016434483373,10000,2200,41,adaptive,1024
MMF1,SPD-off,25,20260951,0.108893620529245,0.103231229238145,0.0063371885351231,10000,0,52,off,512
MMF1,Adaptive-q512,25,20260951,0.0694139147063721,0.0693053348466922,0.00357488087760227,10000,2000,42,adaptive,512
MMF1,Constant-q512,25,20260951,0.0595031824387494,0.0585519943010159,0.00356906343749632,10000,2400,39,constant,512
MMF1,Adaptive-q64,25,20260951,0.0621395707458303,0.0614208725219011,0.00362941463278083,10000,2000,42,adaptive,64
MMF1,Adaptive-q1024,25,20260951,0.0649503857560338,0.0640672477641936,0.0041697888899707,10000,2000,42,adaptive,1024
MMF1,SPD-off,26,20260952,0.11849837437937,0.116104217098066,0.00636403225036886,10000,0,52,off,512
MMF1,Adaptive-q512,26,20260952,0.0666344143147833,0.0658658809189383,0.00395754206421598,10000,2800,37,adaptive,512
MMF1,Constant-q512,26,20260952,0.0601873499843771,0.0598296326697676,0.0036014146512587,10000,2800,37,constant,512
MMF1,Adaptive-q64,26,20260952,0.0661657058992208,0.0653027935109709,0.00367809212292576,10000,2800,37,adaptive,64
MMF1,Adaptive-q1024,26,20260952,0.0590940503248452,0.0589566483192947,0.00353730998112882,10000,2800,37,adaptive,1024
MMF1,SPD-off,27,20260953,0.143749750038181,0.14058204114141,0.00586952076485536,10000,0,52,off,512
MMF1,Adaptive-q512,27,20260953,0.0704971804760309,0.0693644093718538,0.00403916703256065,10000,2600,39,adaptive,512
MMF1,Constant-q512,27,20260953,0.0611130572740966,0.0607314550553402,0.00391706498201297,10000,2032,41,constant,512
MMF1,Adaptive-q64,27,20260953,0.0661221759867963,0.0657230654263994,0.00395199611031996,10000,2600,39,adaptive,64
MMF1,Adaptive-q1024,27,20260953,0.0644312589673325,0.0643786588057607,0.00401533347197278,10000,2600,39,adaptive,1024
MMF1,SPD-off,28,20260954,0.116200459049215,0.110514782279778,0.00825412593078861,10000,0,52,off,512
MMF1,Adaptive-q512,28,20260954,0.0560469686137182,0.0559668615942575,0.00362226925483065,10000,2200,40,adaptive,512
MMF1,Constant-q512,28,20260954,0.058171633520495,0.058164316389501,0.00355484743189934,10000,2800,37,constant,512
MMF1,Adaptive-q64,28,20260954,0.0694658632068512,0.0686959724076008,0.00407912481015625,10000,2200,40,adaptive,64
MMF1,Adaptive-q1024,28,20260954,0.0634206725417866,0.0634121289472633,0.00369231328403613,10000,2200,40,adaptive,1024
MMF1,SPD-off,29,20260955,0.102888641806804,0.102419658307182,0.00638106274853471,10000,0,52,off,512
MMF1,Adaptive-q512,29,20260955,0.0568839073970983,0.0566218087767929,0.00369897589925636,10000,2600,38,adaptive,512
MMF1,Constant-q512,29,20260955,0.0591058317159199,0.0581306576218334,0.00405531058301101,10000,2800,37,constant,512
MMF1,Adaptive-q64,29,20260955,0.0584428979133925,0.0583165477230121,0.00388435968173911,10000,2600,38,adaptive,64
MMF1,Adaptive-q1024,29,20260955,0.0628034456888333,0.0625211952447896,0.00387934795558975,10000,2000,42,adaptive,1024
MMF1,SPD-off,30,20260956,0.113235087827735,0.111658419912981,0.00584075049860541,10000,0,52,off,512
MMF1,Adaptive-q512,30,20260956,0.0660745849085029,0.0651294575421496,0.00356311487852191,10000,2600,38,adaptive,512
MMF1,Constant-q512,30,20260956,0.0596186421860445,0.0596066980878256,0.00385419607423531,10000,2400,39,constant,512
MMF1,Adaptive-q64,30,20260956,0.0642233638572153,0.0642075824560754,0.00427463855703946,10000,2600,38,adaptive,64
MMF1,Adaptive-q1024,30,20260956,0.0648660376250247,0.0647134507027669,0.00367506461214557,10000,2600,38,adaptive,1024
MMF1,SPD-off,31,20260957,0.126555308433754,0.123371772164804,0.00607803091481247,10000,0,52,off,512
MMF1,Adaptive-q512,31,20260957,0.0661170712873894,0.0653058274884675,0.00424118845296062,10000,2400,39,adaptive,512
MMF1,Constant-q512,31,20260957,0.0557087160737206,0.0556507699370188,0.00402207306036496,10000,3200,35,constant,512
MMF1,Adaptive-q64,31,20260957,0.0648709262045923,0.0645351536391944,0.004155470434331,10000,2400,39,adaptive,64
MMF1,Adaptive-q1024,31,20260957,0.0639870758488097,0.063789981793979,0.00381781672579343,10000,2400,39,adaptive,1024
MMF5,SPD-off,1,20260927,0.171024207127916,0.169179454801862,0.00435588684300918,10000,0,52,off,512
MMF5,Adaptive-q512,1,20260927,0.125233154680527,0.125170336657923,0.00367164391726194,10000,2600,38,adaptive,512
MMF5,Constant-q512,1,20260927,0.132878881701115,0.131680256064056,0.00351162149217725,10000,1800,43,constant,512
MMF5,Adaptive-q64,1,20260927,0.131353899429005,0.130375779120924,0.00345036995374485,10000,2600,38,adaptive,64
MMF5,Adaptive-q1024,1,20260927,0.123800402849769,0.122026726355544,0.0039269495256315,10000,2600,38,adaptive,1024
MMF5,SPD-off,2,20260928,0.206008787372571,0.204513751103406,0.00744570110198616,10000,0,52,off,512
MMF5,Adaptive-q512,2,20260928,0.124133229306709,0.124063220344391,0.00433704895408916,10000,2400,39,adaptive,512
MMF5,Constant-q512,2,20260928,0.110167261036769,0.110043820589088,0.00359422256254135,10000,3145,35,constant,512
MMF5,Adaptive-q64,2,20260928,0.136400090954415,0.135491804946836,0.00353083281078736,10000,2400,39,adaptive,64
MMF5,Adaptive-q1024,2,20260928,0.119249700749958,0.119180676895471,0.00348266084386702,10000,1800,43,adaptive,1024
MMF5,SPD-off,3,20260929,0.193519673785377,0.191617656147424,0.0039336292668613,10000,0,52,off,512
MMF5,Adaptive-q512,3,20260929,0.121485854494101,0.121417424052835,0.00365652259091822,10000,2600,38,adaptive,512
MMF5,Constant-q512,3,20260929,0.119130375883513,0.118790914552652,0.003418037159997,10000,2574,38,constant,512
MMF5,Adaptive-q64,3,20260929,0.11924442975863,0.119198863313634,0.00331774851260138,10000,2600,38,adaptive,64
MMF5,Adaptive-q1024,3,20260929,0.144582557345594,0.144420946907506,0.00342489457422503,10000,2600,38,adaptive,1024
MMF5,SPD-off,4,20260930,0.179410952960203,0.171281808906346,0.00372021731965767,10000,0,52,off,512
MMF5,Adaptive-q512,4,20260930,0.112849610273068,0.112708859709729,0.00355395818656178,10000,2600,38,adaptive,512
MMF5,Constant-q512,4,20260930,0.125099218176212,0.123708551546572,0.00373275270144706,10000,2600,38,constant,512
MMF5,Adaptive-q64,4,20260930,0.122918371420244,0.121841900607842,0.00348015799240717,10000,2600,38,adaptive,64
MMF5,Adaptive-q1024,4,20260930,0.141364355674424,0.139662958455985,0.00368309588121652,10000,2600,38,adaptive,1024
MMF5,SPD-off,5,20260931,0.17061632875201,0.167138458089571,0.00369430763901789,10000,0,52,off,512
MMF5,Adaptive-q512,5,20260931,0.103819846613658,0.103721568187941,0.00355846993311169,10000,2600,38,adaptive,512
MMF5,Constant-q512,5,20260931,0.109953497282502,0.109941475017931,0.00338676778838933,10000,3330,34,constant,512
MMF5,Adaptive-q64,5,20260931,0.119517537633768,0.118537356256001,0.0033148289595486,10000,2600,38,adaptive,64
MMF5,Adaptive-q1024,5,20260931,0.101281757563174,0.10078082188291,0.00340783648017022,10000,2600,38,adaptive,1024
MMF5,SPD-off,6,20260932,0.226599327951994,0.215804302336409,0.00486927857853772,10000,0,52,off,512
MMF5,Adaptive-q512,6,20260932,0.114883971974094,0.11407297660901,0.00355041266451708,10000,2000,41,adaptive,512
MMF5,Constant-q512,6,20260932,0.11142778709373,0.11084551532205,0.00336836219649306,10000,3532,33,constant,512
MMF5,Adaptive-q64,6,20260932,0.120534697761813,0.118782712903625,0.00358162829951039,10000,2000,41,adaptive,64
MMF5,Adaptive-q1024,6,20260932,0.124907429273106,0.124862665879448,0.00377657595560716,10000,2000,41,adaptive,1024
MMF5,SPD-off,7,20260933,0.208627221671887,0.200236969020665,0.00640610089323424,10000,0,52,off,512
MMF5,Adaptive-q512,7,20260933,0.10684880557262,0.106757020214647,0.00366183669570413,10000,2000,42,adaptive,512
MMF5,Constant-q512,7,20260933,0.123386899212758,0.123025074625821,0.00331793987796303,10000,2600,38,constant,512
MMF5,Adaptive-q64,7,20260933,0.141267261730908,0.139276605135474,0.00318018523191388,10000,2000,42,adaptive,64
MMF5,Adaptive-q1024,7,20260933,0.12888075258644,0.128866300452251,0.0034437914443258,10000,2000,42,adaptive,1024
MMF5,SPD-off,8,20260934,0.187607977085772,0.186100729047458,0.00402894279353141,10000,0,52,off,512
MMF5,Adaptive-q512,8,20260934,0.132181030020081,0.132142436016139,0.00382874258677724,10000,2200,40,adaptive,512
MMF5,Constant-q512,8,20260934,0.127038741730353,0.125575655832793,0.00347208816100468,10000,2800,37,constant,512
MMF5,Adaptive-q64,8,20260934,0.124438090555271,0.123285577549521,0.00331776464080733,10000,2200,40,adaptive,64
MMF5,Adaptive-q1024,8,20260934,0.13022153969836,0.128292666825177,0.00348635613936708,10000,2200,41,adaptive,1024
MMF5,SPD-off,9,20260935,0.171610815707191,0.16900862003814,0.00411448940968573,10000,0,52,off,512
MMF5,Adaptive-q512,9,20260935,0.122997585789241,0.122824233164194,0.00329130200621944,10000,2400,39,adaptive,512
MMF5,Constant-q512,9,20260935,0.109380188758166,0.108812975172275,0.00346681186479678,10000,3518,33,constant,512
MMF5,Adaptive-q64,9,20260935,0.114436010445976,0.113699992224794,0.00370357447243719,10000,2400,39,adaptive,64
MMF5,Adaptive-q1024,9,20260935,0.12021923223278,0.119598034923466,0.00335674163341174,10000,2400,39,adaptive,1024
MMF5,SPD-off,10,20260936,0.18673953914828,0.1843089172687,0.00427009645526438,10000,0,52,off,512
MMF5,Adaptive-q512,10,20260936,0.117486275665398,0.117434233934098,0.003336831184101,10000,2000,42,adaptive,512
MMF5,Constant-q512,10,20260936,0.115393707364822,0.115389201361859,0.00329735833007602,10000,2800,37,constant,512
MMF5,Adaptive-q64,10,20260936,0.119534869729544,0.119481920552833,0.00353428355098302,10000,2000,42,adaptive,64
MMF5,Adaptive-q1024,10,20260936,0.121974292093711,0.121943208422454,0.00335448593530178,10000,2000,42,adaptive,1024
MMF5,SPD-off,11,20260937,0.161141264468094,0.159438562245077,0.00353474078772598,10000,0,52,off,512
MMF5,Adaptive-q512,11,20260937,0.109370775289648,0.108971487424616,0.00355070640973915,10000,2600,38,adaptive,512
MMF5,Constant-q512,11,20260937,0.128299376516154,0.12731258885606,0.00346073540845763,10000,3200,35,constant,512
MMF5,Adaptive-q64,11,20260937,0.119986507018407,0.118966894400917,0.00367085084582751,10000,2600,38,adaptive,64
MMF5,Adaptive-q1024,11,20260937,0.131152633803577,0.130662531150527,0.00324635457286422,10000,2600,38,adaptive,1024
MMF5,SPD-off,12,20260938,0.211666096967022,0.201189858077883,0.00479042300513559,10000,0,52,off,512
MMF5,Adaptive-q512,12,20260938,0.138037474338141,0.137952249008372,0.00351968747809954,10000,2000,41,adaptive,512
MMF5,Constant-q512,12,20260938,0.137046482821952,0.135655517520105,0.00341168486699343,10000,3138,35,constant,512
MMF5,Adaptive-q64,12,20260938,0.137409224985776,0.137281149749099,0.00389644578162963,10000,2000,41,adaptive,64
MMF5,Adaptive-q1024,12,20260938,0.128873177379071,0.128718803574632,0.00344138800372046,10000,2800,37,adaptive,1024
MMF5,SPD-off,13,20260939,0.186745935098245,0.176157725610297,0.00464487490962246,10000,0,52,off,512
MMF5,Adaptive-q512,13,20260939,0.112046643150292,0.111479969072521,0.00347907544177184,10000,2400,39,adaptive,512
MMF5,Constant-q512,13,20260939,0.121364856579018,0.120776853795724,0.00351887558849398,10000,2800,37,constant,512
MMF5,Adaptive-q64,13,20260939,0.132087037405037,0.131633948356615,0.0034905379174872,10000,2400,39,adaptive,64
MMF5,Adaptive-q1024,13,20260939,0.111546772337037,0.111089541811547,0.00366592626366109,10000,2400,39,adaptive,1024
MMF5,SPD-off,14,20260940,0.205856343012318,0.200664131592275,0.00493627012638442,10000,0,52,off,512
MMF5,Adaptive-q512,14,20260940,0.132646393370216,0.13257318211329,0.00353213157485718,10000,2600,38,adaptive,512
MMF5,Constant-q512,14,20260940,0.113663447397725,0.112801883166966,0.00388743076446273,10000,2600,38,constant,512
MMF5,Adaptive-q64,14,20260940,0.115110465656537,0.113809691477203,0.00340893326724925,10000,2600,38,adaptive,64
MMF5,Adaptive-q1024,14,20260940,0.113540874456165,0.113477137665621,0.00326192314408281,10000,2600,38,adaptive,1024
MMF5,SPD-off,15,20260941,0.183566062174274,0.179912028685474,0.00440024991502717,10000,0,52,off,512
MMF5,Adaptive-q512,15,20260941,0.131146143340107,0.131051403887298,0.00348987073542382,10000,1800,43,adaptive,512
MMF5,Constant-q512,15,20260941,0.106180509773369,0.106180413145854,0.00346251213538955,10000,3159,35,constant,512
MMF5,Adaptive-q64,15,20260941,0.121553263388893,0.12151883545952,0.00349467825197892,10000,1800,43,adaptive,64
MMF5,Adaptive-q1024,15,20260941,0.125689087250858,0.125120549372936,0.00380589362274428,10000,1800,43,adaptive,1024
MMF5,SPD-off,16,20260942,0.175963580944252,0.175306791172904,0.00447831454328095,10000,0,52,off,512
MMF5,Adaptive-q512,16,20260942,0.115599598235361,0.113757484385028,0.0035921040586675,10000,2200,40,adaptive,512
MMF5,Constant-q512,16,20260942,0.10825366710129,0.108132634640284,0.00371919854433921,10000,3000,36,constant,512
MMF5,Adaptive-q64,16,20260942,0.132679708604643,0.130760408454446,0.00386799712718106,10000,2400,39,adaptive,64
MMF5,Adaptive-q1024,16,20260942,0.123874392120251,0.1233042474988,0.00409199876494939,10000,2400,39,adaptive,1024
MMF5,SPD-off,17,20260943,0.168940103052572,0.166001622077004,0.00410257813768461,10000,0,52,off,512
MMF5,Adaptive-q512,17,20260943,0.11333599634252,0.11237548542727,0.00361392058600699,10000,2600,38,adaptive,512
MMF5,Constant-q512,17,20260943,0.116235025279969,0.116040223762756,0.00342221295391359,10000,2768,37,constant,512
MMF5,Adaptive-q64,17,20260943,0.117563671652541,0.116976985449321,0.00336464279629513,10000,2600,38,adaptive,64
MMF5,Adaptive-q1024,17,20260943,0.122450403272649,0.122052800128362,0.00385852304905128,10000,2600,38,adaptive,1024
MMF5,SPD-off,18,20260944,0.193361224258501,0.192871361968651,0.00342714911988131,10000,0,52,off,512
MMF5,Adaptive-q512,18,20260944,0.110318301542177,0.110272919320913,0.00362707630716513,10000,2800,37,adaptive,512
MMF5,Constant-q512,18,20260944,0.106458831286034,0.106310517222544,0.00346295057340048,10000,3000,36,constant,512
MMF5,Adaptive-q64,18,20260944,0.115167518058798,0.115164127405098,0.00362735060966092,10000,2000,41,adaptive,64
MMF5,Adaptive-q1024,18,20260944,0.124960639998098,0.124589568711358,0.00358576940171611,10000,2000,41,adaptive,1024
MMF5,SPD-off,19,20260945,0.185266642535594,0.183650750058568,0.00390028246172082,10000,0,52,off,512
MMF5,Adaptive-q512,19,20260945,0.127647102773532,0.126249576946845,0.00380851447295209,10000,1600,44,adaptive,512
MMF5,Constant-q512,19,20260945,0.113586250585874,0.111791034572766,0.00363331167643191,10000,2800,37,constant,512
MMF5,Adaptive-q64,19,20260945,0.121501425129577,0.12144607167708,0.00388071079277935,10000,1600,44,adaptive,64
MMF5,Adaptive-q1024,19,20260945,0.137019676856621,0.136908334446084,0.0035493470171294,10000,1600,44,adaptive,1024
MMF5,SPD-off,20,20260946,0.180920060637038,0.178796889574073,0.004042839152114,10000,0,52,off,512
MMF5,Adaptive-q512,20,20260946,0.123895733004801,0.12363334444009,0.00342536808673423,10000,2200,41,adaptive,512
MMF5,Constant-q512,20,20260946,0.120612254754407,0.119170139219893,0.00354280741955577,10000,3000,36,constant,512
MMF5,Adaptive-q64,20,20260946,0.114937281668825,0.114798392622052,0.00343783258447759,10000,2200,41,adaptive,64
MMF5,Adaptive-q1024,20,20260946,0.127437128895373,0.126553479079404,0.00320713339871057,10000,2200,41,adaptive,1024
MMF5,SPD-off,21,20260947,0.210648223829574,0.202576573086299,0.0047296704556847,10000,0,52,off,512
MMF5,Adaptive-q512,21,20260947,0.133054314601806,0.132716882889203,0.0037478461762461,10000,2600,38,adaptive,512
MMF5,Constant-q512,21,20260947,0.11963128748336,0.119339812049162,0.00367153007743489,10000,2600,38,constant,512
MMF5,Adaptive-q64,21,20260947,0.118794972233713,0.117823557861479,0.0034417324001246,10000,2600,38,adaptive,64
MMF5,Adaptive-q1024,21,20260947,0.119297099635662,0.118856957670858,0.00396055002253698,10000,2600,38,adaptive,1024
MMF5,SPD-off,22,20260948,0.172083100344895,0.170514836816076,0.00395184256890896,10000,0,52,off,512
MMF5,Adaptive-q512,22,20260948,0.118605981340814,0.118271460615754,0.0037617368675562,10000,2000,42,adaptive,512
MMF5,Constant-q512,22,20260948,0.112141295604311,0.111862235028301,0.00318903052852218,10000,2600,38,constant,512
MMF5,Adaptive-q64,22,20260948,0.118861493287263,0.118752027554195,0.0038731327837024,10000,2000,42,adaptive,64
MMF5,Adaptive-q1024,22,20260948,0.127780084939119,0.127016441442039,0.00328865046788758,10000,2000,42,adaptive,1024
MMF5,SPD-off,23,20260949,0.184669832887702,0.18325389150264,0.00566788375332582,10000,0,52,off,512
MMF5,Adaptive-q512,23,20260949,0.126441507514177,0.124942199007845,0.00346789261284397,10000,2400,39,adaptive,512
MMF5,Constant-q512,23,20260949,0.111867034202546,0.111810412497606,0.00353718202049991,10000,2586,38,constant,512
MMF5,Adaptive-q64,23,20260949,0.128319319966938,0.127448420010534,0.00365565124477112,10000,2400,39,adaptive,64
MMF5,Adaptive-q1024,23,20260949,0.111411583987329,0.111186328892946,0.00352211843007045,10000,2200,41,adaptive,1024
MMF5,SPD-off,24,20260950,0.161299811444956,0.161020555142219,0.00417542292972435,10000,0,52,off,512
MMF5,Adaptive-q512,24,20260950,0.135393700258147,0.133135212977087,0.00364906332227937,10000,2200,40,adaptive,512
MMF5,Constant-q512,24,20260950,0.107972719020902,0.107755041523621,0.00362837165731911,10000,2600,38,constant,512
MMF5,Adaptive-q64,24,20260950,0.121845483917653,0.121314855919485,0.0037038859684326,10000,2200,40,adaptive,64
MMF5,Adaptive-q1024,24,20260950,0.132914157488609,0.132735387737134,0.00333285078960037,10000,2200,41,adaptive,1024
MMF5,SPD-off,25,20260951,0.175570197039247,0.174212208097244,0.00512102659642976,10000,0,52,off,512
MMF5,Adaptive-q512,25,20260951,0.129779831210855,0.128208264551644,0.00355648198050995,10000,2000,42,adaptive,512
MMF5,Constant-q512,25,20260951,0.116914627035387,0.116881475543389,0.00375835363901762,10000,2400,39,constant,512
MMF5,Adaptive-q64,25,20260951,0.136147171359421,0.135663242935239,0.00363964491744715,10000,2000,42,adaptive,64
MMF5,Adaptive-q1024,25,20260951,0.124709851591128,0.122862190188836,0.0035463567901865,10000,2000,42,adaptive,1024
MMF5,SPD-off,26,20260952,0.177320962838461,0.174966815532935,0.00614209890162542,10000,0,52,off,512
MMF5,Adaptive-q512,26,20260952,0.117423752986334,0.117352129892032,0.00349971630407902,10000,2800,37,adaptive,512
MMF5,Constant-q512,26,20260952,0.115026537103003,0.114934808029507,0.00372428504898073,10000,3200,35,constant,512
MMF5,Adaptive-q64,26,20260952,0.131021653318497,0.130558274428207,0.00394561131717788,10000,2800,37,adaptive,64
MMF5,Adaptive-q1024,26,20260952,0.125401762361249,0.125196670602684,0.00358984962098964,10000,2800,37,adaptive,1024
MMF5,SPD-off,27,20260953,0.208267765088835,0.201173126781786,0.00565057082237658,10000,0,52,off,512
MMF5,Adaptive-q512,27,20260953,0.119880975441156,0.119760550809962,0.00383936194177553,10000,2600,39,adaptive,512
MMF5,Constant-q512,27,20260953,0.118875853702215,0.118423379050632,0.00344252482157117,10000,2600,38,constant,512
MMF5,Adaptive-q64,27,20260953,0.111166847107452,0.111157580953927,0.00332847901367481,10000,2600,39,adaptive,64
MMF5,Adaptive-q1024,27,20260953,0.125884235005185,0.124897074966438,0.00359745810452234,10000,2200,41,adaptive,1024
MMF5,SPD-off,28,20260954,0.205386699770265,0.201193374709837,0.00481283100252627,10000,0,52,off,512
MMF5,Adaptive-q512,28,20260954,0.131299157509082,0.129681176051895,0.00412570379461961,10000,2200,40,adaptive,512
MMF5,Constant-q512,28,20260954,0.118839773421998,0.118838209159408,0.00318044543390366,10000,2800,37,constant,512
MMF5,Adaptive-q64,28,20260954,0.124968671839078,0.123004444132541,0.00367723920401421,10000,2200,40,adaptive,64
MMF5,Adaptive-q1024,28,20260954,0.121086284290664,0.120471563600986,0.00371157882095895,10000,2200,40,adaptive,1024
MMF5,SPD-off,29,20260955,0.178973627385677,0.175171188370919,0.00381645834268443,10000,0,52,off,512
MMF5,Adaptive-q512,29,20260955,0.132190351448019,0.131491269920427,0.00317424222771674,10000,2000,42,adaptive,512
MMF5,Constant-q512,29,20260955,0.109522833440095,0.108625593124064,0.00328133728732994,10000,2800,37,constant,512
MMF5,Adaptive-q64,29,20260955,0.118851412812465,0.118395523629931,0.00350074640206482,10000,2000,42,adaptive,64
MMF5,Adaptive-q1024,29,20260955,0.11964995867606,0.119466499764866,0.00348219998908467,10000,2000,42,adaptive,1024
MMF5,SPD-off,30,20260956,0.190875085531681,0.189943700702782,0.00380214906771891,10000,0,52,off,512
MMF5,Adaptive-q512,30,20260956,0.120505836271241,0.119401976769913,0.00342480258813436,10000,2600,38,adaptive,512
MMF5,Constant-q512,30,20260956,0.119098914373121,0.119006713995998,0.00330169043846611,10000,2400,39,constant,512
MMF5,Adaptive-q64,30,20260956,0.132015105115891,0.131864058572465,0.0034292802504445,10000,2600,38,adaptive,64
MMF5,Adaptive-q1024,30,20260956,0.123890858176896,0.122747763863602,0.0033991828933598,10000,2600,38,adaptive,1024
MMF5,SPD-off,31,20260957,0.18485649636176,0.184074665998444,0.00379993033541016,10000,0,52,off,512
MMF5,Adaptive-q512,31,20260957,0.135240966622593,0.134702240777883,0.00342619704740526,10000,2400,39,adaptive,512
MMF5,Constant-q512,31,20260957,0.138575346512594,0.137853501890793,0.00407648810989203,10000,3200,35,constant,512
MMF5,Adaptive-q64,31,20260957,0.163012177435673,0.162273642056426,0.0034586843594641,10000,2400,39,adaptive,64
MMF5,Adaptive-q1024,31,20260957,0.141070287174324,0.139915958104628,0.00333685224886694,10000,2400,39,adaptive,1024
MMF11,SPD-off,1,20260927,1.55018413260717,0.250059833743139,0.0955452865102674,10000,0,52,off,512
MMF11,Adaptive-q512,1,20260927,1.6346223596764,0.249674238724978,0.0958190411103643,10000,2600,38,adaptive,512
MMF11,Constant-q512,1,20260927,1.61350984546507,0.249934114840581,0.0966820396365092,10000,1800,43,constant,512
MMF11,Adaptive-q64,1,20260927,1.52055693721884,0.249624269768166,0.0978099366256557,10000,2600,38,adaptive,64
MMF11,Adaptive-q1024,1,20260927,1.6303922133015,0.250062367571145,0.0961843731280394,10000,2600,38,adaptive,1024
MMF11,SPD-off,2,20260928,1.55621116240363,0.249851329628765,0.0984483914089236,10000,0,52,off,512
MMF11,Adaptive-q512,2,20260928,1.58403391766289,0.249798499502416,0.0966072220439433,10000,2400,39,adaptive,512
MMF11,Constant-q512,2,20260928,1.45791528693868,0.248625654421358,0.0977856620520591,10000,3145,35,constant,512
MMF11,Adaptive-q64,2,20260928,1.48310532096574,0.249948324676851,0.0955949641030433,10000,2400,39,adaptive,64
MMF11,Adaptive-q1024,2,20260928,1.43922299293456,0.24963442935406,0.0957166696663982,10000,2400,39,adaptive,1024
MMF11,SPD-off,3,20260929,1.58901763796035,0.250360573469427,0.0983358065562587,10000,0,52,off,512
MMF11,Adaptive-q512,3,20260929,1.41399723226946,0.249701298706194,0.0959088491427775,10000,2600,38,adaptive,512
MMF11,Constant-q512,3,20260929,1.30537248725409,0.2488648116721,0.0953518785357835,10000,2574,38,constant,512
MMF11,Adaptive-q64,3,20260929,1.57231398179689,0.249693803105903,0.0967703189530388,10000,2600,38,adaptive,64
MMF11,Adaptive-q1024,3,20260929,1.52530992769496,0.249950696174354,0.0957126345755546,10000,2600,38,adaptive,1024
MMF11,SPD-off,4,20260930,1.4629224172338,0.249531436181939,0.0992640288773368,10000,0,52,off,512
MMF11,Adaptive-q512,4,20260930,1.68729904813567,0.249675177136273,0.0977555836781412,10000,2600,38,adaptive,512
MMF11,Constant-q512,4,20260930,1.48718186079938,0.249512946251763,0.097208986388155,10000,2600,38,constant,512
MMF11,Adaptive-q64,4,20260930,1.49366778626334,0.249698148265177,0.0966995139541949,10000,2600,38,adaptive,64
MMF11,Adaptive-q1024,4,20260930,1.45414525672381,0.249749837958435,0.0968367860777544,10000,2600,38,adaptive,1024
MMF11,SPD-off,5,20260931,1.42851031792214,0.249724991715775,0.0966787374111598,10000,0,52,off,512
MMF11,Adaptive-q512,5,20260931,1.54328437611315,0.24989199880203,0.0997529704785339,10000,2600,38,adaptive,512
MMF11,Constant-q512,5,20260931,1.50313901955901,0.249108219403796,0.0994588124719198,10000,3330,34,constant,512
MMF11,Adaptive-q64,5,20260931,1.53965816044257,0.249707642820619,0.0971650170576769,10000,2600,38,adaptive,64
MMF11,Adaptive-q1024,5,20260931,1.49701576575961,0.250068212675636,0.0991107176288239,10000,2600,38,adaptive,1024
MMF11,SPD-off,6,20260932,1.48208534138666,0.249928879660839,0.0966935697727525,10000,0,52,off,512
MMF11,Adaptive-q512,6,20260932,1.59520430147354,0.249603509129594,0.0966344289304562,10000,2000,41,adaptive,512
MMF11,Constant-q512,6,20260932,1.50119621234774,0.249058165158653,0.0971395184876367,10000,3532,33,constant,512
MMF11,Adaptive-q64,6,20260932,1.78949213180304,0.249832906877677,0.0975333740867751,10000,2000,41,adaptive,64
MMF11,Adaptive-q1024,6,20260932,1.48691419087324,0.249302700882116,0.0968217413481951,10000,2000,41,adaptive,1024
MMF11,SPD-off,7,20260933,1.47366053633601,0.250905893105786,0.0969391852616123,10000,0,52,off,512
MMF11,Adaptive-q512,7,20260933,1.40979117070994,0.249592758401057,0.0990333084676368,10000,2000,42,adaptive,512
MMF11,Constant-q512,7,20260933,1.71871729365831,0.249657455288984,0.0976906648644595,10000,2800,37,constant,512
MMF11,Adaptive-q64,7,20260933,1.54993812941744,0.249812018266782,0.0964765946629336,10000,2000,42,adaptive,64
MMF11,Adaptive-q1024,7,20260933,1.65531933402906,0.249772767553066,0.0987359515870367,10000,2000,42,adaptive,1024
MMF11,SPD-off,8,20260934,1.5575987307808,0.25020901939426,0.098187163307552,10000,0,52,off,512
MMF11,Adaptive-q512,8,20260934,1.50976964137511,0.24970958314196,0.0973592360120247,10000,2200,40,adaptive,512
MMF11,Constant-q512,8,20260934,1.48092973689331,0.249428143823171,0.0965799235670284,10000,2800,37,constant,512
MMF11,Adaptive-q64,8,20260934,1.59779263134355,0.250215816275451,0.0959937408714813,10000,2200,40,adaptive,64
MMF11,Adaptive-q1024,8,20260934,1.46557711286808,0.24952126503226,0.0961872038129636,10000,2200,41,adaptive,1024
MMF11,SPD-off,9,20260935,1.3647790068465,0.249825926995153,0.0956067260127711,10000,0,52,off,512
MMF11,Adaptive-q512,9,20260935,1.42672443562764,0.249590772249531,0.0978174117142732,10000,2400,39,adaptive,512
MMF11,Constant-q512,9,20260935,1.65143310277948,0.249794761524822,0.0965783009608284,10000,3515,33,constant,512
MMF11,Adaptive-q64,9,20260935,1.68728327292725,0.249880014806823,0.0971339661349334,10000,2400,39,adaptive,64
MMF11,Adaptive-q1024,9,20260935,1.47276687159899,0.249909464111546,0.0968368438618305,10000,2200,40,adaptive,1024
MMF11,SPD-off,10,20260936,1.79836655697224,0.250808901562728,0.0975187849163867,10000,0,52,off,512
MMF11,Adaptive-q512,10,20260936,1.53905810039272,0.250084820778645,0.0966356956161971,10000,2000,42,adaptive,512
MMF11,Constant-q512,10,20260936,1.50979957750961,0.249034740619341,0.0967583755155403,10000,2800,37,constant,512
MMF11,Adaptive-q64,10,20260936,1.47597614782966,0.249984975872861,0.0953817629664195,10000,2000,42,adaptive,64
MMF11,Adaptive-q1024,10,20260936,1.45399492361081,0.249955473146541,0.0966409624181096,10000,2000,42,adaptive,1024
MMF11,SPD-off,11,20260937,1.48224561774318,0.250425685782155,0.0966588071187575,10000,0,52,off,512
MMF11,Adaptive-q512,11,20260937,1.55689856147926,0.249669530652812,0.0986290426614201,10000,2600,38,adaptive,512
MMF11,Constant-q512,11,20260937,1.63129395268355,0.249744885176387,0.0960000636964649,10000,3200,35,constant,512
MMF11,Adaptive-q64,11,20260937,1.51204653225165,0.250272745609973,0.0963716345998454,10000,2600,38,adaptive,64
MMF11,Adaptive-q1024,11,20260937,1.53298597759192,0.250000732381886,0.0962340510247606,10000,2600,38,adaptive,1024
MMF11,SPD-off,12,20260938,1.57595847162412,0.249836798365517,0.0978996023954364,10000,0,52,off,512
MMF11,Adaptive-q512,12,20260938,1.53443481519361,0.249577363718641,0.0987803946052003,10000,2000,41,adaptive,512
MMF11,Constant-q512,12,20260938,1.48387685973154,0.249013862297272,0.0969938800557647,10000,3141,35,constant,512
MMF11,Adaptive-q64,12,20260938,1.43494456144516,0.250015940727313,0.0982252474385711,10000,2000,41,adaptive,64
MMF11,Adaptive-q1024,12,20260938,1.52739651359602,0.249946556467173,0.0986562229754223,10000,2000,41,adaptive,1024
MMF11,SPD-off,13,20260939,1.40673454269397,0.250004128374632,0.0956517521480374,10000,0,52,off,512
MMF11,Adaptive-q512,13,20260939,1.59152850969335,0.250088430001538,0.0952228142407463,10000,2400,39,adaptive,512
MMF11,Constant-q512,13,20260939,1.67491456951149,0.249615033957989,0.0975867112001565,10000,2800,37,constant,512
MMF11,Adaptive-q64,13,20260939,1.58185372237334,0.249823502954692,0.0956718641827643,10000,2400,39,adaptive,64
MMF11,Adaptive-q1024,13,20260939,1.53680374903742,0.249473881424293,0.0960595927032667,10000,2400,39,adaptive,1024
MMF11,SPD-off,14,20260940,1.38266738330328,0.249801774533427,0.0973470047318252,10000,0,52,off,512
MMF11,Adaptive-q512,14,20260940,1.60512862449248,0.249581431748429,0.0971531209279587,10000,2600,38,adaptive,512
MMF11,Constant-q512,14,20260940,1.58056741822062,0.249235173802519,0.0962198324044058,10000,2600,38,constant,512
MMF11,Adaptive-q64,14,20260940,1.43521681264436,0.249132134392005,0.095587967228768,10000,2600,38,adaptive,64
MMF11,Adaptive-q1024,14,20260940,1.57465915083645,0.249523592613455,0.0952432685790831,10000,2600,38,adaptive,1024
MMF11,SPD-off,15,20260941,1.48063406788312,0.249681411021738,0.100693707705358,10000,0,52,off,512
MMF11,Adaptive-q512,15,20260941,1.4962460101807,0.249765210084598,0.0972170988299584,10000,1800,43,adaptive,512
MMF11,Constant-q512,15,20260941,1.43485081312846,0.248852844655086,0.0967674547275208,10000,3158,35,constant,512
MMF11,Adaptive-q64,15,20260941,1.49801871334891,0.250015197258653,0.0963958176301831,10000,1800,43,adaptive,64
MMF11,Adaptive-q1024,15,20260941,1.46666309394407,0.249846900891959,0.0961919003597426,10000,1800,43,adaptive,1024
MMF11,SPD-off,16,20260942,1.46432350043876,0.249641301214541,0.100032166805786,10000,0,52,off,512
MMF11,Adaptive-q512,16,20260942,1.46707403789827,0.250052562370893,0.0981646070405334,10000,2400,39,adaptive,512
MMF11,Constant-q512,16,20260942,1.36029837735562,0.249138637886479,0.0966191870820198,10000,3000,36,constant,512
MMF11,Adaptive-q64,16,20260942,1.44748591726599,0.249731417879204,0.0967730071072135,10000,2400,39,adaptive,64
MMF11,Adaptive-q1024,16,20260942,1.44164242358304,0.250008508224866,0.0958060619983254,10000,2200,40,adaptive,1024
MMF11,SPD-off,17,20260943,1.45841678227113,0.249894822384431,0.0955556201844552,10000,0,52,off,512
MMF11,Adaptive-q512,17,20260943,1.47064188185485,0.249534695599414,0.0963960678723152,10000,2400,40,adaptive,512
MMF11,Constant-q512,17,20260943,1.49530230717895,0.249332961573925,0.0969158954813298,10000,3123,35,constant,512
MMF11,Adaptive-q64,17,20260943,1.47731139870449,0.24991507278918,0.0959624079998514,10000,2400,40,adaptive,64
MMF11,Adaptive-q1024,17,20260943,1.70300020700793,0.249965592620142,0.0970541171632761,10000,2400,40,adaptive,1024
MMF11,SPD-off,18,20260944,1.6555264530543,0.25049330092264,0.0967523071848343,10000,0,52,off,512
MMF11,Adaptive-q512,18,20260944,1.49435549514121,0.249521367530013,0.0971869803280256,10000,2000,41,adaptive,512
MMF11,Constant-q512,18,20260944,1.63219655289896,0.249410838305177,0.0981422614382774,10000,3000,36,constant,512
MMF11,Adaptive-q64,18,20260944,1.5330263993962,0.24988135147675,0.0989425974976838,10000,2000,41,adaptive,64
MMF11,Adaptive-q1024,18,20260944,1.53097932749768,0.249797074172054,0.0979007892033538,10000,2000,41,adaptive,1024
MMF11,SPD-off,19,20260945,1.71828066206179,0.249672718170031,0.095667886562528,10000,0,52,off,512
MMF11,Adaptive-q512,19,20260945,1.56655048408984,0.249566834501384,0.096760449250214,10000,1600,44,adaptive,512
MMF11,Constant-q512,19,20260945,1.47744995059761,0.249169045083056,0.0961237320883441,10000,2800,37,constant,512
MMF11,Adaptive-q64,19,20260945,1.45782427084265,0.249884270464491,0.0967779543564526,10000,1600,44,adaptive,64
MMF11,Adaptive-q1024,19,20260945,1.45668730743847,0.249746140464969,0.0949762448631507,10000,1600,44,adaptive,1024
MMF11,SPD-off,20,20260946,1.3310862143896,0.249595487071214,0.098363596909762,10000,0,52,off,512
MMF11,Adaptive-q512,20,20260946,1.54019270753857,0.250037694089801,0.0966443858622861,10000,2200,41,adaptive,512
MMF11,Constant-q512,20,20260946,1.37662837385254,0.249413625286834,0.0962506463086595,10000,3000,36,constant,512
MMF11,Adaptive-q64,20,20260946,1.58156180866912,0.249732135323014,0.0967612548902542,10000,2200,41,adaptive,64
MMF11,Adaptive-q1024,20,20260946,1.46524756619183,0.249796354365549,0.0981627259637868,10000,2400,39,adaptive,1024
MMF11,SPD-off,21,20260947,1.634269987969,0.25016776726409,0.096779052632896,10000,0,52,off,512
MMF11,Adaptive-q512,21,20260947,1.52254785349617,0.249559837508621,0.0964880151357579,10000,2600,38,adaptive,512
MMF11,Constant-q512,21,20260947,1.40584753776284,0.249086546953435,0.0990455091636089,10000,2386,39,constant,512
MMF11,Adaptive-q64,21,20260947,1.53935978651258,0.249412859690311,0.0982192478482797,10000,2600,38,adaptive,64
MMF11,Adaptive-q1024,21,20260947,1.47101470950369,0.249233918048794,0.0975122474368315,10000,2600,38,adaptive,1024
MMF11,SPD-off,22,20260948,1.35848448620473,0.249713686857013,0.0955952586139899,10000,0,52,off,512
MMF11,Adaptive-q512,22,20260948,1.45439750678861,0.249735808040658,0.0977742857035832,10000,2000,42,adaptive,512
MMF11,Constant-q512,22,20260948,1.30444089045914,0.248901717319167,0.0978491870615292,10000,2600,38,constant,512
MMF11,Adaptive-q64,22,20260948,1.66175447382957,0.249994917680402,0.0973256026388648,10000,2000,42,adaptive,64
MMF11,Adaptive-q1024,22,20260948,1.55044357868234,0.249951972010093,0.0969945349554238,10000,2000,42,adaptive,1024
MMF11,SPD-off,23,20260949,1.63049900488345,0.251192805659661,0.0959218791385973,10000,0,52,off,512
MMF11,Adaptive-q512,23,20260949,1.54360908198041,0.25003690415667,0.096936184651171,10000,2200,41,adaptive,512
MMF11,Constant-q512,23,20260949,1.57638868259178,0.249069928898352,0.097970749604444,10000,2586,38,constant,512
MMF11,Adaptive-q64,23,20260949,1.60658730505698,0.249721427959227,0.0966226377546899,10000,2200,41,adaptive,64
MMF11,Adaptive-q1024,23,20260949,1.53718671466131,0.249675184345691,0.0964425573308326,10000,2200,41,adaptive,1024
MMF11,SPD-off,24,20260950,1.42820076504443,0.250260291990772,0.0991486919740695,10000,0,52,off,512
MMF11,Adaptive-q512,24,20260950,1.50497396254416,0.249562683262267,0.0973762100550348,10000,2200,41,adaptive,512
MMF11,Constant-q512,24,20260950,1.4723625497833,0.248784339637337,0.0986392334737719,10000,2200,41,constant,512
MMF11,Adaptive-q64,24,20260950,1.66396177569685,0.24971578674401,0.0969816664698629,10000,2200,41,adaptive,64
MMF11,Adaptive-q1024,24,20260950,1.49188334330077,0.249887467654783,0.0974119023042497,10000,2200,41,adaptive,1024
MMF11,SPD-off,25,20260951,1.69426805513956,0.249651400236249,0.096085123834973,10000,0,52,off,512
MMF11,Adaptive-q512,25,20260951,1.47632584406924,0.24970278419213,0.0947434798116349,10000,2000,42,adaptive,512
MMF11,Constant-q512,25,20260951,1.60109103360284,0.249836387063823,0.0970142561897401,10000,2400,39,constant,512
MMF11,Adaptive-q64,25,20260951,1.58826604689936,0.249465892341425,0.0958721624721336,10000,2000,42,adaptive,64
MMF11,Adaptive-q1024,25,20260951,1.53229647848738,0.249944776639715,0.0965075857785038,10000,2000,42,adaptive,1024
MMF11,SPD-off,26,20260952,1.35388608041718,0.249376015150919,0.0964036388843094,10000,0,52,off,512
MMF11,Adaptive-q512,26,20260952,1.58797080613208,0.249751010860254,0.0957043632608276,10000,2800,37,adaptive,512
MMF11,Constant-q512,26,20260952,1.48141131140932,0.248966371299289,0.0967971401251034,10000,3200,35,constant,512
MMF11,Adaptive-q64,26,20260952,1.62488718651022,0.249814610951224,0.0993240522390008,10000,2800,37,adaptive,64
MMF11,Adaptive-q1024,26,20260952,1.55744193847441,0.249463961908156,0.0961139582602385,10000,2800,37,adaptive,1024
MMF11,SPD-off,27,20260953,1.45112735174313,0.249657848032047,0.0963763554486867,10000,0,52,off,512
MMF11,Adaptive-q512,27,20260953,1.48164632425572,0.249428449796344,0.0958777802761369,10000,2600,39,adaptive,512
MMF11,Constant-q512,27,20260953,1.62442900068802,0.250018500142569,0.0990198116959293,10000,2029,41,constant,512
MMF11,Adaptive-q64,27,20260953,1.48910259122717,0.24963889421565,0.095839116999826,10000,2600,39,adaptive,64
MMF11,Adaptive-q1024,27,20260953,1.44465049989932,0.249862995258759,0.0968711030262847,10000,2600,39,adaptive,1024
MMF11,SPD-off,28,20260954,1.87562584191754,0.250759407432651,0.0992420006538944,10000,0,52,off,512
MMF11,Adaptive-q512,28,20260954,1.51531599416986,0.249580735906124,0.0978430372984619,10000,2200,40,adaptive,512
MMF11,Constant-q512,28,20260954,1.53806983985844,0.249597838870853,0.0955109308207762,10000,2800,37,constant,512
MMF11,Adaptive-q64,28,20260954,1.67815028240581,0.250085252254805,0.0960697256755738,10000,2200,40,adaptive,64
MMF11,Adaptive-q1024,28,20260954,1.65033729166073,0.25000784823725,0.0963489352641248,10000,2200,40,adaptive,1024
MMF11,SPD-off,29,20260955,1.62922262070718,0.249748044377452,0.0986830483496819,10000,0,52,off,512
MMF11,Adaptive-q512,29,20260955,1.58914442711282,0.249978171304309,0.0979173842460103,10000,2600,38,adaptive,512
MMF11,Constant-q512,29,20260955,1.59788396226961,0.249597078632669,0.095087761127097,10000,2197,40,constant,512
MMF11,Adaptive-q64,29,20260955,1.60551400576973,0.249937238147988,0.0960596788298812,10000,2600,38,adaptive,64
MMF11,Adaptive-q1024,29,20260955,1.48383131747559,0.249582055845808,0.0963032068275581,10000,2600,38,adaptive,1024
MMF11,SPD-off,30,20260956,1.56116149854736,0.250778844426088,0.0958043120972812,10000,0,52,off,512
MMF11,Adaptive-q512,30,20260956,1.51289325032592,0.249628921662189,0.0978398591587306,10000,2400,39,adaptive,512
MMF11,Constant-q512,30,20260956,1.59117859398483,0.249425674424938,0.0983639463956241,10000,2400,39,constant,512
MMF11,Adaptive-q64,30,20260956,1.66357724269931,0.250175631931827,0.0970775792288486,10000,2600,38,adaptive,64
MMF11,Adaptive-q1024,30,20260956,1.52816097572054,0.24960901452685,0.0974902902105089,10000,2600,38,adaptive,1024
MMF11,SPD-off,31,20260957,1.55672897338079,0.24974290714443,0.0973659765561045,10000,0,52,off,512
MMF11,Adaptive-q512,31,20260957,1.52690187395038,0.249775719856236,0.0965543818532187,10000,2400,39,adaptive,512
MMF11,Constant-q512,31,20260957,1.51558353276123,0.249306037402129,0.0969803576796721,10000,3200,35,constant,512
MMF11,Adaptive-q64,31,20260957,1.51054310622724,0.249397598615317,0.0978557250581144,10000,2400,39,adaptive,64
MMF11,Adaptive-q1024,31,20260957,1.4758588763187,0.249400254736273,0.0955218855426742,10000,2400,39,adaptive,1024
MMF14,SPD-off,1,20260927,0.0900422486991978,0.0900422486991978,0.104532322373051,15000,0,52,off,512
MMF14,Adaptive-q512,1,20260927,0.0765951811976408,0.0765951811976408,0.107975740536649,15000,3000,42,adaptive,512
MMF14,Constant-q512,1,20260927,0.0664141278329064,0.0664141278329064,0.0932785290427933,15000,3600,40,constant,512
MMF14,Adaptive-q64,1,20260927,0.0837065141657486,0.0837065141657486,0.103162445293161,15000,3000,42,adaptive,64
MMF14,Adaptive-q1024,1,20260927,0.0861990163017421,0.0861990163017421,0.10682551385071,15000,3000,42,adaptive,1024
MMF14,SPD-off,2,20260928,0.0874337700493437,0.0874337700493437,0.10416210944182,15000,0,52,off,512
MMF14,Adaptive-q512,2,20260928,0.0757698852452449,0.0757698852452449,0.102154757749319,15000,3900,38,adaptive,512
MMF14,Constant-q512,2,20260928,0.0686552313718991,0.0686552313718991,0.087218881126953,15000,4800,35,constant,512
MMF14,Adaptive-q64,2,20260928,0.0685264945547131,0.0685264945547131,0.0947181961721953,15000,3900,38,adaptive,64
MMF14,Adaptive-q1024,2,20260928,0.0744997063698976,0.0744997063698976,0.101344276764051,15000,3900,38,adaptive,1024
MMF14,SPD-off,3,20260929,0.090502522823737,0.090502522823737,0.102671856492751,15000,0,52,off,512
MMF14,Adaptive-q512,3,20260929,0.0797295805278543,0.0797295805278543,0.0993792860099592,15000,3600,40,adaptive,512
MMF14,Constant-q512,3,20260929,0.071645921537572,0.071645921537572,0.0962327332577727,15000,5013,34,constant,512
MMF14,Adaptive-q64,3,20260929,0.0761199489803759,0.0761199489803759,0.105682750768185,15000,3600,40,adaptive,64
MMF14,Adaptive-q1024,3,20260929,0.0698554904739013,0.0698554904739013,0.0989800735219681,15000,3600,40,adaptive,1024
MMF14,SPD-off,4,20260930,0.112959671812057,0.112959671812057,0.121448763296124,15000,0,52,off,512
MMF14,Adaptive-q512,4,20260930,0.0703474939496156,0.0703474939496156,0.0978080857197051,15000,3900,38,adaptive,512
MMF14,Constant-q512,4,20260930,0.0647605666824817,0.0647605666824817,0.0880165439913205,15000,3607,39,constant,512
MMF14,Adaptive-q64,4,20260930,0.0719403156208319,0.0719403156208319,0.0985380343203824,15000,3900,38,adaptive,64
MMF14,Adaptive-q1024,4,20260930,0.0764050838212526,0.0764050838212526,0.105085250798699,15000,3900,38,adaptive,1024
MMF14,SPD-off,5,20260931,0.089743760137338,0.089743760137338,0.114401521128245,15000,0,52,off,512
MMF14,Adaptive-q512,5,20260931,0.0740416589753283,0.0740416589753283,0.103713825151489,15000,3900,38,adaptive,512
MMF14,Constant-q512,5,20260931,0.0614525325420944,0.0614525325420944,0.0904404130549199,15000,3903,38,constant,512
MMF14,Adaptive-q64,5,20260931,0.0730748489349464,0.0730748489349464,0.0956920198725127,15000,3900,38,adaptive,64
MMF14,Adaptive-q1024,5,20260931,0.07591586149948,0.07591586149948,0.108045890651056,15000,3900,38,adaptive,1024
MMF14,SPD-off,6,20260932,0.0895628410994035,0.0895628410994035,0.0987050144545974,15000,0,52,off,512
MMF14,Adaptive-q512,6,20260932,0.0776090832579761,0.0776090832579761,0.104035893824139,15000,3900,38,adaptive,512
MMF14,Constant-q512,6,20260932,0.066539409611632,0.066539409611632,0.0889263662262482,15000,3290,40,constant,512
MMF14,Adaptive-q64,6,20260932,0.0795349713689019,0.0795349713689019,0.0969786308506648,15000,3900,38,adaptive,64
MMF14,Adaptive-q1024,6,20260932,0.0736939726082453,0.0736939726082453,0.0972916673978499,15000,3900,38,adaptive,1024
MMF14,SPD-off,7,20260933,0.0778854483036297,0.0778854483036297,0.107013695246784,15000,0,52,off,512
MMF14,Adaptive-q512,7,20260933,0.0802290483197311,0.0802290483197311,0.103805536283605,15000,3900,39,adaptive,512
MMF14,Constant-q512,7,20260933,0.0684386197685484,0.0684386197685484,0.0923402427001556,15000,4500,36,constant,512
MMF14,Adaptive-q64,7,20260933,0.0739930317991518,0.0739930317991518,0.0959727519508948,15000,3900,39,adaptive,64
MMF14,Adaptive-q1024,7,20260933,0.0768906146832801,0.0768906146832801,0.105219301255723,15000,3900,39,adaptive,1024
MMF14,SPD-off,8,20260934,0.0806101426269811,0.0806101426269811,0.10714197041719,15000,0,52,off,512
MMF14,Adaptive-q512,8,20260934,0.0694239639871249,0.0694239639871249,0.100327720598873,15000,2700,43,adaptive,512
MMF14,Constant-q512,8,20260934,0.0610359630224342,0.0610359630224342,0.0845556868050407,15000,4719,35,constant,512
MMF14,Adaptive-q64,8,20260934,0.0737016703123279,0.0737016703123279,0.0991688249294322,15000,2700,43,adaptive,64
MMF14,Adaptive-q1024,8,20260934,0.083216145747102,0.083216145747102,0.106578965079889,15000,2700,43,adaptive,1024
MMF14,SPD-off,9,20260935,0.0943036363993859,0.0943036363993859,0.105883068742787,15000,0,52,off,512
MMF14,Adaptive-q512,9,20260935,0.09257789033084,0.09257789033084,0.0997730528289612,15000,3000,42,adaptive,512
MMF14,Constant-q512,9,20260935,0.0690187900666363,0.0690187900666363,0.096589353612573,15000,3600,39,constant,512
MMF14,Adaptive-q64,9,20260935,0.0813605333609774,0.0813605333609774,0.10334047267819,15000,3000,42,adaptive,64
MMF14,Adaptive-q1024,9,20260935,0.0748943321426065,0.0748943321426065,0.098363412926334,15000,3000,42,adaptive,1024
MMF14,SPD-off,10,20260936,0.0878133741058771,0.0878133741058771,0.103376095703211,15000,0,52,off,512
MMF14,Adaptive-q512,10,20260936,0.079802577152762,0.079802577152762,0.102911280065993,15000,3300,41,adaptive,512
MMF14,Constant-q512,10,20260936,0.0710413614065116,0.0710413614065116,0.104492493185673,15000,4500,36,constant,512
MMF14,Adaptive-q64,10,20260936,0.0790738303846757,0.0790738303846757,0.10690052130697,15000,3300,41,adaptive,64
MMF14,Adaptive-q1024,10,20260936,0.0838652688538229,0.0838652688538229,0.117341375020531,15000,3300,41,adaptive,1024
MMF14,SPD-off,11,20260937,0.086056457350387,0.086056457350387,0.119615486622786,15000,0,52,off,512
MMF14,Adaptive-q512,11,20260937,0.0811392476136147,0.0811392476136147,0.101443414837691,15000,3300,40,adaptive,512
MMF14,Constant-q512,11,20260937,0.0726438649764312,0.0726438649764312,0.0973739031140559,15000,3600,39,constant,512
MMF14,Adaptive-q64,11,20260937,0.072433290551193,0.072433290551193,0.100878115462605,15000,3300,40,adaptive,64
MMF14,Adaptive-q1024,11,20260937,0.0731431228036965,0.0731431228036965,0.102726013146291,15000,3300,40,adaptive,1024
MMF14,SPD-off,12,20260938,0.0956969474262977,0.0956969474262977,0.114702338351601,15000,0,52,off,512
MMF14,Adaptive-q512,12,20260938,0.0708626825145,0.0708626825145,0.104359205934245,15000,3600,40,adaptive,512
MMF14,Constant-q512,12,20260938,0.0653975259914288,0.0653975259914288,0.0923613145721284,15000,4200,37,constant,512
MMF14,Adaptive-q64,12,20260938,0.0726081710731628,0.0726081710731628,0.106094181594637,15000,3600,40,adaptive,64
MMF14,Adaptive-q1024,12,20260938,0.0714292400956303,0.0714292400956303,0.0990122000100528,15000,3600,40,adaptive,1024
MMF14,SPD-off,13,20260939,0.0823857977425052,0.0823857977425052,0.105521408797149,15000,0,52,off,512
MMF14,Adaptive-q512,13,20260939,0.0709511804752227,0.0709511804752227,0.104675082959855,15000,3900,38,adaptive,512
MMF14,Constant-q512,13,20260939,0.0685923369622949,0.0685923369622949,0.0962142931133726,15000,3000,42,constant,512
MMF14,Adaptive-q64,13,20260939,0.0726749658740505,0.0726749658740505,0.0929589017856169,15000,3900,38,adaptive,64
MMF14,Adaptive-q1024,13,20260939,0.0755636200336369,0.0755636200336369,0.101125707666111,15000,3900,38,adaptive,1024
MMF14,SPD-off,14,20260940,0.0862670029607747,0.0862670029607747,0.113165301005232,15000,0,52,off,512
MMF14,Adaptive-q512,14,20260940,0.0823710115670852,0.0823710115670852,0.0976841922282257,15000,3000,41,adaptive,512
MMF14,Constant-q512,14,20260940,0.0706251475955857,0.0706251475955857,0.0938896270870253,15000,4500,36,constant,512
MMF14,Adaptive-q64,14,20260940,0.0765064908909271,0.0765064908909271,0.0980919667797081,15000,3000,41,adaptive,64
MMF14,Adaptive-q1024,14,20260940,0.0728372035051027,0.0728372035051027,0.0985560765764637,15000,3000,41,adaptive,1024
MMF14,SPD-off,15,20260941,0.0785423247596286,0.0785423247596286,0.100560919183444,15000,0,52,off,512
MMF14,Adaptive-q512,15,20260941,0.0715062382333046,0.0715062382333046,0.0979874817241526,15000,3000,42,adaptive,512
MMF14,Constant-q512,15,20260941,0.0721649066265029,0.0721649066265029,0.0959096976218431,15000,3900,39,constant,512
MMF14,Adaptive-q64,15,20260941,0.0676845302377908,0.0676845302377908,0.0899474509792341,15000,3000,42,adaptive,64
MMF14,Adaptive-q1024,15,20260941,0.0774204157517236,0.0774204157517236,0.101859170244931,15000,3000,42,adaptive,1024
MMF14,SPD-off,16,20260942,0.0805913283918236,0.0805913283918236,0.109054936015103,15000,0,52,off,512
MMF14,Adaptive-q512,16,20260942,0.0724543717519043,0.0724543717519043,0.0984930372555243,15000,3300,41,adaptive,512
MMF14,Constant-q512,16,20260942,0.0661090365460793,0.0661090365460793,0.092662822751203,15000,4200,37,constant,512
MMF14,Adaptive-q64,16,20260942,0.0726135415069511,0.0726135415069511,0.0981591695379475,15000,3300,41,adaptive,64
MMF14,Adaptive-q1024,16,20260942,0.074302637549455,0.074302637549455,0.0965186304505451,15000,3300,41,adaptive,1024
MMF14,SPD-off,17,20260943,0.0851536795979608,0.0851536795979608,0.110815185000963,15000,0,52,off,512
MMF14,Adaptive-q512,17,20260943,0.069438698126651,0.069438698126651,0.101075554956211,15000,3600,39,adaptive,512
MMF14,Constant-q512,17,20260943,0.0687342998828191,0.0687342998828191,0.0889771890548892,15000,4709,35,constant,512
MMF14,Adaptive-q64,17,20260943,0.080420679815522,0.080420679815522,0.101463466154887,15000,3600,39,adaptive,64
MMF14,Adaptive-q1024,17,20260943,0.0692239336058544,0.0692239336058544,0.0939436200384421,15000,3600,39,adaptive,1024
MMF14,SPD-off,18,20260944,0.0831661162745034,0.0831661162745034,0.102017131519672,15000,0,52,off,512
MMF14,Adaptive-q512,18,20260944,0.0777608709697269,0.0777608709697269,0.0993456092138138,15000,3600,39,adaptive,512
MMF14,Constant-q512,18,20260944,0.0640375045000125,0.0640375045000125,0.0877155092178813,15000,4500,36,constant,512
MMF14,Adaptive-q64,18,20260944,0.0744286973449781,0.0744286973449781,0.101529268502329,15000,3600,39,adaptive,64
MMF14,Adaptive-q1024,18,20260944,0.0733891608189274,0.0733891608189274,0.105491084305932,15000,3600,39,adaptive,1024
MMF14,SPD-off,19,20260945,0.0822628321282175,0.0822628321282175,0.101130964113835,15000,0,52,off,512
MMF14,Adaptive-q512,19,20260945,0.0709941800273507,0.0709941800273507,0.0974346257689026,15000,3000,42,adaptive,512
MMF14,Constant-q512,19,20260945,0.0684356334659205,0.0684356334659205,0.100623490425745,15000,3849,38,constant,512
MMF14,Adaptive-q64,19,20260945,0.0850724148765495,0.0850724148765495,0.108232922209948,15000,3000,42,adaptive,64
MMF14,Adaptive-q1024,19,20260945,0.0749942992212798,0.0749942992212798,0.101146912098685,15000,3000,42,adaptive,1024
MMF14,SPD-off,20,20260946,0.0880822611006438,0.0880822611006438,0.10358551722904,15000,0,52,off,512
MMF14,Adaptive-q512,20,20260946,0.0730067987082732,0.0730067987082732,0.0971489609063111,15000,3600,39,adaptive,512
MMF14,Constant-q512,20,20260946,0.0631867433386197,0.0631867433386197,0.0901483865941579,15000,5030,34,constant,512
MMF14,Adaptive-q64,20,20260946,0.0756628863375866,0.0756628863375866,0.0973658116449073,15000,3600,39,adaptive,64
MMF14,Adaptive-q1024,20,20260946,0.0720283442589842,0.0720283442589842,0.0995401175254393,15000,3600,39,adaptive,1024
MMF14,SPD-off,21,20260947,0.100767661922228,0.100767661922228,0.118463144191864,15000,0,52,off,512
MMF14,Adaptive-q512,21,20260947,0.0718181313316522,0.0718181313316522,0.108243354430506,15000,3600,39,adaptive,512
MMF14,Constant-q512,21,20260947,0.0715098725496032,0.0715098725496032,0.100972530964927,15000,3900,38,constant,512
MMF14,Adaptive-q64,21,20260947,0.078052188486377,0.078052188486377,0.100148178424363,15000,3600,39,adaptive,64
MMF14,Adaptive-q1024,21,20260947,0.0789489477665966,0.0789489477665966,0.102006367618608,15000,3600,39,adaptive,1024
MMF14,SPD-off,22,20260948,0.0874009952046747,0.0874009952046747,0.115870092928327,15000,0,52,off,512
MMF14,Adaptive-q512,22,20260948,0.0779334339839705,0.0779334339839705,0.107257690275171,15000,2700,43,adaptive,512
MMF14,Constant-q512,22,20260948,0.0715040597827007,0.0715040597827007,0.095318462710454,15000,3900,38,constant,512
MMF14,Adaptive-q64,22,20260948,0.0817101199417216,0.0817101199417216,0.0978174852434542,15000,2700,43,adaptive,64
MMF14,Adaptive-q1024,22,20260948,0.0760458348282461,0.0760458348282461,0.0943976758101111,15000,2700,43,adaptive,1024
MMF14,SPD-off,23,20260949,0.0897380271816532,0.0897380271816532,0.110334703555148,15000,0,52,off,512
MMF14,Adaptive-q512,23,20260949,0.0706854676221255,0.0706854676221255,0.0965750166287437,15000,4500,36,adaptive,512
MMF14,Constant-q512,23,20260949,0.0751342520861379,0.0751342520861379,0.100447032352173,15000,3300,41,constant,512
MMF14,Adaptive-q64,23,20260949,0.0693754373330711,0.0693754373330711,0.102523170997022,15000,4500,36,adaptive,64
MMF14,Adaptive-q1024,23,20260949,0.0705885661909448,0.0705885661909448,0.101134494692579,15000,4500,36,adaptive,1024
MMF14,SPD-off,24,20260950,0.0968817199048271,0.0968817199048271,0.110567113356547,15000,0,52,off,512
MMF14,Adaptive-q512,24,20260950,0.0684703355824634,0.0684703355824634,0.0963148936443434,15000,3600,40,adaptive,512
MMF14,Constant-q512,24,20260950,0.0708791520922221,0.0708791520922221,0.0970378200942918,15000,3317,40,constant,512
MMF14,Adaptive-q64,24,20260950,0.0773148368252149,0.0773148368252149,0.0996586050845533,15000,3600,40,adaptive,64
MMF14,Adaptive-q1024,24,20260950,0.0764782845615247,0.0764782845615247,0.102053297400696,15000,3600,40,adaptive,1024
MMF14,SPD-off,25,20260951,0.0940263831946937,0.0940263831946937,0.121757605776942,15000,0,52,off,512
MMF14,Adaptive-q512,25,20260951,0.0701602740743643,0.0701602740743643,0.0978072348639413,15000,4200,37,adaptive,512
MMF14,Constant-q512,25,20260951,0.0667982479560907,0.0667982479560907,0.0939641874976446,15000,4500,36,constant,512
MMF14,Adaptive-q64,25,20260951,0.0794077716477982,0.0794077716477982,0.101770562140848,15000,4200,37,adaptive,64
MMF14,Adaptive-q1024,25,20260951,0.0666601445829194,0.0666601445829194,0.0955182711693706,15000,4200,37,adaptive,1024
MMF14,SPD-off,26,20260952,0.0860544128880184,0.0860544128880184,0.107238950221985,15000,0,52,off,512
MMF14,Adaptive-q512,26,20260952,0.0725459238829712,0.0725459238829712,0.100967807331804,15000,3600,39,adaptive,512
MMF14,Constant-q512,26,20260952,0.0733554783476139,0.0733554783476139,0.103150043212195,15000,4200,37,constant,512
MMF14,Adaptive-q64,26,20260952,0.0723088875381476,0.0723088875381476,0.0986229120698139,15000,3600,39,adaptive,64
MMF14,Adaptive-q1024,26,20260952,0.0713730671430815,0.0713730671430815,0.103473092730688,15000,3600,39,adaptive,1024
MMF14,SPD-off,27,20260953,0.100775442341759,0.100775442341759,0.109303550735315,15000,0,52,off,512
MMF14,Adaptive-q512,27,20260953,0.0866099904032697,0.0866099904032697,0.103928708613177,15000,2700,42,adaptive,512
MMF14,Constant-q512,27,20260953,0.0691771335512256,0.0691771335512256,0.0953383948016932,15000,3300,40,constant,512
MMF14,Adaptive-q64,27,20260953,0.0771615179529718,0.0771615179529718,0.102395371082324,15000,2700,42,adaptive,64
MMF14,Adaptive-q1024,27,20260953,0.0759458713874107,0.0759458713874107,0.102892528244319,15000,2700,42,adaptive,1024
MMF14,SPD-off,28,20260954,0.102020615747597,0.102020615747597,0.11600904275688,15000,0,52,off,512
MMF14,Adaptive-q512,28,20260954,0.074542112162177,0.074542112162177,0.0971760628145368,15000,3300,41,adaptive,512
MMF14,Constant-q512,28,20260954,0.0610875767137553,0.0610875767137553,0.0893370191225673,15000,4800,35,constant,512
MMF14,Adaptive-q64,28,20260954,0.0746616599434824,0.0746616599434824,0.103057985533558,15000,3300,41,adaptive,64
MMF14,Adaptive-q1024,28,20260954,0.0812295529317305,0.0812295529317305,0.09966952984213,15000,3300,41,adaptive,1024
MMF14,SPD-off,29,20260955,0.0903393249910148,0.0903393249910148,0.110152819517523,15000,0,52,off,512
MMF14,Adaptive-q512,29,20260955,0.0729063924180503,0.0729063924180503,0.105519884933039,15000,4500,36,adaptive,512
MMF14,Constant-q512,29,20260955,0.060524959024644,0.060524959024644,0.0875376428223589,15000,4200,37,constant,512
MMF14,Adaptive-q64,29,20260955,0.0731386259704017,0.0731386259704017,0.103595064777029,15000,4500,36,adaptive,64
MMF14,Adaptive-q1024,29,20260955,0.074689827523745,0.074689827523745,0.0998136574650069,15000,4500,36,adaptive,1024
MMF14,SPD-off,30,20260956,0.0787191867054119,0.0787191867054119,0.111650372046965,15000,0,52,off,512
MMF14,Adaptive-q512,30,20260956,0.0737245215063524,0.0737245215063524,0.0977092179887107,15000,3300,40,adaptive,512
MMF14,Constant-q512,30,20260956,0.0723706108608289,0.0723706108608289,0.0960170177466449,15000,4200,37,constant,512
MMF14,Adaptive-q64,30,20260956,0.0756610959727141,0.0756610959727141,0.103110252465061,15000,3300,40,adaptive,64
MMF14,Adaptive-q1024,30,20260956,0.076277331827507,0.076277331827507,0.10205063887652,15000,3300,40,adaptive,1024
MMF14,SPD-off,31,20260957,0.0894249543523773,0.0894249543523773,0.110398665821954,15000,0,52,off,512
MMF14,Adaptive-q512,31,20260957,0.0747872184248733,0.0747872184248733,0.106603729431831,15000,3600,39,adaptive,512
MMF14,Constant-q512,31,20260957,0.0717578197022798,0.0717578197022798,0.0940434394466496,15000,4200,37,constant,512
MMF14,Adaptive-q64,31,20260957,0.0779775439038689,0.0779775439038689,0.100431873322294,15000,3600,39,adaptive,64
MMF14,Adaptive-q1024,31,20260957,0.0767283781773852,0.0767283781773852,0.100932354321339,15000,3600,39,adaptive,1024
SYM_PART_rotated,SPD-off,1,20260927,5.4743098973749,4.16656649141868,0.0153809014169911,10000,0,52,off,512
SYM_PART_rotated,Adaptive-q512,1,20260927,0.0879620195175225,0.0873842044704913,0.0134994249985487,10000,2600,38,adaptive,512
SYM_PART_rotated,Constant-q512,1,20260927,0.0661926485650464,0.0659527277578119,0.0139733861930044,10000,3400,34,constant,512
SYM_PART_rotated,Adaptive-q64,1,20260927,1.03431833578637,1.02410237196327,0.0147268017224954,10000,2600,38,adaptive,64
SYM_PART_rotated,Adaptive-q1024,1,20260927,0.0901200833671188,0.0898092424046724,0.0158304289229844,10000,2600,38,adaptive,1024
SYM_PART_rotated,SPD-off,2,20260928,11.0178506258447,5.75020146917861,0.0186825238102783,10000,0,52,off,512
SYM_PART_rotated,Adaptive-q512,2,20260928,0.106196716639804,0.105638872560719,0.0152777620989548,10000,2400,39,adaptive,512
SYM_PART_rotated,Constant-q512,2,20260928,1.22014845360795,1.06000406135929,0.0140179172254741,10000,1400,45,constant,512
SYM_PART_rotated,Adaptive-q64,2,20260928,0.131482600721849,0.131017986017105,0.0136364588405474,10000,1800,43,adaptive,64
SYM_PART_rotated,Adaptive-q1024,2,20260928,0.093196035218859,0.0920838230557391,0.0164189890006011,10000,1800,43,adaptive,1024
SYM_PART_rotated,SPD-off,3,20260929,4.89909266006854,4.24369635102114,0.0126953549447371,10000,0,52,off,512
SYM_PART_rotated,Adaptive-q512,3,20260929,0.115488925502508,0.115276649164469,0.0136774671369206,10000,2600,38,adaptive,512
SYM_PART_rotated,Constant-q512,3,20260929,0.0622675627224539,0.0620332533095239,0.0166405008463225,10000,2574,38,constant,512
SYM_PART_rotated,Adaptive-q64,3,20260929,0.0777318887965398,0.077356701938062,0.0143758233249047,10000,2400,39,adaptive,64
SYM_PART_rotated,Adaptive-q1024,3,20260929,0.123094041773582,0.122120628999199,0.0163234883211798,10000,2600,38,adaptive,1024
SYM_PART_rotated,SPD-off,4,20260930,2.52751783192408,2.19603769303264,0.015383283754988,10000,0,52,off,512
SYM_PART_rotated,Adaptive-q512,4,20260930,1.00341730495367,0.99657126439,0.0165335302893984,10000,2600,38,adaptive,512
SYM_PART_rotated,Constant-q512,4,20260930,0.153286900568534,0.15265753047971,0.0120210904980339,10000,2600,38,constant,512
SYM_PART_rotated,Adaptive-q64,4,20260930,0.113071536285097,0.112066365417436,0.0140845907718953,10000,2600,38,adaptive,64
SYM_PART_rotated,Adaptive-q1024,4,20260930,0.0819165865337923,0.0815489562220641,0.0138384348004129,10000,2600,38,adaptive,1024
SYM_PART_rotated,SPD-off,5,20260931,14.0494361871395,7.44011586962595,0.016994855171074,10000,0,52,off,512
SYM_PART_rotated,Adaptive-q512,5,20260931,0.0827633193399422,0.0824119593534027,0.0158999531824926,10000,2800,38,adaptive,512
SYM_PART_rotated,Constant-q512,5,20260931,0.103714138518535,0.103436781612066,0.0163805491503624,10000,3200,35,constant,512
SYM_PART_rotated,Adaptive-q64,5,20260931,0.0900669333013322,0.0892628155366975,0.0184982111325749,10000,2800,38,adaptive,64
SYM_PART_rotated,Adaptive-q1024,5,20260931,0.0967860542004569,0.0958996006768212,0.015845801659755,10000,2600,38,adaptive,1024
SYM_PART_rotated,SPD-off,6,20260932,3.71240692236634,3.2228015930116,0.0135446399928671,10000,0,52,off,512
SYM_PART_rotated,Adaptive-q512,6,20260932,0.146148364722169,0.145883783116171,0.0155834858956742,10000,2000,41,adaptive,512
SYM_PART_rotated,Constant-q512,6,20260932,0.0828613499972911,0.0824202781449417,0.014408321536682,10000,2800,37,constant,512
SYM_PART_rotated,Adaptive-q64,6,20260932,0.106814742967069,0.106195895160642,0.0172575840765262,10000,2000,42,adaptive,64
SYM_PART_rotated,Adaptive-q1024,6,20260932,0.0980375943784117,0.097737861909029,0.0172838624847421,10000,2000,41,adaptive,1024
SYM_PART_rotated,SPD-off,7,20260933,18.4836160350448,7.13140789893613,0.0140202075226671,10000,0,52,off,512
SYM_PART_rotated,Adaptive-q512,7,20260933,0.122456524917378,0.121520508587361,0.0128155163485785,10000,2000,42,adaptive,512
SYM_PART_rotated,Constant-q512,7,20260933,0.0805422042511408,0.0803858244491719,0.0177850718155855,10000,2800,37,constant,512
SYM_PART_rotated,Adaptive-q64,7,20260933,0.133820640151208,0.133214700414352,0.0132360221876132,10000,2000,42,adaptive,64
SYM_PART_rotated,Adaptive-q1024,7,20260933,0.0804768817415638,0.0802208753658809,0.0135750725539622,10000,2000,42,adaptive,1024
SYM_PART_rotated,SPD-off,8,20260934,6.32743305130843,5.38830736815354,0.0138289626131831,10000,0,52,off,512
SYM_PART_rotated,Adaptive-q512,8,20260934,0.0849011892683053,0.0845158350029054,0.0150218990026032,10000,2200,40,adaptive,512
SYM_PART_rotated,Constant-q512,8,20260934,0.0664407012212561,0.0662709087261314,0.0155455681199818,10000,2800,37,constant,512
SYM_PART_rotated,Adaptive-q64,8,20260934,0.0733996809508077,0.0728985565332153,0.0108411636721473,10000,2200,40,adaptive,64
SYM_PART_rotated,Adaptive-q1024,8,20260934,0.0851346839259774,0.0848011901555967,0.0147031003339685,10000,2200,40,adaptive,1024
SYM_PART_rotated,SPD-off,9,20260935,5.52152018649478,4.15369072295669,0.0185797505547037,10000,0,52,off,512
SYM_PART_rotated,Adaptive-q512,9,20260935,0.120672302172752,0.120388664578096,0.0159614459636927,10000,2200,40,adaptive,512
SYM_PART_rotated,Constant-q512,9,20260935,0.0956197495262822,0.0951249029295615,0.0130436704189175,10000,3200,35,constant,512
SYM_PART_rotated,Adaptive-q64,9,20260935,0.0773467125689526,0.0771252316070696,0.0172534047384839,10000,2400,39,adaptive,64
SYM_PART_rotated,Adaptive-q1024,9,20260935,1.00107301817963,0.998333377998734,0.0155695884283194,10000,2400,39,adaptive,1024
SYM_PART_rotated,SPD-off,10,20260936,3.84958438118927,3.28146760407244,0.013580924918007,10000,0,52,off,512
SYM_PART_rotated,Adaptive-q512,10,20260936,0.102454229161866,0.101386880432539,0.0130704128207544,10000,2000,42,adaptive,512
SYM_PART_rotated,Constant-q512,10,20260936,2.88865933401137,2.88448268829649,0.0140208639986231,10000,2800,37,constant,512
SYM_PART_rotated,Adaptive-q64,10,20260936,1.35244131649397,1.17473777749072,0.0139821222397003,10000,2000,42,adaptive,64
SYM_PART_rotated,Adaptive-q1024,10,20260936,1.00678726936917,1.00247152860307,0.0137730227503067,10000,2000,42,adaptive,1024
SYM_PART_rotated,SPD-off,11,20260937,6.81520055935767,5.18451075177951,0.0164884943228039,10000,0,52,off,512
SYM_PART_rotated,Adaptive-q512,11,20260937,0.140793613573769,0.137518270961113,0.012689819914786,10000,2600,38,adaptive,512
SYM_PART_rotated,Constant-q512,11,20260937,1.02315693409337,1.02041721089352,0.0135592197841639,10000,3200,35,constant,512
SYM_PART_rotated,Adaptive-q64,11,20260937,0.0769365431813573,0.076726489249104,0.0157991385873355,10000,2600,38,adaptive,64
SYM_PART_rotated,Adaptive-q1024,11,20260937,0.0820818944460383,0.0817326503341923,0.012824026386696,10000,2600,38,adaptive,1024
SYM_PART_rotated,SPD-off,12,20260938,7.53677014248871,5.73398148012876,0.0119456947506039,10000,0,52,off,512
SYM_PART_rotated,Adaptive-q512,12,20260938,0.108401501279813,0.107562282156736,0.0138152045193655,10000,2600,38,adaptive,512
SYM_PART_rotated,Constant-q512,12,20260938,3.34135872226676,3.33477024639199,0.0143734747176494,10000,3145,35,constant,512
SYM_PART_rotated,Adaptive-q64,12,20260938,0.135314126198989,0.134602852004908,0.0154169740300992,10000,2800,37,adaptive,64
SYM_PART_rotated,Adaptive-q1024,12,20260938,0.13186513462566,0.1310873213839,0.0125384547886983,10000,2000,41,adaptive,1024
SYM_PART_rotated,SPD-off,13,20260939,11.0144265918617,6.95509712013074,0.0142963195148344,10000,0,52,off,512
SYM_PART_rotated,Adaptive-q512,13,20260939,0.0957328359674025,0.0953312242894197,0.0117702557051835,10000,2400,39,adaptive,512
SYM_PART_rotated,Constant-q512,13,20260939,0.123069498860125,0.122045358987873,0.0146551421575742,10000,2400,39,constant,512
SYM_PART_rotated,Adaptive-q64,13,20260939,0.157898992358364,0.156154569923612,0.0148092248656305,10000,2400,39,adaptive,64
SYM_PART_rotated,Adaptive-q1024,13,20260939,1.32913357214077,1.15344896825178,0.015875668938932,10000,2400,39,adaptive,1024
SYM_PART_rotated,SPD-off,14,20260940,5.66163133398517,4.28617093073268,0.0144452089531548,10000,0,52,off,512
SYM_PART_rotated,Adaptive-q512,14,20260940,2.0195280538441,2.01488439023687,0.0176232214063543,10000,2400,39,adaptive,512
SYM_PART_rotated,Constant-q512,14,20260940,0.200907131523594,0.200389243197466,0.0142996675984364,10000,2600,38,constant,512
SYM_PART_rotated,Adaptive-q64,14,20260940,1.29017581715192,1.123445433567,0.0167904995145738,10000,2400,39,adaptive,64
SYM_PART_rotated,Adaptive-q1024,14,20260940,1.05636460029451,1.054041799712,0.018785224104728,10000,2400,39,adaptive,1024
SYM_PART_rotated,SPD-off,15,20260941,7.25813496492201,5.23778508522533,0.0150549293186816,10000,0,52,off,512
SYM_PART_rotated,Adaptive-q512,15,20260941,1.04280719253393,1.04015721453056,0.0155763673426737,10000,1800,43,adaptive,512
SYM_PART_rotated,Constant-q512,15,20260941,1.06352412250882,1.06230015992872,0.0134701279496736,10000,2400,39,constant,512
SYM_PART_rotated,Adaptive-q64,15,20260941,0.0885829317532343,0.0879310038111923,0.0119860379815737,10000,1800,43,adaptive,64
SYM_PART_rotated,Adaptive-q1024,15,20260941,1.10419884001004,1.08540177163604,0.0149897137750801,10000,1800,43,adaptive,1024
SYM_PART_rotated,SPD-off,16,20260942,9.10857123776755,6.502651468301,0.0167983698816691,10000,0,52,off,512
SYM_PART_rotated,Adaptive-q512,16,20260942,1.06077587123416,1.05632021569705,0.0154170838185646,10000,2400,40,adaptive,512
SYM_PART_rotated,Constant-q512,16,20260942,5.58614788164633,5.57412077361232,0.0127345763416205,10000,3000,36,constant,512
SYM_PART_rotated,Adaptive-q64,16,20260942,3.33830557458146,3.33590338120451,0.014020285914428,10000,2200,40,adaptive,64
SYM_PART_rotated,Adaptive-q1024,16,20260942,0.164371999871615,0.163490566041891,0.0138004411545542,10000,2400,40,adaptive,1024
SYM_PART_rotated,SPD-off,17,20260943,4.69599550678929,4.0805771216795,0.0182755929928932,10000,0,52,off,512
SYM_PART_rotated,Adaptive-q512,17,20260943,0.103043898123081,0.101930168372816,0.0166013317364415,10000,2600,38,adaptive,512
SYM_PART_rotated,Constant-q512,17,20260943,0.10353852969669,0.103009593953246,0.0184378126264789,10000,3122,35,constant,512
SYM_PART_rotated,Adaptive-q64,17,20260943,0.105811521820713,0.105125523029296,0.0157383975441625,10000,2400,40,adaptive,64
SYM_PART_rotated,Adaptive-q1024,17,20260943,0.0703422726945994,0.0700836357853113,0.0123759462629829,10000,2600,38,adaptive,1024
SYM_PART_rotated,SPD-off,18,20260944,14.14606602545,6.59570523719326,0.0126271237469479,10000,0,52,off,512
SYM_PART_rotated,Adaptive-q512,18,20260944,0.116796034901385,0.116220934301291,0.0137287529862406,10000,2000,42,adaptive,512
SYM_PART_rotated,Constant-q512,18,20260944,0.137091939593802,0.136899763270416,0.0139092994343463,10000,3000,36,constant,512
SYM_PART_rotated,Adaptive-q64,18,20260944,0.2236854241222,0.223010926141601,0.0145127259821368,10000,2000,42,adaptive,64
SYM_PART_rotated,Adaptive-q1024,18,20260944,0.0989235174228859,0.0986501288747442,0.0164582659565087,10000,2000,42,adaptive,1024
SYM_PART_rotated,SPD-off,19,20260945,12.2022810477098,5.61765508709634,0.0147239290554308,10000,0,52,off,512
SYM_PART_rotated,Adaptive-q512,19,20260945,0.200205690184533,0.196076605721603,0.0150486648710288,10000,1600,44,adaptive,512
SYM_PART_rotated,Constant-q512,19,20260945,0.0798029759829945,0.0791757578070554,0.0159137877785427,10000,2800,37,constant,512
SYM_PART_rotated,Adaptive-q64,19,20260945,0.102942862452801,0.102203104298437,0.0149789876894438,10000,1600,44,adaptive,64
SYM_PART_rotated,Adaptive-q1024,19,20260945,0.0917679307233652,0.0908496371928778,0.0140822411085482,10000,1600,44,adaptive,1024
SYM_PART_rotated,SPD-off,20,20260946,28.3981180886397,8.10674136903645,0.0141934085293277,10000,0,52,off,512
SYM_PART_rotated,Adaptive-q512,20,20260946,0.0791567322753047,0.0788548639814681,0.0145330692180742,10000,2200,41,adaptive,512
SYM_PART_rotated,Constant-q512,20,20260946,0.0677787128025667,0.0673161451128011,0.0133930413761603,10000,3000,36,constant,512
SYM_PART_rotated,Adaptive-q64,20,20260946,0.095469535393252,0.095188821476295,0.0172011092360605,10000,2200,41,adaptive,64
SYM_PART_rotated,Adaptive-q1024,20,20260946,0.158007017170775,0.157761847295176,0.0123495795840487,10000,2200,41,adaptive,1024
SYM_PART_rotated,SPD-off,21,20260947,10.669842012015,6.72081846249115,0.0168496529496855,10000,0,52,off,512
SYM_PART_rotated,Adaptive-q512,21,20260947,0.0839525779379096,0.0833482157259698,0.0142556550394713,10000,2600,38,adaptive,512
SYM_PART_rotated,Constant-q512,21,20260947,0.224232817099005,0.222781920289957,0.0135459379896413,10000,2200,41,constant,512
SYM_PART_rotated,Adaptive-q64,21,20260947,0.114197433291137,0.113966525276173,0.0159523170900028,10000,2600,38,adaptive,64
SYM_PART_rotated,Adaptive-q1024,21,20260947,0.157328475066673,0.156187808603172,0.0134196819724209,10000,2200,40,adaptive,1024
SYM_PART_rotated,SPD-off,22,20260948,19.5340480778018,7.41813186642926,0.015246780921582,10000,0,52,off,512
SYM_PART_rotated,Adaptive-q512,22,20260948,0.162318945869295,0.161144760939976,0.0148187449561088,10000,2000,42,adaptive,512
SYM_PART_rotated,Constant-q512,22,20260948,0.0792208731076465,0.0786246021405003,0.0170552263693074,10000,2200,41,constant,512
SYM_PART_rotated,Adaptive-q64,22,20260948,1.28556833504151,1.11306109888674,0.0157073695314143,10000,2000,42,adaptive,64
SYM_PART_rotated,Adaptive-q1024,22,20260948,1.26413461426595,1.09193588379984,0.0148960647901558,10000,2000,42,adaptive,1024
SYM_PART_rotated,SPD-off,23,20260949,2.87122590882664,2.18098064416443,0.0152335726446713,10000,0,52,off,512
SYM_PART_rotated,Adaptive-q512,23,20260949,0.0912754625451278,0.0906664407445394,0.0142732259916694,10000,2800,37,adaptive,512
SYM_PART_rotated,Constant-q512,23,20260949,0.157877943596691,0.157124195195274,0.0142996665622869,10000,2591,38,constant,512
SYM_PART_rotated,Adaptive-q64,23,20260949,0.0816665758042896,0.0811977469741155,0.0153107169959025,10000,2800,37,adaptive,64
SYM_PART_rotated,Adaptive-q1024,23,20260949,0.13901958956275,0.13843172427309,0.014208598330466,10000,2800,37,adaptive,1024
SYM_PART_rotated,SPD-off,24,20260950,4.64441278308519,4.02970643758548,0.0146813533209537,10000,0,52,off,512
SYM_PART_rotated,Adaptive-q512,24,20260950,0.0674520987570956,0.0672856297936279,0.0167538461180488,10000,2200,41,adaptive,512
SYM_PART_rotated,Constant-q512,24,20260950,2.87449705448326,2.86918396182694,0.0126222777361638,10000,2600,38,constant,512
SYM_PART_rotated,Adaptive-q64,24,20260950,0.149927156620241,0.146455580416946,0.0164465344584926,10000,2200,41,adaptive,64
SYM_PART_rotated,Adaptive-q1024,24,20260950,0.0965715682218948,0.0961439812528427,0.0126561115651255,10000,2200,41,adaptive,1024
SYM_PART_rotated,SPD-off,25,20260951,8.99202348566447,6.48615575551045,0.0140473588348976,10000,0,52,off,512
SYM_PART_rotated,Adaptive-q512,25,20260951,0.112455323443395,0.112009927022708,0.0180204203185024,10000,2000,42,adaptive,512
SYM_PART_rotated,Constant-q512,25,20260951,1.0653254351185,1.061868111262,0.0137518105517475,10000,3000,36,constant,512
SYM_PART_rotated,Adaptive-q64,25,20260951,0.157633657557081,0.157208645040766,0.0156899824926889,10000,2000,42,adaptive,64
SYM_PART_rotated,Adaptive-q1024,25,20260951,0.146007218429544,0.145438106857723,0.0152182400468765,10000,2000,42,adaptive,1024
SYM_PART_rotated,SPD-off,26,20260952,5.85547181305974,4.19021615987331,0.0130767211960051,10000,0,52,off,512
SYM_PART_rotated,Adaptive-q512,26,20260952,0.112383645002788,0.112254029681015,0.0140483430787635,10000,2800,37,adaptive,512
SYM_PART_rotated,Constant-q512,26,20260952,0.116474166142898,0.116168433364323,0.0167421038389982,10000,3800,32,constant,512
SYM_PART_rotated,Adaptive-q64,26,20260952,0.159842756974134,0.158273821406201,0.0155844573021226,10000,2800,37,adaptive,64
SYM_PART_rotated,Adaptive-q1024,26,20260952,0.0979590376259677,0.0971959498182283,0.0135193415552729,10000,2800,37,adaptive,1024
SYM_PART_rotated,SPD-off,27,20260953,3.57998263057211,3.05420672050035,0.0186380046330685,10000,0,52,off,512
SYM_PART_rotated,Adaptive-q512,27,20260953,0.117026007471684,0.116751884191461,0.0167439475796122,10000,2600,39,adaptive,512
SYM_PART_rotated,Constant-q512,27,20260953,0.0961023587741307,0.094492024454255,0.0146423716997668,10000,2028,41,constant,512
SYM_PART_rotated,Adaptive-q64,27,20260953,0.129615701053081,0.128696405635905,0.0155422609110261,10000,2600,39,adaptive,64
SYM_PART_rotated,Adaptive-q1024,27,20260953,0.116296073958546,0.115657929480754,0.015329351133808,10000,2200,41,adaptive,1024
SYM_PART_rotated,SPD-off,28,20260954,2.0493608819738,2.03351486703081,0.0147123636593377,10000,0,52,off,512
SYM_PART_rotated,Adaptive-q512,28,20260954,0.100199282121858,0.0998340608250326,0.0136872105673014,10000,2800,37,adaptive,512
SYM_PART_rotated,Constant-q512,28,20260954,0.0985549896110943,0.0980609205885897,0.0135232015529726,10000,2600,38,constant,512
SYM_PART_rotated,Adaptive-q64,28,20260954,0.0997430463148862,0.0993497547640266,0.0162016600161911,10000,2800,37,adaptive,64
SYM_PART_rotated,Adaptive-q1024,28,20260954,0.117865655163349,0.117053416551299,0.01478929267079,10000,2800,37,adaptive,1024
SYM_PART_rotated,SPD-off,29,20260955,10.6978029602869,6.72763887928964,0.0186704284753176,10000,0,52,off,512
SYM_PART_rotated,Adaptive-q512,29,20260955,0.132322068941381,0.132030330041581,0.0143045903096552,10000,2600,38,adaptive,512
SYM_PART_rotated,Constant-q512,29,20260955,2.87564138141407,2.86215011592788,0.0142812540405094,10000,2800,37,constant,512
SYM_PART_rotated,Adaptive-q64,29,20260955,0.220251208343575,0.219917779561344,0.0135869332544904,10000,2600,38,adaptive,64
SYM_PART_rotated,Adaptive-q1024,29,20260955,0.104062756868392,0.103254941874368,0.0148203227332009,10000,2000,42,adaptive,1024
SYM_PART_rotated,SPD-off,30,20260956,6.66448499143749,4.13447347163551,0.0139662407531368,10000,0,52,off,512
SYM_PART_rotated,Adaptive-q512,30,20260956,0.199750778120994,0.198555097688698,0.0152347476965958,10000,2400,39,adaptive,512
SYM_PART_rotated,Constant-q512,30,20260956,0.0837115116152787,0.0829422711755401,0.0122766516137115,10000,2400,39,constant,512
SYM_PART_rotated,Adaptive-q64,30,20260956,0.0787485668840241,0.0783387693144055,0.0148967317951326,10000,2600,38,adaptive,64
SYM_PART_rotated,Adaptive-q1024,30,20260956,1.01546059520515,1.00999831189693,0.0156479598970964,10000,2600,38,adaptive,1024
SYM_PART_rotated,SPD-off,31,20260957,5.70737646612221,4.3314166883891,0.0177086201329711,10000,0,52,off,512
SYM_PART_rotated,Adaptive-q512,31,20260957,0.116000770398379,0.114596178717549,0.0124366594042626,10000,2000,42,adaptive,512
SYM_PART_rotated,Constant-q512,31,20260957,0.0790672141140878,0.0788616822083944,0.0150918960532565,10000,2000,42,constant,512
SYM_PART_rotated,Adaptive-q64,31,20260957,1.03511171360057,1.02066620009849,0.0141518194213461,10000,2000,42,adaptive,64
SYM_PART_rotated,Adaptive-q1024,31,20260957,0.121869725201549,0.121441371395792,0.0128141874840282,10000,2000,42,adaptive,1024
Omni_test,SPD-off,1,20260927,1.4660298966708,1.45155971854037,0.00774351981949275,15000,0,52,off,512
Omni_test,Adaptive-q512,1,20260927,0.514791837515815,0.513353564774648,0.0075709301224981,15000,3300,41,adaptive,512
Omni_test,Constant-q512,1,20260927,0.374793686413295,0.372939171071078,0.00831193145232778,15000,4477,36,constant,512
Omni_test,Adaptive-q64,1,20260927,0.768288883766161,0.765259233454277,0.00752107925892387,15000,3000,42,adaptive,64
Omni_test,Adaptive-q1024,1,20260927,1.04582196788193,1.03577273103742,0.00801820527979858,15000,3300,41,adaptive,1024
Omni_test,SPD-off,2,20260928,1.60475971467449,1.57250789127975,0.00791074213418105,15000,0,52,off,512
Omni_test,Adaptive-q512,2,20260928,0.376147273613957,0.371198282114523,0.00737773910085775,15000,3300,40,adaptive,512
Omni_test,Constant-q512,2,20260928,0.556262827403999,0.555411307623158,0.00760426005820469,15000,4800,35,constant,512
Omni_test,Adaptive-q64,2,20260928,0.757040934323785,0.754618193049393,0.00752071995709845,15000,3900,38,adaptive,64
Omni_test,Adaptive-q1024,2,20260928,0.531295085415123,0.525190510203024,0.0071560206884158,15000,3900,38,adaptive,1024
Omni_test,SPD-off,3,20260929,1.36745857175781,1.35204208600922,0.00747763703356211,15000,0,52,off,512
Omni_test,Adaptive-q512,3,20260929,0.502733105838691,0.499383933375046,0.00874150415787295,15000,3600,40,adaptive,512
Omni_test,Constant-q512,3,20260929,0.453704415017602,0.451690102516839,0.00866430275585556,15000,4500,36,constant,512
Omni_test,Adaptive-q64,3,20260929,0.669110117235696,0.665321693110454,0.00733756705635829,15000,3000,42,adaptive,64
Omni_test,Adaptive-q1024,3,20260929,0.472910943441645,0.46717094615879,0.00805420078928358,15000,3600,40,adaptive,1024
Omni_test,SPD-off,4,20260930,1.52708832704753,1.45468827303395,0.00863486614790511,15000,0,52,off,512
Omni_test,Adaptive-q512,4,20260930,0.462327442196838,0.460031373098655,0.00780789938307772,15000,3900,38,adaptive,512
Omni_test,Constant-q512,4,20260930,0.272390343133937,0.270717994852874,0.0068588608404493,15000,3871,38,constant,512
Omni_test,Adaptive-q64,4,20260930,0.66239343969207,0.654421761976383,0.00785059939086152,15000,3900,38,adaptive,64
Omni_test,Adaptive-q1024,4,20260930,1.07612299817068,1.04663877225285,0.00819313467669491,15000,2400,44,adaptive,1024
Omni_test,SPD-off,5,20260931,1.47740115485303,1.43751371983334,0.00702078880041825,15000,0,52,off,512
Omni_test,Adaptive-q512,5,20260931,1.16199712362003,1.14119607506225,0.00808366314203109,15000,3900,38,adaptive,512
Omni_test,Constant-q512,5,20260931,0.467604490212304,0.462632961971377,0.00790266918444195,15000,3900,38,constant,512
Omni_test,Adaptive-q64,5,20260931,0.775882981524548,0.766292097573129,0.00787035411524325,15000,3900,38,adaptive,64
Omni_test,Adaptive-q1024,5,20260931,0.938881547200497,0.93046162531386,0.00730815651980837,15000,3900,38,adaptive,1024
Omni_test,SPD-off,6,20260932,1.33958698567381,1.31303819658802,0.00797574218059717,15000,0,52,off,512
Omni_test,Adaptive-q512,6,20260932,0.673316472991784,0.665662025333885,0.00794379633815121,15000,3300,40,adaptive,512
Omni_test,Constant-q512,6,20260932,0.538941645640215,0.533604858302747,0.00781002115782934,15000,3295,40,constant,512
Omni_test,Adaptive-q64,6,20260932,0.751224020693431,0.742315485773718,0.00746731275992205,15000,3300,40,adaptive,64
Omni_test,Adaptive-q1024,6,20260932,0.708978633481261,0.697459294642921,0.00777648650001323,15000,3300,40,adaptive,1024
Omni_test,SPD-off,7,20260933,1.31056158804267,1.29187603023931,0.00808285050745275,15000,0,52,off,512
Omni_test,Adaptive-q512,7,20260933,0.839254844538592,0.833401391623055,0.00778582398056147,15000,3600,40,adaptive,512
Omni_test,Constant-q512,7,20260933,0.147963243380407,0.147728388782538,0.00726931743793124,15000,4500,36,constant,512
Omni_test,Adaptive-q64,7,20260933,0.651974585865159,0.649181861467403,0.00743695327611017,15000,3600,40,adaptive,64
Omni_test,Adaptive-q1024,7,20260933,0.68849526233038,0.681183189047213,0.00779336987916976,15000,3600,39,adaptive,1024
Omni_test,SPD-off,8,20260934,1.30798881887787,1.29274841833528,0.008220042898373,15000,0,52,off,512
Omni_test,Adaptive-q512,8,20260934,1.25055819216695,1.23749889074461,0.00725212375934579,15000,2700,43,adaptive,512
Omni_test,Constant-q512,8,20260934,0.221961741400205,0.221297065529142,0.00769736832560819,15000,4721,35,constant,512
Omni_test,Adaptive-q64,8,20260934,1.17296165617317,1.16675983182513,0.00738404790633687,15000,2700,43,adaptive,64
Omni_test,Adaptive-q1024,8,20260934,1.09388258901877,1.08957770496402,0.00783086383408168,15000,2700,43,adaptive,1024
Omni_test,SPD-off,9,20260935,2.07372506286103,2.02873502252854,0.00761136451078067,15000,0,52,off,512
Omni_test,Adaptive-q512,9,20260935,1.13170503490167,1.11959904187711,0.00755375126122412,15000,3000,42,adaptive,512
Omni_test,Constant-q512,9,20260935,0.720399382738713,0.714338251053299,0.00747753637458853,15000,3600,39,constant,512
Omni_test,Adaptive-q64,9,20260935,1.00391148778764,0.997317299194614,0.00844608620427442,15000,3000,42,adaptive,64
Omni_test,Adaptive-q1024,9,20260935,1.16955414784452,1.16317505070724,0.00721250151922315,15000,3000,42,adaptive,1024
Omni_test,SPD-off,10,20260936,1.80959582633968,1.79644338513081,0.00761284312227872,15000,0,52,off,512
Omni_test,Adaptive-q512,10,20260936,1.18548472686713,1.16139130555533,0.00748287806586486,15000,3300,41,adaptive,512
Omni_test,Constant-q512,10,20260936,0.669475626830426,0.666764817759419,0.0080162754073829,15000,4500,36,constant,512
Omni_test,Adaptive-q64,10,20260936,0.91836314294053,0.916890214173445,0.00763115648210075,15000,3300,41,adaptive,64
Omni_test,Adaptive-q1024,10,20260936,0.623447148737186,0.620384341632771,0.00798874114710721,15000,3300,41,adaptive,1024
Omni_test,SPD-off,11,20260937,1.55029904036597,1.49474356236995,0.00883496235988626,15000,0,52,off,512
Omni_test,Adaptive-q512,11,20260937,0.990753521409909,0.977783952460001,0.00835013399349396,15000,3300,40,adaptive,512
Omni_test,Constant-q512,11,20260937,0.500902548736328,0.498432865599441,0.00785376977913681,15000,3600,39,constant,512
Omni_test,Adaptive-q64,11,20260937,0.821004399736951,0.813951772836553,0.00877081937754506,15000,3300,40,adaptive,64
Omni_test,Adaptive-q1024,11,20260937,0.587529061098861,0.582882399328077,0.00763110078716357,15000,3300,40,adaptive,1024
Omni_test,SPD-off,12,20260938,1.87132787879095,1.8413599765007,0.00759601464189567,15000,0,52,off,512
Omni_test,Adaptive-q512,12,20260938,0.860960635146979,0.855581668615535,0.00810462999870435,15000,3300,40,adaptive,512
Omni_test,Constant-q512,12,20260938,0.486062464406482,0.480815357209861,0.00793289669739547,15000,3846,38,constant,512
Omni_test,Adaptive-q64,12,20260938,0.555534942920946,0.549446149234421,0.007487872824656,15000,3600,40,adaptive,64
Omni_test,Adaptive-q1024,12,20260938,0.530001807361478,0.524406988728157,0.00731410914985612,15000,4200,37,adaptive,1024
Omni_test,SPD-off,13,20260939,2.04218446788148,1.64048487438968,0.00767901903116027,15000,0,52,off,512
Omni_test,Adaptive-q512,13,20260939,1.00648599629742,0.987796562487931,0.00837956179625372,15000,3300,40,adaptive,512
Omni_test,Constant-q512,13,20260939,1.73080112177921,1.40947422446697,0.00814142746484805,15000,3000,42,constant,512
Omni_test,Adaptive-q64,13,20260939,0.59532603174147,0.584329927530511,0.00777555617321441,15000,3300,40,adaptive,64
Omni_test,Adaptive-q1024,13,20260939,0.895624080352592,0.889301100735577,0.00759571956117727,15000,3300,40,adaptive,1024
Omni_test,SPD-off,14,20260940,1.33529792457019,1.31221518476379,0.00739517557105446,15000,0,52,off,512
Omni_test,Adaptive-q512,14,20260940,1.43829093228966,1.41234479698949,0.00792483953660671,15000,3000,41,adaptive,512
Omni_test,Constant-q512,14,20260940,0.674526254781361,0.65939035130078,0.0075231448199844,15000,4500,36,constant,512
Omni_test,Adaptive-q64,14,20260940,0.743297721030601,0.731609012524547,0.00715221004233235,15000,3000,41,adaptive,64
Omni_test,Adaptive-q1024,14,20260940,0.678075317115759,0.669535974348561,0.00849352645307072,15000,3000,41,adaptive,1024
Omni_test,SPD-off,15,20260941,1.16000728319847,1.14477843254027,0.00785637839648459,15000,0,52,off,512
Omni_test,Adaptive-q512,15,20260941,0.826140080821604,0.814230214997997,0.00842283122985335,15000,3000,42,adaptive,512
Omni_test,Constant-q512,15,20260941,0.692842334751665,0.688011924020318,0.00815204896458783,15000,3900,39,constant,512
Omni_test,Adaptive-q64,15,20260941,1.11513825562904,1.11116567186903,0.00778908777648121,15000,3000,42,adaptive,64
Omni_test,Adaptive-q1024,15,20260941,0.654661941927173,0.650792496116524,0.00759064886655522,15000,3000,42,adaptive,1024
Omni_test,SPD-off,16,20260942,1.66296636890524,1.62676929117609,0.00782343615850861,15000,0,52,off,512
Omni_test,Adaptive-q512,16,20260942,0.728849408608785,0.724405869475446,0.0078418800160124,15000,3300,41,adaptive,512
Omni_test,Constant-q512,16,20260942,0.528945069357019,0.520654492978795,0.00749639529500595,15000,4200,37,constant,512
Omni_test,Adaptive-q64,16,20260942,1.00276519943535,0.997861701218516,0.0073075003040088,15000,3300,40,adaptive,64
Omni_test,Adaptive-q1024,16,20260942,0.64083282803999,0.63575814425911,0.0079010353073692,15000,3300,41,adaptive,1024
Omni_test,SPD-off,17,20260943,1.36472994650537,1.31472155531157,0.00942612498347206,15000,0,52,off,512
Omni_test,Adaptive-q512,17,20260943,0.595296911814932,0.585073653604465,0.00791660435176061,15000,3600,39,adaptive,512
Omni_test,Constant-q512,17,20260943,0.218414221784199,0.216429046582041,0.00839538619668648,15000,5100,34,constant,512
Omni_test,Adaptive-q64,17,20260943,0.556741083266873,0.554455131309896,0.00735128466997687,15000,4500,36,adaptive,64
Omni_test,Adaptive-q1024,17,20260943,0.523793027644827,0.519113570764992,0.00765298361481337,15000,3600,39,adaptive,1024
Omni_test,SPD-off,18,20260944,1.44604957260028,1.42262215231634,0.00819543112012182,15000,0,52,off,512
Omni_test,Adaptive-q512,18,20260944,0.529755237759557,0.52522228225803,0.00768903343979281,15000,3900,38,adaptive,512
Omni_test,Constant-q512,18,20260944,0.348618569216603,0.346102524926803,0.0072807919750367,15000,4500,36,constant,512
Omni_test,Adaptive-q64,18,20260944,0.763436840083617,0.751678263139106,0.00781392814265266,15000,3000,41,adaptive,64
Omni_test,Adaptive-q1024,18,20260944,0.868452974862118,0.864872473015847,0.0077056612126326,15000,3000,41,adaptive,1024
Omni_test,SPD-off,19,20260945,1.26935773730892,1.23883578154411,0.00821027716187573,15000,0,52,off,512
Omni_test,Adaptive-q512,19,20260945,1.0045130611982,1.00193282175084,0.00787693082452524,15000,3900,38,adaptive,512
Omni_test,Constant-q512,19,20260945,0.382732709899709,0.377415876186114,0.00743969461163784,15000,4200,37,constant,512
Omni_test,Adaptive-q64,19,20260945,1.05798355187677,1.01651706850263,0.00776726972496417,15000,3300,40,adaptive,64
Omni_test,Adaptive-q1024,19,20260945,0.653429246320273,0.647806664197449,0.00819788589221826,15000,3900,38,adaptive,1024
Omni_test,SPD-off,20,20260946,2.55437918382973,2.01206508322785,0.00808071774075987,15000,0,52,off,512
Omni_test,Adaptive-q512,20,20260946,0.671616236785396,0.659141023681133,0.00831992020459131,15000,3600,40,adaptive,512
Omni_test,Constant-q512,20,20260946,0.37043780463473,0.366735970456725,0.00713420219055342,15000,5030,34,constant,512
Omni_test,Adaptive-q64,20,20260946,0.879174698067618,0.862028373926765,0.00778481341511606,15000,3300,41,adaptive,64
Omni_test,Adaptive-q1024,20,20260946,0.753975496655912,0.741974357306772,0.00820264972693779,15000,3600,40,adaptive,1024
Omni_test,SPD-off,21,20260947,1.39119593736432,1.37960818291832,0.00734993695149813,15000,0,52,off,512
Omni_test,Adaptive-q512,21,20260947,0.954345649389894,0.944934994784769,0.00842804061133358,15000,3300,40,adaptive,512
Omni_test,Constant-q512,21,20260947,0.273284502040099,0.272850402204655,0.0069855049009565,15000,3900,38,constant,512
Omni_test,Adaptive-q64,21,20260947,0.63101408854536,0.627162899333487,0.00773230299873272,15000,3600,39,adaptive,64
Omni_test,Adaptive-q1024,21,20260947,0.853040179541935,0.835231856435653,0.0082260508715518,15000,3600,39,adaptive,1024
Omni_test,SPD-off,22,20260948,1.72877329816462,1.63266193868309,0.00897975215932174,15000,0,52,off,512
Omni_test,Adaptive-q512,22,20260948,0.457579482568006,0.454054196229567,0.00790093675414844,15000,4800,35,adaptive,512
Omni_test,Constant-q512,22,20260948,0.269388888679751,0.2665313699316,0.00743928923612831,15000,3900,38,constant,512
Omni_test,Adaptive-q64,22,20260948,1.06860321522149,1.05261592221326,0.00831218026050432,15000,2700,43,adaptive,64
Omni_test,Adaptive-q1024,22,20260948,1.05205546082841,1.03539141309623,0.00801419417005241,15000,2700,43,adaptive,1024
Omni_test,SPD-off,23,20260949,1.46120290735994,1.39923276373296,0.00696626723896993,15000,0,52,off,512
Omni_test,Adaptive-q512,23,20260949,0.48955284555406,0.48414490856615,0.00748548468953247,15000,3900,38,adaptive,512
Omni_test,Constant-q512,23,20260949,0.427080118616741,0.420738001439745,0.00851982960671343,15000,3900,39,constant,512
Omni_test,Adaptive-q64,23,20260949,0.776584223911943,0.774398271716746,0.00806320202968755,15000,3000,42,adaptive,64
Omni_test,Adaptive-q1024,23,20260949,0.525911159603603,0.517036978751592,0.00813926522614049,15000,3900,38,adaptive,1024
Omni_test,SPD-off,24,20260950,1.25402580488822,1.23746283280016,0.00872504716267997,15000,0,52,off,512
Omni_test,Adaptive-q512,24,20260950,0.528588025487018,0.52565905836631,0.00804447954412807,15000,3900,38,adaptive,512
Omni_test,Constant-q512,24,20260950,0.636141383998789,0.631548898438319,0.00790644219760674,15000,3321,40,constant,512
Omni_test,Adaptive-q64,24,20260950,0.521024024810153,0.520120749138932,0.00820734007666719,15000,3900,38,adaptive,64
Omni_test,Adaptive-q1024,24,20260950,0.369216519056374,0.368042133133527,0.00772488348464391,15000,3900,38,adaptive,1024
Omni_test,SPD-off,25,20260951,1.32909147713713,1.30699477719984,0.00947423189546573,15000,0,52,off,512
Omni_test,Adaptive-q512,25,20260951,0.782207155076845,0.777913601376538,0.00838928817586896,15000,4200,37,adaptive,512
Omni_test,Constant-q512,25,20260951,0.401438004610837,0.397693706372995,0.0072967100268497,15000,4500,36,constant,512
Omni_test,Adaptive-q64,25,20260951,0.58033824429419,0.57249306519993,0.00788973890332877,15000,4200,37,adaptive,64
Omni_test,Adaptive-q1024,25,20260951,0.561082686879934,0.54861876330164,0.00757727716207458,15000,4200,37,adaptive,1024
Omni_test,SPD-off,26,20260952,1.62770354715702,1.5629029018757,0.00750350872169769,15000,0,52,off,512
Omni_test,Adaptive-q512,26,20260952,0.559499721979476,0.552551228230829,0.00723537780544808,15000,3600,39,adaptive,512
Omni_test,Constant-q512,26,20260952,0.182310392441005,0.180313716306545,0.00766050324893862,15000,4800,35,constant,512
Omni_test,Adaptive-q64,26,20260952,0.713947709295649,0.704695585998501,0.00748763266455969,15000,3900,38,adaptive,64
Omni_test,Adaptive-q1024,26,20260952,0.455862191191468,0.453619672129774,0.00798495962309733,15000,3900,38,adaptive,1024
Omni_test,SPD-off,27,20260953,1.43828511712982,1.42720441602063,0.00771989200034421,15000,0,52,off,512
Omni_test,Adaptive-q512,27,20260953,0.711718839810482,0.709180435238399,0.00806974671604598,15000,3600,39,adaptive,512
Omni_test,Constant-q512,27,20260953,0.268611269891524,0.267897784261518,0.0082132304812324,15000,4500,36,constant,512
Omni_test,Adaptive-q64,27,20260953,0.525885692612587,0.522297725583719,0.00778949173313657,15000,3300,40,adaptive,64
Omni_test,Adaptive-q1024,27,20260953,0.702375741666719,0.701388719060894,0.00749959343090999,15000,3900,38,adaptive,1024
Omni_test,SPD-off,28,20260954,1.62879198280745,1.61071975760254,0.00765209080490755,15000,0,52,off,512
Omni_test,Adaptive-q512,28,20260954,1.21379338014228,1.19233314385306,0.00805421019312571,15000,3300,41,adaptive,512
Omni_test,Constant-q512,28,20260954,0.314710638033237,0.312425588841905,0.00722994201314369,15000,4800,35,constant,512
Omni_test,Adaptive-q64,28,20260954,0.47541700029955,0.470423244884001,0.00754519254975285,15000,3600,39,adaptive,64
Omni_test,Adaptive-q1024,28,20260954,0.432898590805852,0.426247798373714,0.00775094492787529,15000,3600,39,adaptive,1024
Omni_test,SPD-off,29,20260955,1.65465466290776,1.63353866407616,0.00879899292661332,15000,0,52,off,512
Omni_test,Adaptive-q512,29,20260955,0.671670624638203,0.66457290450579,0.00752705469059776,15000,2700,43,adaptive,512
Omni_test,Constant-q512,29,20260955,0.166523052125536,0.164642297264122,0.00768595112867788,15000,4200,37,constant,512
Omni_test,Adaptive-q64,29,20260955,1.05880687435756,1.02701586608611,0.00733989798870207,15000,2700,43,adaptive,64
Omni_test,Adaptive-q1024,29,20260955,0.786245294029571,0.783241649002787,0.00740115369379995,15000,3300,41,adaptive,1024
Omni_test,SPD-off,30,20260956,1.42317723464468,1.40571567831862,0.00739912021869866,15000,0,52,off,512
Omni_test,Adaptive-q512,30,20260956,0.593417238366251,0.588893945870552,0.00790312207825624,15000,3600,39,adaptive,512
Omni_test,Constant-q512,30,20260956,0.128118115770331,0.127842247540301,0.00745442272837714,15000,3600,39,constant,512
Omni_test,Adaptive-q64,30,20260956,0.467355844009801,0.462437047267585,0.00753997115443865,15000,3600,39,adaptive,64
Omni_test,Adaptive-q1024,30,20260956,0.476463910157886,0.475776325317036,0.00721175252660961,15000,3600,39,adaptive,1024
Omni_test,SPD-off,31,20260957,1.56597289116124,1.54257314540969,0.00868916477412998,15000,0,52,off,512
Omni_test,Adaptive-q512,31,20260957,0.521921675945677,0.517066564480129,0.00816468979155944,15000,3600,39,adaptive,512
Omni_test,Constant-q512,31,20260957,0.362617533071052,0.360174661352149,0.00739733566477961,15000,5100,34,constant,512
Omni_test,Adaptive-q64,31,20260957,0.735215502266649,0.727460194544405,0.00714505175131795,15000,3600,39,adaptive,64
Omni_test,Adaptive-q1024,31,20260957,0.517974932627961,0.512185472815102,0.00770028086464999,15000,3600,39,adaptive,1024
