algorithm,metric,problem,run,value,source
NSGA-II,rPSP,MMF1,1,0.11059133688019732,All_Algorithms_Comparison_Results3.mat
NSGA-II,rPSP,MMF1,2,0.09233473831052526,All_Algorithms_Comparison_Results3.mat
NSGA-II,rPSP,MMF1,3,0.08626280712148879,All_Algorithms_Comparison_Results3.mat
NSGA-II,rPSP,MMF1,4,0.12984971822797592,All_Algorithms_Comparison_Results3.mat
NSGA-II,rPSP,MMF1,5,0.12517504604714863,All_Algorithms_Comparison_Results3.mat
NSGA-II,rPSP,MMF1,6,0.11276338326183707,All_Algorithms_Comparison_Results3.mat
NSGA-II,rPSP,MMF1,7,0.11752839915209089,All_Algorithms_Comparison_Results3.mat
NSGA-II,rPSP,MMF1,8,0.13113781679102562,All_Algorithms_Comparison_Results3.mat
NSGA-II,rPSP,MMF1,9,0.11059949786102859,All_Algorithms_Comparison_Results3.mat
NSGA-II,rPSP,MMF1,10,0.11925478003221278,All_Algorithms_Comparison_Results3.mat
NSGA-II,rPSP,MMF1,11,0.10145315926293887,All_Algorithms_Comparison_Results3.mat
NSGA-II,rPSP,MMF1,12,0.11070065565168703,All_Algorithms_Comparison_Results3.mat
NSGA-II,rPSP,MMF1,13,0.09798661421791269,All_Algorithms_Comparison_Results3.mat
NSGA-II,rPSP,MMF1,14,0.12205518676781171,All_Algorithms_Comparison_Results3.mat
NSGA-II,rPSP,MMF1,15,0.09474837720692968,All_Algorithms_Comparison_Results3.mat
NSGA-II,rPSP,MMF1,16,0.10297002129831898,All_Algorithms_Comparison_Results3.mat
NSGA-II,rPSP,MMF1,17,0.12357315682126851,All_Algorithms_Comparison_Results3.mat
NSGA-II,rPSP,MMF1,18,0.11994228002959774,All_Algorithms_Comparison_Results3.mat
NSGA-II,rPSP,MMF1,19,0.10534837075288109,All_Algorithms_Comparison_Results3.mat
NSGA-II,rPSP,MMF1,20,0.12799413580266616,All_Algorithms_Comparison_Results3.mat
NSGA-II,rPSP,MMF1,21,0.1255276803854511,All_Algorithms_Comparison_Results3.mat
NSGA-II,rPSP,MMF1,22,0.10570008428464846,All_Algorithms_Comparison_Results3.mat
NSGA-II,rPSP,MMF1,23,0.12165635299588134,All_Algorithms_Comparison_Results3.mat
NSGA-II,rPSP,MMF1,24,0.08525009381615681,All_Algorithms_Comparison_Results3.mat
NSGA-II,rPSP,MMF1,25,0.11490449895181139,All_Algorithms_Comparison_Results3.mat
NSGA-II,rPSP,MMF1,26,0.1169823447769818,All_Algorithms_Comparison_Results3.mat
NSGA-II,rPSP,MMF1,27,0.10793927100576356,All_Algorithms_Comparison_Results3.mat
NSGA-II,rPSP,MMF1,28,0.10294528492933347,All_Algorithms_Comparison_Results3.mat
NSGA-II,rPSP,MMF1,29,0.10256474365094,All_Algorithms_Comparison_Results3.mat
NSGA-II,rPSP,MMF1,30,0.1146830740127071,All_Algorithms_Comparison_Results3.mat
NSGA-II,rPSP,MMF1,31,0.09396231148998517,All_Algorithms_Comparison_Results3.mat
NSGA-II,rPSP,MMF2,1,0.06795599991886454,All_Algorithms_Comparison_Results3.mat
NSGA-II,rPSP,MMF2,2,0.21258912504147012,All_Algorithms_Comparison_Results3.mat
NSGA-II,rPSP,MMF2,3,0.053673622757268065,All_Algorithms_Comparison_Results3.mat
NSGA-II,rPSP,MMF2,4,0.04930504572263639,All_Algorithms_Comparison_Results3.mat
NSGA-II,rPSP,MMF2,5,0.1474228439698783,All_Algorithms_Comparison_Results3.mat
NSGA-II,rPSP,MMF2,6,0.040246313706098685,All_Algorithms_Comparison_Results3.mat
NSGA-II,rPSP,MMF2,7,0.15721315026953295,All_Algorithms_Comparison_Results3.mat
NSGA-II,rPSP,MMF2,8,0.10694564446743285,All_Algorithms_Comparison_Results3.mat
NSGA-II,rPSP,MMF2,9,0.07196992514194533,All_Algorithms_Comparison_Results3.mat
NSGA-II,rPSP,MMF2,10,0.14948731780034744,All_Algorithms_Comparison_Results3.mat
NSGA-II,rPSP,MMF2,11,0.06975387704906405,All_Algorithms_Comparison_Results3.mat
NSGA-II,rPSP,MMF2,12,0.07155349343867852,All_Algorithms_Comparison_Results3.mat
NSGA-II,rPSP,MMF2,13,0.055021004167516145,All_Algorithms_Comparison_Results3.mat
NSGA-II,rPSP,MMF2,14,0.05892818491313169,All_Algorithms_Comparison_Results3.mat
NSGA-II,rPSP,MMF2,15,0.044664946681915264,All_Algorithms_Comparison_Results3.mat
NSGA-II,rPSP,MMF2,16,0.18657660841922455,All_Algorithms_Comparison_Results3.mat
NSGA-II,rPSP,MMF2,17,0.06077834597813646,All_Algorithms_Comparison_Results3.mat
NSGA-II,rPSP,MMF2,18,0.2530381830336346,All_Algorithms_Comparison_Results3.mat
NSGA-II,rPSP,MMF2,19,0.09099299217950593,All_Algorithms_Comparison_Results3.mat
NSGA-II,rPSP,MMF2,20,0.10606224800418236,All_Algorithms_Comparison_Results3.mat
NSGA-II,rPSP,MMF2,21,0.10258117290195505,All_Algorithms_Comparison_Results3.mat
NSGA-II,rPSP,MMF2,22,0.05421840503722622,All_Algorithms_Comparison_Results3.mat
NSGA-II,rPSP,MMF2,23,0.05624000038988922,All_Algorithms_Comparison_Results3.mat
NSGA-II,rPSP,MMF2,24,0.04641763600719548,All_Algorithms_Comparison_Results3.mat
NSGA-II,rPSP,MMF2,25,0.22244945939313476,All_Algorithms_Comparison_Results3.mat
NSGA-II,rPSP,MMF2,26,0.09168249860996354,All_Algorithms_Comparison_Results3.mat
NSGA-II,rPSP,MMF2,27,0.10325947393384587,All_Algorithms_Comparison_Results3.mat
NSGA-II,rPSP,MMF2,28,0.05729687305117301,All_Algorithms_Comparison_Results3.mat
NSGA-II,rPSP,MMF2,29,0.1420551176353297,All_Algorithms_Comparison_Results3.mat
NSGA-II,rPSP,MMF2,30,0.05688707351479009,All_Algorithms_Comparison_Results3.mat
NSGA-II,rPSP,MMF2,31,0.08541432168603497,All_Algorithms_Comparison_Results3.mat
NSGA-II,rPSP,MMF3,1,0.05307854184379062,All_Algorithms_Comparison_Results3.mat
NSGA-II,rPSP,MMF3,2,0.17617507355465922,All_Algorithms_Comparison_Results3.mat
NSGA-II,rPSP,MMF3,3,0.09881641927761148,All_Algorithms_Comparison_Results3.mat
NSGA-II,rPSP,MMF3,4,0.08444494577404868,All_Algorithms_Comparison_Results3.mat
NSGA-II,rPSP,MMF3,5,0.0678269933957346,All_Algorithms_Comparison_Results3.mat
NSGA-II,rPSP,MMF3,6,0.2603843458824313,All_Algorithms_Comparison_Results3.mat
NSGA-II,rPSP,MMF3,7,0.09472894295181568,All_Algorithms_Comparison_Results3.mat
NSGA-II,rPSP,MMF3,8,0.15748654984748586,All_Algorithms_Comparison_Results3.mat
NSGA-II,rPSP,MMF3,9,0.0780332462587688,All_Algorithms_Comparison_Results3.mat
NSGA-II,rPSP,MMF3,10,0.07029121058267002,All_Algorithms_Comparison_Results3.mat
NSGA-II,rPSP,MMF3,11,0.04891938600125359,All_Algorithms_Comparison_Results3.mat
NSGA-II,rPSP,MMF3,12,0.06873856121107531,All_Algorithms_Comparison_Results3.mat
NSGA-II,rPSP,MMF3,13,0.057241606282089554,All_Algorithms_Comparison_Results3.mat
NSGA-II,rPSP,MMF3,14,0.09483710499471552,All_Algorithms_Comparison_Results3.mat
NSGA-II,rPSP,MMF3,15,0.07560021376069855,All_Algorithms_Comparison_Results3.mat
NSGA-II,rPSP,MMF3,16,0.037407574031106235,All_Algorithms_Comparison_Results3.mat
NSGA-II,rPSP,MMF3,17,0.06430281162306208,All_Algorithms_Comparison_Results3.mat
NSGA-II,rPSP,MMF3,18,0.08177159353173102,All_Algorithms_Comparison_Results3.mat
NSGA-II,rPSP,MMF3,19,0.15738868737490996,All_Algorithms_Comparison_Results3.mat
NSGA-II,rPSP,MMF3,20,0.1354326112742915,All_Algorithms_Comparison_Results3.mat
NSGA-II,rPSP,MMF3,21,0.05167238312893105,All_Algorithms_Comparison_Results3.mat
NSGA-II,rPSP,MMF3,22,0.09869833454343274,All_Algorithms_Comparison_Results3.mat
NSGA-II,rPSP,MMF3,23,0.06174270963313145,All_Algorithms_Comparison_Results3.mat
NSGA-II,rPSP,MMF3,24,0.08939158101948144,All_Algorithms_Comparison_Results3.mat
NSGA-II,rPSP,MMF3,25,0.12436629551473505,All_Algorithms_Comparison_Results3.mat
NSGA-II,rPSP,MMF3,26,0.0928123521719732,All_Algorithms_Comparison_Results3.mat
NSGA-II,rPSP,MMF3,27,0.22225528648620177,All_Algorithms_Comparison_Results3.mat
NSGA-II,rPSP,MMF3,28,0.06384397229912028,All_Algorithms_Comparison_Results3.mat
NSGA-II,rPSP,MMF3,29,0.09398687388705515,All_Algorithms_Comparison_Results3.mat
NSGA-II,rPSP,MMF3,30,0.07130057728170698,All_Algorithms_Comparison_Results3.mat
NSGA-II,rPSP,MMF3,31,0.0757758791564086,All_Algorithms_Comparison_Results3.mat
NSGA-II,rPSP,MMF4,1,0.13112579433118493,All_Algorithms_Comparison_Results3.mat
NSGA-II,rPSP,MMF4,2,0.17274493916837713,All_Algorithms_Comparison_Results3.mat
NSGA-II,rPSP,MMF4,3,0.10802885137773365,All_Algorithms_Comparison_Results3.mat
NSGA-II,rPSP,MMF4,4,0.11346589236563004,All_Algorithms_Comparison_Results3.mat
NSGA-II,rPSP,MMF4,5,0.1661911171677787,All_Algorithms_Comparison_Results3.mat
NSGA-II,rPSP,MMF4,6,0.15190751672172564,All_Algorithms_Comparison_Results3.mat
NSGA-II,rPSP,MMF4,7,0.19758665088406252,All_Algorithms_Comparison_Results3.mat
NSGA-II,rPSP,MMF4,8,0.13116380018049031,All_Algorithms_Comparison_Results3.mat
NSGA-II,rPSP,MMF4,9,0.1215971173083505,All_Algorithms_Comparison_Results3.mat
NSGA-II,rPSP,MMF4,10,0.14311285838148005,All_Algorithms_Comparison_Results3.mat
NSGA-II,rPSP,MMF4,11,0.15576235333578942,All_Algorithms_Comparison_Results3.mat
NSGA-II,rPSP,MMF4,12,0.24045033384139045,All_Algorithms_Comparison_Results3.mat
NSGA-II,rPSP,MMF4,13,0.14008778338721958,All_Algorithms_Comparison_Results3.mat
NSGA-II,rPSP,MMF4,14,0.15537488221330165,All_Algorithms_Comparison_Results3.mat
NSGA-II,rPSP,MMF4,15,0.16955850061098104,All_Algorithms_Comparison_Results3.mat
NSGA-II,rPSP,MMF4,16,0.15724708935767864,All_Algorithms_Comparison_Results3.mat
NSGA-II,rPSP,MMF4,17,0.18987496627343073,All_Algorithms_Comparison_Results3.mat
NSGA-II,rPSP,MMF4,18,0.12606979320297404,All_Algorithms_Comparison_Results3.mat
NSGA-II,rPSP,MMF4,19,0.23231783801458455,All_Algorithms_Comparison_Results3.mat
NSGA-II,rPSP,MMF4,20,0.15267478595111755,All_Algorithms_Comparison_Results3.mat
NSGA-II,rPSP,MMF4,21,0.10790986409325631,All_Algorithms_Comparison_Results3.mat
NSGA-II,rPSP,MMF4,22,0.23935776670859524,All_Algorithms_Comparison_Results3.mat
NSGA-II,rPSP,MMF4,23,0.13358217130247643,All_Algorithms_Comparison_Results3.mat
NSGA-II,rPSP,MMF4,24,0.11556125044660451,All_Algorithms_Comparison_Results3.mat
NSGA-II,rPSP,MMF4,25,0.09751695521887901,All_Algorithms_Comparison_Results3.mat
NSGA-II,rPSP,MMF4,26,0.18056447983215046,All_Algorithms_Comparison_Results3.mat
NSGA-II,rPSP,MMF4,27,0.20736668034305747,All_Algorithms_Comparison_Results3.mat
NSGA-II,rPSP,MMF4,28,0.19156289101122673,All_Algorithms_Comparison_Results3.mat
NSGA-II,rPSP,MMF4,29,0.17238425209770122,All_Algorithms_Comparison_Results3.mat
NSGA-II,rPSP,MMF4,30,0.17055701960015093,All_Algorithms_Comparison_Results3.mat
NSGA-II,rPSP,MMF4,31,0.10491919847686144,All_Algorithms_Comparison_Results3.mat
NSGA-II,rPSP,MMF5,1,0.18274659797290638,All_Algorithms_Comparison_Results3.mat
NSGA-II,rPSP,MMF5,2,0.18564759393375788,All_Algorithms_Comparison_Results3.mat
NSGA-II,rPSP,MMF5,3,0.20889339863320808,All_Algorithms_Comparison_Results3.mat
NSGA-II,rPSP,MMF5,4,0.19945159061926074,All_Algorithms_Comparison_Results3.mat
NSGA-II,rPSP,MMF5,5,0.20800767156713695,All_Algorithms_Comparison_Results3.mat
NSGA-II,rPSP,MMF5,6,0.19957764496578276,All_Algorithms_Comparison_Results3.mat
NSGA-II,rPSP,MMF5,7,0.16399349114925396,All_Algorithms_Comparison_Results3.mat
NSGA-II,rPSP,MMF5,8,0.1763265846873954,All_Algorithms_Comparison_Results3.mat
NSGA-II,rPSP,MMF5,9,0.180466319067604,All_Algorithms_Comparison_Results3.mat
NSGA-II,rPSP,MMF5,10,0.20953516337050626,All_Algorithms_Comparison_Results3.mat
NSGA-II,rPSP,MMF5,11,0.16755337920456012,All_Algorithms_Comparison_Results3.mat
NSGA-II,rPSP,MMF5,12,0.18161089817209672,All_Algorithms_Comparison_Results3.mat
NSGA-II,rPSP,MMF5,13,0.17827428595969871,All_Algorithms_Comparison_Results3.mat
NSGA-II,rPSP,MMF5,14,0.18875761756169657,All_Algorithms_Comparison_Results3.mat
NSGA-II,rPSP,MMF5,15,0.1968447205597443,All_Algorithms_Comparison_Results3.mat
NSGA-II,rPSP,MMF5,16,0.18936586103584574,All_Algorithms_Comparison_Results3.mat
NSGA-II,rPSP,MMF5,17,0.17429638439745393,All_Algorithms_Comparison_Results3.mat
NSGA-II,rPSP,MMF5,18,0.2174517825330398,All_Algorithms_Comparison_Results3.mat
NSGA-II,rPSP,MMF5,19,0.14895810568798346,All_Algorithms_Comparison_Results3.mat
NSGA-II,rPSP,MMF5,20,0.19987337837961716,All_Algorithms_Comparison_Results3.mat
NSGA-II,rPSP,MMF5,21,0.23846524479504608,All_Algorithms_Comparison_Results3.mat
NSGA-II,rPSP,MMF5,22,0.17261618666311593,All_Algorithms_Comparison_Results3.mat
NSGA-II,rPSP,MMF5,23,0.1953070823841629,All_Algorithms_Comparison_Results3.mat
NSGA-II,rPSP,MMF5,24,0.1746581670511083,All_Algorithms_Comparison_Results3.mat
NSGA-II,rPSP,MMF5,25,0.19997395481462182,All_Algorithms_Comparison_Results3.mat
NSGA-II,rPSP,MMF5,26,0.18646347785479822,All_Algorithms_Comparison_Results3.mat
NSGA-II,rPSP,MMF5,27,0.1925619973673226,All_Algorithms_Comparison_Results3.mat
NSGA-II,rPSP,MMF5,28,0.24323060859618809,All_Algorithms_Comparison_Results3.mat
NSGA-II,rPSP,MMF5,29,0.17895295720471335,All_Algorithms_Comparison_Results3.mat
NSGA-II,rPSP,MMF5,30,0.19966627738280793,All_Algorithms_Comparison_Results3.mat
NSGA-II,rPSP,MMF5,31,0.21235669253010067,All_Algorithms_Comparison_Results3.mat
NSGA-II,rPSP,MMF6,1,0.20644388392465648,All_Algorithms_Comparison_Results3.mat
NSGA-II,rPSP,MMF6,2,0.17865614954188652,All_Algorithms_Comparison_Results3.mat
NSGA-II,rPSP,MMF6,3,0.18770169549327512,All_Algorithms_Comparison_Results3.mat
NSGA-II,rPSP,MMF6,4,0.17291144092503236,All_Algorithms_Comparison_Results3.mat
NSGA-II,rPSP,MMF6,5,0.19147909790076026,All_Algorithms_Comparison_Results3.mat
NSGA-II,rPSP,MMF6,6,0.1806391806192506,All_Algorithms_Comparison_Results3.mat
NSGA-II,rPSP,MMF6,7,0.14181054837996196,All_Algorithms_Comparison_Results3.mat
NSGA-II,rPSP,MMF6,8,0.18311925993612316,All_Algorithms_Comparison_Results3.mat
NSGA-II,rPSP,MMF6,9,0.16988461681233336,All_Algorithms_Comparison_Results3.mat
NSGA-II,rPSP,MMF6,10,0.16761489024908993,All_Algorithms_Comparison_Results3.mat
NSGA-II,rPSP,MMF6,11,0.15656298294196988,All_Algorithms_Comparison_Results3.mat
NSGA-II,rPSP,MMF6,12,0.18251641949960548,All_Algorithms_Comparison_Results3.mat
NSGA-II,rPSP,MMF6,13,0.1729010110444865,All_Algorithms_Comparison_Results3.mat
NSGA-II,rPSP,MMF6,14,0.17761637314235484,All_Algorithms_Comparison_Results3.mat
NSGA-II,rPSP,MMF6,15,0.16596689532810904,All_Algorithms_Comparison_Results3.mat
NSGA-II,rPSP,MMF6,16,0.16870387407121953,All_Algorithms_Comparison_Results3.mat
NSGA-II,rPSP,MMF6,17,0.1789118864658254,All_Algorithms_Comparison_Results3.mat
NSGA-II,rPSP,MMF6,18,0.1589871052587702,All_Algorithms_Comparison_Results3.mat
NSGA-II,rPSP,MMF6,19,0.2075887577415754,All_Algorithms_Comparison_Results3.mat
NSGA-II,rPSP,MMF6,20,0.17899867671622766,All_Algorithms_Comparison_Results3.mat
NSGA-II,rPSP,MMF6,21,0.17034838003003558,All_Algorithms_Comparison_Results3.mat
NSGA-II,rPSP,MMF6,22,0.1850322937411418,All_Algorithms_Comparison_Results3.mat
NSGA-II,rPSP,MMF6,23,0.14672117509965257,All_Algorithms_Comparison_Results3.mat
NSGA-II,rPSP,MMF6,24,0.17214622860464665,All_Algorithms_Comparison_Results3.mat
NSGA-II,rPSP,MMF6,25,0.18907872670725656,All_Algorithms_Comparison_Results3.mat
NSGA-II,rPSP,MMF6,26,0.1641383644259525,All_Algorithms_Comparison_Results3.mat
NSGA-II,rPSP,MMF6,27,0.14371178473517424,All_Algorithms_Comparison_Results3.mat
NSGA-II,rPSP,MMF6,28,0.1428764247774329,All_Algorithms_Comparison_Results3.mat
NSGA-II,rPSP,MMF6,29,0.1913473922038993,All_Algorithms_Comparison_Results3.mat
NSGA-II,rPSP,MMF6,30,0.14483958049394988,All_Algorithms_Comparison_Results3.mat
NSGA-II,rPSP,MMF6,31,0.1439739693549146,All_Algorithms_Comparison_Results3.mat
NSGA-II,rPSP,MMF7,1,0.06762828112623921,All_Algorithms_Comparison_Results3.mat
NSGA-II,rPSP,MMF7,2,0.07978534224771977,All_Algorithms_Comparison_Results3.mat
NSGA-II,rPSP,MMF7,3,0.07193030763097749,All_Algorithms_Comparison_Results3.mat
NSGA-II,rPSP,MMF7,4,0.09768535659673287,All_Algorithms_Comparison_Results3.mat
NSGA-II,rPSP,MMF7,5,0.06082510832221982,All_Algorithms_Comparison_Results3.mat
NSGA-II,rPSP,MMF7,6,0.0725783157960482,All_Algorithms_Comparison_Results3.mat
NSGA-II,rPSP,MMF7,7,0.11204262516987468,All_Algorithms_Comparison_Results3.mat
NSGA-II,rPSP,MMF7,8,0.09135387251707905,All_Algorithms_Comparison_Results3.mat
NSGA-II,rPSP,MMF7,9,0.08432908939354934,All_Algorithms_Comparison_Results3.mat
NSGA-II,rPSP,MMF7,10,0.0821957782439683,All_Algorithms_Comparison_Results3.mat
NSGA-II,rPSP,MMF7,11,0.06626982827802051,All_Algorithms_Comparison_Results3.mat
NSGA-II,rPSP,MMF7,12,0.06498819816169751,All_Algorithms_Comparison_Results3.mat
NSGA-II,rPSP,MMF7,13,0.0770303359796533,All_Algorithms_Comparison_Results3.mat
NSGA-II,rPSP,MMF7,14,0.07199771712720578,All_Algorithms_Comparison_Results3.mat
NSGA-II,rPSP,MMF7,15,0.07713762844045469,All_Algorithms_Comparison_Results3.mat
NSGA-II,rPSP,MMF7,16,0.07246543033323243,All_Algorithms_Comparison_Results3.mat
NSGA-II,rPSP,MMF7,17,0.07160381546643628,All_Algorithms_Comparison_Results3.mat
NSGA-II,rPSP,MMF7,18,0.0958169542193681,All_Algorithms_Comparison_Results3.mat
NSGA-II,rPSP,MMF7,19,0.0837885419132547,All_Algorithms_Comparison_Results3.mat
NSGA-II,rPSP,MMF7,20,0.08123625674937528,All_Algorithms_Comparison_Results3.mat
NSGA-II,rPSP,MMF7,21,0.06515992747978895,All_Algorithms_Comparison_Results3.mat
NSGA-II,rPSP,MMF7,22,0.07670936842376327,All_Algorithms_Comparison_Results3.mat
NSGA-II,rPSP,MMF7,23,0.07144616014302173,All_Algorithms_Comparison_Results3.mat
NSGA-II,rPSP,MMF7,24,0.11220049963157418,All_Algorithms_Comparison_Results3.mat
NSGA-II,rPSP,MMF7,25,0.09068601117441281,All_Algorithms_Comparison_Results3.mat
NSGA-II,rPSP,MMF7,26,0.08131861402469234,All_Algorithms_Comparison_Results3.mat
NSGA-II,rPSP,MMF7,27,0.0867961102266933,All_Algorithms_Comparison_Results3.mat
NSGA-II,rPSP,MMF7,28,0.07838498042231416,All_Algorithms_Comparison_Results3.mat
NSGA-II,rPSP,MMF7,29,0.06722548514439147,All_Algorithms_Comparison_Results3.mat
NSGA-II,rPSP,MMF7,30,0.06270488327986284,All_Algorithms_Comparison_Results3.mat
NSGA-II,rPSP,MMF7,31,0.07646223974033414,All_Algorithms_Comparison_Results3.mat
NSGA-II,rPSP,MMF8,1,0.8215933255732486,All_Algorithms_Comparison_Results3.mat
NSGA-II,rPSP,MMF8,2,2.196171696671751,All_Algorithms_Comparison_Results3.mat
NSGA-II,rPSP,MMF8,3,1.862117255899314,All_Algorithms_Comparison_Results3.mat
NSGA-II,rPSP,MMF8,4,0.921243635197819,All_Algorithms_Comparison_Results3.mat
NSGA-II,rPSP,MMF8,5,5.225000991328946,All_Algorithms_Comparison_Results3.mat
NSGA-II,rPSP,MMF8,6,5.381603494351647,All_Algorithms_Comparison_Results3.mat
NSGA-II,rPSP,MMF8,7,1.4953303203898747,All_Algorithms_Comparison_Results3.mat
NSGA-II,rPSP,MMF8,8,7.159147858161645,All_Algorithms_Comparison_Results3.mat
NSGA-II,rPSP,MMF8,9,1.6539627001514117,All_Algorithms_Comparison_Results3.mat
NSGA-II,rPSP,MMF8,10,1.0252904272549996,All_Algorithms_Comparison_Results3.mat
NSGA-II,rPSP,MMF8,11,0.9218903276556405,All_Algorithms_Comparison_Results3.mat
NSGA-II,rPSP,MMF8,12,2.016385414164789,All_Algorithms_Comparison_Results3.mat
NSGA-II,rPSP,MMF8,13,1.7275913871781492,All_Algorithms_Comparison_Results3.mat
NSGA-II,rPSP,MMF8,14,1.7667487899021137,All_Algorithms_Comparison_Results3.mat
NSGA-II,rPSP,MMF8,15,0.7070440934956861,All_Algorithms_Comparison_Results3.mat
NSGA-II,rPSP,MMF8,16,1.7380311717488963,All_Algorithms_Comparison_Results3.mat
NSGA-II,rPSP,MMF8,17,1.0674107010335574,All_Algorithms_Comparison_Results3.mat
NSGA-II,rPSP,MMF8,18,0.7555219435381425,All_Algorithms_Comparison_Results3.mat
NSGA-II,rPSP,MMF8,19,1.0031615594199694,All_Algorithms_Comparison_Results3.mat
NSGA-II,rPSP,MMF8,20,1.2368734262363885,All_Algorithms_Comparison_Results3.mat
NSGA-II,rPSP,MMF8,21,1.119040295540586,All_Algorithms_Comparison_Results3.mat
NSGA-II,rPSP,MMF8,22,0.8763874863636588,All_Algorithms_Comparison_Results3.mat
NSGA-II,rPSP,MMF8,23,1.1808411401827659,All_Algorithms_Comparison_Results3.mat
NSGA-II,rPSP,MMF8,24,1.120447033629774,All_Algorithms_Comparison_Results3.mat
NSGA-II,rPSP,MMF8,25,1.1730828576909345,All_Algorithms_Comparison_Results3.mat
NSGA-II,rPSP,MMF8,26,1.6305793530202135,All_Algorithms_Comparison_Results3.mat
NSGA-II,rPSP,MMF8,27,1.9532765734866666,All_Algorithms_Comparison_Results3.mat
NSGA-II,rPSP,MMF8,28,4.544263621448881,All_Algorithms_Comparison_Results3.mat
NSGA-II,rPSP,MMF8,29,1.567908520988467,All_Algorithms_Comparison_Results3.mat
NSGA-II,rPSP,MMF8,30,1.853877871929218,All_Algorithms_Comparison_Results3.mat
NSGA-II,rPSP,MMF8,31,0.7485732148774881,All_Algorithms_Comparison_Results3.mat
NSGA-II,rPSP,MMF9,1,0.05470132829927055,All_Algorithms_Comparison_Results3.mat
NSGA-II,rPSP,MMF9,2,0.03841279089713636,All_Algorithms_Comparison_Results3.mat
NSGA-II,rPSP,MMF9,3,0.11318210866523036,All_Algorithms_Comparison_Results3.mat
NSGA-II,rPSP,MMF9,4,0.12752782443512548,All_Algorithms_Comparison_Results3.mat
NSGA-II,rPSP,MMF9,5,0.022787889672005443,All_Algorithms_Comparison_Results3.mat
NSGA-II,rPSP,MMF9,6,0.08055359432506362,All_Algorithms_Comparison_Results3.mat
NSGA-II,rPSP,MMF9,7,0.09137601253702768,All_Algorithms_Comparison_Results3.mat
NSGA-II,rPSP,MMF9,8,0.18482499710897202,All_Algorithms_Comparison_Results3.mat
NSGA-II,rPSP,MMF9,9,0.07057359641401134,All_Algorithms_Comparison_Results3.mat
NSGA-II,rPSP,MMF9,10,0.02309773481448925,All_Algorithms_Comparison_Results3.mat
NSGA-II,rPSP,MMF9,11,0.12320885056144683,All_Algorithms_Comparison_Results3.mat
NSGA-II,rPSP,MMF9,12,0.16524797387794832,All_Algorithms_Comparison_Results3.mat
NSGA-II,rPSP,MMF9,13,0.04761023383147249,All_Algorithms_Comparison_Results3.mat
NSGA-II,rPSP,MMF9,14,0.17538598530403765,All_Algorithms_Comparison_Results3.mat
NSGA-II,rPSP,MMF9,15,0.09535775282769333,All_Algorithms_Comparison_Results3.mat
NSGA-II,rPSP,MMF9,16,0.12537458693751136,All_Algorithms_Comparison_Results3.mat
NSGA-II,rPSP,MMF9,17,2.213104808522346,All_Algorithms_Comparison_Results3.mat
NSGA-II,rPSP,MMF9,18,0.018035580731358702,All_Algorithms_Comparison_Results3.mat
NSGA-II,rPSP,MMF9,19,0.03705105700661205,All_Algorithms_Comparison_Results3.mat
NSGA-II,rPSP,MMF9,20,0.18579427805573417,All_Algorithms_Comparison_Results3.mat
NSGA-II,rPSP,MMF9,21,0.03220836494010088,All_Algorithms_Comparison_Results3.mat
NSGA-II,rPSP,MMF9,22,0.029953167214822187,All_Algorithms_Comparison_Results3.mat
NSGA-II,rPSP,MMF9,23,0.13333316505830184,All_Algorithms_Comparison_Results3.mat
NSGA-II,rPSP,MMF9,24,0.09994317967931605,All_Algorithms_Comparison_Results3.mat
NSGA-II,rPSP,MMF9,25,2.069773593065961,All_Algorithms_Comparison_Results3.mat
NSGA-II,rPSP,MMF9,26,3.778837123698258,All_Algorithms_Comparison_Results3.mat
NSGA-II,rPSP,MMF9,27,0.12958317679528367,All_Algorithms_Comparison_Results3.mat
NSGA-II,rPSP,MMF9,28,0.050061741512314475,All_Algorithms_Comparison_Results3.mat
NSGA-II,rPSP,MMF9,29,0.109189458482123,All_Algorithms_Comparison_Results3.mat
NSGA-II,rPSP,MMF9,30,0.14866675734526383,All_Algorithms_Comparison_Results3.mat
NSGA-II,rPSP,MMF9,31,0.03019920352138873,All_Algorithms_Comparison_Results3.mat
NSGA-II,rPSP,MMF10,1,10.681109602015281,All_Algorithms_Comparison_Results3.mat
NSGA-II,rPSP,MMF10,2,4.710856227089498,All_Algorithms_Comparison_Results3.mat
NSGA-II,rPSP,MMF10,3,20.86831773786487,All_Algorithms_Comparison_Results3.mat
NSGA-II,rPSP,MMF10,4,0.5875253296194859,All_Algorithms_Comparison_Results3.mat
NSGA-II,rPSP,MMF10,5,7.933781832908971,All_Algorithms_Comparison_Results3.mat
NSGA-II,rPSP,MMF10,6,0.15550688214980102,All_Algorithms_Comparison_Results3.mat
NSGA-II,rPSP,MMF10,7,0.565602384818478,All_Algorithms_Comparison_Results3.mat
NSGA-II,rPSP,MMF10,8,5.627095036897333,All_Algorithms_Comparison_Results3.mat
NSGA-II,rPSP,MMF10,9,0.13109994887971366,All_Algorithms_Comparison_Results3.mat
NSGA-II,rPSP,MMF10,10,10.625038037546508,All_Algorithms_Comparison_Results3.mat
NSGA-II,rPSP,MMF10,11,7.863229992453376,All_Algorithms_Comparison_Results3.mat
NSGA-II,rPSP,MMF10,12,0.6526768045501178,All_Algorithms_Comparison_Results3.mat
NSGA-II,rPSP,MMF10,13,0.7056928201945404,All_Algorithms_Comparison_Results3.mat
NSGA-II,rPSP,MMF10,14,0.12273715091504984,All_Algorithms_Comparison_Results3.mat
NSGA-II,rPSP,MMF10,15,0.12304223640982523,All_Algorithms_Comparison_Results3.mat
NSGA-II,rPSP,MMF10,16,8.697721495519378,All_Algorithms_Comparison_Results3.mat
NSGA-II,rPSP,MMF10,17,10.288017469975173,All_Algorithms_Comparison_Results3.mat
NSGA-II,rPSP,MMF10,18,6.072722643493019,All_Algorithms_Comparison_Results3.mat
NSGA-II,rPSP,MMF10,19,10.399315350378656,All_Algorithms_Comparison_Results3.mat
NSGA-II,rPSP,MMF10,20,8.754589159476701,All_Algorithms_Comparison_Results3.mat
NSGA-II,rPSP,MMF10,21,8.094626052930803,All_Algorithms_Comparison_Results3.mat
NSGA-II,rPSP,MMF10,22,10.405610282196246,All_Algorithms_Comparison_Results3.mat
NSGA-II,rPSP,MMF10,23,10.604739920872994,All_Algorithms_Comparison_Results3.mat
NSGA-II,rPSP,MMF10,24,0.12157012531081896,All_Algorithms_Comparison_Results3.mat
NSGA-II,rPSP,MMF10,25,0.8609431208662763,All_Algorithms_Comparison_Results3.mat
NSGA-II,rPSP,MMF10,26,0.18260454013564897,All_Algorithms_Comparison_Results3.mat
NSGA-II,rPSP,MMF10,27,0.14965612722198762,All_Algorithms_Comparison_Results3.mat
NSGA-II,rPSP,MMF10,28,0.6811556945962215,All_Algorithms_Comparison_Results3.mat
NSGA-II,rPSP,MMF10,29,0.1657618232651301,All_Algorithms_Comparison_Results3.mat
NSGA-II,rPSP,MMF10,30,8.473395528033251,All_Algorithms_Comparison_Results3.mat
NSGA-II,rPSP,MMF10,31,8.331147486341877,All_Algorithms_Comparison_Results3.mat
NSGA-II,rPSP,MMF11,1,1.7628796689758566,All_Algorithms_Comparison_Results3.mat
NSGA-II,rPSP,MMF11,2,3.350115926904375,All_Algorithms_Comparison_Results3.mat
NSGA-II,rPSP,MMF11,3,2.3907785518346416,All_Algorithms_Comparison_Results3.mat
NSGA-II,rPSP,MMF11,4,1.9602681348209623,All_Algorithms_Comparison_Results3.mat
NSGA-II,rPSP,MMF11,5,3.0123398517718067,All_Algorithms_Comparison_Results3.mat
NSGA-II,rPSP,MMF11,6,2.456131295355662,All_Algorithms_Comparison_Results3.mat
NSGA-II,rPSP,MMF11,7,3.009187142280836,All_Algorithms_Comparison_Results3.mat
NSGA-II,rPSP,MMF11,8,2.5167127155178757,All_Algorithms_Comparison_Results3.mat
NSGA-II,rPSP,MMF11,9,2.7020640790736867,All_Algorithms_Comparison_Results3.mat
NSGA-II,rPSP,MMF11,10,2.385809590671221,All_Algorithms_Comparison_Results3.mat
NSGA-II,rPSP,MMF11,11,2.0387755260980964,All_Algorithms_Comparison_Results3.mat
NSGA-II,rPSP,MMF11,12,2.5071911406611953,All_Algorithms_Comparison_Results3.mat
NSGA-II,rPSP,MMF11,13,2.2115116129549497,All_Algorithms_Comparison_Results3.mat
NSGA-II,rPSP,MMF11,14,2.6538206393717014,All_Algorithms_Comparison_Results3.mat
NSGA-II,rPSP,MMF11,15,2.393731618645606,All_Algorithms_Comparison_Results3.mat
NSGA-II,rPSP,MMF11,16,2.378722767476904,All_Algorithms_Comparison_Results3.mat
NSGA-II,rPSP,MMF11,17,4.625247322706786,All_Algorithms_Comparison_Results3.mat
NSGA-II,rPSP,MMF11,18,2.6996666486020704,All_Algorithms_Comparison_Results3.mat
NSGA-II,rPSP,MMF11,19,1.725668161898766,All_Algorithms_Comparison_Results3.mat
NSGA-II,rPSP,MMF11,20,2.340730855842692,All_Algorithms_Comparison_Results3.mat
NSGA-II,rPSP,MMF11,21,2.8418336163213587,All_Algorithms_Comparison_Results3.mat
NSGA-II,rPSP,MMF11,22,2.142577206635283,All_Algorithms_Comparison_Results3.mat
NSGA-II,rPSP,MMF11,23,4.384942887657734,All_Algorithms_Comparison_Results3.mat
NSGA-II,rPSP,MMF11,24,4.093439905345468,All_Algorithms_Comparison_Results3.mat
NSGA-II,rPSP,MMF11,25,4.763582982431717,All_Algorithms_Comparison_Results3.mat
NSGA-II,rPSP,MMF11,26,2.550783802253386,All_Algorithms_Comparison_Results3.mat
NSGA-II,rPSP,MMF11,27,2.229800542571162,All_Algorithms_Comparison_Results3.mat
NSGA-II,rPSP,MMF11,28,2.325213100454917,All_Algorithms_Comparison_Results3.mat
NSGA-II,rPSP,MMF11,29,1.9297866197347031,All_Algorithms_Comparison_Results3.mat
NSGA-II,rPSP,MMF11,30,3.0076270650431933,All_Algorithms_Comparison_Results3.mat
NSGA-II,rPSP,MMF11,31,2.310262668625684,All_Algorithms_Comparison_Results3.mat
NSGA-II,rPSP,MMF12,1,2.5348081595430534,All_Algorithms_Comparison_Results3.mat
NSGA-II,rPSP,MMF12,2,4.281086402136031,All_Algorithms_Comparison_Results3.mat
NSGA-II,rPSP,MMF12,3,4.39118169796489,All_Algorithms_Comparison_Results3.mat
NSGA-II,rPSP,MMF12,4,3.979719696999877,All_Algorithms_Comparison_Results3.mat
NSGA-II,rPSP,MMF12,5,inf,All_Algorithms_Comparison_Results3.mat
NSGA-II,rPSP,MMF12,6,0.19570576369923917,All_Algorithms_Comparison_Results3.mat
NSGA-II,rPSP,MMF12,7,3.681519467564131,All_Algorithms_Comparison_Results3.mat
NSGA-II,rPSP,MMF12,8,3.4805077423943325,All_Algorithms_Comparison_Results3.mat
NSGA-II,rPSP,MMF12,9,4.538512725808907,All_Algorithms_Comparison_Results3.mat
NSGA-II,rPSP,MMF12,10,2.861625033440755,All_Algorithms_Comparison_Results3.mat
NSGA-II,rPSP,MMF12,11,9.370568478725067,All_Algorithms_Comparison_Results3.mat
NSGA-II,rPSP,MMF12,12,3.5006219444153754,All_Algorithms_Comparison_Results3.mat
NSGA-II,rPSP,MMF12,13,4.473728100871807,All_Algorithms_Comparison_Results3.mat
NSGA-II,rPSP,MMF12,14,3.4007180186160912,All_Algorithms_Comparison_Results3.mat
NSGA-II,rPSP,MMF12,15,3.4995122989559238,All_Algorithms_Comparison_Results3.mat
NSGA-II,rPSP,MMF12,16,0.19542153554196084,All_Algorithms_Comparison_Results3.mat
NSGA-II,rPSP,MMF12,17,5.848874792026742,All_Algorithms_Comparison_Results3.mat
NSGA-II,rPSP,MMF12,18,3.5771594132068647,All_Algorithms_Comparison_Results3.mat
NSGA-II,rPSP,MMF12,19,5.040618461904901,All_Algorithms_Comparison_Results3.mat
NSGA-II,rPSP,MMF12,20,3.6429507587111334,All_Algorithms_Comparison_Results3.mat
NSGA-II,rPSP,MMF12,21,0.19551560833435752,All_Algorithms_Comparison_Results3.mat
NSGA-II,rPSP,MMF12,22,2.4083020852595465,All_Algorithms_Comparison_Results3.mat
NSGA-II,rPSP,MMF12,23,4.137631992542481,All_Algorithms_Comparison_Results3.mat
NSGA-II,rPSP,MMF12,24,3.4148757864147354,All_Algorithms_Comparison_Results3.mat
NSGA-II,rPSP,MMF12,25,26.679917900782403,All_Algorithms_Comparison_Results3.mat
NSGA-II,rPSP,MMF12,26,inf,All_Algorithms_Comparison_Results3.mat
NSGA-II,rPSP,MMF12,27,4.469033716262696,All_Algorithms_Comparison_Results3.mat
NSGA-II,rPSP,MMF12,28,7.329348643933467,All_Algorithms_Comparison_Results3.mat
NSGA-II,rPSP,MMF12,29,5.42644671302149,All_Algorithms_Comparison_Results3.mat
NSGA-II,rPSP,MMF12,30,5.53734500368845,All_Algorithms_Comparison_Results3.mat
NSGA-II,rPSP,MMF12,31,3.411634589446974,All_Algorithms_Comparison_Results3.mat
NSGA-II,rPSP,MMF13,1,0.63336029724894,All_Algorithms_Comparison_Results3.mat
NSGA-II,rPSP,MMF13,2,0.8203790058196382,All_Algorithms_Comparison_Results3.mat
NSGA-II,rPSP,MMF13,3,0.7163647562474534,All_Algorithms_Comparison_Results3.mat
NSGA-II,rPSP,MMF13,4,0.6299666923832601,All_Algorithms_Comparison_Results3.mat
NSGA-II,rPSP,MMF13,5,0.8496587269850495,All_Algorithms_Comparison_Results3.mat
NSGA-II,rPSP,MMF13,6,0.7297657414696289,All_Algorithms_Comparison_Results3.mat
NSGA-II,rPSP,MMF13,7,0.6263660291240843,All_Algorithms_Comparison_Results3.mat
NSGA-II,rPSP,MMF13,8,0.6628831520738261,All_Algorithms_Comparison_Results3.mat
NSGA-II,rPSP,MMF13,9,0.840900039832757,All_Algorithms_Comparison_Results3.mat
NSGA-II,rPSP,MMF13,10,0.601897890538194,All_Algorithms_Comparison_Results3.mat
NSGA-II,rPSP,MMF13,11,1.3237532487968702,All_Algorithms_Comparison_Results3.mat
NSGA-II,rPSP,MMF13,12,1.2500219826121841,All_Algorithms_Comparison_Results3.mat
NSGA-II,rPSP,MMF13,13,0.6253267667782259,All_Algorithms_Comparison_Results3.mat
NSGA-II,rPSP,MMF13,14,0.6859648677560786,All_Algorithms_Comparison_Results3.mat
NSGA-II,rPSP,MMF13,15,0.7761481792559604,All_Algorithms_Comparison_Results3.mat
NSGA-II,rPSP,MMF13,16,0.8172665301807938,All_Algorithms_Comparison_Results3.mat
NSGA-II,rPSP,MMF13,17,1.3161432984239765,All_Algorithms_Comparison_Results3.mat
NSGA-II,rPSP,MMF13,18,1.047340278897915,All_Algorithms_Comparison_Results3.mat
NSGA-II,rPSP,MMF13,19,0.7544062789646393,All_Algorithms_Comparison_Results3.mat
NSGA-II,rPSP,MMF13,20,0.658699871342739,All_Algorithms_Comparison_Results3.mat
NSGA-II,rPSP,MMF13,21,0.6241503710425641,All_Algorithms_Comparison_Results3.mat
NSGA-II,rPSP,MMF13,22,0.6226147160201078,All_Algorithms_Comparison_Results3.mat
NSGA-II,rPSP,MMF13,23,0.6766286120038186,All_Algorithms_Comparison_Results3.mat
NSGA-II,rPSP,MMF13,24,0.7329772085043867,All_Algorithms_Comparison_Results3.mat
NSGA-II,rPSP,MMF13,25,0.6578148566208155,All_Algorithms_Comparison_Results3.mat
NSGA-II,rPSP,MMF13,26,1.039728284031884,All_Algorithms_Comparison_Results3.mat
NSGA-II,rPSP,MMF13,27,0.7278270564631665,All_Algorithms_Comparison_Results3.mat
NSGA-II,rPSP,MMF13,28,1.0914910380651195,All_Algorithms_Comparison_Results3.mat
NSGA-II,rPSP,MMF13,29,0.7189992344379948,All_Algorithms_Comparison_Results3.mat
NSGA-II,rPSP,MMF13,30,0.9510482250027346,All_Algorithms_Comparison_Results3.mat
NSGA-II,rPSP,MMF13,31,0.6530009494829835,All_Algorithms_Comparison_Results3.mat
NSGA-II,rPSP,MMF14,1,0.1107079309442982,All_Algorithms_Comparison_Results3.mat
NSGA-II,rPSP,MMF14,2,0.14864025177262635,All_Algorithms_Comparison_Results3.mat
NSGA-II,rPSP,MMF14,3,0.103935819254429,All_Algorithms_Comparison_Results3.mat
NSGA-II,rPSP,MMF14,4,0.1167373841446361,All_Algorithms_Comparison_Results3.mat
NSGA-II,rPSP,MMF14,5,0.09945926648944191,All_Algorithms_Comparison_Results3.mat
NSGA-II,rPSP,MMF14,6,0.10857939128851087,All_Algorithms_Comparison_Results3.mat
NSGA-II,rPSP,MMF14,7,0.12024432186573253,All_Algorithms_Comparison_Results3.mat
NSGA-II,rPSP,MMF14,8,0.12836446511253777,All_Algorithms_Comparison_Results3.mat
NSGA-II,rPSP,MMF14,9,0.09638212482158308,All_Algorithms_Comparison_Results3.mat
NSGA-II,rPSP,MMF14,10,0.1181450545811384,All_Algorithms_Comparison_Results3.mat
NSGA-II,rPSP,MMF14,11,0.11971225147035625,All_Algorithms_Comparison_Results3.mat
NSGA-II,rPSP,MMF14,12,0.11891501875733033,All_Algorithms_Comparison_Results3.mat
NSGA-II,rPSP,MMF14,13,0.1080436930738249,All_Algorithms_Comparison_Results3.mat
NSGA-II,rPSP,MMF14,14,0.13844478723480638,All_Algorithms_Comparison_Results3.mat
NSGA-II,rPSP,MMF14,15,0.11400371379813963,All_Algorithms_Comparison_Results3.mat
NSGA-II,rPSP,MMF14,16,0.1287441475803921,All_Algorithms_Comparison_Results3.mat
NSGA-II,rPSP,MMF14,17,0.09974577981697648,All_Algorithms_Comparison_Results3.mat
NSGA-II,rPSP,MMF14,18,0.11605019501114783,All_Algorithms_Comparison_Results3.mat
NSGA-II,rPSP,MMF14,19,0.10616668343795552,All_Algorithms_Comparison_Results3.mat
NSGA-II,rPSP,MMF14,20,0.10561080992624246,All_Algorithms_Comparison_Results3.mat
NSGA-II,rPSP,MMF14,21,0.10274900622426199,All_Algorithms_Comparison_Results3.mat
NSGA-II,rPSP,MMF14,22,0.10274802677526315,All_Algorithms_Comparison_Results3.mat
NSGA-II,rPSP,MMF14,23,0.10658480043523802,All_Algorithms_Comparison_Results3.mat
NSGA-II,rPSP,MMF14,24,0.10693257855147757,All_Algorithms_Comparison_Results3.mat
NSGA-II,rPSP,MMF14,25,0.1149835938799249,All_Algorithms_Comparison_Results3.mat
NSGA-II,rPSP,MMF14,26,0.11216719183774813,All_Algorithms_Comparison_Results3.mat
NSGA-II,rPSP,MMF14,27,0.09852560890600343,All_Algorithms_Comparison_Results3.mat
NSGA-II,rPSP,MMF14,28,0.09803427997680052,All_Algorithms_Comparison_Results3.mat
NSGA-II,rPSP,MMF14,29,0.09049623831009673,All_Algorithms_Comparison_Results3.mat
NSGA-II,rPSP,MMF14,30,0.11728456227672027,All_Algorithms_Comparison_Results3.mat
NSGA-II,rPSP,MMF14,31,0.1019474413278187,All_Algorithms_Comparison_Results3.mat
NSGA-II,rPSP,MMF15,1,0.6001005659353853,All_Algorithms_Comparison_Results3.mat
NSGA-II,rPSP,MMF15,2,0.24959745501636665,All_Algorithms_Comparison_Results3.mat
NSGA-II,rPSP,MMF15,3,0.70211005215457,All_Algorithms_Comparison_Results3.mat
NSGA-II,rPSP,MMF15,4,0.24467284967432176,All_Algorithms_Comparison_Results3.mat
NSGA-II,rPSP,MMF15,5,0.6508761913486222,All_Algorithms_Comparison_Results3.mat
NSGA-II,rPSP,MMF15,6,0.2407059145334066,All_Algorithms_Comparison_Results3.mat
NSGA-II,rPSP,MMF15,7,0.24393771227057753,All_Algorithms_Comparison_Results3.mat
NSGA-II,rPSP,MMF15,8,0.22959782074873833,All_Algorithms_Comparison_Results3.mat
NSGA-II,rPSP,MMF15,9,0.21214392028015272,All_Algorithms_Comparison_Results3.mat
NSGA-II,rPSP,MMF15,10,0.5754197907599151,All_Algorithms_Comparison_Results3.mat
NSGA-II,rPSP,MMF15,11,0.23996110505399182,All_Algorithms_Comparison_Results3.mat
NSGA-II,rPSP,MMF15,12,0.23176664990153273,All_Algorithms_Comparison_Results3.mat
NSGA-II,rPSP,MMF15,13,0.5813334183571701,All_Algorithms_Comparison_Results3.mat
NSGA-II,rPSP,MMF15,14,0.23055215734623133,All_Algorithms_Comparison_Results3.mat
NSGA-II,rPSP,MMF15,15,0.24996358527052814,All_Algorithms_Comparison_Results3.mat
NSGA-II,rPSP,MMF15,16,0.25090527638745436,All_Algorithms_Comparison_Results3.mat
NSGA-II,rPSP,MMF15,17,0.25639173000861076,All_Algorithms_Comparison_Results3.mat
NSGA-II,rPSP,MMF15,18,0.6762040972632993,All_Algorithms_Comparison_Results3.mat
NSGA-II,rPSP,MMF15,19,0.6269725534713838,All_Algorithms_Comparison_Results3.mat
NSGA-II,rPSP,MMF15,20,0.2634040169216439,All_Algorithms_Comparison_Results3.mat
NSGA-II,rPSP,MMF15,21,0.7138525643377555,All_Algorithms_Comparison_Results3.mat
NSGA-II,rPSP,MMF15,22,0.2337579355913491,All_Algorithms_Comparison_Results3.mat
NSGA-II,rPSP,MMF15,23,0.26638550076802403,All_Algorithms_Comparison_Results3.mat
NSGA-II,rPSP,MMF15,24,0.25186179729347036,All_Algorithms_Comparison_Results3.mat
NSGA-II,rPSP,MMF15,25,0.6737960680105561,All_Algorithms_Comparison_Results3.mat
NSGA-II,rPSP,MMF15,26,0.5215781243729897,All_Algorithms_Comparison_Results3.mat
NSGA-II,rPSP,MMF15,27,0.25134926260101725,All_Algorithms_Comparison_Results3.mat
NSGA-II,rPSP,MMF15,28,0.6010333662630428,All_Algorithms_Comparison_Results3.mat
NSGA-II,rPSP,MMF15,29,0.2736392194039432,All_Algorithms_Comparison_Results3.mat
NSGA-II,rPSP,MMF15,30,0.2579549798846898,All_Algorithms_Comparison_Results3.mat
NSGA-II,rPSP,MMF15,31,0.2725263573359446,All_Algorithms_Comparison_Results3.mat
NSGA-II,rPSP,MMF1_z,1,0.13943696751279766,All_Algorithms_Comparison_Results3.mat
NSGA-II,rPSP,MMF1_z,2,0.12134751549020668,All_Algorithms_Comparison_Results3.mat
NSGA-II,rPSP,MMF1_z,3,0.19743928467317495,All_Algorithms_Comparison_Results3.mat
NSGA-II,rPSP,MMF1_z,4,0.19427733267953118,All_Algorithms_Comparison_Results3.mat
NSGA-II,rPSP,MMF1_z,5,0.1221620752299826,All_Algorithms_Comparison_Results3.mat
NSGA-II,rPSP,MMF1_z,6,0.13090333483948793,All_Algorithms_Comparison_Results3.mat
NSGA-II,rPSP,MMF1_z,7,0.18690448345731628,All_Algorithms_Comparison_Results3.mat
NSGA-II,rPSP,MMF1_z,8,0.163040007884813,All_Algorithms_Comparison_Results3.mat
NSGA-II,rPSP,MMF1_z,9,0.1197736785964118,All_Algorithms_Comparison_Results3.mat
NSGA-II,rPSP,MMF1_z,10,0.16935941301222676,All_Algorithms_Comparison_Results3.mat
NSGA-II,rPSP,MMF1_z,11,0.13579114556756416,All_Algorithms_Comparison_Results3.mat
NSGA-II,rPSP,MMF1_z,12,0.14031058770225313,All_Algorithms_Comparison_Results3.mat
NSGA-II,rPSP,MMF1_z,13,0.11527979252690926,All_Algorithms_Comparison_Results3.mat
NSGA-II,rPSP,MMF1_z,14,0.18265895080590788,All_Algorithms_Comparison_Results3.mat
NSGA-II,rPSP,MMF1_z,15,0.14712209030858756,All_Algorithms_Comparison_Results3.mat
NSGA-II,rPSP,MMF1_z,16,0.20063069235178121,All_Algorithms_Comparison_Results3.mat
NSGA-II,rPSP,MMF1_z,17,0.18637863153202916,All_Algorithms_Comparison_Results3.mat
NSGA-II,rPSP,MMF1_z,18,0.1809851910239165,All_Algorithms_Comparison_Results3.mat
NSGA-II,rPSP,MMF1_z,19,0.15450705297644687,All_Algorithms_Comparison_Results3.mat
NSGA-II,rPSP,MMF1_z,20,0.13939049511070475,All_Algorithms_Comparison_Results3.mat
NSGA-II,rPSP,MMF1_z,21,0.14017837781260473,All_Algorithms_Comparison_Results3.mat
NSGA-II,rPSP,MMF1_z,22,0.21257708469163206,All_Algorithms_Comparison_Results3.mat
NSGA-II,rPSP,MMF1_z,23,0.11360591778435483,All_Algorithms_Comparison_Results3.mat
NSGA-II,rPSP,MMF1_z,24,0.13812716242396236,All_Algorithms_Comparison_Results3.mat
NSGA-II,rPSP,MMF1_z,25,0.1320402245339468,All_Algorithms_Comparison_Results3.mat
NSGA-II,rPSP,MMF1_z,26,0.24235350806552425,All_Algorithms_Comparison_Results3.mat
NSGA-II,rPSP,MMF1_z,27,0.1443126438904233,All_Algorithms_Comparison_Results3.mat
NSGA-II,rPSP,MMF1_z,28,0.1843634429268198,All_Algorithms_Comparison_Results3.mat
NSGA-II,rPSP,MMF1_z,29,0.14397561240224913,All_Algorithms_Comparison_Results3.mat
NSGA-II,rPSP,MMF1_z,30,0.16399564361471686,All_Algorithms_Comparison_Results3.mat
NSGA-II,rPSP,MMF1_z,31,0.13572732639990853,All_Algorithms_Comparison_Results3.mat
NSGA-II,rPSP,MMF1_e,1,3.003451910979826,All_Algorithms_Comparison_Results3.mat
NSGA-II,rPSP,MMF1_e,2,1.2971532130106567,All_Algorithms_Comparison_Results3.mat
NSGA-II,rPSP,MMF1_e,3,0.6271851244801558,All_Algorithms_Comparison_Results3.mat
NSGA-II,rPSP,MMF1_e,4,2.2775587607455643,All_Algorithms_Comparison_Results3.mat
NSGA-II,rPSP,MMF1_e,5,8.877696548347968,All_Algorithms_Comparison_Results3.mat
NSGA-II,rPSP,MMF1_e,6,1.360991212702596,All_Algorithms_Comparison_Results3.mat
NSGA-II,rPSP,MMF1_e,7,6.531165173096096,All_Algorithms_Comparison_Results3.mat
NSGA-II,rPSP,MMF1_e,8,4.709896643163104,All_Algorithms_Comparison_Results3.mat
NSGA-II,rPSP,MMF1_e,9,2.4372297847264814,All_Algorithms_Comparison_Results3.mat
NSGA-II,rPSP,MMF1_e,10,4.329405237264418,All_Algorithms_Comparison_Results3.mat
NSGA-II,rPSP,MMF1_e,11,2.6193167389589793,All_Algorithms_Comparison_Results3.mat
NSGA-II,rPSP,MMF1_e,12,4.09751529733898,All_Algorithms_Comparison_Results3.mat
NSGA-II,rPSP,MMF1_e,13,1.2613413263850004,All_Algorithms_Comparison_Results3.mat
NSGA-II,rPSP,MMF1_e,14,2.6325650920568533,All_Algorithms_Comparison_Results3.mat
NSGA-II,rPSP,MMF1_e,15,3.512789201458124,All_Algorithms_Comparison_Results3.mat
NSGA-II,rPSP,MMF1_e,16,2.647187500017763,All_Algorithms_Comparison_Results3.mat
NSGA-II,rPSP,MMF1_e,17,3.328977462448723,All_Algorithms_Comparison_Results3.mat
NSGA-II,rPSP,MMF1_e,18,2.589750231139643,All_Algorithms_Comparison_Results3.mat
NSGA-II,rPSP,MMF1_e,19,5.227663915894429,All_Algorithms_Comparison_Results3.mat
NSGA-II,rPSP,MMF1_e,20,1.588652248420638,All_Algorithms_Comparison_Results3.mat
NSGA-II,rPSP,MMF1_e,21,4.568407525534305,All_Algorithms_Comparison_Results3.mat
NSGA-II,rPSP,MMF1_e,22,4.2618436818060195,All_Algorithms_Comparison_Results3.mat
NSGA-II,rPSP,MMF1_e,23,1.8989724703141824,All_Algorithms_Comparison_Results3.mat
NSGA-II,rPSP,MMF1_e,24,4.49330200621973,All_Algorithms_Comparison_Results3.mat
NSGA-II,rPSP,MMF1_e,25,5.465408792026194,All_Algorithms_Comparison_Results3.mat
NSGA-II,rPSP,MMF1_e,26,0.7984191566774481,All_Algorithms_Comparison_Results3.mat
NSGA-II,rPSP,MMF1_e,27,0.9522627870571619,All_Algorithms_Comparison_Results3.mat
NSGA-II,rPSP,MMF1_e,28,2.417538460411626,All_Algorithms_Comparison_Results3.mat
NSGA-II,rPSP,MMF1_e,29,1.755848243989173,All_Algorithms_Comparison_Results3.mat
NSGA-II,rPSP,MMF1_e,30,4.1623390460548775,All_Algorithms_Comparison_Results3.mat
NSGA-II,rPSP,MMF1_e,31,5.958371370235375,All_Algorithms_Comparison_Results3.mat
NSGA-II,rPSP,MMF14_a,1,0.16039999119780388,All_Algorithms_Comparison_Results3.mat
NSGA-II,rPSP,MMF14_a,2,0.1465746065232166,All_Algorithms_Comparison_Results3.mat
NSGA-II,rPSP,MMF14_a,3,0.15090803354982976,All_Algorithms_Comparison_Results3.mat
NSGA-II,rPSP,MMF14_a,4,0.1429250175260149,All_Algorithms_Comparison_Results3.mat
NSGA-II,rPSP,MMF14_a,5,0.1444668124914253,All_Algorithms_Comparison_Results3.mat
NSGA-II,rPSP,MMF14_a,6,0.13847797185277194,All_Algorithms_Comparison_Results3.mat
NSGA-II,rPSP,MMF14_a,7,0.1373586699983783,All_Algorithms_Comparison_Results3.mat
NSGA-II,rPSP,MMF14_a,8,0.1385377943613491,All_Algorithms_Comparison_Results3.mat
NSGA-II,rPSP,MMF14_a,9,0.14231445923955535,All_Algorithms_Comparison_Results3.mat
NSGA-II,rPSP,MMF14_a,10,0.15071767564938865,All_Algorithms_Comparison_Results3.mat
NSGA-II,rPSP,MMF14_a,11,0.137998410986893,All_Algorithms_Comparison_Results3.mat
NSGA-II,rPSP,MMF14_a,12,0.12515725975892553,All_Algorithms_Comparison_Results3.mat
NSGA-II,rPSP,MMF14_a,13,0.12764906198588788,All_Algorithms_Comparison_Results3.mat
NSGA-II,rPSP,MMF14_a,14,0.12574651135103412,All_Algorithms_Comparison_Results3.mat
NSGA-II,rPSP,MMF14_a,15,0.1624117490323443,All_Algorithms_Comparison_Results3.mat
NSGA-II,rPSP,MMF14_a,16,0.17509380143299746,All_Algorithms_Comparison_Results3.mat
NSGA-II,rPSP,MMF14_a,17,0.1526894041546408,All_Algorithms_Comparison_Results3.mat
NSGA-II,rPSP,MMF14_a,18,0.16827477229246965,All_Algorithms_Comparison_Results3.mat
NSGA-II,rPSP,MMF14_a,19,0.14732287936643376,All_Algorithms_Comparison_Results3.mat
NSGA-II,rPSP,MMF14_a,20,0.14706988845482113,All_Algorithms_Comparison_Results3.mat
NSGA-II,rPSP,MMF14_a,21,0.1564873790599703,All_Algorithms_Comparison_Results3.mat
NSGA-II,rPSP,MMF14_a,22,0.12737997241523707,All_Algorithms_Comparison_Results3.mat
NSGA-II,rPSP,MMF14_a,23,0.17119670136864393,All_Algorithms_Comparison_Results3.mat
NSGA-II,rPSP,MMF14_a,24,0.15157998163916936,All_Algorithms_Comparison_Results3.mat
NSGA-II,rPSP,MMF14_a,25,0.13683037009062451,All_Algorithms_Comparison_Results3.mat
NSGA-II,rPSP,MMF14_a,26,0.14876810522177897,All_Algorithms_Comparison_Results3.mat
NSGA-II,rPSP,MMF14_a,27,0.14382279317734017,All_Algorithms_Comparison_Results3.mat
NSGA-II,rPSP,MMF14_a,28,0.20027608342262584,All_Algorithms_Comparison_Results3.mat
NSGA-II,rPSP,MMF14_a,29,0.1390543925393616,All_Algorithms_Comparison_Results3.mat
NSGA-II,rPSP,MMF14_a,30,0.12828848468567525,All_Algorithms_Comparison_Results3.mat
NSGA-II,rPSP,MMF14_a,31,0.18401109369303773,All_Algorithms_Comparison_Results3.mat
NSGA-II,rPSP,MMF15_a,1,0.28828179963605693,All_Algorithms_Comparison_Results3.mat
NSGA-II,rPSP,MMF15_a,2,0.31440340841882225,All_Algorithms_Comparison_Results3.mat
NSGA-II,rPSP,MMF15_a,3,0.2898408686531589,All_Algorithms_Comparison_Results3.mat
NSGA-II,rPSP,MMF15_a,4,0.3088887617424439,All_Algorithms_Comparison_Results3.mat
NSGA-II,rPSP,MMF15_a,5,0.2970604545474443,All_Algorithms_Comparison_Results3.mat
NSGA-II,rPSP,MMF15_a,6,0.3067691561359795,All_Algorithms_Comparison_Results3.mat
NSGA-II,rPSP,MMF15_a,7,0.312666593823657,All_Algorithms_Comparison_Results3.mat
NSGA-II,rPSP,MMF15_a,8,0.3015879399288103,All_Algorithms_Comparison_Results3.mat
NSGA-II,rPSP,MMF15_a,9,0.2982712413139783,All_Algorithms_Comparison_Results3.mat
NSGA-II,rPSP,MMF15_a,10,0.29174598473606467,All_Algorithms_Comparison_Results3.mat
NSGA-II,rPSP,MMF15_a,11,0.29260868945784757,All_Algorithms_Comparison_Results3.mat
NSGA-II,rPSP,MMF15_a,12,0.29689690329134427,All_Algorithms_Comparison_Results3.mat
NSGA-II,rPSP,MMF15_a,13,0.28073620945291583,All_Algorithms_Comparison_Results3.mat
NSGA-II,rPSP,MMF15_a,14,0.29808333333888976,All_Algorithms_Comparison_Results3.mat
NSGA-II,rPSP,MMF15_a,15,0.21560646362423258,All_Algorithms_Comparison_Results3.mat
NSGA-II,rPSP,MMF15_a,16,0.23046975434308475,All_Algorithms_Comparison_Results3.mat
NSGA-II,rPSP,MMF15_a,17,0.29904924953484213,All_Algorithms_Comparison_Results3.mat
NSGA-II,rPSP,MMF15_a,18,0.29662836139644166,All_Algorithms_Comparison_Results3.mat
NSGA-II,rPSP,MMF15_a,19,0.29697818235657575,All_Algorithms_Comparison_Results3.mat
NSGA-II,rPSP,MMF15_a,20,0.29487561984396826,All_Algorithms_Comparison_Results3.mat
NSGA-II,rPSP,MMF15_a,21,0.29644446952215964,All_Algorithms_Comparison_Results3.mat
NSGA-II,rPSP,MMF15_a,22,0.2927365907733828,All_Algorithms_Comparison_Results3.mat
NSGA-II,rPSP,MMF15_a,23,0.2941500828883761,All_Algorithms_Comparison_Results3.mat
NSGA-II,rPSP,MMF15_a,24,0.28791401608954564,All_Algorithms_Comparison_Results3.mat
NSGA-II,rPSP,MMF15_a,25,0.30351785680349924,All_Algorithms_Comparison_Results3.mat
NSGA-II,rPSP,MMF15_a,26,0.27628665648908834,All_Algorithms_Comparison_Results3.mat
NSGA-II,rPSP,MMF15_a,27,0.2986572907114979,All_Algorithms_Comparison_Results3.mat
NSGA-II,rPSP,MMF15_a,28,0.2969272131757971,All_Algorithms_Comparison_Results3.mat
NSGA-II,rPSP,MMF15_a,29,0.25985534611867883,All_Algorithms_Comparison_Results3.mat
NSGA-II,rPSP,MMF15_a,30,0.2910113345888293,All_Algorithms_Comparison_Results3.mat
NSGA-II,rPSP,MMF15_a,31,0.22620835849326587,All_Algorithms_Comparison_Results3.mat
NSGA-II,rPSP,SYM_PART_simple,1,9.550911596827143,All_Algorithms_Comparison_Results3.mat
NSGA-II,rPSP,SYM_PART_simple,2,229.64374689370783,All_Algorithms_Comparison_Results3.mat
NSGA-II,rPSP,SYM_PART_simple,3,282.95992718841956,All_Algorithms_Comparison_Results3.mat
NSGA-II,rPSP,SYM_PART_simple,4,242.11690919527612,All_Algorithms_Comparison_Results3.mat
NSGA-II,rPSP,SYM_PART_simple,5,16.610403255856493,All_Algorithms_Comparison_Results3.mat
NSGA-II,rPSP,SYM_PART_simple,6,184.37287933947974,All_Algorithms_Comparison_Results3.mat
NSGA-II,rPSP,SYM_PART_simple,7,1074.2796491239608,All_Algorithms_Comparison_Results3.mat
NSGA-II,rPSP,SYM_PART_simple,8,390.53193951541283,All_Algorithms_Comparison_Results3.mat
NSGA-II,rPSP,SYM_PART_simple,9,254.84679698525647,All_Algorithms_Comparison_Results3.mat
NSGA-II,rPSP,SYM_PART_simple,10,9.935185428006896,All_Algorithms_Comparison_Results3.mat
NSGA-II,rPSP,SYM_PART_simple,11,236.60407268001825,All_Algorithms_Comparison_Results3.mat
NSGA-II,rPSP,SYM_PART_simple,12,163.2207262620532,All_Algorithms_Comparison_Results3.mat
NSGA-II,rPSP,SYM_PART_simple,13,10.515532427299975,All_Algorithms_Comparison_Results3.mat
NSGA-II,rPSP,SYM_PART_simple,14,128.5518805601826,All_Algorithms_Comparison_Results3.mat
NSGA-II,rPSP,SYM_PART_simple,15,128.09203935904375,All_Algorithms_Comparison_Results3.mat
NSGA-II,rPSP,SYM_PART_simple,16,305.1176276010174,All_Algorithms_Comparison_Results3.mat
NSGA-II,rPSP,SYM_PART_simple,17,134.5393264674115,All_Algorithms_Comparison_Results3.mat
NSGA-II,rPSP,SYM_PART_simple,18,9.967509442987721,All_Algorithms_Comparison_Results3.mat
NSGA-II,rPSP,SYM_PART_simple,19,1382.1470888807403,All_Algorithms_Comparison_Results3.mat
NSGA-II,rPSP,SYM_PART_simple,20,530.7310567053983,All_Algorithms_Comparison_Results3.mat
NSGA-II,rPSP,SYM_PART_simple,21,258.42266270731545,All_Algorithms_Comparison_Results3.mat
NSGA-II,rPSP,SYM_PART_simple,22,18.442756605086892,All_Algorithms_Comparison_Results3.mat
NSGA-II,rPSP,SYM_PART_simple,23,235.79095433787097,All_Algorithms_Comparison_Results3.mat
NSGA-II,rPSP,SYM_PART_simple,24,193.42629952651072,All_Algorithms_Comparison_Results3.mat
NSGA-II,rPSP,SYM_PART_simple,25,199.16443871128405,All_Algorithms_Comparison_Results3.mat
NSGA-II,rPSP,SYM_PART_simple,26,177.19884696810144,All_Algorithms_Comparison_Results3.mat
NSGA-II,rPSP,SYM_PART_simple,27,647.7649845783063,All_Algorithms_Comparison_Results3.mat
NSGA-II,rPSP,SYM_PART_simple,28,149.45767820798883,All_Algorithms_Comparison_Results3.mat
NSGA-II,rPSP,SYM_PART_simple,29,107.76172969311426,All_Algorithms_Comparison_Results3.mat
NSGA-II,rPSP,SYM_PART_simple,30,12.751236706470982,All_Algorithms_Comparison_Results3.mat
NSGA-II,rPSP,SYM_PART_simple,31,257.5870667683775,All_Algorithms_Comparison_Results3.mat
NSGA-II,rPSP,SYM_PART_rotated,1,16.96287621406655,All_Algorithms_Comparison_Results3.mat
NSGA-II,rPSP,SYM_PART_rotated,2,9.270697186921875,All_Algorithms_Comparison_Results3.mat
NSGA-II,rPSP,SYM_PART_rotated,3,7.353343628461248,All_Algorithms_Comparison_Results3.mat
NSGA-II,rPSP,SYM_PART_rotated,4,42.37403566998129,All_Algorithms_Comparison_Results3.mat
NSGA-II,rPSP,SYM_PART_rotated,5,16.203862561904078,All_Algorithms_Comparison_Results3.mat
NSGA-II,rPSP,SYM_PART_rotated,6,11.346428269437334,All_Algorithms_Comparison_Results3.mat
NSGA-II,rPSP,SYM_PART_rotated,7,6.347445472509331,All_Algorithms_Comparison_Results3.mat
NSGA-II,rPSP,SYM_PART_rotated,8,20.06520439848548,All_Algorithms_Comparison_Results3.mat
NSGA-II,rPSP,SYM_PART_rotated,9,39.97343767525509,All_Algorithms_Comparison_Results3.mat
NSGA-II,rPSP,SYM_PART_rotated,10,42.44328080084934,All_Algorithms_Comparison_Results3.mat
NSGA-II,rPSP,SYM_PART_rotated,11,8.745695503094824,All_Algorithms_Comparison_Results3.mat
NSGA-II,rPSP,SYM_PART_rotated,12,19.00871640652569,All_Algorithms_Comparison_Results3.mat
NSGA-II,rPSP,SYM_PART_rotated,13,40.75360230704842,All_Algorithms_Comparison_Results3.mat
NSGA-II,rPSP,SYM_PART_rotated,14,5.569667347479104,All_Algorithms_Comparison_Results3.mat
NSGA-II,rPSP,SYM_PART_rotated,15,3.8718017150486617,All_Algorithms_Comparison_Results3.mat
NSGA-II,rPSP,SYM_PART_rotated,16,12.377248411635067,All_Algorithms_Comparison_Results3.mat
NSGA-II,rPSP,SYM_PART_rotated,17,10.160868018984694,All_Algorithms_Comparison_Results3.mat
NSGA-II,rPSP,SYM_PART_rotated,18,7.969741566320097,All_Algorithms_Comparison_Results3.mat
NSGA-II,rPSP,SYM_PART_rotated,19,11.506206111469615,All_Algorithms_Comparison_Results3.mat
NSGA-II,rPSP,SYM_PART_rotated,20,4.484958952948969,All_Algorithms_Comparison_Results3.mat
NSGA-II,rPSP,SYM_PART_rotated,21,39.89526435580801,All_Algorithms_Comparison_Results3.mat
NSGA-II,rPSP,SYM_PART_rotated,22,12.696853491569502,All_Algorithms_Comparison_Results3.mat
NSGA-II,rPSP,SYM_PART_rotated,23,20.982795871099295,All_Algorithms_Comparison_Results3.mat
NSGA-II,rPSP,SYM_PART_rotated,24,40.09098140015288,All_Algorithms_Comparison_Results3.mat
NSGA-II,rPSP,SYM_PART_rotated,25,213.6060644349477,All_Algorithms_Comparison_Results3.mat
NSGA-II,rPSP,SYM_PART_rotated,26,17.113323807178666,All_Algorithms_Comparison_Results3.mat
NSGA-II,rPSP,SYM_PART_rotated,27,331.5973017674625,All_Algorithms_Comparison_Results3.mat
NSGA-II,rPSP,SYM_PART_rotated,28,41.02722926110767,All_Algorithms_Comparison_Results3.mat
NSGA-II,rPSP,SYM_PART_rotated,29,41.1263264820995,All_Algorithms_Comparison_Results3.mat
NSGA-II,rPSP,SYM_PART_rotated,30,3.608012624381415,All_Algorithms_Comparison_Results3.mat
NSGA-II,rPSP,SYM_PART_rotated,31,10.13797159896709,All_Algorithms_Comparison_Results3.mat
NSGA-II,rPSP,Omni_test,1,2.38160988422198,All_Algorithms_Comparison_Results3.mat
NSGA-II,rPSP,Omni_test,2,2.4142643770183967,All_Algorithms_Comparison_Results3.mat
NSGA-II,rPSP,Omni_test,3,1.9004383442587252,All_Algorithms_Comparison_Results3.mat
NSGA-II,rPSP,Omni_test,4,2.5183860832000127,All_Algorithms_Comparison_Results3.mat
NSGA-II,rPSP,Omni_test,5,3.8890079387284833,All_Algorithms_Comparison_Results3.mat
NSGA-II,rPSP,Omni_test,6,2.4217798985796564,All_Algorithms_Comparison_Results3.mat
NSGA-II,rPSP,Omni_test,7,3.8617625377358507,All_Algorithms_Comparison_Results3.mat
NSGA-II,rPSP,Omni_test,8,2.4545859672108317,All_Algorithms_Comparison_Results3.mat
NSGA-II,rPSP,Omni_test,9,2.613184610909678,All_Algorithms_Comparison_Results3.mat
NSGA-II,rPSP,Omni_test,10,7.710868998193644,All_Algorithms_Comparison_Results3.mat
NSGA-II,rPSP,Omni_test,11,2.4067249776794375,All_Algorithms_Comparison_Results3.mat
NSGA-II,rPSP,Omni_test,12,1.9152585599381458,All_Algorithms_Comparison_Results3.mat
NSGA-II,rPSP,Omni_test,13,1.7567519548543906,All_Algorithms_Comparison_Results3.mat
NSGA-II,rPSP,Omni_test,14,2.168300280421351,All_Algorithms_Comparison_Results3.mat
NSGA-II,rPSP,Omni_test,15,3.432266683429366,All_Algorithms_Comparison_Results3.mat
NSGA-II,rPSP,Omni_test,16,2.5695082364861217,All_Algorithms_Comparison_Results3.mat
NSGA-II,rPSP,Omni_test,17,4.595317027009224,All_Algorithms_Comparison_Results3.mat
NSGA-II,rPSP,Omni_test,18,2.8472598960524502,All_Algorithms_Comparison_Results3.mat
NSGA-II,rPSP,Omni_test,19,2.985762942469801,All_Algorithms_Comparison_Results3.mat
NSGA-II,rPSP,Omni_test,20,2.7668640037290815,All_Algorithms_Comparison_Results3.mat
NSGA-II,rPSP,Omni_test,21,1.6574123877589326,All_Algorithms_Comparison_Results3.mat
NSGA-II,rPSP,Omni_test,22,3.350919684307308,All_Algorithms_Comparison_Results3.mat
NSGA-II,rPSP,Omni_test,23,3.661008342998692,All_Algorithms_Comparison_Results3.mat
NSGA-II,rPSP,Omni_test,24,2.778990844166479,All_Algorithms_Comparison_Results3.mat
NSGA-II,rPSP,Omni_test,25,2.7682227040299083,All_Algorithms_Comparison_Results3.mat
NSGA-II,rPSP,Omni_test,26,3.7638859221137624,All_Algorithms_Comparison_Results3.mat
NSGA-II,rPSP,Omni_test,27,2.2723978767318624,All_Algorithms_Comparison_Results3.mat
NSGA-II,rPSP,Omni_test,28,1.7537887913237624,All_Algorithms_Comparison_Results3.mat
NSGA-II,rPSP,Omni_test,29,1.5786257153115475,All_Algorithms_Comparison_Results3.mat
NSGA-II,rPSP,Omni_test,30,2.8446690651013795,All_Algorithms_Comparison_Results3.mat
NSGA-II,rPSP,Omni_test,31,2.744788419074874,All_Algorithms_Comparison_Results3.mat
NSGA-II,rHV,MMF1,1,1.1456324329016532,All_Algorithms_Comparison_Results3.mat
NSGA-II,rHV,MMF1,2,1.1461122368907781,All_Algorithms_Comparison_Results3.mat
NSGA-II,rHV,MMF1,3,1.1457514259714259,All_Algorithms_Comparison_Results3.mat
NSGA-II,rHV,MMF1,4,1.1463328412557288,All_Algorithms_Comparison_Results3.mat
NSGA-II,rHV,MMF1,5,1.1468919314393096,All_Algorithms_Comparison_Results3.mat
NSGA-II,rHV,MMF1,6,1.1456739933154274,All_Algorithms_Comparison_Results3.mat
NSGA-II,rHV,MMF1,7,1.1467499807847599,All_Algorithms_Comparison_Results3.mat
NSGA-II,rHV,MMF1,8,1.1468091377686713,All_Algorithms_Comparison_Results3.mat
NSGA-II,rHV,MMF1,9,1.1464645747520164,All_Algorithms_Comparison_Results3.mat
NSGA-II,rHV,MMF1,10,1.145999634278918,All_Algorithms_Comparison_Results3.mat
NSGA-II,rHV,MMF1,11,1.146136212295429,All_Algorithms_Comparison_Results3.mat
NSGA-II,rHV,MMF1,12,1.146585794286228,All_Algorithms_Comparison_Results3.mat
NSGA-II,rHV,MMF1,13,1.146743310619578,All_Algorithms_Comparison_Results3.mat
NSGA-II,rHV,MMF1,14,1.1472709731546848,All_Algorithms_Comparison_Results3.mat
NSGA-II,rHV,MMF1,15,1.146254761886677,All_Algorithms_Comparison_Results3.mat
NSGA-II,rHV,MMF1,16,1.1459823752170482,All_Algorithms_Comparison_Results3.mat
NSGA-II,rHV,MMF1,17,1.145978372195524,All_Algorithms_Comparison_Results3.mat
NSGA-II,rHV,MMF1,18,1.1461878297974686,All_Algorithms_Comparison_Results3.mat
NSGA-II,rHV,MMF1,19,1.1462360840515684,All_Algorithms_Comparison_Results3.mat
NSGA-II,rHV,MMF1,20,1.1461984332297406,All_Algorithms_Comparison_Results3.mat
NSGA-II,rHV,MMF1,21,1.1486636995261903,All_Algorithms_Comparison_Results3.mat
NSGA-II,rHV,MMF1,22,1.1457603554757176,All_Algorithms_Comparison_Results3.mat
NSGA-II,rHV,MMF1,23,1.1477133517465394,All_Algorithms_Comparison_Results3.mat
NSGA-II,rHV,MMF1,24,1.1457699798398098,All_Algorithms_Comparison_Results3.mat
NSGA-II,rHV,MMF1,25,1.1462656375941538,All_Algorithms_Comparison_Results3.mat
NSGA-II,rHV,MMF1,26,1.1459987011172197,All_Algorithms_Comparison_Results3.mat
NSGA-II,rHV,MMF1,27,1.1463469460849502,All_Algorithms_Comparison_Results3.mat
NSGA-II,rHV,MMF1,28,1.1467871947489707,All_Algorithms_Comparison_Results3.mat
NSGA-II,rHV,MMF1,29,1.1457110309580403,All_Algorithms_Comparison_Results3.mat
NSGA-II,rHV,MMF1,30,1.1465097310047168,All_Algorithms_Comparison_Results3.mat
NSGA-II,rHV,MMF1,31,1.1458685720924084,All_Algorithms_Comparison_Results3.mat
NSGA-II,rHV,MMF2,1,1.1468350935883502,All_Algorithms_Comparison_Results3.mat
NSGA-II,rHV,MMF2,2,1.148775111155521,All_Algorithms_Comparison_Results3.mat
NSGA-II,rHV,MMF2,3,1.1482935496688216,All_Algorithms_Comparison_Results3.mat
NSGA-II,rHV,MMF2,4,1.1454506430501534,All_Algorithms_Comparison_Results3.mat
NSGA-II,rHV,MMF2,5,1.17263444676299,All_Algorithms_Comparison_Results3.mat
NSGA-II,rHV,MMF2,6,1.1465463407309622,All_Algorithms_Comparison_Results3.mat
NSGA-II,rHV,MMF2,7,1.1463826089391391,All_Algorithms_Comparison_Results3.mat
NSGA-II,rHV,MMF2,8,1.1698552492465601,All_Algorithms_Comparison_Results3.mat
NSGA-II,rHV,MMF2,9,1.150955983944612,All_Algorithms_Comparison_Results3.mat
NSGA-II,rHV,MMF2,10,1.1529839416992231,All_Algorithms_Comparison_Results3.mat
NSGA-II,rHV,MMF2,11,1.1505250077842428,All_Algorithms_Comparison_Results3.mat
NSGA-II,rHV,MMF2,12,1.1470936108871845,All_Algorithms_Comparison_Results3.mat
NSGA-II,rHV,MMF2,13,1.148870349744472,All_Algorithms_Comparison_Results3.mat
NSGA-II,rHV,MMF2,14,1.1620213164393383,All_Algorithms_Comparison_Results3.mat
NSGA-II,rHV,MMF2,15,1.1458863424687453,All_Algorithms_Comparison_Results3.mat
NSGA-II,rHV,MMF2,16,1.1472510880679458,All_Algorithms_Comparison_Results3.mat
NSGA-II,rHV,MMF2,17,1.1455310443432003,All_Algorithms_Comparison_Results3.mat
NSGA-II,rHV,MMF2,18,1.147272373816875,All_Algorithms_Comparison_Results3.mat
NSGA-II,rHV,MMF2,19,1.161225914373913,All_Algorithms_Comparison_Results3.mat
NSGA-II,rHV,MMF2,20,1.153472951311045,All_Algorithms_Comparison_Results3.mat
NSGA-II,rHV,MMF2,21,1.1763076828886714,All_Algorithms_Comparison_Results3.mat
NSGA-II,rHV,MMF2,22,1.1469024157051082,All_Algorithms_Comparison_Results3.mat
NSGA-II,rHV,MMF2,23,1.1461528218948511,All_Algorithms_Comparison_Results3.mat
NSGA-II,rHV,MMF2,24,1.1464088307000866,All_Algorithms_Comparison_Results3.mat
NSGA-II,rHV,MMF2,25,1.1775822486015266,All_Algorithms_Comparison_Results3.mat
NSGA-II,rHV,MMF2,26,1.153185275367069,All_Algorithms_Comparison_Results3.mat
NSGA-II,rHV,MMF2,27,1.177663508112688,All_Algorithms_Comparison_Results3.mat
NSGA-II,rHV,MMF2,28,1.1461673026856198,All_Algorithms_Comparison_Results3.mat
NSGA-II,rHV,MMF2,29,1.1667872743727334,All_Algorithms_Comparison_Results3.mat
NSGA-II,rHV,MMF2,30,1.1583484499012113,All_Algorithms_Comparison_Results3.mat
NSGA-II,rHV,MMF2,31,1.1469682129102972,All_Algorithms_Comparison_Results3.mat
NSGA-II,rHV,MMF3,1,1.1464925321044293,All_Algorithms_Comparison_Results3.mat
NSGA-II,rHV,MMF3,2,1.207094704115767,All_Algorithms_Comparison_Results3.mat
NSGA-II,rHV,MMF3,3,1.155312348654738,All_Algorithms_Comparison_Results3.mat
NSGA-II,rHV,MMF3,4,1.1609113172618244,All_Algorithms_Comparison_Results3.mat
NSGA-II,rHV,MMF3,5,1.1482861487829943,All_Algorithms_Comparison_Results3.mat
NSGA-II,rHV,MMF3,6,1.207851779590018,All_Algorithms_Comparison_Results3.mat
NSGA-II,rHV,MMF3,7,1.1477642132681023,All_Algorithms_Comparison_Results3.mat
NSGA-II,rHV,MMF3,8,1.1524160572237183,All_Algorithms_Comparison_Results3.mat
NSGA-II,rHV,MMF3,9,1.1460028292870486,All_Algorithms_Comparison_Results3.mat
NSGA-II,rHV,MMF3,10,1.1528458808775077,All_Algorithms_Comparison_Results3.mat
NSGA-II,rHV,MMF3,11,1.1459609783118765,All_Algorithms_Comparison_Results3.mat
NSGA-II,rHV,MMF3,12,1.1549082894856766,All_Algorithms_Comparison_Results3.mat
NSGA-II,rHV,MMF3,13,1.1463660733296424,All_Algorithms_Comparison_Results3.mat
NSGA-II,rHV,MMF3,14,1.1638720365995183,All_Algorithms_Comparison_Results3.mat
NSGA-II,rHV,MMF3,15,1.147361591140421,All_Algorithms_Comparison_Results3.mat
NSGA-II,rHV,MMF3,16,1.1462234520223158,All_Algorithms_Comparison_Results3.mat
NSGA-II,rHV,MMF3,17,1.1533455379923339,All_Algorithms_Comparison_Results3.mat
NSGA-II,rHV,MMF3,18,1.1463943104507854,All_Algorithms_Comparison_Results3.mat
NSGA-II,rHV,MMF3,19,1.1590028504734249,All_Algorithms_Comparison_Results3.mat
NSGA-II,rHV,MMF3,20,1.1683177160535003,All_Algorithms_Comparison_Results3.mat
NSGA-II,rHV,MMF3,21,1.1458864419940662,All_Algorithms_Comparison_Results3.mat
NSGA-II,rHV,MMF3,22,1.1533211611344554,All_Algorithms_Comparison_Results3.mat
NSGA-II,rHV,MMF3,23,1.1520513165285655,All_Algorithms_Comparison_Results3.mat
NSGA-II,rHV,MMF3,24,1.150503684143947,All_Algorithms_Comparison_Results3.mat
NSGA-II,rHV,MMF3,25,1.162917754061597,All_Algorithms_Comparison_Results3.mat
NSGA-II,rHV,MMF3,26,1.1460560049258097,All_Algorithms_Comparison_Results3.mat
NSGA-II,rHV,MMF3,27,1.1482297550272103,All_Algorithms_Comparison_Results3.mat
NSGA-II,rHV,MMF3,28,1.1465971798011503,All_Algorithms_Comparison_Results3.mat
NSGA-II,rHV,MMF3,29,1.148754051023594,All_Algorithms_Comparison_Results3.mat
NSGA-II,rHV,MMF3,30,1.1592571821678106,All_Algorithms_Comparison_Results3.mat
NSGA-II,rHV,MMF3,31,1.1763847958419145,All_Algorithms_Comparison_Results3.mat
NSGA-II,rHV,MMF4,1,1.852871144515089,All_Algorithms_Comparison_Results3.mat
NSGA-II,rHV,MMF4,2,1.853272962549132,All_Algorithms_Comparison_Results3.mat
NSGA-II,rHV,MMF4,3,1.8526077981105264,All_Algorithms_Comparison_Results3.mat
NSGA-II,rHV,MMF4,4,1.852585987002516,All_Algorithms_Comparison_Results3.mat
NSGA-II,rHV,MMF4,5,1.8524160331718886,All_Algorithms_Comparison_Results3.mat
NSGA-II,rHV,MMF4,6,1.8528951155000046,All_Algorithms_Comparison_Results3.mat
NSGA-II,rHV,MMF4,7,1.8526231758505036,All_Algorithms_Comparison_Results3.mat
NSGA-II,rHV,MMF4,8,1.852672614539732,All_Algorithms_Comparison_Results3.mat
NSGA-II,rHV,MMF4,9,1.8526143020696244,All_Algorithms_Comparison_Results3.mat
NSGA-II,rHV,MMF4,10,1.8535121072090384,All_Algorithms_Comparison_Results3.mat
NSGA-II,rHV,MMF4,11,1.852821958303462,All_Algorithms_Comparison_Results3.mat
NSGA-II,rHV,MMF4,12,1.8535394807892025,All_Algorithms_Comparison_Results3.mat
NSGA-II,rHV,MMF4,13,1.853734099058746,All_Algorithms_Comparison_Results3.mat
NSGA-II,rHV,MMF4,14,1.853573414758597,All_Algorithms_Comparison_Results3.mat
NSGA-II,rHV,MMF4,15,1.8526985209486813,All_Algorithms_Comparison_Results3.mat
NSGA-II,rHV,MMF4,16,1.8530995578561507,All_Algorithms_Comparison_Results3.mat
NSGA-II,rHV,MMF4,17,1.853607832863389,All_Algorithms_Comparison_Results3.mat
NSGA-II,rHV,MMF4,18,1.853517392080894,All_Algorithms_Comparison_Results3.mat
NSGA-II,rHV,MMF4,19,1.852623785487062,All_Algorithms_Comparison_Results3.mat
NSGA-II,rHV,MMF4,20,1.8536549439256422,All_Algorithms_Comparison_Results3.mat
NSGA-II,rHV,MMF4,21,1.8529925361924005,All_Algorithms_Comparison_Results3.mat
NSGA-II,rHV,MMF4,22,1.8531737896939364,All_Algorithms_Comparison_Results3.mat
NSGA-II,rHV,MMF4,23,1.8530648662589888,All_Algorithms_Comparison_Results3.mat
NSGA-II,rHV,MMF4,24,1.8525551328737528,All_Algorithms_Comparison_Results3.mat
NSGA-II,rHV,MMF4,25,1.8541104662485257,All_Algorithms_Comparison_Results3.mat
NSGA-II,rHV,MMF4,26,1.852495317095757,All_Algorithms_Comparison_Results3.mat
NSGA-II,rHV,MMF4,27,1.8530378452602991,All_Algorithms_Comparison_Results3.mat
NSGA-II,rHV,MMF4,28,1.8522983562821778,All_Algorithms_Comparison_Results3.mat
NSGA-II,rHV,MMF4,29,1.8540483036663449,All_Algorithms_Comparison_Results3.mat
NSGA-II,rHV,MMF4,30,1.8525227069710537,All_Algorithms_Comparison_Results3.mat
NSGA-II,rHV,MMF4,31,1.8532550088384874,All_Algorithms_Comparison_Results3.mat
NSGA-II,rHV,MMF5,1,1.145581084829883,All_Algorithms_Comparison_Results3.mat
NSGA-II,rHV,MMF5,2,1.1470092495601643,All_Algorithms_Comparison_Results3.mat
NSGA-II,rHV,MMF5,3,1.1454378345518172,All_Algorithms_Comparison_Results3.mat
NSGA-II,rHV,MMF5,4,1.146076587750783,All_Algorithms_Comparison_Results3.mat
NSGA-II,rHV,MMF5,5,1.1457905005161932,All_Algorithms_Comparison_Results3.mat
NSGA-II,rHV,MMF5,6,1.146027018380381,All_Algorithms_Comparison_Results3.mat
NSGA-II,rHV,MMF5,7,1.145730826962455,All_Algorithms_Comparison_Results3.mat
NSGA-II,rHV,MMF5,8,1.1473682538714285,All_Algorithms_Comparison_Results3.mat
NSGA-II,rHV,MMF5,9,1.1454230002739783,All_Algorithms_Comparison_Results3.mat
NSGA-II,rHV,MMF5,10,1.1456244692104922,All_Algorithms_Comparison_Results3.mat
NSGA-II,rHV,MMF5,11,1.1453435763359452,All_Algorithms_Comparison_Results3.mat
NSGA-II,rHV,MMF5,12,1.1456108932935476,All_Algorithms_Comparison_Results3.mat
NSGA-II,rHV,MMF5,13,1.1456009309823791,All_Algorithms_Comparison_Results3.mat
NSGA-II,rHV,MMF5,14,1.1455662853847615,All_Algorithms_Comparison_Results3.mat
NSGA-II,rHV,MMF5,15,1.1455315908844164,All_Algorithms_Comparison_Results3.mat
NSGA-II,rHV,MMF5,16,1.1456825599597806,All_Algorithms_Comparison_Results3.mat
NSGA-II,rHV,MMF5,17,1.1474419880696634,All_Algorithms_Comparison_Results3.mat
NSGA-II,rHV,MMF5,18,1.1459640618389524,All_Algorithms_Comparison_Results3.mat
NSGA-II,rHV,MMF5,19,1.1474041514794062,All_Algorithms_Comparison_Results3.mat
NSGA-II,rHV,MMF5,20,1.1456751835513113,All_Algorithms_Comparison_Results3.mat
NSGA-II,rHV,MMF5,21,1.1456408703991852,All_Algorithms_Comparison_Results3.mat
NSGA-II,rHV,MMF5,22,1.145899676784348,All_Algorithms_Comparison_Results3.mat
NSGA-II,rHV,MMF5,23,1.1455827085935735,All_Algorithms_Comparison_Results3.mat
NSGA-II,rHV,MMF5,24,1.145503429467107,All_Algorithms_Comparison_Results3.mat
NSGA-II,rHV,MMF5,25,1.1454352854760141,All_Algorithms_Comparison_Results3.mat
NSGA-II,rHV,MMF5,26,1.1456075096425344,All_Algorithms_Comparison_Results3.mat
NSGA-II,rHV,MMF5,27,1.1456942503851935,All_Algorithms_Comparison_Results3.mat
NSGA-II,rHV,MMF5,28,1.1456631688804513,All_Algorithms_Comparison_Results3.mat
NSGA-II,rHV,MMF5,29,1.146994255111261,All_Algorithms_Comparison_Results3.mat
NSGA-II,rHV,MMF5,30,1.1458261226465944,All_Algorithms_Comparison_Results3.mat
NSGA-II,rHV,MMF5,31,1.147694647464494,All_Algorithms_Comparison_Results3.mat
NSGA-II,rHV,MMF6,1,1.1456491561888253,All_Algorithms_Comparison_Results3.mat
NSGA-II,rHV,MMF6,2,1.147309164083176,All_Algorithms_Comparison_Results3.mat
NSGA-II,rHV,MMF6,3,1.1464444816866721,All_Algorithms_Comparison_Results3.mat
NSGA-II,rHV,MMF6,4,1.1458145825216097,All_Algorithms_Comparison_Results3.mat
NSGA-II,rHV,MMF6,5,1.1457990774181361,All_Algorithms_Comparison_Results3.mat
NSGA-II,rHV,MMF6,6,1.145853478236973,All_Algorithms_Comparison_Results3.mat
NSGA-II,rHV,MMF6,7,1.1463625285145125,All_Algorithms_Comparison_Results3.mat
NSGA-II,rHV,MMF6,8,1.1474134452758937,All_Algorithms_Comparison_Results3.mat
NSGA-II,rHV,MMF6,9,1.1458421552238778,All_Algorithms_Comparison_Results3.mat
NSGA-II,rHV,MMF6,10,1.1455834432853644,All_Algorithms_Comparison_Results3.mat
NSGA-II,rHV,MMF6,11,1.1476460017219168,All_Algorithms_Comparison_Results3.mat
NSGA-II,rHV,MMF6,12,1.145820600240092,All_Algorithms_Comparison_Results3.mat
NSGA-II,rHV,MMF6,13,1.1457988015867129,All_Algorithms_Comparison_Results3.mat
NSGA-II,rHV,MMF6,14,1.146358503892824,All_Algorithms_Comparison_Results3.mat
NSGA-II,rHV,MMF6,15,1.1458293724736508,All_Algorithms_Comparison_Results3.mat
NSGA-II,rHV,MMF6,16,1.1460340340008004,All_Algorithms_Comparison_Results3.mat
NSGA-II,rHV,MMF6,17,1.1457479928851781,All_Algorithms_Comparison_Results3.mat
NSGA-II,rHV,MMF6,18,1.145663413304417,All_Algorithms_Comparison_Results3.mat
NSGA-II,rHV,MMF6,19,1.1458764989740253,All_Algorithms_Comparison_Results3.mat
NSGA-II,rHV,MMF6,20,1.145797779971052,All_Algorithms_Comparison_Results3.mat
NSGA-II,rHV,MMF6,21,1.1460647990448705,All_Algorithms_Comparison_Results3.mat
NSGA-II,rHV,MMF6,22,1.1460524899246487,All_Algorithms_Comparison_Results3.mat
NSGA-II,rHV,MMF6,23,1.1458276883172243,All_Algorithms_Comparison_Results3.mat
NSGA-II,rHV,MMF6,24,1.1455151803825367,All_Algorithms_Comparison_Results3.mat
NSGA-II,rHV,MMF6,25,1.1455491151009622,All_Algorithms_Comparison_Results3.mat
NSGA-II,rHV,MMF6,26,1.145501902677039,All_Algorithms_Comparison_Results3.mat
NSGA-II,rHV,MMF6,27,1.1458559775702384,All_Algorithms_Comparison_Results3.mat
NSGA-II,rHV,MMF6,28,1.1473897386048086,All_Algorithms_Comparison_Results3.mat
NSGA-II,rHV,MMF6,29,1.1456141782894702,All_Algorithms_Comparison_Results3.mat
NSGA-II,rHV,MMF6,30,1.145932206237248,All_Algorithms_Comparison_Results3.mat
NSGA-II,rHV,MMF6,31,1.145634718258953,All_Algorithms_Comparison_Results3.mat
NSGA-II,rHV,MMF7,1,1.1454825695227429,All_Algorithms_Comparison_Results3.mat
NSGA-II,rHV,MMF7,2,1.1460798200752904,All_Algorithms_Comparison_Results3.mat
NSGA-II,rHV,MMF7,3,1.1454993715602508,All_Algorithms_Comparison_Results3.mat
NSGA-II,rHV,MMF7,4,1.1457463403484847,All_Algorithms_Comparison_Results3.mat
NSGA-II,rHV,MMF7,5,1.146196440559657,All_Algorithms_Comparison_Results3.mat
NSGA-II,rHV,MMF7,6,1.1453670009472252,All_Algorithms_Comparison_Results3.mat
NSGA-II,rHV,MMF7,7,1.1456714184679653,All_Algorithms_Comparison_Results3.mat
NSGA-II,rHV,MMF7,8,1.1462038202422618,All_Algorithms_Comparison_Results3.mat
NSGA-II,rHV,MMF7,9,1.1458577830269696,All_Algorithms_Comparison_Results3.mat
NSGA-II,rHV,MMF7,10,1.1458356952128401,All_Algorithms_Comparison_Results3.mat
NSGA-II,rHV,MMF7,11,1.1456813761454443,All_Algorithms_Comparison_Results3.mat
NSGA-II,rHV,MMF7,12,1.1455190525172425,All_Algorithms_Comparison_Results3.mat
NSGA-II,rHV,MMF7,13,1.1456150801652611,All_Algorithms_Comparison_Results3.mat
NSGA-II,rHV,MMF7,14,1.1457718456897164,All_Algorithms_Comparison_Results3.mat
NSGA-II,rHV,MMF7,15,1.1454963034006143,All_Algorithms_Comparison_Results3.mat
NSGA-II,rHV,MMF7,16,1.1457112293325857,All_Algorithms_Comparison_Results3.mat
NSGA-II,rHV,MMF7,17,1.1459243820576321,All_Algorithms_Comparison_Results3.mat
NSGA-II,rHV,MMF7,18,1.1456875754732296,All_Algorithms_Comparison_Results3.mat
NSGA-II,rHV,MMF7,19,1.1456552176391852,All_Algorithms_Comparison_Results3.mat
NSGA-II,rHV,MMF7,20,1.146159641879663,All_Algorithms_Comparison_Results3.mat
NSGA-II,rHV,MMF7,21,1.1457478850187839,All_Algorithms_Comparison_Results3.mat
NSGA-II,rHV,MMF7,22,1.145492574471633,All_Algorithms_Comparison_Results3.mat
NSGA-II,rHV,MMF7,23,1.1455622828000376,All_Algorithms_Comparison_Results3.mat
NSGA-II,rHV,MMF7,24,1.1454140548632428,All_Algorithms_Comparison_Results3.mat
NSGA-II,rHV,MMF7,25,1.1463798247489232,All_Algorithms_Comparison_Results3.mat
NSGA-II,rHV,MMF7,26,1.145423871158323,All_Algorithms_Comparison_Results3.mat
NSGA-II,rHV,MMF7,27,1.1456501010936329,All_Algorithms_Comparison_Results3.mat
NSGA-II,rHV,MMF7,28,1.1457291469366147,All_Algorithms_Comparison_Results3.mat
NSGA-II,rHV,MMF7,29,1.14590169571129,All_Algorithms_Comparison_Results3.mat
NSGA-II,rHV,MMF7,30,1.1458569472390068,All_Algorithms_Comparison_Results3.mat
NSGA-II,rHV,MMF7,31,1.1458308345468666,All_Algorithms_Comparison_Results3.mat
NSGA-II,rHV,MMF8,1,2.3708816493376,All_Algorithms_Comparison_Results3.mat
NSGA-II,rHV,MMF8,2,2.371517610298394,All_Algorithms_Comparison_Results3.mat
NSGA-II,rHV,MMF8,3,2.3712200982291467,All_Algorithms_Comparison_Results3.mat
NSGA-II,rHV,MMF8,4,2.371501997427989,All_Algorithms_Comparison_Results3.mat
NSGA-II,rHV,MMF8,5,2.3714878479744295,All_Algorithms_Comparison_Results3.mat
NSGA-II,rHV,MMF8,6,2.371563298534973,All_Algorithms_Comparison_Results3.mat
NSGA-II,rHV,MMF8,7,2.3707819504516428,All_Algorithms_Comparison_Results3.mat
NSGA-II,rHV,MMF8,8,2.3706743397858445,All_Algorithms_Comparison_Results3.mat
NSGA-II,rHV,MMF8,9,2.37105955449926,All_Algorithms_Comparison_Results3.mat
NSGA-II,rHV,MMF8,10,2.3717624490000833,All_Algorithms_Comparison_Results3.mat
NSGA-II,rHV,MMF8,11,2.370525481573029,All_Algorithms_Comparison_Results3.mat
NSGA-II,rHV,MMF8,12,2.3723454306793603,All_Algorithms_Comparison_Results3.mat
NSGA-II,rHV,MMF8,13,2.371379534784661,All_Algorithms_Comparison_Results3.mat
NSGA-II,rHV,MMF8,14,2.3703763081821356,All_Algorithms_Comparison_Results3.mat
NSGA-II,rHV,MMF8,15,2.37053125456449,All_Algorithms_Comparison_Results3.mat
NSGA-II,rHV,MMF8,16,2.3713897892533726,All_Algorithms_Comparison_Results3.mat
NSGA-II,rHV,MMF8,17,2.372317109281906,All_Algorithms_Comparison_Results3.mat
NSGA-II,rHV,MMF8,18,2.372496541881858,All_Algorithms_Comparison_Results3.mat
NSGA-II,rHV,MMF8,19,2.3726981986289974,All_Algorithms_Comparison_Results3.mat
NSGA-II,rHV,MMF8,20,2.371465629148637,All_Algorithms_Comparison_Results3.mat
NSGA-II,rHV,MMF8,21,2.371666151122093,All_Algorithms_Comparison_Results3.mat
NSGA-II,rHV,MMF8,22,2.3712692293653808,All_Algorithms_Comparison_Results3.mat
NSGA-II,rHV,MMF8,23,2.3716125654198046,All_Algorithms_Comparison_Results3.mat
NSGA-II,rHV,MMF8,24,2.3703521371211194,All_Algorithms_Comparison_Results3.mat
NSGA-II,rHV,MMF8,25,2.3708445569106478,All_Algorithms_Comparison_Results3.mat
NSGA-II,rHV,MMF8,26,2.3709131137663753,All_Algorithms_Comparison_Results3.mat
NSGA-II,rHV,MMF8,27,2.3714191283904063,All_Algorithms_Comparison_Results3.mat
NSGA-II,rHV,MMF8,28,2.371135594601503,All_Algorithms_Comparison_Results3.mat
NSGA-II,rHV,MMF8,29,2.3709470532913355,All_Algorithms_Comparison_Results3.mat
NSGA-II,rHV,MMF8,30,2.3717373026682846,All_Algorithms_Comparison_Results3.mat
NSGA-II,rHV,MMF8,31,2.371161736271967,All_Algorithms_Comparison_Results3.mat
NSGA-II,rHV,MMF9,1,0.10319561318598679,All_Algorithms_Comparison_Results3.mat
NSGA-II,rHV,MMF9,2,0.1031906866485082,All_Algorithms_Comparison_Results3.mat
NSGA-II,rHV,MMF9,3,0.10318525278802912,All_Algorithms_Comparison_Results3.mat
NSGA-II,rHV,MMF9,4,0.10318250784983819,All_Algorithms_Comparison_Results3.mat
NSGA-II,rHV,MMF9,5,0.10320070319924059,All_Algorithms_Comparison_Results3.mat
NSGA-II,rHV,MMF9,6,0.10321282856348367,All_Algorithms_Comparison_Results3.mat
NSGA-II,rHV,MMF9,7,0.10319931370753604,All_Algorithms_Comparison_Results3.mat
NSGA-II,rHV,MMF9,8,0.10318056170318879,All_Algorithms_Comparison_Results3.mat
NSGA-II,rHV,MMF9,9,0.10318843265147323,All_Algorithms_Comparison_Results3.mat
NSGA-II,rHV,MMF9,10,0.10319514391091904,All_Algorithms_Comparison_Results3.mat
NSGA-II,rHV,MMF9,11,0.10319712508827908,All_Algorithms_Comparison_Results3.mat
NSGA-II,rHV,MMF9,12,0.10318720251975018,All_Algorithms_Comparison_Results3.mat
NSGA-II,rHV,MMF9,13,0.10320441865441135,All_Algorithms_Comparison_Results3.mat
NSGA-II,rHV,MMF9,14,0.10318444642136786,All_Algorithms_Comparison_Results3.mat
NSGA-II,rHV,MMF9,15,0.10320114585617915,All_Algorithms_Comparison_Results3.mat
NSGA-II,rHV,MMF9,16,0.10318408876250838,All_Algorithms_Comparison_Results3.mat
NSGA-II,rHV,MMF9,17,0.10318806548999894,All_Algorithms_Comparison_Results3.mat
NSGA-II,rHV,MMF9,18,0.10321955634109595,All_Algorithms_Comparison_Results3.mat
NSGA-II,rHV,MMF9,19,0.10321077471393068,All_Algorithms_Comparison_Results3.mat
NSGA-II,rHV,MMF9,20,0.10318847656902812,All_Algorithms_Comparison_Results3.mat
NSGA-II,rHV,MMF9,21,0.10319553347511404,All_Algorithms_Comparison_Results3.mat
NSGA-II,rHV,MMF9,22,0.10322779282399437,All_Algorithms_Comparison_Results3.mat
NSGA-II,rHV,MMF9,23,0.10319675419285267,All_Algorithms_Comparison_Results3.mat
NSGA-II,rHV,MMF9,24,0.10318695515913696,All_Algorithms_Comparison_Results3.mat
NSGA-II,rHV,MMF9,25,0.10320425960293354,All_Algorithms_Comparison_Results3.mat
NSGA-II,rHV,MMF9,26,0.10321582731940257,All_Algorithms_Comparison_Results3.mat
NSGA-II,rHV,MMF9,27,0.10319259207120865,All_Algorithms_Comparison_Results3.mat
NSGA-II,rHV,MMF9,28,0.10320834022713919,All_Algorithms_Comparison_Results3.mat
NSGA-II,rHV,MMF9,29,0.1031947004570804,All_Algorithms_Comparison_Results3.mat
NSGA-II,rHV,MMF9,30,0.10318497871925264,All_Algorithms_Comparison_Results3.mat
NSGA-II,rHV,MMF9,31,0.10320646209329079,All_Algorithms_Comparison_Results3.mat
NSGA-II,rHV,MMF10,1,0.0776749682391236,All_Algorithms_Comparison_Results3.mat
NSGA-II,rHV,MMF10,2,0.07776650386250068,All_Algorithms_Comparison_Results3.mat
NSGA-II,rHV,MMF10,3,0.0776671351000926,All_Algorithms_Comparison_Results3.mat
NSGA-II,rHV,MMF10,4,0.08599100715724926,All_Algorithms_Comparison_Results3.mat
NSGA-II,rHV,MMF10,5,0.07767469967763872,All_Algorithms_Comparison_Results3.mat
NSGA-II,rHV,MMF10,6,0.07848422175357875,All_Algorithms_Comparison_Results3.mat
NSGA-II,rHV,MMF10,7,0.08599327836084823,All_Algorithms_Comparison_Results3.mat
NSGA-II,rHV,MMF10,8,0.07769247607485542,All_Algorithms_Comparison_Results3.mat
NSGA-II,rHV,MMF10,9,0.0828179156778512,All_Algorithms_Comparison_Results3.mat
NSGA-II,rHV,MMF10,10,0.07767454039348519,All_Algorithms_Comparison_Results3.mat
NSGA-II,rHV,MMF10,11,0.07768511576744953,All_Algorithms_Comparison_Results3.mat
NSGA-II,rHV,MMF10,12,0.08599293856035956,All_Algorithms_Comparison_Results3.mat
NSGA-II,rHV,MMF10,13,0.08600598030551668,All_Algorithms_Comparison_Results3.mat
NSGA-II,rHV,MMF10,14,0.08336946903104586,All_Algorithms_Comparison_Results3.mat
NSGA-II,rHV,MMF10,15,0.08319683106431493,All_Algorithms_Comparison_Results3.mat
NSGA-II,rHV,MMF10,16,0.0776902941913256,All_Algorithms_Comparison_Results3.mat
NSGA-II,rHV,MMF10,17,0.07768321550321317,All_Algorithms_Comparison_Results3.mat
NSGA-II,rHV,MMF10,18,0.0777385617929114,All_Algorithms_Comparison_Results3.mat
NSGA-II,rHV,MMF10,19,0.07767901806687566,All_Algorithms_Comparison_Results3.mat
NSGA-II,rHV,MMF10,20,0.0776711755107861,All_Algorithms_Comparison_Results3.mat
NSGA-II,rHV,MMF10,21,0.07767690352723616,All_Algorithms_Comparison_Results3.mat
NSGA-II,rHV,MMF10,22,0.07768497636075154,All_Algorithms_Comparison_Results3.mat
NSGA-II,rHV,MMF10,23,0.0776826062643771,All_Algorithms_Comparison_Results3.mat
NSGA-II,rHV,MMF10,24,0.08432551046734062,All_Algorithms_Comparison_Results3.mat
NSGA-II,rHV,MMF10,25,0.08599579871313226,All_Algorithms_Comparison_Results3.mat
NSGA-II,rHV,MMF10,26,0.0798089590997431,All_Algorithms_Comparison_Results3.mat
NSGA-II,rHV,MMF10,27,0.07949724334772344,All_Algorithms_Comparison_Results3.mat
NSGA-II,rHV,MMF10,28,0.0859863684307171,All_Algorithms_Comparison_Results3.mat
NSGA-II,rHV,MMF10,29,0.08073775557090723,All_Algorithms_Comparison_Results3.mat
NSGA-II,rHV,MMF10,30,0.0777039195289483,All_Algorithms_Comparison_Results3.mat
NSGA-II,rHV,MMF10,31,0.07768223997140164,All_Algorithms_Comparison_Results3.mat
NSGA-II,rHV,MMF11,1,0.06886531787330703,All_Algorithms_Comparison_Results3.mat
NSGA-II,rHV,MMF11,2,0.06886042740992578,All_Algorithms_Comparison_Results3.mat
NSGA-II,rHV,MMF11,3,0.06885988603611573,All_Algorithms_Comparison_Results3.mat
NSGA-II,rHV,MMF11,4,0.0688510631988487,All_Algorithms_Comparison_Results3.mat
NSGA-II,rHV,MMF11,5,0.0688553225343588,All_Algorithms_Comparison_Results3.mat
NSGA-II,rHV,MMF11,6,0.06886019334306191,All_Algorithms_Comparison_Results3.mat
NSGA-II,rHV,MMF11,7,0.06886167771804756,All_Algorithms_Comparison_Results3.mat
NSGA-II,rHV,MMF11,8,0.06885680880565641,All_Algorithms_Comparison_Results3.mat
NSGA-II,rHV,MMF11,9,0.06885869339139994,All_Algorithms_Comparison_Results3.mat
NSGA-II,rHV,MMF11,10,0.06885641165019653,All_Algorithms_Comparison_Results3.mat
NSGA-II,rHV,MMF11,11,0.06885566771519235,All_Algorithms_Comparison_Results3.mat
NSGA-II,rHV,MMF11,12,0.06886222044649365,All_Algorithms_Comparison_Results3.mat
NSGA-II,rHV,MMF11,13,0.06885399406742992,All_Algorithms_Comparison_Results3.mat
NSGA-II,rHV,MMF11,14,0.06886995243543277,All_Algorithms_Comparison_Results3.mat
NSGA-II,rHV,MMF11,15,0.06885888371226684,All_Algorithms_Comparison_Results3.mat
NSGA-II,rHV,MMF11,16,0.06887100417282463,All_Algorithms_Comparison_Results3.mat
NSGA-II,rHV,MMF11,17,0.06885288026154208,All_Algorithms_Comparison_Results3.mat
NSGA-II,rHV,MMF11,18,0.06886214058647397,All_Algorithms_Comparison_Results3.mat
NSGA-II,rHV,MMF11,19,0.06886055329955665,All_Algorithms_Comparison_Results3.mat
NSGA-II,rHV,MMF11,20,0.0688665771130768,All_Algorithms_Comparison_Results3.mat
NSGA-II,rHV,MMF11,21,0.06885641817502484,All_Algorithms_Comparison_Results3.mat
NSGA-II,rHV,MMF11,22,0.0688554029449344,All_Algorithms_Comparison_Results3.mat
NSGA-II,rHV,MMF11,23,0.06885218487334716,All_Algorithms_Comparison_Results3.mat
NSGA-II,rHV,MMF11,24,0.06886159404346602,All_Algorithms_Comparison_Results3.mat
NSGA-II,rHV,MMF11,25,0.06885696018126784,All_Algorithms_Comparison_Results3.mat
NSGA-II,rHV,MMF11,26,0.06885820074935793,All_Algorithms_Comparison_Results3.mat
NSGA-II,rHV,MMF11,27,0.06886411545903703,All_Algorithms_Comparison_Results3.mat
NSGA-II,rHV,MMF11,28,0.06885741697852076,All_Algorithms_Comparison_Results3.mat
NSGA-II,rHV,MMF11,29,0.06885227433943988,All_Algorithms_Comparison_Results3.mat
NSGA-II,rHV,MMF11,30,0.06885556994064805,All_Algorithms_Comparison_Results3.mat
NSGA-II,rHV,MMF11,31,0.06886084780055789,All_Algorithms_Comparison_Results3.mat
NSGA-II,rHV,MMF12,1,0.6354026009813724,All_Algorithms_Comparison_Results3.mat
NSGA-II,rHV,MMF12,2,0.6354238291005034,All_Algorithms_Comparison_Results3.mat
NSGA-II,rHV,MMF12,3,0.6353812355137884,All_Algorithms_Comparison_Results3.mat
NSGA-II,rHV,MMF12,4,0.6354347100945078,All_Algorithms_Comparison_Results3.mat
NSGA-II,rHV,MMF12,5,0.635449903376618,All_Algorithms_Comparison_Results3.mat
NSGA-II,rHV,MMF12,6,0.8145623233444792,All_Algorithms_Comparison_Results3.mat
NSGA-II,rHV,MMF12,7,0.6354050624471655,All_Algorithms_Comparison_Results3.mat
NSGA-II,rHV,MMF12,8,0.6354651682748389,All_Algorithms_Comparison_Results3.mat
NSGA-II,rHV,MMF12,9,0.6353832876832526,All_Algorithms_Comparison_Results3.mat
NSGA-II,rHV,MMF12,10,0.6355098038888827,All_Algorithms_Comparison_Results3.mat
NSGA-II,rHV,MMF12,11,0.6354101883691382,All_Algorithms_Comparison_Results3.mat
NSGA-II,rHV,MMF12,12,0.6354000932034629,All_Algorithms_Comparison_Results3.mat
NSGA-II,rHV,MMF12,13,0.6354158663077208,All_Algorithms_Comparison_Results3.mat
NSGA-II,rHV,MMF12,14,0.6354371396563862,All_Algorithms_Comparison_Results3.mat
NSGA-II,rHV,MMF12,15,0.635403241978112,All_Algorithms_Comparison_Results3.mat
NSGA-II,rHV,MMF12,16,0.8146480657280861,All_Algorithms_Comparison_Results3.mat
NSGA-II,rHV,MMF12,17,0.6353997154076553,All_Algorithms_Comparison_Results3.mat
NSGA-II,rHV,MMF12,18,0.6354019689123942,All_Algorithms_Comparison_Results3.mat
NSGA-II,rHV,MMF12,19,0.6353867949967451,All_Algorithms_Comparison_Results3.mat
NSGA-II,rHV,MMF12,20,0.6356062184319627,All_Algorithms_Comparison_Results3.mat
NSGA-II,rHV,MMF12,21,0.8145700834377994,All_Algorithms_Comparison_Results3.mat
NSGA-II,rHV,MMF12,22,0.6353906068360599,All_Algorithms_Comparison_Results3.mat
NSGA-II,rHV,MMF12,23,0.6354880084652098,All_Algorithms_Comparison_Results3.mat
NSGA-II,rHV,MMF12,24,0.6354454111651147,All_Algorithms_Comparison_Results3.mat
NSGA-II,rHV,MMF12,25,0.6354314228231666,All_Algorithms_Comparison_Results3.mat
NSGA-II,rHV,MMF12,26,0.6354323064937366,All_Algorithms_Comparison_Results3.mat
NSGA-II,rHV,MMF12,27,0.6354804103304501,All_Algorithms_Comparison_Results3.mat
NSGA-II,rHV,MMF12,28,0.6355800616371133,All_Algorithms_Comparison_Results3.mat
NSGA-II,rHV,MMF12,29,0.6354555384974817,All_Algorithms_Comparison_Results3.mat
NSGA-II,rHV,MMF12,30,0.6354272297033371,All_Algorithms_Comparison_Results3.mat
NSGA-II,rHV,MMF12,31,0.6354140101639139,All_Algorithms_Comparison_Results3.mat
NSGA-II,rHV,MMF13,1,0.05421345126771075,All_Algorithms_Comparison_Results3.mat
NSGA-II,rHV,MMF13,2,0.05421434010168864,All_Algorithms_Comparison_Results3.mat
NSGA-II,rHV,MMF13,3,0.05420896650822877,All_Algorithms_Comparison_Results3.mat
NSGA-II,rHV,MMF13,4,0.0542149196980336,All_Algorithms_Comparison_Results3.mat
NSGA-II,rHV,MMF13,5,0.05421207133134224,All_Algorithms_Comparison_Results3.mat
NSGA-II,rHV,MMF13,6,0.05421388420263402,All_Algorithms_Comparison_Results3.mat
NSGA-II,rHV,MMF13,7,0.05420858105456706,All_Algorithms_Comparison_Results3.mat
NSGA-II,rHV,MMF13,8,0.05421095925550158,All_Algorithms_Comparison_Results3.mat
NSGA-II,rHV,MMF13,9,0.054210769335569085,All_Algorithms_Comparison_Results3.mat
NSGA-II,rHV,MMF13,10,0.05421345829526533,All_Algorithms_Comparison_Results3.mat
NSGA-II,rHV,MMF13,11,0.0542091742342452,All_Algorithms_Comparison_Results3.mat
NSGA-II,rHV,MMF13,12,0.05421403335847022,All_Algorithms_Comparison_Results3.mat
NSGA-II,rHV,MMF13,13,0.05421463319169859,All_Algorithms_Comparison_Results3.mat
NSGA-II,rHV,MMF13,14,0.05421198825693015,All_Algorithms_Comparison_Results3.mat
NSGA-II,rHV,MMF13,15,0.05421364945622372,All_Algorithms_Comparison_Results3.mat
NSGA-II,rHV,MMF13,16,0.054212534677330795,All_Algorithms_Comparison_Results3.mat
NSGA-II,rHV,MMF13,17,0.05420988673592853,All_Algorithms_Comparison_Results3.mat
NSGA-II,rHV,MMF13,18,0.05421180323166821,All_Algorithms_Comparison_Results3.mat
NSGA-II,rHV,MMF13,19,0.054210218287636946,All_Algorithms_Comparison_Results3.mat
NSGA-II,rHV,MMF13,20,0.05421255387362037,All_Algorithms_Comparison_Results3.mat
NSGA-II,rHV,MMF13,21,0.054212042014752805,All_Algorithms_Comparison_Results3.mat
NSGA-II,rHV,MMF13,22,0.05421088700744896,All_Algorithms_Comparison_Results3.mat
NSGA-II,rHV,MMF13,23,0.05421135948970421,All_Algorithms_Comparison_Results3.mat
NSGA-II,rHV,MMF13,24,0.054212814120805676,All_Algorithms_Comparison_Results3.mat
NSGA-II,rHV,MMF13,25,0.05421172342382231,All_Algorithms_Comparison_Results3.mat
NSGA-II,rHV,MMF13,26,0.05421085460356183,All_Algorithms_Comparison_Results3.mat
NSGA-II,rHV,MMF13,27,0.05421220338520409,All_Algorithms_Comparison_Results3.mat
NSGA-II,rHV,MMF13,28,0.05421273810274671,All_Algorithms_Comparison_Results3.mat
NSGA-II,rHV,MMF13,29,0.054211923287747384,All_Algorithms_Comparison_Results3.mat
NSGA-II,rHV,MMF13,30,0.054209516813407445,All_Algorithms_Comparison_Results3.mat
NSGA-II,rHV,MMF13,31,0.05420790181391566,All_Algorithms_Comparison_Results3.mat
NSGA-II,rHV,MMF14,1,0.3472311030660031,All_Algorithms_Comparison_Results3.mat
NSGA-II,rHV,MMF14,2,0.3560061803948266,All_Algorithms_Comparison_Results3.mat
NSGA-II,rHV,MMF14,3,0.3645626250536115,All_Algorithms_Comparison_Results3.mat
NSGA-II,rHV,MMF14,4,0.34693997413343836,All_Algorithms_Comparison_Results3.mat
NSGA-II,rHV,MMF14,5,0.3547252286952889,All_Algorithms_Comparison_Results3.mat
NSGA-II,rHV,MMF14,6,0.36233420205134403,All_Algorithms_Comparison_Results3.mat
NSGA-II,rHV,MMF14,7,0.34930444429414786,All_Algorithms_Comparison_Results3.mat
NSGA-II,rHV,MMF14,8,0.34970682627532357,All_Algorithms_Comparison_Results3.mat
NSGA-II,rHV,MMF14,9,0.36029112779534145,All_Algorithms_Comparison_Results3.mat
NSGA-II,rHV,MMF14,10,0.3557822937804462,All_Algorithms_Comparison_Results3.mat
NSGA-II,rHV,MMF14,11,0.3526940006050301,All_Algorithms_Comparison_Results3.mat
NSGA-II,rHV,MMF14,12,0.35883977877401313,All_Algorithms_Comparison_Results3.mat
NSGA-II,rHV,MMF14,13,0.3452021792583976,All_Algorithms_Comparison_Results3.mat
NSGA-II,rHV,MMF14,14,0.34698431536294944,All_Algorithms_Comparison_Results3.mat
NSGA-II,rHV,MMF14,15,0.34537285803888307,All_Algorithms_Comparison_Results3.mat
NSGA-II,rHV,MMF14,16,0.3603206413814057,All_Algorithms_Comparison_Results3.mat
NSGA-II,rHV,MMF14,17,0.34698904580853485,All_Algorithms_Comparison_Results3.mat
NSGA-II,rHV,MMF14,18,0.35001482133306283,All_Algorithms_Comparison_Results3.mat
NSGA-II,rHV,MMF14,19,0.35430265077302703,All_Algorithms_Comparison_Results3.mat
NSGA-II,rHV,MMF14,20,0.34761487714225525,All_Algorithms_Comparison_Results3.mat
NSGA-II,rHV,MMF14,21,0.36120042465517993,All_Algorithms_Comparison_Results3.mat
NSGA-II,rHV,MMF14,22,0.35552637830696915,All_Algorithms_Comparison_Results3.mat
NSGA-II,rHV,MMF14,23,0.35062232205501054,All_Algorithms_Comparison_Results3.mat
NSGA-II,rHV,MMF14,24,0.35952098535273425,All_Algorithms_Comparison_Results3.mat
NSGA-II,rHV,MMF14,25,0.3504702736541639,All_Algorithms_Comparison_Results3.mat
NSGA-II,rHV,MMF14,26,0.3647020100076228,All_Algorithms_Comparison_Results3.mat
NSGA-II,rHV,MMF14,27,0.3428442256627317,All_Algorithms_Comparison_Results3.mat
NSGA-II,rHV,MMF14,28,0.345414338114416,All_Algorithms_Comparison_Results3.mat
NSGA-II,rHV,MMF14,29,0.3434504708967227,All_Algorithms_Comparison_Results3.mat
NSGA-II,rHV,MMF14,30,0.3479747326830546,All_Algorithms_Comparison_Results3.mat
NSGA-II,rHV,MMF14,31,0.35048893459135533,All_Algorithms_Comparison_Results3.mat
NSGA-II,rHV,MMF15,1,0.24186921872342745,All_Algorithms_Comparison_Results3.mat
NSGA-II,rHV,MMF15,2,0.2420622904719462,All_Algorithms_Comparison_Results3.mat
NSGA-II,rHV,MMF15,3,0.24241552930437268,All_Algorithms_Comparison_Results3.mat
NSGA-II,rHV,MMF15,4,0.2422542643246178,All_Algorithms_Comparison_Results3.mat
NSGA-II,rHV,MMF15,5,0.23243821967351527,All_Algorithms_Comparison_Results3.mat
NSGA-II,rHV,MMF15,6,0.23588729518845206,All_Algorithms_Comparison_Results3.mat
NSGA-II,rHV,MMF15,7,0.23689608409765284,All_Algorithms_Comparison_Results3.mat
NSGA-II,rHV,MMF15,8,0.23487329087091066,All_Algorithms_Comparison_Results3.mat
NSGA-II,rHV,MMF15,9,0.2422427932138351,All_Algorithms_Comparison_Results3.mat
NSGA-II,rHV,MMF15,10,0.2382825267965996,All_Algorithms_Comparison_Results3.mat
NSGA-II,rHV,MMF15,11,0.23624587095482152,All_Algorithms_Comparison_Results3.mat
NSGA-II,rHV,MMF15,12,0.23620826160926933,All_Algorithms_Comparison_Results3.mat
NSGA-II,rHV,MMF15,13,0.23391211625421612,All_Algorithms_Comparison_Results3.mat
NSGA-II,rHV,MMF15,14,0.24403032960858576,All_Algorithms_Comparison_Results3.mat
NSGA-II,rHV,MMF15,15,0.2382933450718798,All_Algorithms_Comparison_Results3.mat
NSGA-II,rHV,MMF15,16,0.23802809514139028,All_Algorithms_Comparison_Results3.mat
NSGA-II,rHV,MMF15,17,0.23927538181988806,All_Algorithms_Comparison_Results3.mat
NSGA-II,rHV,MMF15,18,0.23793726141439242,All_Algorithms_Comparison_Results3.mat
NSGA-II,rHV,MMF15,19,0.23164604607779074,All_Algorithms_Comparison_Results3.mat
NSGA-II,rHV,MMF15,20,0.23766102619900364,All_Algorithms_Comparison_Results3.mat
NSGA-II,rHV,MMF15,21,0.24391964385781595,All_Algorithms_Comparison_Results3.mat
NSGA-II,rHV,MMF15,22,0.23079850649173292,All_Algorithms_Comparison_Results3.mat
NSGA-II,rHV,MMF15,23,0.23406375640758048,All_Algorithms_Comparison_Results3.mat
NSGA-II,rHV,MMF15,24,0.2414590279127241,All_Algorithms_Comparison_Results3.mat
NSGA-II,rHV,MMF15,25,0.23997576951067748,All_Algorithms_Comparison_Results3.mat
NSGA-II,rHV,MMF15,26,0.24413904191820804,All_Algorithms_Comparison_Results3.mat
NSGA-II,rHV,MMF15,27,0.23746708499269986,All_Algorithms_Comparison_Results3.mat
NSGA-II,rHV,MMF15,28,0.2456123012064321,All_Algorithms_Comparison_Results3.mat
NSGA-II,rHV,MMF15,29,0.24716898859212935,All_Algorithms_Comparison_Results3.mat
NSGA-II,rHV,MMF15,30,0.2379349350688128,All_Algorithms_Comparison_Results3.mat
NSGA-II,rHV,MMF15,31,0.24521459036730936,All_Algorithms_Comparison_Results3.mat
NSGA-II,rHV,MMF1_z,1,1.1457096413009238,All_Algorithms_Comparison_Results3.mat
NSGA-II,rHV,MMF1_z,2,1.1457278293013509,All_Algorithms_Comparison_Results3.mat
NSGA-II,rHV,MMF1_z,3,1.1456048216197128,All_Algorithms_Comparison_Results3.mat
NSGA-II,rHV,MMF1_z,4,1.1457634314463934,All_Algorithms_Comparison_Results3.mat
NSGA-II,rHV,MMF1_z,5,1.1456990765958088,All_Algorithms_Comparison_Results3.mat
NSGA-II,rHV,MMF1_z,6,1.148302256081964,All_Algorithms_Comparison_Results3.mat
NSGA-II,rHV,MMF1_z,7,1.1475696421649018,All_Algorithms_Comparison_Results3.mat
NSGA-II,rHV,MMF1_z,8,1.1460594687174444,All_Algorithms_Comparison_Results3.mat
NSGA-II,rHV,MMF1_z,9,1.1455589455725235,All_Algorithms_Comparison_Results3.mat
NSGA-II,rHV,MMF1_z,10,1.147903818199518,All_Algorithms_Comparison_Results3.mat
NSGA-II,rHV,MMF1_z,11,1.1457724968384668,All_Algorithms_Comparison_Results3.mat
NSGA-II,rHV,MMF1_z,12,1.1457001552739574,All_Algorithms_Comparison_Results3.mat
NSGA-II,rHV,MMF1_z,13,1.1454414096890402,All_Algorithms_Comparison_Results3.mat
NSGA-II,rHV,MMF1_z,14,1.1469526727319195,All_Algorithms_Comparison_Results3.mat
NSGA-II,rHV,MMF1_z,15,1.1460383266130354,All_Algorithms_Comparison_Results3.mat
NSGA-II,rHV,MMF1_z,16,1.145657361312196,All_Algorithms_Comparison_Results3.mat
NSGA-II,rHV,MMF1_z,17,1.1456427290396394,All_Algorithms_Comparison_Results3.mat
NSGA-II,rHV,MMF1_z,18,1.1453129980842611,All_Algorithms_Comparison_Results3.mat
NSGA-II,rHV,MMF1_z,19,1.1457407820935412,All_Algorithms_Comparison_Results3.mat
NSGA-II,rHV,MMF1_z,20,1.1456186510405646,All_Algorithms_Comparison_Results3.mat
NSGA-II,rHV,MMF1_z,21,1.1454679554912357,All_Algorithms_Comparison_Results3.mat
NSGA-II,rHV,MMF1_z,22,1.1456172281552377,All_Algorithms_Comparison_Results3.mat
NSGA-II,rHV,MMF1_z,23,1.1483207359236454,All_Algorithms_Comparison_Results3.mat
NSGA-II,rHV,MMF1_z,24,1.1459969796202747,All_Algorithms_Comparison_Results3.mat
NSGA-II,rHV,MMF1_z,25,1.14538470665465,All_Algorithms_Comparison_Results3.mat
NSGA-II,rHV,MMF1_z,26,1.145923014515092,All_Algorithms_Comparison_Results3.mat
NSGA-II,rHV,MMF1_z,27,1.145666328081652,All_Algorithms_Comparison_Results3.mat
NSGA-II,rHV,MMF1_z,28,1.1457636288134265,All_Algorithms_Comparison_Results3.mat
NSGA-II,rHV,MMF1_z,29,1.1459297469242944,All_Algorithms_Comparison_Results3.mat
NSGA-II,rHV,MMF1_z,30,1.145530535161316,All_Algorithms_Comparison_Results3.mat
NSGA-II,rHV,MMF1_z,31,1.1455660772316603,All_Algorithms_Comparison_Results3.mat
NSGA-II,rHV,MMF1_e,1,1.2597607636778418,All_Algorithms_Comparison_Results3.mat
NSGA-II,rHV,MMF1_e,2,1.15882101143614,All_Algorithms_Comparison_Results3.mat
NSGA-II,rHV,MMF1_e,3,1.1610957273706104,All_Algorithms_Comparison_Results3.mat
NSGA-II,rHV,MMF1_e,4,1.1503083275966794,All_Algorithms_Comparison_Results3.mat
NSGA-II,rHV,MMF1_e,5,1.181708606279734,All_Algorithms_Comparison_Results3.mat
NSGA-II,rHV,MMF1_e,6,1.1873688150344475,All_Algorithms_Comparison_Results3.mat
NSGA-II,rHV,MMF1_e,7,1.146309277226226,All_Algorithms_Comparison_Results3.mat
NSGA-II,rHV,MMF1_e,8,1.1483817701983356,All_Algorithms_Comparison_Results3.mat
NSGA-II,rHV,MMF1_e,9,1.1473815185355545,All_Algorithms_Comparison_Results3.mat
NSGA-II,rHV,MMF1_e,10,1.1578901528848178,All_Algorithms_Comparison_Results3.mat
NSGA-II,rHV,MMF1_e,11,1.1697544650381881,All_Algorithms_Comparison_Results3.mat
NSGA-II,rHV,MMF1_e,12,1.158509499435947,All_Algorithms_Comparison_Results3.mat
NSGA-II,rHV,MMF1_e,13,1.1471843472291126,All_Algorithms_Comparison_Results3.mat
NSGA-II,rHV,MMF1_e,14,1.147883081553644,All_Algorithms_Comparison_Results3.mat
NSGA-II,rHV,MMF1_e,15,1.1702258248240145,All_Algorithms_Comparison_Results3.mat
NSGA-II,rHV,MMF1_e,16,1.191691280855584,All_Algorithms_Comparison_Results3.mat
NSGA-II,rHV,MMF1_e,17,1.1479355436662066,All_Algorithms_Comparison_Results3.mat
NSGA-II,rHV,MMF1_e,18,1.159603345307806,All_Algorithms_Comparison_Results3.mat
NSGA-II,rHV,MMF1_e,19,1.1961103242050595,All_Algorithms_Comparison_Results3.mat
NSGA-II,rHV,MMF1_e,20,1.168580994980606,All_Algorithms_Comparison_Results3.mat
NSGA-II,rHV,MMF1_e,21,1.1727214171854374,All_Algorithms_Comparison_Results3.mat
NSGA-II,rHV,MMF1_e,22,1.1566362649194935,All_Algorithms_Comparison_Results3.mat
NSGA-II,rHV,MMF1_e,23,1.1511557817052696,All_Algorithms_Comparison_Results3.mat
NSGA-II,rHV,MMF1_e,24,1.1458690755581906,All_Algorithms_Comparison_Results3.mat
NSGA-II,rHV,MMF1_e,25,1.1464058324940969,All_Algorithms_Comparison_Results3.mat
NSGA-II,rHV,MMF1_e,26,1.1575463264555252,All_Algorithms_Comparison_Results3.mat
NSGA-II,rHV,MMF1_e,27,1.1538517018421188,All_Algorithms_Comparison_Results3.mat
NSGA-II,rHV,MMF1_e,28,1.1655753507201845,All_Algorithms_Comparison_Results3.mat
NSGA-II,rHV,MMF1_e,29,1.155317599418478,All_Algorithms_Comparison_Results3.mat
NSGA-II,rHV,MMF1_e,30,1.16078830610676,All_Algorithms_Comparison_Results3.mat
NSGA-II,rHV,MMF1_e,31,1.1484433001853196,All_Algorithms_Comparison_Results3.mat
NSGA-II,rHV,MMF14_a,1,0.35031085860259986,All_Algorithms_Comparison_Results3.mat
NSGA-II,rHV,MMF14_a,2,0.3536124682514419,All_Algorithms_Comparison_Results3.mat
NSGA-II,rHV,MMF14_a,3,0.34139485692702554,All_Algorithms_Comparison_Results3.mat
NSGA-II,rHV,MMF14_a,4,0.3562262098684417,All_Algorithms_Comparison_Results3.mat
NSGA-II,rHV,MMF14_a,5,0.3620139199603565,All_Algorithms_Comparison_Results3.mat
NSGA-II,rHV,MMF14_a,6,0.344979243055623,All_Algorithms_Comparison_Results3.mat
NSGA-II,rHV,MMF14_a,7,0.3430622241642465,All_Algorithms_Comparison_Results3.mat
NSGA-II,rHV,MMF14_a,8,0.3431438526697781,All_Algorithms_Comparison_Results3.mat
NSGA-II,rHV,MMF14_a,9,0.3503715642257671,All_Algorithms_Comparison_Results3.mat
NSGA-II,rHV,MMF14_a,10,0.3523089951358849,All_Algorithms_Comparison_Results3.mat
NSGA-II,rHV,MMF14_a,11,0.3367765666910994,All_Algorithms_Comparison_Results3.mat
NSGA-II,rHV,MMF14_a,12,0.3415372842207447,All_Algorithms_Comparison_Results3.mat
NSGA-II,rHV,MMF14_a,13,0.3490286199297446,All_Algorithms_Comparison_Results3.mat
NSGA-II,rHV,MMF14_a,14,0.3539659684017607,All_Algorithms_Comparison_Results3.mat
NSGA-II,rHV,MMF14_a,15,0.33723933491098235,All_Algorithms_Comparison_Results3.mat
NSGA-II,rHV,MMF14_a,16,0.35648904869914033,All_Algorithms_Comparison_Results3.mat
NSGA-II,rHV,MMF14_a,17,0.357561912389946,All_Algorithms_Comparison_Results3.mat
NSGA-II,rHV,MMF14_a,18,0.3551257492771162,All_Algorithms_Comparison_Results3.mat
NSGA-II,rHV,MMF14_a,19,0.3587472793825106,All_Algorithms_Comparison_Results3.mat
NSGA-II,rHV,MMF14_a,20,0.36784457292221706,All_Algorithms_Comparison_Results3.mat
NSGA-II,rHV,MMF14_a,21,0.3484239117434206,All_Algorithms_Comparison_Results3.mat
NSGA-II,rHV,MMF14_a,22,0.3645702845271993,All_Algorithms_Comparison_Results3.mat
NSGA-II,rHV,MMF14_a,23,0.356930122961454,All_Algorithms_Comparison_Results3.mat
NSGA-II,rHV,MMF14_a,24,0.33995637624598674,All_Algorithms_Comparison_Results3.mat
NSGA-II,rHV,MMF14_a,25,0.3441336746988003,All_Algorithms_Comparison_Results3.mat
NSGA-II,rHV,MMF14_a,26,0.3430202760822363,All_Algorithms_Comparison_Results3.mat
NSGA-II,rHV,MMF14_a,27,0.3638231729540021,All_Algorithms_Comparison_Results3.mat
NSGA-II,rHV,MMF14_a,28,0.35199572521031747,All_Algorithms_Comparison_Results3.mat
NSGA-II,rHV,MMF14_a,29,0.34892351015482026,All_Algorithms_Comparison_Results3.mat
NSGA-II,rHV,MMF14_a,30,0.3410391786200855,All_Algorithms_Comparison_Results3.mat
NSGA-II,rHV,MMF14_a,31,0.35377657369940346,All_Algorithms_Comparison_Results3.mat
NSGA-II,rHV,MMF15_a,1,0.2328857334744312,All_Algorithms_Comparison_Results3.mat
NSGA-II,rHV,MMF15_a,2,0.23388368902684897,All_Algorithms_Comparison_Results3.mat
NSGA-II,rHV,MMF15_a,3,0.23021099716365262,All_Algorithms_Comparison_Results3.mat
NSGA-II,rHV,MMF15_a,4,0.23726301867066277,All_Algorithms_Comparison_Results3.mat
NSGA-II,rHV,MMF15_a,5,0.23456763351867382,All_Algorithms_Comparison_Results3.mat
NSGA-II,rHV,MMF15_a,6,0.2293680384205924,All_Algorithms_Comparison_Results3.mat
NSGA-II,rHV,MMF15_a,7,0.24081691782388184,All_Algorithms_Comparison_Results3.mat
NSGA-II,rHV,MMF15_a,8,0.23208600861788786,All_Algorithms_Comparison_Results3.mat
NSGA-II,rHV,MMF15_a,9,0.24340926169529478,All_Algorithms_Comparison_Results3.mat
NSGA-II,rHV,MMF15_a,10,0.23302811044553876,All_Algorithms_Comparison_Results3.mat
NSGA-II,rHV,MMF15_a,11,0.24160135599088756,All_Algorithms_Comparison_Results3.mat
NSGA-II,rHV,MMF15_a,12,0.2398338030486402,All_Algorithms_Comparison_Results3.mat
NSGA-II,rHV,MMF15_a,13,0.23621974664839873,All_Algorithms_Comparison_Results3.mat
NSGA-II,rHV,MMF15_a,14,0.2324081513813831,All_Algorithms_Comparison_Results3.mat
NSGA-II,rHV,MMF15_a,15,0.23915691496269234,All_Algorithms_Comparison_Results3.mat
NSGA-II,rHV,MMF15_a,16,0.21770374225028774,All_Algorithms_Comparison_Results3.mat
NSGA-II,rHV,MMF15_a,17,0.235589098268979,All_Algorithms_Comparison_Results3.mat
NSGA-II,rHV,MMF15_a,18,0.23801050791819456,All_Algorithms_Comparison_Results3.mat
NSGA-II,rHV,MMF15_a,19,0.2221815959656605,All_Algorithms_Comparison_Results3.mat
NSGA-II,rHV,MMF15_a,20,0.23750186489222727,All_Algorithms_Comparison_Results3.mat
NSGA-II,rHV,MMF15_a,21,0.23009989146466997,All_Algorithms_Comparison_Results3.mat
NSGA-II,rHV,MMF15_a,22,0.22692125032857546,All_Algorithms_Comparison_Results3.mat
NSGA-II,rHV,MMF15_a,23,0.23945766323676546,All_Algorithms_Comparison_Results3.mat
NSGA-II,rHV,MMF15_a,24,0.23636090807662624,All_Algorithms_Comparison_Results3.mat
NSGA-II,rHV,MMF15_a,25,0.23059120672522598,All_Algorithms_Comparison_Results3.mat
NSGA-II,rHV,MMF15_a,26,0.2360617136300105,All_Algorithms_Comparison_Results3.mat
NSGA-II,rHV,MMF15_a,27,0.23849479949728453,All_Algorithms_Comparison_Results3.mat
NSGA-II,rHV,MMF15_a,28,0.23289530596316915,All_Algorithms_Comparison_Results3.mat
NSGA-II,rHV,MMF15_a,29,0.2225819957987986,All_Algorithms_Comparison_Results3.mat
NSGA-II,rHV,MMF15_a,30,0.23935562554206358,All_Algorithms_Comparison_Results3.mat
NSGA-II,rHV,MMF15_a,31,0.22513707266507704,All_Algorithms_Comparison_Results3.mat
NSGA-II,rHV,SYM_PART_simple,1,0.060047595507576684,All_Algorithms_Comparison_Results3.mat
NSGA-II,rHV,SYM_PART_simple,2,0.060037826754277754,All_Algorithms_Comparison_Results3.mat
NSGA-II,rHV,SYM_PART_simple,3,0.06004438967011401,All_Algorithms_Comparison_Results3.mat
NSGA-II,rHV,SYM_PART_simple,4,0.06003418098876796,All_Algorithms_Comparison_Results3.mat
NSGA-II,rHV,SYM_PART_simple,5,0.060061179410509404,All_Algorithms_Comparison_Results3.mat
NSGA-II,rHV,SYM_PART_simple,6,0.060035261197420565,All_Algorithms_Comparison_Results3.mat
NSGA-II,rHV,SYM_PART_simple,7,0.06003717882833881,All_Algorithms_Comparison_Results3.mat
NSGA-II,rHV,SYM_PART_simple,8,0.060030168631923064,All_Algorithms_Comparison_Results3.mat
NSGA-II,rHV,SYM_PART_simple,9,0.06003984519819704,All_Algorithms_Comparison_Results3.mat
NSGA-II,rHV,SYM_PART_simple,10,0.06004757952330511,All_Algorithms_Comparison_Results3.mat
NSGA-II,rHV,SYM_PART_simple,11,0.06003102030217534,All_Algorithms_Comparison_Results3.mat
NSGA-II,rHV,SYM_PART_simple,12,0.06004503312401431,All_Algorithms_Comparison_Results3.mat
NSGA-II,rHV,SYM_PART_simple,13,0.060045547467483695,All_Algorithms_Comparison_Results3.mat
NSGA-II,rHV,SYM_PART_simple,14,0.060031693851498404,All_Algorithms_Comparison_Results3.mat
NSGA-II,rHV,SYM_PART_simple,15,0.060046557126025836,All_Algorithms_Comparison_Results3.mat
NSGA-II,rHV,SYM_PART_simple,16,0.06003557358133418,All_Algorithms_Comparison_Results3.mat
NSGA-II,rHV,SYM_PART_simple,17,0.06004155319592496,All_Algorithms_Comparison_Results3.mat
NSGA-II,rHV,SYM_PART_simple,18,0.060044893241505956,All_Algorithms_Comparison_Results3.mat
NSGA-II,rHV,SYM_PART_simple,19,0.06005121585830995,All_Algorithms_Comparison_Results3.mat
NSGA-II,rHV,SYM_PART_simple,20,0.0600379713314383,All_Algorithms_Comparison_Results3.mat
NSGA-II,rHV,SYM_PART_simple,21,0.06004400079656075,All_Algorithms_Comparison_Results3.mat
NSGA-II,rHV,SYM_PART_simple,22,0.06006006264169413,All_Algorithms_Comparison_Results3.mat
NSGA-II,rHV,SYM_PART_simple,23,0.060041463499530656,All_Algorithms_Comparison_Results3.mat
NSGA-II,rHV,SYM_PART_simple,24,0.06002783646738355,All_Algorithms_Comparison_Results3.mat
NSGA-II,rHV,SYM_PART_simple,25,0.06002910952388186,All_Algorithms_Comparison_Results3.mat
NSGA-II,rHV,SYM_PART_simple,26,0.060038123660024534,All_Algorithms_Comparison_Results3.mat
NSGA-II,rHV,SYM_PART_simple,27,0.06005524174861535,All_Algorithms_Comparison_Results3.mat
NSGA-II,rHV,SYM_PART_simple,28,0.06003729252628662,All_Algorithms_Comparison_Results3.mat
NSGA-II,rHV,SYM_PART_simple,29,0.060030331497343346,All_Algorithms_Comparison_Results3.mat
NSGA-II,rHV,SYM_PART_simple,30,0.060038768061755655,All_Algorithms_Comparison_Results3.mat
NSGA-II,rHV,SYM_PART_simple,31,0.06003162910574471,All_Algorithms_Comparison_Results3.mat
NSGA-II,rHV,SYM_PART_rotated,1,0.0600543051942412,All_Algorithms_Comparison_Results3.mat
NSGA-II,rHV,SYM_PART_rotated,2,0.0600500719718796,All_Algorithms_Comparison_Results3.mat
NSGA-II,rHV,SYM_PART_rotated,3,0.06006344090130927,All_Algorithms_Comparison_Results3.mat
NSGA-II,rHV,SYM_PART_rotated,4,0.06005774683101914,All_Algorithms_Comparison_Results3.mat
NSGA-II,rHV,SYM_PART_rotated,5,0.06006478884090008,All_Algorithms_Comparison_Results3.mat
NSGA-II,rHV,SYM_PART_rotated,6,0.06004987557590736,All_Algorithms_Comparison_Results3.mat
NSGA-II,rHV,SYM_PART_rotated,7,0.06007499980213134,All_Algorithms_Comparison_Results3.mat
NSGA-II,rHV,SYM_PART_rotated,8,0.06006110134443156,All_Algorithms_Comparison_Results3.mat
NSGA-II,rHV,SYM_PART_rotated,9,0.060058664847768166,All_Algorithms_Comparison_Results3.mat
NSGA-II,rHV,SYM_PART_rotated,10,0.06005762807114018,All_Algorithms_Comparison_Results3.mat
NSGA-II,rHV,SYM_PART_rotated,11,0.060052062768019984,All_Algorithms_Comparison_Results3.mat
NSGA-II,rHV,SYM_PART_rotated,12,0.06005939248271199,All_Algorithms_Comparison_Results3.mat
NSGA-II,rHV,SYM_PART_rotated,13,0.06005304570155405,All_Algorithms_Comparison_Results3.mat
NSGA-II,rHV,SYM_PART_rotated,14,0.060050477506824115,All_Algorithms_Comparison_Results3.mat
NSGA-II,rHV,SYM_PART_rotated,15,0.060051713786718114,All_Algorithms_Comparison_Results3.mat
NSGA-II,rHV,SYM_PART_rotated,16,0.060056388294470596,All_Algorithms_Comparison_Results3.mat
NSGA-II,rHV,SYM_PART_rotated,17,0.06007654761504757,All_Algorithms_Comparison_Results3.mat
NSGA-II,rHV,SYM_PART_rotated,18,0.06006790531501956,All_Algorithms_Comparison_Results3.mat
NSGA-II,rHV,SYM_PART_rotated,19,0.06006307849426975,All_Algorithms_Comparison_Results3.mat
NSGA-II,rHV,SYM_PART_rotated,20,0.060050563904890386,All_Algorithms_Comparison_Results3.mat
NSGA-II,rHV,SYM_PART_rotated,21,0.060058005096014,All_Algorithms_Comparison_Results3.mat
NSGA-II,rHV,SYM_PART_rotated,22,0.06006198308548713,All_Algorithms_Comparison_Results3.mat
NSGA-II,rHV,SYM_PART_rotated,23,0.06006314562733818,All_Algorithms_Comparison_Results3.mat
NSGA-II,rHV,SYM_PART_rotated,24,0.06005522276815345,All_Algorithms_Comparison_Results3.mat
NSGA-II,rHV,SYM_PART_rotated,25,0.06005942922051857,All_Algorithms_Comparison_Results3.mat
NSGA-II,rHV,SYM_PART_rotated,26,0.060049605740591906,All_Algorithms_Comparison_Results3.mat
NSGA-II,rHV,SYM_PART_rotated,27,0.06005881424013457,All_Algorithms_Comparison_Results3.mat
NSGA-II,rHV,SYM_PART_rotated,28,0.06007173874572512,All_Algorithms_Comparison_Results3.mat
NSGA-II,rHV,SYM_PART_rotated,29,0.06005705072471615,All_Algorithms_Comparison_Results3.mat
NSGA-II,rHV,SYM_PART_rotated,30,0.060057826142874415,All_Algorithms_Comparison_Results3.mat
NSGA-II,rHV,SYM_PART_rotated,31,0.06005412697305071,All_Algorithms_Comparison_Results3.mat
NSGA-II,rHV,Omni_test,1,0.018936377559633878,All_Algorithms_Comparison_Results3.mat
NSGA-II,rHV,Omni_test,2,0.01893644758931154,All_Algorithms_Comparison_Results3.mat
NSGA-II,rHV,Omni_test,3,0.01893662524929818,All_Algorithms_Comparison_Results3.mat
NSGA-II,rHV,Omni_test,4,0.018936259350470323,All_Algorithms_Comparison_Results3.mat
NSGA-II,rHV,Omni_test,5,0.018936563423974845,All_Algorithms_Comparison_Results3.mat
NSGA-II,rHV,Omni_test,6,0.018936729457373888,All_Algorithms_Comparison_Results3.mat
NSGA-II,rHV,Omni_test,7,0.01893632427604105,All_Algorithms_Comparison_Results3.mat
NSGA-II,rHV,Omni_test,8,0.018936899014063112,All_Algorithms_Comparison_Results3.mat
NSGA-II,rHV,Omni_test,9,0.018936773090191115,All_Algorithms_Comparison_Results3.mat
NSGA-II,rHV,Omni_test,10,0.018936104369325364,All_Algorithms_Comparison_Results3.mat
NSGA-II,rHV,Omni_test,11,0.018936169096723653,All_Algorithms_Comparison_Results3.mat
NSGA-II,rHV,Omni_test,12,0.018936413469026782,All_Algorithms_Comparison_Results3.mat
NSGA-II,rHV,Omni_test,13,0.01893672592755021,All_Algorithms_Comparison_Results3.mat
NSGA-II,rHV,Omni_test,14,0.018935959484755956,All_Algorithms_Comparison_Results3.mat
NSGA-II,rHV,Omni_test,15,0.018936630941338035,All_Algorithms_Comparison_Results3.mat
NSGA-II,rHV,Omni_test,16,0.018936950339688962,All_Algorithms_Comparison_Results3.mat
NSGA-II,rHV,Omni_test,17,0.018936194206113664,All_Algorithms_Comparison_Results3.mat
NSGA-II,rHV,Omni_test,18,0.018936257732786278,All_Algorithms_Comparison_Results3.mat
NSGA-II,rHV,Omni_test,19,0.01893664241276784,All_Algorithms_Comparison_Results3.mat
NSGA-II,rHV,Omni_test,20,0.01893703374832039,All_Algorithms_Comparison_Results3.mat
NSGA-II,rHV,Omni_test,21,0.018936432826474052,All_Algorithms_Comparison_Results3.mat
NSGA-II,rHV,Omni_test,22,0.01893670227123604,All_Algorithms_Comparison_Results3.mat
NSGA-II,rHV,Omni_test,23,0.01893590631341273,All_Algorithms_Comparison_Results3.mat
NSGA-II,rHV,Omni_test,24,0.01893690434778404,All_Algorithms_Comparison_Results3.mat
NSGA-II,rHV,Omni_test,25,0.018936217936034,All_Algorithms_Comparison_Results3.mat
NSGA-II,rHV,Omni_test,26,0.01893609726864459,All_Algorithms_Comparison_Results3.mat
NSGA-II,rHV,Omni_test,27,0.018936874241709818,All_Algorithms_Comparison_Results3.mat
NSGA-II,rHV,Omni_test,28,0.018936315877141452,All_Algorithms_Comparison_Results3.mat
NSGA-II,rHV,Omni_test,29,0.018936745859693127,All_Algorithms_Comparison_Results3.mat
NSGA-II,rHV,Omni_test,30,0.018935982427351533,All_Algorithms_Comparison_Results3.mat
NSGA-II,rHV,Omni_test,31,0.01893661317385263,All_Algorithms_Comparison_Results3.mat
NSGA-II,IGDX,MMF1,1,0.10972628545761869,All_Algorithms_Comparison_Results3.mat
NSGA-II,IGDX,MMF1,2,0.09205063944437057,All_Algorithms_Comparison_Results3.mat
NSGA-II,IGDX,MMF1,3,0.08555980178021706,All_Algorithms_Comparison_Results3.mat
NSGA-II,IGDX,MMF1,4,0.12908648756215052,All_Algorithms_Comparison_Results3.mat
NSGA-II,IGDX,MMF1,5,0.11439160752065564,All_Algorithms_Comparison_Results3.mat
NSGA-II,IGDX,MMF1,6,0.1122735553365993,All_Algorithms_Comparison_Results3.mat
NSGA-II,IGDX,MMF1,7,0.11226892943893722,All_Algorithms_Comparison_Results3.mat
NSGA-II,IGDX,MMF1,8,0.12988496527010052,All_Algorithms_Comparison_Results3.mat
NSGA-II,IGDX,MMF1,9,0.1097009734478225,All_Algorithms_Comparison_Results3.mat
NSGA-II,IGDX,MMF1,10,0.11878516884822124,All_Algorithms_Comparison_Results3.mat
NSGA-II,IGDX,MMF1,11,0.10106400475126329,All_Algorithms_Comparison_Results3.mat
NSGA-II,IGDX,MMF1,12,0.10992193740612784,All_Algorithms_Comparison_Results3.mat
NSGA-II,IGDX,MMF1,13,0.09674376592237036,All_Algorithms_Comparison_Results3.mat
NSGA-II,IGDX,MMF1,14,0.11459416970217007,All_Algorithms_Comparison_Results3.mat
NSGA-II,IGDX,MMF1,15,0.09414724233470587,All_Algorithms_Comparison_Results3.mat
NSGA-II,IGDX,MMF1,16,0.10208324499615713,All_Algorithms_Comparison_Results3.mat
NSGA-II,IGDX,MMF1,17,0.12222739384986586,All_Algorithms_Comparison_Results3.mat
NSGA-II,IGDX,MMF1,18,0.11872193312797283,All_Algorithms_Comparison_Results3.mat
NSGA-II,IGDX,MMF1,19,0.10419172608244899,All_Algorithms_Comparison_Results3.mat
NSGA-II,IGDX,MMF1,20,0.12692465437763786,All_Algorithms_Comparison_Results3.mat
NSGA-II,IGDX,MMF1,21,0.11830860286754437,All_Algorithms_Comparison_Results3.mat
NSGA-II,IGDX,MMF1,22,0.10499901278446087,All_Algorithms_Comparison_Results3.mat
NSGA-II,IGDX,MMF1,23,0.11533355972980405,All_Algorithms_Comparison_Results3.mat
NSGA-II,IGDX,MMF1,24,0.08454489659278246,All_Algorithms_Comparison_Results3.mat
NSGA-II,IGDX,MMF1,25,0.11406501468953092,All_Algorithms_Comparison_Results3.mat
NSGA-II,IGDX,MMF1,26,0.11585518074759898,All_Algorithms_Comparison_Results3.mat
NSGA-II,IGDX,MMF1,27,0.10725784824151147,All_Algorithms_Comparison_Results3.mat
NSGA-II,IGDX,MMF1,28,0.09933199150327118,All_Algorithms_Comparison_Results3.mat
NSGA-II,IGDX,MMF1,29,0.10172920271721943,All_Algorithms_Comparison_Results3.mat
NSGA-II,IGDX,MMF1,30,0.11373847074732499,All_Algorithms_Comparison_Results3.mat
NSGA-II,IGDX,MMF1,31,0.09342608489579975,All_Algorithms_Comparison_Results3.mat
NSGA-II,IGDX,MMF2,1,0.06795599991886454,All_Algorithms_Comparison_Results3.mat
NSGA-II,IGDX,MMF2,2,0.18105767164514106,All_Algorithms_Comparison_Results3.mat
NSGA-II,IGDX,MMF2,3,0.053673622757268065,All_Algorithms_Comparison_Results3.mat
NSGA-II,IGDX,MMF2,4,0.04834748439920755,All_Algorithms_Comparison_Results3.mat
NSGA-II,IGDX,MMF2,5,0.11997808088562058,All_Algorithms_Comparison_Results3.mat
NSGA-II,IGDX,MMF2,6,0.03944355518671329,All_Algorithms_Comparison_Results3.mat
NSGA-II,IGDX,MMF2,7,0.14377596881841126,All_Algorithms_Comparison_Results3.mat
NSGA-II,IGDX,MMF2,8,0.08687072841346649,All_Algorithms_Comparison_Results3.mat
NSGA-II,IGDX,MMF2,9,0.06411985589162343,All_Algorithms_Comparison_Results3.mat
NSGA-II,IGDX,MMF2,10,0.128668913391385,All_Algorithms_Comparison_Results3.mat
NSGA-II,IGDX,MMF2,11,0.06775942861058733,All_Algorithms_Comparison_Results3.mat
NSGA-II,IGDX,MMF2,12,0.07155349343867852,All_Algorithms_Comparison_Results3.mat
NSGA-II,IGDX,MMF2,13,0.053533193128921484,All_Algorithms_Comparison_Results3.mat
NSGA-II,IGDX,MMF2,14,0.05722345336170959,All_Algorithms_Comparison_Results3.mat
NSGA-II,IGDX,MMF2,15,0.042455462740171576,All_Algorithms_Comparison_Results3.mat
NSGA-II,IGDX,MMF2,16,0.16554037877472472,All_Algorithms_Comparison_Results3.mat
NSGA-II,IGDX,MMF2,17,0.06077834597813646,All_Algorithms_Comparison_Results3.mat
NSGA-II,IGDX,MMF2,18,0.2437616149678285,All_Algorithms_Comparison_Results3.mat
NSGA-II,IGDX,MMF2,19,0.08017675364580289,All_Algorithms_Comparison_Results3.mat
NSGA-II,IGDX,MMF2,20,0.08847856872943007,All_Algorithms_Comparison_Results3.mat
NSGA-II,IGDX,MMF2,21,0.09126254329528351,All_Algorithms_Comparison_Results3.mat
NSGA-II,IGDX,MMF2,22,0.05355479501034379,All_Algorithms_Comparison_Results3.mat
NSGA-II,IGDX,MMF2,23,0.05429210747126247,All_Algorithms_Comparison_Results3.mat
NSGA-II,IGDX,MMF2,24,0.04641763600719548,All_Algorithms_Comparison_Results3.mat
NSGA-II,IGDX,MMF2,25,0.18122711417278953,All_Algorithms_Comparison_Results3.mat
NSGA-II,IGDX,MMF2,26,0.09168249860996354,All_Algorithms_Comparison_Results3.mat
NSGA-II,IGDX,MMF2,27,0.07739587302196888,All_Algorithms_Comparison_Results3.mat
NSGA-II,IGDX,MMF2,28,0.05729687305117301,All_Algorithms_Comparison_Results3.mat
NSGA-II,IGDX,MMF2,29,0.12059281633797184,All_Algorithms_Comparison_Results3.mat
NSGA-II,IGDX,MMF2,30,0.055944021381075314,All_Algorithms_Comparison_Results3.mat
NSGA-II,IGDX,MMF2,31,0.08415256884955699,All_Algorithms_Comparison_Results3.mat
NSGA-II,IGDX,MMF3,1,0.04283550678915697,All_Algorithms_Comparison_Results3.mat
NSGA-II,IGDX,MMF3,2,0.1291061309972844,All_Algorithms_Comparison_Results3.mat
NSGA-II,IGDX,MMF3,3,0.08598676689393814,All_Algorithms_Comparison_Results3.mat
NSGA-II,IGDX,MMF3,4,0.07648363099065883,All_Algorithms_Comparison_Results3.mat
NSGA-II,IGDX,MMF3,5,0.06080218653573155,All_Algorithms_Comparison_Results3.mat
NSGA-II,IGDX,MMF3,6,0.17881622221488494,All_Algorithms_Comparison_Results3.mat
NSGA-II,IGDX,MMF3,7,0.08056906279846547,All_Algorithms_Comparison_Results3.mat
NSGA-II,IGDX,MMF3,8,0.1083849711816934,All_Algorithms_Comparison_Results3.mat
NSGA-II,IGDX,MMF3,9,0.07112704109861558,All_Algorithms_Comparison_Results3.mat
NSGA-II,IGDX,MMF3,10,0.06606805690709272,All_Algorithms_Comparison_Results3.mat
NSGA-II,IGDX,MMF3,11,0.04891938600125359,All_Algorithms_Comparison_Results3.mat
NSGA-II,IGDX,MMF3,12,0.06531500656135433,All_Algorithms_Comparison_Results3.mat
NSGA-II,IGDX,MMF3,13,0.057241606282089554,All_Algorithms_Comparison_Results3.mat
NSGA-II,IGDX,MMF3,14,0.0899697345238246,All_Algorithms_Comparison_Results3.mat
NSGA-II,IGDX,MMF3,15,0.07560021376069855,All_Algorithms_Comparison_Results3.mat
NSGA-II,IGDX,MMF3,16,0.037407574031106235,All_Algorithms_Comparison_Results3.mat
NSGA-II,IGDX,MMF3,17,0.05391218661394191,All_Algorithms_Comparison_Results3.mat
NSGA-II,IGDX,MMF3,18,0.08177159353173102,All_Algorithms_Comparison_Results3.mat
NSGA-II,IGDX,MMF3,19,0.11502611973656117,All_Algorithms_Comparison_Results3.mat
NSGA-II,IGDX,MMF3,20,0.09897034361417612,All_Algorithms_Comparison_Results3.mat
NSGA-II,IGDX,MMF3,21,0.05167238312893105,All_Algorithms_Comparison_Results3.mat
NSGA-II,IGDX,MMF3,22,0.07089238314975421,All_Algorithms_Comparison_Results3.mat
NSGA-II,IGDX,MMF3,23,0.05393920554970854,All_Algorithms_Comparison_Results3.mat
NSGA-II,IGDX,MMF3,24,0.06765561883068821,All_Algorithms_Comparison_Results3.mat
NSGA-II,IGDX,MMF3,25,0.08956807087986957,All_Algorithms_Comparison_Results3.mat
NSGA-II,IGDX,MMF3,26,0.0928123521719732,All_Algorithms_Comparison_Results3.mat
NSGA-II,IGDX,MMF3,27,0.1811617332110298,All_Algorithms_Comparison_Results3.mat
NSGA-II,IGDX,MMF3,28,0.05640933293971244,All_Algorithms_Comparison_Results3.mat
NSGA-II,IGDX,MMF3,29,0.09398687388705515,All_Algorithms_Comparison_Results3.mat
NSGA-II,IGDX,MMF3,30,0.06923079127268447,All_Algorithms_Comparison_Results3.mat
NSGA-II,IGDX,MMF3,31,0.0730376063332394,All_Algorithms_Comparison_Results3.mat
NSGA-II,IGDX,MMF4,1,0.1294990543275911,All_Algorithms_Comparison_Results3.mat
NSGA-II,IGDX,MMF4,2,0.17234568719231802,All_Algorithms_Comparison_Results3.mat
NSGA-II,IGDX,MMF4,3,0.10382939399010745,All_Algorithms_Comparison_Results3.mat
NSGA-II,IGDX,MMF4,4,0.11071450974099523,All_Algorithms_Comparison_Results3.mat
NSGA-II,IGDX,MMF4,5,0.16268743753642628,All_Algorithms_Comparison_Results3.mat
NSGA-II,IGDX,MMF4,6,0.14612234950535932,All_Algorithms_Comparison_Results3.mat
NSGA-II,IGDX,MMF4,7,0.18017038143225825,All_Algorithms_Comparison_Results3.mat
NSGA-II,IGDX,MMF4,8,0.1277865746832396,All_Algorithms_Comparison_Results3.mat
NSGA-II,IGDX,MMF4,9,0.12062252499849845,All_Algorithms_Comparison_Results3.mat
NSGA-II,IGDX,MMF4,10,0.13447150879819683,All_Algorithms_Comparison_Results3.mat
NSGA-II,IGDX,MMF4,11,0.1543041620817643,All_Algorithms_Comparison_Results3.mat
NSGA-II,IGDX,MMF4,12,0.22878589055820345,All_Algorithms_Comparison_Results3.mat
NSGA-II,IGDX,MMF4,13,0.13610689479485935,All_Algorithms_Comparison_Results3.mat
NSGA-II,IGDX,MMF4,14,0.15181164375666042,All_Algorithms_Comparison_Results3.mat
NSGA-II,IGDX,MMF4,15,0.1545505203064956,All_Algorithms_Comparison_Results3.mat
NSGA-II,IGDX,MMF4,16,0.1529907417242754,All_Algorithms_Comparison_Results3.mat
NSGA-II,IGDX,MMF4,17,0.1805714666482399,All_Algorithms_Comparison_Results3.mat
NSGA-II,IGDX,MMF4,18,0.12544138918781905,All_Algorithms_Comparison_Results3.mat
NSGA-II,IGDX,MMF4,19,0.22222685673652742,All_Algorithms_Comparison_Results3.mat
NSGA-II,IGDX,MMF4,20,0.1517898755154977,All_Algorithms_Comparison_Results3.mat
NSGA-II,IGDX,MMF4,21,0.10622221586034714,All_Algorithms_Comparison_Results3.mat
NSGA-II,IGDX,MMF4,22,0.21573197740081937,All_Algorithms_Comparison_Results3.mat
NSGA-II,IGDX,MMF4,23,0.1332941429062173,All_Algorithms_Comparison_Results3.mat
NSGA-II,IGDX,MMF4,24,0.11224557294760372,All_Algorithms_Comparison_Results3.mat
NSGA-II,IGDX,MMF4,25,0.09721371393215424,All_Algorithms_Comparison_Results3.mat
NSGA-II,IGDX,MMF4,26,0.17549683592458848,All_Algorithms_Comparison_Results3.mat
NSGA-II,IGDX,MMF4,27,0.20320062955687132,All_Algorithms_Comparison_Results3.mat
NSGA-II,IGDX,MMF4,28,0.18182201298253495,All_Algorithms_Comparison_Results3.mat
NSGA-II,IGDX,MMF4,29,0.1717659949843963,All_Algorithms_Comparison_Results3.mat
NSGA-II,IGDX,MMF4,30,0.17036954762699022,All_Algorithms_Comparison_Results3.mat
NSGA-II,IGDX,MMF4,31,0.10257751227042006,All_Algorithms_Comparison_Results3.mat
NSGA-II,IGDX,MMF5,1,0.1822718984503706,All_Algorithms_Comparison_Results3.mat
NSGA-II,IGDX,MMF5,2,0.1814894514615669,All_Algorithms_Comparison_Results3.mat
NSGA-II,IGDX,MMF5,3,0.20750231255669285,All_Algorithms_Comparison_Results3.mat
NSGA-II,IGDX,MMF5,4,0.190511657862494,All_Algorithms_Comparison_Results3.mat
NSGA-II,IGDX,MMF5,5,0.20621349921782428,All_Algorithms_Comparison_Results3.mat
NSGA-II,IGDX,MMF5,6,0.1982069489826843,All_Algorithms_Comparison_Results3.mat
NSGA-II,IGDX,MMF5,7,0.1625622750905976,All_Algorithms_Comparison_Results3.mat
NSGA-II,IGDX,MMF5,8,0.1732084311085422,All_Algorithms_Comparison_Results3.mat
NSGA-II,IGDX,MMF5,9,0.17976261672374316,All_Algorithms_Comparison_Results3.mat
NSGA-II,IGDX,MMF5,10,0.20760304920137373,All_Algorithms_Comparison_Results3.mat
NSGA-II,IGDX,MMF5,11,0.1669572880268067,All_Algorithms_Comparison_Results3.mat
NSGA-II,IGDX,MMF5,12,0.17976975777163773,All_Algorithms_Comparison_Results3.mat
NSGA-II,IGDX,MMF5,13,0.17318207455085752,All_Algorithms_Comparison_Results3.mat
NSGA-II,IGDX,MMF5,14,0.18761834045184186,All_Algorithms_Comparison_Results3.mat
NSGA-II,IGDX,MMF5,15,0.1958978490198442,All_Algorithms_Comparison_Results3.mat
NSGA-II,IGDX,MMF5,16,0.17863477589002294,All_Algorithms_Comparison_Results3.mat
NSGA-II,IGDX,MMF5,17,0.16617385120236514,All_Algorithms_Comparison_Results3.mat
NSGA-II,IGDX,MMF5,18,0.215643834814656,All_Algorithms_Comparison_Results3.mat
NSGA-II,IGDX,MMF5,19,0.14572331189699145,All_Algorithms_Comparison_Results3.mat
NSGA-II,IGDX,MMF5,20,0.19296834808036828,All_Algorithms_Comparison_Results3.mat
NSGA-II,IGDX,MMF5,21,0.23404051518466773,All_Algorithms_Comparison_Results3.mat
NSGA-II,IGDX,MMF5,22,0.17115613128555812,All_Algorithms_Comparison_Results3.mat
NSGA-II,IGDX,MMF5,23,0.19258200461072675,All_Algorithms_Comparison_Results3.mat
NSGA-II,IGDX,MMF5,24,0.17397727993301323,All_Algorithms_Comparison_Results3.mat
NSGA-II,IGDX,MMF5,25,0.19906779078816084,All_Algorithms_Comparison_Results3.mat
NSGA-II,IGDX,MMF5,26,0.18598266429721758,All_Algorithms_Comparison_Results3.mat
NSGA-II,IGDX,MMF5,27,0.19210668550246926,All_Algorithms_Comparison_Results3.mat
NSGA-II,IGDX,MMF5,28,0.2420932494520894,All_Algorithms_Comparison_Results3.mat
NSGA-II,IGDX,MMF5,29,0.17653689577255705,All_Algorithms_Comparison_Results3.mat
NSGA-II,IGDX,MMF5,30,0.19735121025091154,All_Algorithms_Comparison_Results3.mat
NSGA-II,IGDX,MMF5,31,0.2038851703901213,All_Algorithms_Comparison_Results3.mat
NSGA-II,IGDX,MMF6,1,0.19787109729208352,All_Algorithms_Comparison_Results3.mat
NSGA-II,IGDX,MMF6,2,0.17593540971065985,All_Algorithms_Comparison_Results3.mat
NSGA-II,IGDX,MMF6,3,0.18073685596801234,All_Algorithms_Comparison_Results3.mat
NSGA-II,IGDX,MMF6,4,0.16717274664939338,All_Algorithms_Comparison_Results3.mat
NSGA-II,IGDX,MMF6,5,0.19066129255390943,All_Algorithms_Comparison_Results3.mat
NSGA-II,IGDX,MMF6,6,0.1797389575660069,All_Algorithms_Comparison_Results3.mat
NSGA-II,IGDX,MMF6,7,0.14049059775596043,All_Algorithms_Comparison_Results3.mat
NSGA-II,IGDX,MMF6,8,0.18064114048025476,All_Algorithms_Comparison_Results3.mat
NSGA-II,IGDX,MMF6,9,0.16283357676667656,All_Algorithms_Comparison_Results3.mat
NSGA-II,IGDX,MMF6,10,0.16673620346017543,All_Algorithms_Comparison_Results3.mat
NSGA-II,IGDX,MMF6,11,0.15339605739658024,All_Algorithms_Comparison_Results3.mat
NSGA-II,IGDX,MMF6,12,0.18202027017681627,All_Algorithms_Comparison_Results3.mat
NSGA-II,IGDX,MMF6,13,0.17207825506754332,All_Algorithms_Comparison_Results3.mat
NSGA-II,IGDX,MMF6,14,0.17559192976754714,All_Algorithms_Comparison_Results3.mat
NSGA-II,IGDX,MMF6,15,0.16496741018353,All_Algorithms_Comparison_Results3.mat
NSGA-II,IGDX,MMF6,16,0.1682203030413277,All_Algorithms_Comparison_Results3.mat
NSGA-II,IGDX,MMF6,17,0.17782583709074892,All_Algorithms_Comparison_Results3.mat
NSGA-II,IGDX,MMF6,18,0.15734575326139466,All_Algorithms_Comparison_Results3.mat
NSGA-II,IGDX,MMF6,19,0.20641348232407888,All_Algorithms_Comparison_Results3.mat
NSGA-II,IGDX,MMF6,20,0.17746444175510745,All_Algorithms_Comparison_Results3.mat
NSGA-II,IGDX,MMF6,21,0.1643118934951147,All_Algorithms_Comparison_Results3.mat
NSGA-II,IGDX,MMF6,22,0.175904574118717,All_Algorithms_Comparison_Results3.mat
NSGA-II,IGDX,MMF6,23,0.14614670578808028,All_Algorithms_Comparison_Results3.mat
NSGA-II,IGDX,MMF6,24,0.1712551819778293,All_Algorithms_Comparison_Results3.mat
NSGA-II,IGDX,MMF6,25,0.1885394570468884,All_Algorithms_Comparison_Results3.mat
NSGA-II,IGDX,MMF6,26,0.163920001353542,All_Algorithms_Comparison_Results3.mat
NSGA-II,IGDX,MMF6,27,0.14259394970567005,All_Algorithms_Comparison_Results3.mat
NSGA-II,IGDX,MMF6,28,0.140217990484658,All_Algorithms_Comparison_Results3.mat
NSGA-II,IGDX,MMF6,29,0.17579022989347082,All_Algorithms_Comparison_Results3.mat
NSGA-II,IGDX,MMF6,30,0.1408976793794898,All_Algorithms_Comparison_Results3.mat
NSGA-II,IGDX,MMF6,31,0.1434210857907987,All_Algorithms_Comparison_Results3.mat
NSGA-II,IGDX,MMF7,1,0.06576143391703285,All_Algorithms_Comparison_Results3.mat
NSGA-II,IGDX,MMF7,2,0.07661034336762484,All_Algorithms_Comparison_Results3.mat
NSGA-II,IGDX,MMF7,3,0.07048945725581841,All_Algorithms_Comparison_Results3.mat
NSGA-II,IGDX,MMF7,4,0.09325147702043778,All_Algorithms_Comparison_Results3.mat
NSGA-II,IGDX,MMF7,5,0.059050689646011706,All_Algorithms_Comparison_Results3.mat
NSGA-II,IGDX,MMF7,6,0.07232045389858793,All_Algorithms_Comparison_Results3.mat
NSGA-II,IGDX,MMF7,7,0.09938763926010427,All_Algorithms_Comparison_Results3.mat
NSGA-II,IGDX,MMF7,8,0.088416928540527,All_Algorithms_Comparison_Results3.mat
NSGA-II,IGDX,MMF7,9,0.07963772960905706,All_Algorithms_Comparison_Results3.mat
NSGA-II,IGDX,MMF7,10,0.0812918917471737,All_Algorithms_Comparison_Results3.mat
NSGA-II,IGDX,MMF7,11,0.06401246787677096,All_Algorithms_Comparison_Results3.mat
NSGA-II,IGDX,MMF7,12,0.0628010323785186,All_Algorithms_Comparison_Results3.mat
NSGA-II,IGDX,MMF7,13,0.07584827394570227,All_Algorithms_Comparison_Results3.mat
NSGA-II,IGDX,MMF7,14,0.07088929167584919,All_Algorithms_Comparison_Results3.mat
NSGA-II,IGDX,MMF7,15,0.07436664561681537,All_Algorithms_Comparison_Results3.mat
NSGA-II,IGDX,MMF7,16,0.0712754816734317,All_Algorithms_Comparison_Results3.mat
NSGA-II,IGDX,MMF7,17,0.06904122346147695,All_Algorithms_Comparison_Results3.mat
NSGA-II,IGDX,MMF7,18,0.09437639911179498,All_Algorithms_Comparison_Results3.mat
NSGA-II,IGDX,MMF7,19,0.08085269324728951,All_Algorithms_Comparison_Results3.mat
NSGA-II,IGDX,MMF7,20,0.0795237721317072,All_Algorithms_Comparison_Results3.mat
NSGA-II,IGDX,MMF7,21,0.06326676243486357,All_Algorithms_Comparison_Results3.mat
NSGA-II,IGDX,MMF7,22,0.07653560980843892,All_Algorithms_Comparison_Results3.mat
NSGA-II,IGDX,MMF7,23,0.07050843506424669,All_Algorithms_Comparison_Results3.mat
NSGA-II,IGDX,MMF7,24,0.10969340366755188,All_Algorithms_Comparison_Results3.mat
NSGA-II,IGDX,MMF7,25,0.08728591018286258,All_Algorithms_Comparison_Results3.mat
NSGA-II,IGDX,MMF7,26,0.07750530805763017,All_Algorithms_Comparison_Results3.mat
NSGA-II,IGDX,MMF7,27,0.08177201745539538,All_Algorithms_Comparison_Results3.mat
NSGA-II,IGDX,MMF7,28,0.07115351427699182,All_Algorithms_Comparison_Results3.mat
NSGA-II,IGDX,MMF7,29,0.06679838568575852,All_Algorithms_Comparison_Results3.mat
NSGA-II,IGDX,MMF7,30,0.06229548645113848,All_Algorithms_Comparison_Results3.mat
NSGA-II,IGDX,MMF7,31,0.0754051334456122,All_Algorithms_Comparison_Results3.mat
NSGA-II,IGDX,MMF8,1,0.7024850446680158,All_Algorithms_Comparison_Results3.mat
NSGA-II,IGDX,MMF8,2,1.543647684572961,All_Algorithms_Comparison_Results3.mat
NSGA-II,IGDX,MMF8,3,1.4417915936006223,All_Algorithms_Comparison_Results3.mat
NSGA-II,IGDX,MMF8,4,0.7408024858772131,All_Algorithms_Comparison_Results3.mat
NSGA-II,IGDX,MMF8,5,1.9827676691980678,All_Algorithms_Comparison_Results3.mat
NSGA-II,IGDX,MMF8,6,1.9920454171290591,All_Algorithms_Comparison_Results3.mat
NSGA-II,IGDX,MMF8,7,1.2392352324324134,All_Algorithms_Comparison_Results3.mat
NSGA-II,IGDX,MMF8,8,2.0472327546901097,All_Algorithms_Comparison_Results3.mat
NSGA-II,IGDX,MMF8,9,1.2722616780751608,All_Algorithms_Comparison_Results3.mat
NSGA-II,IGDX,MMF8,10,0.812349482333864,All_Algorithms_Comparison_Results3.mat
NSGA-II,IGDX,MMF8,11,0.7192298046946113,All_Algorithms_Comparison_Results3.mat
NSGA-II,IGDX,MMF8,12,1.4986310416255384,All_Algorithms_Comparison_Results3.mat
NSGA-II,IGDX,MMF8,13,1.3095516048256932,All_Algorithms_Comparison_Results3.mat
NSGA-II,IGDX,MMF8,14,1.4378144146671343,All_Algorithms_Comparison_Results3.mat
NSGA-II,IGDX,MMF8,15,0.6028495227120017,All_Algorithms_Comparison_Results3.mat
NSGA-II,IGDX,MMF8,16,1.334982411511418,All_Algorithms_Comparison_Results3.mat
NSGA-II,IGDX,MMF8,17,0.8533665128200607,All_Algorithms_Comparison_Results3.mat
NSGA-II,IGDX,MMF8,18,0.6502785625189,All_Algorithms_Comparison_Results3.mat
NSGA-II,IGDX,MMF8,19,0.7991920550228128,All_Algorithms_Comparison_Results3.mat
NSGA-II,IGDX,MMF8,20,0.9168880401167061,All_Algorithms_Comparison_Results3.mat
NSGA-II,IGDX,MMF8,21,0.8213330791488097,All_Algorithms_Comparison_Results3.mat
NSGA-II,IGDX,MMF8,22,0.7264727615631089,All_Algorithms_Comparison_Results3.mat
NSGA-II,IGDX,MMF8,23,0.9017722938559991,All_Algorithms_Comparison_Results3.mat
NSGA-II,IGDX,MMF8,24,0.882747900108962,All_Algorithms_Comparison_Results3.mat
NSGA-II,IGDX,MMF8,25,0.8872001075877349,All_Algorithms_Comparison_Results3.mat
NSGA-II,IGDX,MMF8,26,1.2807109181689469,All_Algorithms_Comparison_Results3.mat
NSGA-II,IGDX,MMF8,27,1.5006636013169952,All_Algorithms_Comparison_Results3.mat
NSGA-II,IGDX,MMF8,28,1.9025925753815485,All_Algorithms_Comparison_Results3.mat
NSGA-II,IGDX,MMF8,29,1.2912597131443204,All_Algorithms_Comparison_Results3.mat
NSGA-II,IGDX,MMF8,30,1.4560147361721891,All_Algorithms_Comparison_Results3.mat
NSGA-II,IGDX,MMF8,31,0.6451846153972316,All_Algorithms_Comparison_Results3.mat
NSGA-II,IGDX,MMF9,1,0.054701328299270546,All_Algorithms_Comparison_Results3.mat
NSGA-II,IGDX,MMF9,2,0.03841279089713636,All_Algorithms_Comparison_Results3.mat
NSGA-II,IGDX,MMF9,3,0.11318210866523037,All_Algorithms_Comparison_Results3.mat
NSGA-II,IGDX,MMF9,4,0.12752782443512548,All_Algorithms_Comparison_Results3.mat
NSGA-II,IGDX,MMF9,5,0.022787889672005443,All_Algorithms_Comparison_Results3.mat
NSGA-II,IGDX,MMF9,6,0.08055359432506362,All_Algorithms_Comparison_Results3.mat
NSGA-II,IGDX,MMF9,7,0.09137601253702768,All_Algorithms_Comparison_Results3.mat
NSGA-II,IGDX,MMF9,8,0.18482499710897202,All_Algorithms_Comparison_Results3.mat
NSGA-II,IGDX,MMF9,9,0.07057359641401134,All_Algorithms_Comparison_Results3.mat
NSGA-II,IGDX,MMF9,10,0.02309773481448925,All_Algorithms_Comparison_Results3.mat
NSGA-II,IGDX,MMF9,11,0.12320885056144683,All_Algorithms_Comparison_Results3.mat
NSGA-II,IGDX,MMF9,12,0.16524797387794832,All_Algorithms_Comparison_Results3.mat
NSGA-II,IGDX,MMF9,13,0.04761023383147249,All_Algorithms_Comparison_Results3.mat
NSGA-II,IGDX,MMF9,14,0.17538598530403765,All_Algorithms_Comparison_Results3.mat
NSGA-II,IGDX,MMF9,15,0.09535775282769332,All_Algorithms_Comparison_Results3.mat
NSGA-II,IGDX,MMF9,16,0.1253725585309751,All_Algorithms_Comparison_Results3.mat
NSGA-II,IGDX,MMF9,17,0.25046923055714093,All_Algorithms_Comparison_Results3.mat
NSGA-II,IGDX,MMF9,18,0.018035580731358702,All_Algorithms_Comparison_Results3.mat
NSGA-II,IGDX,MMF9,19,0.03705105700661205,All_Algorithms_Comparison_Results3.mat
NSGA-II,IGDX,MMF9,20,0.18579427805573417,All_Algorithms_Comparison_Results3.mat
NSGA-II,IGDX,MMF9,21,0.03220836494010088,All_Algorithms_Comparison_Results3.mat
NSGA-II,IGDX,MMF9,22,0.029953167214822187,All_Algorithms_Comparison_Results3.mat
NSGA-II,IGDX,MMF9,23,0.13333316505830184,All_Algorithms_Comparison_Results3.mat
NSGA-II,IGDX,MMF9,24,0.09994317967931604,All_Algorithms_Comparison_Results3.mat
NSGA-II,IGDX,MMF9,25,0.25081647368867704,All_Algorithms_Comparison_Results3.mat
NSGA-II,IGDX,MMF9,26,0.2510701530755136,All_Algorithms_Comparison_Results3.mat
NSGA-II,IGDX,MMF9,27,0.12958317679528367,All_Algorithms_Comparison_Results3.mat
NSGA-II,IGDX,MMF9,28,0.05006174151231447,All_Algorithms_Comparison_Results3.mat
NSGA-II,IGDX,MMF9,29,0.10918945848212301,All_Algorithms_Comparison_Results3.mat
NSGA-II,IGDX,MMF9,30,0.14866675734526383,All_Algorithms_Comparison_Results3.mat
NSGA-II,IGDX,MMF9,31,0.030199203521388728,All_Algorithms_Comparison_Results3.mat
NSGA-II,IGDX,MMF10,1,0.20102958284233854,All_Algorithms_Comparison_Results3.mat
NSGA-II,IGDX,MMF10,2,0.20091720595221943,All_Algorithms_Comparison_Results3.mat
NSGA-II,IGDX,MMF10,3,0.20109622050416648,All_Algorithms_Comparison_Results3.mat
NSGA-II,IGDX,MMF10,4,0.19295655601526826,All_Algorithms_Comparison_Results3.mat
NSGA-II,IGDX,MMF10,5,0.201028529662127,All_Algorithms_Comparison_Results3.mat
NSGA-II,IGDX,MMF10,6,0.15550688214980102,All_Algorithms_Comparison_Results3.mat
NSGA-II,IGDX,MMF10,7,0.19269223666119376,All_Algorithms_Comparison_Results3.mat
NSGA-II,IGDX,MMF10,8,0.2010527350503365,All_Algorithms_Comparison_Results3.mat
NSGA-II,IGDX,MMF10,9,0.13109994887971366,All_Algorithms_Comparison_Results3.mat
NSGA-II,IGDX,MMF10,10,0.2011809282770323,All_Algorithms_Comparison_Results3.mat
NSGA-II,IGDX,MMF10,11,0.2011976717754699,All_Algorithms_Comparison_Results3.mat
NSGA-II,IGDX,MMF10,12,0.1943553049195117,All_Algorithms_Comparison_Results3.mat
NSGA-II,IGDX,MMF10,13,0.1959533527887665,All_Algorithms_Comparison_Results3.mat
NSGA-II,IGDX,MMF10,14,0.12273715091504986,All_Algorithms_Comparison_Results3.mat
NSGA-II,IGDX,MMF10,15,0.12304223640982524,All_Algorithms_Comparison_Results3.mat
NSGA-II,IGDX,MMF10,16,0.2011981348601477,All_Algorithms_Comparison_Results3.mat
NSGA-II,IGDX,MMF10,17,0.20123885751411255,All_Algorithms_Comparison_Results3.mat
NSGA-II,IGDX,MMF10,18,0.20129454628208537,All_Algorithms_Comparison_Results3.mat
NSGA-II,IGDX,MMF10,19,0.2010770909400881,All_Algorithms_Comparison_Results3.mat
NSGA-II,IGDX,MMF10,20,0.20118111541976483,All_Algorithms_Comparison_Results3.mat
NSGA-II,IGDX,MMF10,21,0.20127264471962147,All_Algorithms_Comparison_Results3.mat
NSGA-II,IGDX,MMF10,22,0.20122362804027502,All_Algorithms_Comparison_Results3.mat
NSGA-II,IGDX,MMF10,23,0.20109944407269267,All_Algorithms_Comparison_Results3.mat
NSGA-II,IGDX,MMF10,24,0.12157012531081896,All_Algorithms_Comparison_Results3.mat
NSGA-II,IGDX,MMF10,25,0.19670962955091806,All_Algorithms_Comparison_Results3.mat
NSGA-II,IGDX,MMF10,26,0.18260454013564897,All_Algorithms_Comparison_Results3.mat
NSGA-II,IGDX,MMF10,27,0.14965612722198762,All_Algorithms_Comparison_Results3.mat
NSGA-II,IGDX,MMF10,28,0.19315668470767647,All_Algorithms_Comparison_Results3.mat
NSGA-II,IGDX,MMF10,29,0.1657618232651301,All_Algorithms_Comparison_Results3.mat
NSGA-II,IGDX,MMF10,30,0.20112797359020207,All_Algorithms_Comparison_Results3.mat
NSGA-II,IGDX,MMF10,31,0.20132660083311216,All_Algorithms_Comparison_Results3.mat
NSGA-II,IGDX,MMF11,1,0.250747540669307,All_Algorithms_Comparison_Results3.mat
NSGA-II,IGDX,MMF11,2,0.251334798749029,All_Algorithms_Comparison_Results3.mat
NSGA-II,IGDX,MMF11,3,0.2513023424747692,All_Algorithms_Comparison_Results3.mat
NSGA-II,IGDX,MMF11,4,0.2506641398397595,All_Algorithms_Comparison_Results3.mat
NSGA-II,IGDX,MMF11,5,0.2511099840317159,All_Algorithms_Comparison_Results3.mat
NSGA-II,IGDX,MMF11,6,0.25044140423313954,All_Algorithms_Comparison_Results3.mat
NSGA-II,IGDX,MMF11,7,0.25228142802407005,All_Algorithms_Comparison_Results3.mat
NSGA-II,IGDX,MMF11,8,0.2519269506283911,All_Algorithms_Comparison_Results3.mat
NSGA-II,IGDX,MMF11,9,0.25185284726717705,All_Algorithms_Comparison_Results3.mat
NSGA-II,IGDX,MMF11,10,0.2509071372187007,All_Algorithms_Comparison_Results3.mat
NSGA-II,IGDX,MMF11,11,0.25040044589239285,All_Algorithms_Comparison_Results3.mat
NSGA-II,IGDX,MMF11,12,0.25128578515680394,All_Algorithms_Comparison_Results3.mat
NSGA-II,IGDX,MMF11,13,0.2510114479750459,All_Algorithms_Comparison_Results3.mat
NSGA-II,IGDX,MMF11,14,0.25125097523727874,All_Algorithms_Comparison_Results3.mat
NSGA-II,IGDX,MMF11,15,0.2512358180062455,All_Algorithms_Comparison_Results3.mat
NSGA-II,IGDX,MMF11,16,0.2509178005325416,All_Algorithms_Comparison_Results3.mat
NSGA-II,IGDX,MMF11,17,0.25194806318472507,All_Algorithms_Comparison_Results3.mat
NSGA-II,IGDX,MMF11,18,0.25114110460116273,All_Algorithms_Comparison_Results3.mat
NSGA-II,IGDX,MMF11,19,0.25045267772207735,All_Algorithms_Comparison_Results3.mat
NSGA-II,IGDX,MMF11,20,0.2517823171018613,All_Algorithms_Comparison_Results3.mat
NSGA-II,IGDX,MMF11,21,0.2515241251604728,All_Algorithms_Comparison_Results3.mat
NSGA-II,IGDX,MMF11,22,0.25147453802184416,All_Algorithms_Comparison_Results3.mat
NSGA-II,IGDX,MMF11,23,0.2516147805553087,All_Algorithms_Comparison_Results3.mat
NSGA-II,IGDX,MMF11,24,0.2520136571457256,All_Algorithms_Comparison_Results3.mat
NSGA-II,IGDX,MMF11,25,0.2517662879838306,All_Algorithms_Comparison_Results3.mat
NSGA-II,IGDX,MMF11,26,0.25170705760180695,All_Algorithms_Comparison_Results3.mat
NSGA-II,IGDX,MMF11,27,0.2506822096492076,All_Algorithms_Comparison_Results3.mat
NSGA-II,IGDX,MMF11,28,0.2510741300371066,All_Algorithms_Comparison_Results3.mat
NSGA-II,IGDX,MMF11,29,0.2510816739817105,All_Algorithms_Comparison_Results3.mat
NSGA-II,IGDX,MMF11,30,0.25266961693760637,All_Algorithms_Comparison_Results3.mat
NSGA-II,IGDX,MMF11,31,0.25118066107050324,All_Algorithms_Comparison_Results3.mat
NSGA-II,IGDX,MMF12,1,0.24717981922661061,All_Algorithms_Comparison_Results3.mat
NSGA-II,IGDX,MMF12,2,0.24744979841851783,All_Algorithms_Comparison_Results3.mat
NSGA-II,IGDX,MMF12,3,0.24706876686802504,All_Algorithms_Comparison_Results3.mat
NSGA-II,IGDX,MMF12,4,0.2480108990767327,All_Algorithms_Comparison_Results3.mat
NSGA-II,IGDX,MMF12,5,0.247555177121892,All_Algorithms_Comparison_Results3.mat
NSGA-II,IGDX,MMF12,6,0.19566065424165055,All_Algorithms_Comparison_Results3.mat
NSGA-II,IGDX,MMF12,7,0.24668506624003897,All_Algorithms_Comparison_Results3.mat
NSGA-II,IGDX,MMF12,8,0.24667609306341598,All_Algorithms_Comparison_Results3.mat
NSGA-II,IGDX,MMF12,9,0.24679652181511386,All_Algorithms_Comparison_Results3.mat
NSGA-II,IGDX,MMF12,10,0.24735209251241097,All_Algorithms_Comparison_Results3.mat
NSGA-II,IGDX,MMF12,11,0.2473745744862054,All_Algorithms_Comparison_Results3.mat
NSGA-II,IGDX,MMF12,12,0.24695605747875463,All_Algorithms_Comparison_Results3.mat
NSGA-II,IGDX,MMF12,13,0.24734837159216347,All_Algorithms_Comparison_Results3.mat
NSGA-II,IGDX,MMF12,14,0.24681492919231576,All_Algorithms_Comparison_Results3.mat
NSGA-II,IGDX,MMF12,15,0.2469046091754841,All_Algorithms_Comparison_Results3.mat
NSGA-II,IGDX,MMF12,16,0.195368790366261,All_Algorithms_Comparison_Results3.mat
NSGA-II,IGDX,MMF12,17,0.24762441651745778,All_Algorithms_Comparison_Results3.mat
NSGA-II,IGDX,MMF12,18,0.24708561269946558,All_Algorithms_Comparison_Results3.mat
NSGA-II,IGDX,MMF12,19,0.2471805176986904,All_Algorithms_Comparison_Results3.mat
NSGA-II,IGDX,MMF12,20,0.2467802531856549,All_Algorithms_Comparison_Results3.mat
NSGA-II,IGDX,MMF12,21,0.19538762344404345,All_Algorithms_Comparison_Results3.mat
NSGA-II,IGDX,MMF12,22,0.24689918323374355,All_Algorithms_Comparison_Results3.mat
NSGA-II,IGDX,MMF12,23,0.24679767515919632,All_Algorithms_Comparison_Results3.mat
NSGA-II,IGDX,MMF12,24,0.24700267679421925,All_Algorithms_Comparison_Results3.mat
NSGA-II,IGDX,MMF12,25,0.24757902897304113,All_Algorithms_Comparison_Results3.mat
NSGA-II,IGDX,MMF12,26,0.24776544382702229,All_Algorithms_Comparison_Results3.mat
NSGA-II,IGDX,MMF12,27,0.24730499755459276,All_Algorithms_Comparison_Results3.mat
NSGA-II,IGDX,MMF12,28,0.24752157534878955,All_Algorithms_Comparison_Results3.mat
NSGA-II,IGDX,MMF12,29,0.246931878683103,All_Algorithms_Comparison_Results3.mat
NSGA-II,IGDX,MMF12,30,0.24710158169793667,All_Algorithms_Comparison_Results3.mat
NSGA-II,IGDX,MMF12,31,0.247054322068604,All_Algorithms_Comparison_Results3.mat
NSGA-II,IGDX,MMF13,1,0.29155666991093865,All_Algorithms_Comparison_Results3.mat
NSGA-II,IGDX,MMF13,2,0.3238330766238435,All_Algorithms_Comparison_Results3.mat
NSGA-II,IGDX,MMF13,3,0.3113236798976309,All_Algorithms_Comparison_Results3.mat
NSGA-II,IGDX,MMF13,4,0.294340385091264,All_Algorithms_Comparison_Results3.mat
NSGA-II,IGDX,MMF13,5,0.3124891963768543,All_Algorithms_Comparison_Results3.mat
NSGA-II,IGDX,MMF13,6,0.2994152222452811,All_Algorithms_Comparison_Results3.mat
NSGA-II,IGDX,MMF13,7,0.2961229334091331,All_Algorithms_Comparison_Results3.mat
NSGA-II,IGDX,MMF13,8,0.31210692527461126,All_Algorithms_Comparison_Results3.mat
NSGA-II,IGDX,MMF13,9,0.30848447453981126,All_Algorithms_Comparison_Results3.mat
NSGA-II,IGDX,MMF13,10,0.2871723624433339,All_Algorithms_Comparison_Results3.mat
NSGA-II,IGDX,MMF13,11,0.3441674397565892,All_Algorithms_Comparison_Results3.mat
NSGA-II,IGDX,MMF13,12,0.35060225825712965,All_Algorithms_Comparison_Results3.mat
NSGA-II,IGDX,MMF13,13,0.2971993952758078,All_Algorithms_Comparison_Results3.mat
NSGA-II,IGDX,MMF13,14,0.288650561899666,All_Algorithms_Comparison_Results3.mat
NSGA-II,IGDX,MMF13,15,0.3041335029009223,All_Algorithms_Comparison_Results3.mat
NSGA-II,IGDX,MMF13,16,0.3042955478333623,All_Algorithms_Comparison_Results3.mat
NSGA-II,IGDX,MMF13,17,0.33263695826090633,All_Algorithms_Comparison_Results3.mat
NSGA-II,IGDX,MMF13,18,0.3358906395064922,All_Algorithms_Comparison_Results3.mat
NSGA-II,IGDX,MMF13,19,0.31669878543911006,All_Algorithms_Comparison_Results3.mat
NSGA-II,IGDX,MMF13,20,0.3050018911811785,All_Algorithms_Comparison_Results3.mat
NSGA-II,IGDX,MMF13,21,0.297395585335547,All_Algorithms_Comparison_Results3.mat
NSGA-II,IGDX,MMF13,22,0.284502152507882,All_Algorithms_Comparison_Results3.mat
NSGA-II,IGDX,MMF13,23,0.31838776345056385,All_Algorithms_Comparison_Results3.mat
NSGA-II,IGDX,MMF13,24,0.30544967879225476,All_Algorithms_Comparison_Results3.mat
NSGA-II,IGDX,MMF13,25,0.31057139535457357,All_Algorithms_Comparison_Results3.mat
NSGA-II,IGDX,MMF13,26,0.3477357284302879,All_Algorithms_Comparison_Results3.mat
NSGA-II,IGDX,MMF13,27,0.3131569803840514,All_Algorithms_Comparison_Results3.mat
NSGA-II,IGDX,MMF13,28,0.33007854737723746,All_Algorithms_Comparison_Results3.mat
NSGA-II,IGDX,MMF13,29,0.29617625074993337,All_Algorithms_Comparison_Results3.mat
NSGA-II,IGDX,MMF13,30,0.32541659334460477,All_Algorithms_Comparison_Results3.mat
NSGA-II,IGDX,MMF13,31,0.29453592025871467,All_Algorithms_Comparison_Results3.mat
NSGA-II,IGDX,MMF14,1,0.1107079309442982,All_Algorithms_Comparison_Results3.mat
NSGA-II,IGDX,MMF14,2,0.14864025177262635,All_Algorithms_Comparison_Results3.mat
NSGA-II,IGDX,MMF14,3,0.103935819254429,All_Algorithms_Comparison_Results3.mat
NSGA-II,IGDX,MMF14,4,0.1167373841446361,All_Algorithms_Comparison_Results3.mat
NSGA-II,IGDX,MMF14,5,0.09945926648944191,All_Algorithms_Comparison_Results3.mat
NSGA-II,IGDX,MMF14,6,0.10857939128851088,All_Algorithms_Comparison_Results3.mat
NSGA-II,IGDX,MMF14,7,0.12024432186573254,All_Algorithms_Comparison_Results3.mat
NSGA-II,IGDX,MMF14,8,0.12836446511253777,All_Algorithms_Comparison_Results3.mat
NSGA-II,IGDX,MMF14,9,0.09638212482158307,All_Algorithms_Comparison_Results3.mat
NSGA-II,IGDX,MMF14,10,0.1181450545811384,All_Algorithms_Comparison_Results3.mat
NSGA-II,IGDX,MMF14,11,0.11971225147035625,All_Algorithms_Comparison_Results3.mat
NSGA-II,IGDX,MMF14,12,0.11891501875733033,All_Algorithms_Comparison_Results3.mat
NSGA-II,IGDX,MMF14,13,0.1080436930738249,All_Algorithms_Comparison_Results3.mat
NSGA-II,IGDX,MMF14,14,0.13844478723480638,All_Algorithms_Comparison_Results3.mat
NSGA-II,IGDX,MMF14,15,0.11400371379813964,All_Algorithms_Comparison_Results3.mat
NSGA-II,IGDX,MMF14,16,0.1287441475803921,All_Algorithms_Comparison_Results3.mat
NSGA-II,IGDX,MMF14,17,0.09974577981697648,All_Algorithms_Comparison_Results3.mat
NSGA-II,IGDX,MMF14,18,0.11605019501114784,All_Algorithms_Comparison_Results3.mat
NSGA-II,IGDX,MMF14,19,0.10616668343795552,All_Algorithms_Comparison_Results3.mat
NSGA-II,IGDX,MMF14,20,0.10561080992624247,All_Algorithms_Comparison_Results3.mat
NSGA-II,IGDX,MMF14,21,0.10274900622426199,All_Algorithms_Comparison_Results3.mat
NSGA-II,IGDX,MMF14,22,0.10274802677526314,All_Algorithms_Comparison_Results3.mat
NSGA-II,IGDX,MMF14,23,0.106584800435238,All_Algorithms_Comparison_Results3.mat
NSGA-II,IGDX,MMF14,24,0.10693257855147759,All_Algorithms_Comparison_Results3.mat
NSGA-II,IGDX,MMF14,25,0.1149835938799249,All_Algorithms_Comparison_Results3.mat
NSGA-II,IGDX,MMF14,26,0.11216719183774815,All_Algorithms_Comparison_Results3.mat
NSGA-II,IGDX,MMF14,27,0.09852560890600343,All_Algorithms_Comparison_Results3.mat
NSGA-II,IGDX,MMF14,28,0.09803427997680053,All_Algorithms_Comparison_Results3.mat
NSGA-II,IGDX,MMF14,29,0.09049623831009673,All_Algorithms_Comparison_Results3.mat
NSGA-II,IGDX,MMF14,30,0.11728456227672025,All_Algorithms_Comparison_Results3.mat
NSGA-II,IGDX,MMF14,31,0.10194744132781872,All_Algorithms_Comparison_Results3.mat
NSGA-II,IGDX,MMF15,1,0.2788276375719007,All_Algorithms_Comparison_Results3.mat
NSGA-II,IGDX,MMF15,2,0.24959745501636665,All_Algorithms_Comparison_Results3.mat
NSGA-II,IGDX,MMF15,3,0.28985046004376464,All_Algorithms_Comparison_Results3.mat
NSGA-II,IGDX,MMF15,4,0.24218572378416098,All_Algorithms_Comparison_Results3.mat
NSGA-II,IGDX,MMF15,5,0.2773735652819699,All_Algorithms_Comparison_Results3.mat
NSGA-II,IGDX,MMF15,6,0.2403524653002828,All_Algorithms_Comparison_Results3.mat
NSGA-II,IGDX,MMF15,7,0.24306483726351286,All_Algorithms_Comparison_Results3.mat
NSGA-II,IGDX,MMF15,8,0.22959782074873833,All_Algorithms_Comparison_Results3.mat
NSGA-II,IGDX,MMF15,9,0.21214392028015272,All_Algorithms_Comparison_Results3.mat
NSGA-II,IGDX,MMF15,10,0.2733911571818785,All_Algorithms_Comparison_Results3.mat
NSGA-II,IGDX,MMF15,11,0.23996110505399182,All_Algorithms_Comparison_Results3.mat
NSGA-II,IGDX,MMF15,12,0.23176664990153273,All_Algorithms_Comparison_Results3.mat
NSGA-II,IGDX,MMF15,13,0.28075949877437345,All_Algorithms_Comparison_Results3.mat
NSGA-II,IGDX,MMF15,14,0.22802464625520497,All_Algorithms_Comparison_Results3.mat
NSGA-II,IGDX,MMF15,15,0.24996358527052817,All_Algorithms_Comparison_Results3.mat
NSGA-II,IGDX,MMF15,16,0.24814820985505853,All_Algorithms_Comparison_Results3.mat
NSGA-II,IGDX,MMF15,17,0.25639173000861076,All_Algorithms_Comparison_Results3.mat
NSGA-II,IGDX,MMF15,18,0.2798280960676898,All_Algorithms_Comparison_Results3.mat
NSGA-II,IGDX,MMF15,19,0.28296990816778145,All_Algorithms_Comparison_Results3.mat
NSGA-II,IGDX,MMF15,20,0.2634040169216439,All_Algorithms_Comparison_Results3.mat
NSGA-II,IGDX,MMF15,21,0.2836984148881925,All_Algorithms_Comparison_Results3.mat
NSGA-II,IGDX,MMF15,22,0.23375793559134908,All_Algorithms_Comparison_Results3.mat
NSGA-II,IGDX,MMF15,23,0.2639000898343786,All_Algorithms_Comparison_Results3.mat
NSGA-II,IGDX,MMF15,24,0.2505585873246537,All_Algorithms_Comparison_Results3.mat
NSGA-II,IGDX,MMF15,25,0.2800676205853816,All_Algorithms_Comparison_Results3.mat
NSGA-II,IGDX,MMF15,26,0.2785888526650169,All_Algorithms_Comparison_Results3.mat
NSGA-II,IGDX,MMF15,27,0.24879359312140523,All_Algorithms_Comparison_Results3.mat
NSGA-II,IGDX,MMF15,28,0.2772175693616531,All_Algorithms_Comparison_Results3.mat
NSGA-II,IGDX,MMF15,29,0.2710389435174583,All_Algorithms_Comparison_Results3.mat
NSGA-II,IGDX,MMF15,30,0.2573886810567459,All_Algorithms_Comparison_Results3.mat
NSGA-II,IGDX,MMF15,31,0.26985395520698024,All_Algorithms_Comparison_Results3.mat
NSGA-II,IGDX,MMF1_z,1,0.1360331013553281,All_Algorithms_Comparison_Results3.mat
NSGA-II,IGDX,MMF1_z,2,0.12011379645544216,All_Algorithms_Comparison_Results3.mat
NSGA-II,IGDX,MMF1_z,3,0.19447724910362033,All_Algorithms_Comparison_Results3.mat
NSGA-II,IGDX,MMF1_z,4,0.17441501846870666,All_Algorithms_Comparison_Results3.mat
NSGA-II,IGDX,MMF1_z,5,0.12095912997058385,All_Algorithms_Comparison_Results3.mat
NSGA-II,IGDX,MMF1_z,6,0.12792017594997096,All_Algorithms_Comparison_Results3.mat
NSGA-II,IGDX,MMF1_z,7,0.18313893117163255,All_Algorithms_Comparison_Results3.mat
NSGA-II,IGDX,MMF1_z,8,0.16189719348729725,All_Algorithms_Comparison_Results3.mat
NSGA-II,IGDX,MMF1_z,9,0.11851054255113595,All_Algorithms_Comparison_Results3.mat
NSGA-II,IGDX,MMF1_z,10,0.16627634151776163,All_Algorithms_Comparison_Results3.mat
NSGA-II,IGDX,MMF1_z,11,0.1318290845683744,All_Algorithms_Comparison_Results3.mat
NSGA-II,IGDX,MMF1_z,12,0.13766889121561074,All_Algorithms_Comparison_Results3.mat
NSGA-II,IGDX,MMF1_z,13,0.11362871521015934,All_Algorithms_Comparison_Results3.mat
NSGA-II,IGDX,MMF1_z,14,0.179368260423212,All_Algorithms_Comparison_Results3.mat
NSGA-II,IGDX,MMF1_z,15,0.13162169560665385,All_Algorithms_Comparison_Results3.mat
NSGA-II,IGDX,MMF1_z,16,0.19952839359143915,All_Algorithms_Comparison_Results3.mat
NSGA-II,IGDX,MMF1_z,17,0.1805621721672712,All_Algorithms_Comparison_Results3.mat
NSGA-II,IGDX,MMF1_z,18,0.1798371640064158,All_Algorithms_Comparison_Results3.mat
NSGA-II,IGDX,MMF1_z,19,0.15301467255400883,All_Algorithms_Comparison_Results3.mat
NSGA-II,IGDX,MMF1_z,20,0.1389279134074751,All_Algorithms_Comparison_Results3.mat
NSGA-II,IGDX,MMF1_z,21,0.12945805774036687,All_Algorithms_Comparison_Results3.mat
NSGA-II,IGDX,MMF1_z,22,0.19046362141118564,All_Algorithms_Comparison_Results3.mat
NSGA-II,IGDX,MMF1_z,23,0.11109855618705479,All_Algorithms_Comparison_Results3.mat
NSGA-II,IGDX,MMF1_z,24,0.13634123583563074,All_Algorithms_Comparison_Results3.mat
NSGA-II,IGDX,MMF1_z,25,0.12854126037749325,All_Algorithms_Comparison_Results3.mat
NSGA-II,IGDX,MMF1_z,26,0.20821100397723552,All_Algorithms_Comparison_Results3.mat
NSGA-II,IGDX,MMF1_z,27,0.13079935929941341,All_Algorithms_Comparison_Results3.mat
NSGA-II,IGDX,MMF1_z,28,0.16557916707284334,All_Algorithms_Comparison_Results3.mat
NSGA-II,IGDX,MMF1_z,29,0.14327969486786885,All_Algorithms_Comparison_Results3.mat
NSGA-II,IGDX,MMF1_z,30,0.1480083041748776,All_Algorithms_Comparison_Results3.mat
NSGA-II,IGDX,MMF1_z,31,0.13375563411187139,All_Algorithms_Comparison_Results3.mat
NSGA-II,IGDX,MMF1_e,1,1.4948665450481062,All_Algorithms_Comparison_Results3.mat
NSGA-II,IGDX,MMF1_e,2,1.2543925194239545,All_Algorithms_Comparison_Results3.mat
NSGA-II,IGDX,MMF1_e,3,0.4933937173840322,All_Algorithms_Comparison_Results3.mat
NSGA-II,IGDX,MMF1_e,4,1.245134448266086,All_Algorithms_Comparison_Results3.mat
NSGA-II,IGDX,MMF1_e,5,2.7131957296295304,All_Algorithms_Comparison_Results3.mat
NSGA-II,IGDX,MMF1_e,6,0.9907899388902888,All_Algorithms_Comparison_Results3.mat
NSGA-II,IGDX,MMF1_e,7,2.5047706798525513,All_Algorithms_Comparison_Results3.mat
NSGA-II,IGDX,MMF1_e,8,2.5931246997948794,All_Algorithms_Comparison_Results3.mat
NSGA-II,IGDX,MMF1_e,9,1.5141134703663068,All_Algorithms_Comparison_Results3.mat
NSGA-II,IGDX,MMF1_e,10,2.237517322750114,All_Algorithms_Comparison_Results3.mat
NSGA-II,IGDX,MMF1_e,11,1.7840089671817643,All_Algorithms_Comparison_Results3.mat
NSGA-II,IGDX,MMF1_e,12,2.334536520946644,All_Algorithms_Comparison_Results3.mat
NSGA-II,IGDX,MMF1_e,13,0.9737175385044863,All_Algorithms_Comparison_Results3.mat
NSGA-II,IGDX,MMF1_e,14,1.9916220745068298,All_Algorithms_Comparison_Results3.mat
NSGA-II,IGDX,MMF1_e,15,1.932266102572018,All_Algorithms_Comparison_Results3.mat
NSGA-II,IGDX,MMF1_e,16,1.4910351768299819,All_Algorithms_Comparison_Results3.mat
NSGA-II,IGDX,MMF1_e,17,1.6407624460947978,All_Algorithms_Comparison_Results3.mat
NSGA-II,IGDX,MMF1_e,18,1.6034654775445338,All_Algorithms_Comparison_Results3.mat
NSGA-II,IGDX,MMF1_e,19,3.044244138417316,All_Algorithms_Comparison_Results3.mat
NSGA-II,IGDX,MMF1_e,20,1.2508041928748046,All_Algorithms_Comparison_Results3.mat
NSGA-II,IGDX,MMF1_e,21,2.3770859724592075,All_Algorithms_Comparison_Results3.mat
NSGA-II,IGDX,MMF1_e,22,2.6423204558596414,All_Algorithms_Comparison_Results3.mat
NSGA-II,IGDX,MMF1_e,23,1.0807134466418191,All_Algorithms_Comparison_Results3.mat
NSGA-II,IGDX,MMF1_e,24,1.9652412992460428,All_Algorithms_Comparison_Results3.mat
NSGA-II,IGDX,MMF1_e,25,2.194102516526949,All_Algorithms_Comparison_Results3.mat
NSGA-II,IGDX,MMF1_e,26,0.6155418107016665,All_Algorithms_Comparison_Results3.mat
NSGA-II,IGDX,MMF1_e,27,0.7702511212883207,All_Algorithms_Comparison_Results3.mat
NSGA-II,IGDX,MMF1_e,28,1.2526170843130497,All_Algorithms_Comparison_Results3.mat
NSGA-II,IGDX,MMF1_e,29,1.1808420733883949,All_Algorithms_Comparison_Results3.mat
NSGA-II,IGDX,MMF1_e,30,2.296686296851336,All_Algorithms_Comparison_Results3.mat
NSGA-II,IGDX,MMF1_e,31,2.337155415746649,All_Algorithms_Comparison_Results3.mat
NSGA-II,IGDX,MMF14_a,1,0.16039999119780388,All_Algorithms_Comparison_Results3.mat
NSGA-II,IGDX,MMF14_a,2,0.1465746065232166,All_Algorithms_Comparison_Results3.mat
NSGA-II,IGDX,MMF14_a,3,0.15090803354982976,All_Algorithms_Comparison_Results3.mat
NSGA-II,IGDX,MMF14_a,4,0.1429250175260149,All_Algorithms_Comparison_Results3.mat
NSGA-II,IGDX,MMF14_a,5,0.14434972099321317,All_Algorithms_Comparison_Results3.mat
NSGA-II,IGDX,MMF14_a,6,0.13847797185277194,All_Algorithms_Comparison_Results3.mat
NSGA-II,IGDX,MMF14_a,7,0.1373586699983783,All_Algorithms_Comparison_Results3.mat
NSGA-II,IGDX,MMF14_a,8,0.1385377943613491,All_Algorithms_Comparison_Results3.mat
NSGA-II,IGDX,MMF14_a,9,0.14231445923955535,All_Algorithms_Comparison_Results3.mat
NSGA-II,IGDX,MMF14_a,10,0.15057125358857523,All_Algorithms_Comparison_Results3.mat
NSGA-II,IGDX,MMF14_a,11,0.1371107794416169,All_Algorithms_Comparison_Results3.mat
NSGA-II,IGDX,MMF14_a,12,0.12490900090110826,All_Algorithms_Comparison_Results3.mat
NSGA-II,IGDX,MMF14_a,13,0.12764906198588788,All_Algorithms_Comparison_Results3.mat
NSGA-II,IGDX,MMF14_a,14,0.12574651135103412,All_Algorithms_Comparison_Results3.mat
NSGA-II,IGDX,MMF14_a,15,0.15969588772617663,All_Algorithms_Comparison_Results3.mat
NSGA-II,IGDX,MMF14_a,16,0.17509380143299746,All_Algorithms_Comparison_Results3.mat
NSGA-II,IGDX,MMF14_a,17,0.1526894041546408,All_Algorithms_Comparison_Results3.mat
NSGA-II,IGDX,MMF14_a,18,0.16827477229246965,All_Algorithms_Comparison_Results3.mat
NSGA-II,IGDX,MMF14_a,19,0.14732287936643376,All_Algorithms_Comparison_Results3.mat
NSGA-II,IGDX,MMF14_a,20,0.14706988845482113,All_Algorithms_Comparison_Results3.mat
NSGA-II,IGDX,MMF14_a,21,0.1564873790599703,All_Algorithms_Comparison_Results3.mat
NSGA-II,IGDX,MMF14_a,22,0.12737997241523707,All_Algorithms_Comparison_Results3.mat
NSGA-II,IGDX,MMF14_a,23,0.17119670136864393,All_Algorithms_Comparison_Results3.mat
NSGA-II,IGDX,MMF14_a,24,0.15157998163916936,All_Algorithms_Comparison_Results3.mat
NSGA-II,IGDX,MMF14_a,25,0.13683037009062451,All_Algorithms_Comparison_Results3.mat
NSGA-II,IGDX,MMF14_a,26,0.14876810522177897,All_Algorithms_Comparison_Results3.mat
NSGA-II,IGDX,MMF14_a,27,0.14382279317734017,All_Algorithms_Comparison_Results3.mat
NSGA-II,IGDX,MMF14_a,28,0.20027608342262582,All_Algorithms_Comparison_Results3.mat
NSGA-II,IGDX,MMF14_a,29,0.1390543925393616,All_Algorithms_Comparison_Results3.mat
NSGA-II,IGDX,MMF14_a,30,0.12828848468567525,All_Algorithms_Comparison_Results3.mat
NSGA-II,IGDX,MMF14_a,31,0.1840110936930377,All_Algorithms_Comparison_Results3.mat
NSGA-II,IGDX,MMF15_a,1,0.2315518969393233,All_Algorithms_Comparison_Results3.mat
NSGA-II,IGDX,MMF15_a,2,0.2528759752029724,All_Algorithms_Comparison_Results3.mat
NSGA-II,IGDX,MMF15_a,3,0.2361215198793489,All_Algorithms_Comparison_Results3.mat
NSGA-II,IGDX,MMF15_a,4,0.24786382525819695,All_Algorithms_Comparison_Results3.mat
NSGA-II,IGDX,MMF15_a,5,0.23893444052100005,All_Algorithms_Comparison_Results3.mat
NSGA-II,IGDX,MMF15_a,6,0.2441071320449237,All_Algorithms_Comparison_Results3.mat
NSGA-II,IGDX,MMF15_a,7,0.25237677870304775,All_Algorithms_Comparison_Results3.mat
NSGA-II,IGDX,MMF15_a,8,0.2436879957725232,All_Algorithms_Comparison_Results3.mat
NSGA-II,IGDX,MMF15_a,9,0.25131093602005017,All_Algorithms_Comparison_Results3.mat
NSGA-II,IGDX,MMF15_a,10,0.2334154464077723,All_Algorithms_Comparison_Results3.mat
NSGA-II,IGDX,MMF15_a,11,0.23896914527872296,All_Algorithms_Comparison_Results3.mat
NSGA-II,IGDX,MMF15_a,12,0.23930635057705768,All_Algorithms_Comparison_Results3.mat
NSGA-II,IGDX,MMF15_a,13,0.23984442040596132,All_Algorithms_Comparison_Results3.mat
NSGA-II,IGDX,MMF15_a,14,0.2393872162891871,All_Algorithms_Comparison_Results3.mat
NSGA-II,IGDX,MMF15_a,15,0.21560646362423258,All_Algorithms_Comparison_Results3.mat
NSGA-II,IGDX,MMF15_a,16,0.23046975434308475,All_Algorithms_Comparison_Results3.mat
NSGA-II,IGDX,MMF15_a,17,0.2415718005994495,All_Algorithms_Comparison_Results3.mat
NSGA-II,IGDX,MMF15_a,18,0.23985664261808406,All_Algorithms_Comparison_Results3.mat
NSGA-II,IGDX,MMF15_a,19,0.2390835327381953,All_Algorithms_Comparison_Results3.mat
NSGA-II,IGDX,MMF15_a,20,0.24044776012330157,All_Algorithms_Comparison_Results3.mat
NSGA-II,IGDX,MMF15_a,21,0.23754385276644616,All_Algorithms_Comparison_Results3.mat
NSGA-II,IGDX,MMF15_a,22,0.23681584022649604,All_Algorithms_Comparison_Results3.mat
NSGA-II,IGDX,MMF15_a,23,0.2368687703674239,All_Algorithms_Comparison_Results3.mat
NSGA-II,IGDX,MMF15_a,24,0.23262876261331053,All_Algorithms_Comparison_Results3.mat
NSGA-II,IGDX,MMF15_a,25,0.24263054984669116,All_Algorithms_Comparison_Results3.mat
NSGA-II,IGDX,MMF15_a,26,0.23623941947815655,All_Algorithms_Comparison_Results3.mat
NSGA-II,IGDX,MMF15_a,27,0.24077457797291182,All_Algorithms_Comparison_Results3.mat
NSGA-II,IGDX,MMF15_a,28,0.23852475004783247,All_Algorithms_Comparison_Results3.mat
NSGA-II,IGDX,MMF15_a,29,0.22554862507347453,All_Algorithms_Comparison_Results3.mat
NSGA-II,IGDX,MMF15_a,30,0.23497846281154794,All_Algorithms_Comparison_Results3.mat
NSGA-II,IGDX,MMF15_a,31,0.2262083584932659,All_Algorithms_Comparison_Results3.mat
NSGA-II,IGDX,SYM_PART_simple,1,7.045039726168179,All_Algorithms_Comparison_Results3.mat
NSGA-II,IGDX,SYM_PART_simple,2,11.468002300271234,All_Algorithms_Comparison_Results3.mat
NSGA-II,IGDX,SYM_PART_simple,3,11.478659106895417,All_Algorithms_Comparison_Results3.mat
NSGA-II,IGDX,SYM_PART_simple,4,11.474768608048013,All_Algorithms_Comparison_Results3.mat
NSGA-II,IGDX,SYM_PART_simple,5,8.704052983570792,All_Algorithms_Comparison_Results3.mat
NSGA-II,IGDX,SYM_PART_simple,6,10.011648345731153,All_Algorithms_Comparison_Results3.mat
NSGA-II,IGDX,SYM_PART_simple,7,15.821566404432492,All_Algorithms_Comparison_Results3.mat
NSGA-II,IGDX,SYM_PART_simple,8,11.604076858166906,All_Algorithms_Comparison_Results3.mat
NSGA-II,IGDX,SYM_PART_simple,9,11.48408416962216,All_Algorithms_Comparison_Results3.mat
NSGA-II,IGDX,SYM_PART_simple,10,7.058766723298768,All_Algorithms_Comparison_Results3.mat
NSGA-II,IGDX,SYM_PART_simple,11,11.479582421650996,All_Algorithms_Comparison_Results3.mat
NSGA-II,IGDX,SYM_PART_simple,12,8.44810659500629,All_Algorithms_Comparison_Results3.mat
NSGA-II,IGDX,SYM_PART_simple,13,7.428233892136898,All_Algorithms_Comparison_Results3.mat
NSGA-II,IGDX,SYM_PART_simple,14,8.299023549167817,All_Algorithms_Comparison_Results3.mat
NSGA-II,IGDX,SYM_PART_simple,15,8.310986348444597,All_Algorithms_Comparison_Results3.mat
NSGA-II,IGDX,SYM_PART_simple,16,11.604963340337596,All_Algorithms_Comparison_Results3.mat
NSGA-II,IGDX,SYM_PART_simple,17,8.299073808147064,All_Algorithms_Comparison_Results3.mat
NSGA-II,IGDX,SYM_PART_simple,18,6.989917219628077,All_Algorithms_Comparison_Results3.mat
NSGA-II,IGDX,SYM_PART_simple,19,15.825313299105078,All_Algorithms_Comparison_Results3.mat
NSGA-II,IGDX,SYM_PART_simple,20,13.086912298070256,All_Algorithms_Comparison_Results3.mat
NSGA-II,IGDX,SYM_PART_simple,21,11.473676025923458,All_Algorithms_Comparison_Results3.mat
NSGA-II,IGDX,SYM_PART_simple,22,9.492864976463295,All_Algorithms_Comparison_Results3.mat
NSGA-II,IGDX,SYM_PART_simple,23,11.579533983650641,All_Algorithms_Comparison_Results3.mat
NSGA-II,IGDX,SYM_PART_simple,24,8.430066532232878,All_Algorithms_Comparison_Results3.mat
NSGA-II,IGDX,SYM_PART_simple,25,9.994440028037964,All_Algorithms_Comparison_Results3.mat
NSGA-II,IGDX,SYM_PART_simple,26,8.42595747892954,All_Algorithms_Comparison_Results3.mat
NSGA-II,IGDX,SYM_PART_simple,27,13.089526899736015,All_Algorithms_Comparison_Results3.mat
NSGA-II,IGDX,SYM_PART_simple,28,8.425661849721852,All_Algorithms_Comparison_Results3.mat
NSGA-II,IGDX,SYM_PART_simple,29,8.29102813671154,All_Algorithms_Comparison_Results3.mat
NSGA-II,IGDX,SYM_PART_simple,30,9.025524476560314,All_Algorithms_Comparison_Results3.mat
NSGA-II,IGDX,SYM_PART_simple,31,11.600356503954515,All_Algorithms_Comparison_Results3.mat
NSGA-II,IGDX,SYM_PART_rotated,1,7.831523084391328,All_Algorithms_Comparison_Results3.mat
NSGA-II,IGDX,SYM_PART_rotated,2,5.683360949043687,All_Algorithms_Comparison_Results3.mat
NSGA-II,IGDX,SYM_PART_rotated,3,5.323298989254277,All_Algorithms_Comparison_Results3.mat
NSGA-II,IGDX,SYM_PART_rotated,4,11.604152823793175,All_Algorithms_Comparison_Results3.mat
NSGA-II,IGDX,SYM_PART_rotated,5,7.905225924225556,All_Algorithms_Comparison_Results3.mat
NSGA-II,IGDX,SYM_PART_rotated,6,6.92896404479953,All_Algorithms_Comparison_Results3.mat
NSGA-II,IGDX,SYM_PART_rotated,7,4.758822097291359,All_Algorithms_Comparison_Results3.mat
NSGA-II,IGDX,SYM_PART_rotated,8,7.29013728484564,All_Algorithms_Comparison_Results3.mat
NSGA-II,IGDX,SYM_PART_rotated,9,11.228297361841921,All_Algorithms_Comparison_Results3.mat
NSGA-II,IGDX,SYM_PART_rotated,10,11.670450421407436,All_Algorithms_Comparison_Results3.mat
NSGA-II,IGDX,SYM_PART_rotated,11,5.336995880730249,All_Algorithms_Comparison_Results3.mat
NSGA-II,IGDX,SYM_PART_rotated,12,8.840724065208414,All_Algorithms_Comparison_Results3.mat
NSGA-II,IGDX,SYM_PART_rotated,13,11.412492081783599,All_Algorithms_Comparison_Results3.mat
NSGA-II,IGDX,SYM_PART_rotated,14,3.420349437895254,All_Algorithms_Comparison_Results3.mat
NSGA-II,IGDX,SYM_PART_rotated,15,3.2729715209865864,All_Algorithms_Comparison_Results3.mat
NSGA-II,IGDX,SYM_PART_rotated,16,7.174588775186638,All_Algorithms_Comparison_Results3.mat
NSGA-II,IGDX,SYM_PART_rotated,17,5.238407734379045,All_Algorithms_Comparison_Results3.mat
NSGA-II,IGDX,SYM_PART_rotated,18,5.4816533430144805,All_Algorithms_Comparison_Results3.mat
NSGA-II,IGDX,SYM_PART_rotated,19,7.926371123142193,All_Algorithms_Comparison_Results3.mat
NSGA-II,IGDX,SYM_PART_rotated,20,3.383409435508603,All_Algorithms_Comparison_Results3.mat
NSGA-II,IGDX,SYM_PART_rotated,21,11.221493449084495,All_Algorithms_Comparison_Results3.mat
NSGA-II,IGDX,SYM_PART_rotated,22,6.517333307053927,All_Algorithms_Comparison_Results3.mat
NSGA-II,IGDX,SYM_PART_rotated,23,7.600686521347242,All_Algorithms_Comparison_Results3.mat
NSGA-II,IGDX,SYM_PART_rotated,24,11.232960591120115,All_Algorithms_Comparison_Results3.mat
NSGA-II,IGDX,SYM_PART_rotated,25,10.191041900129205,All_Algorithms_Comparison_Results3.mat
NSGA-II,IGDX,SYM_PART_rotated,26,7.842960396079908,All_Algorithms_Comparison_Results3.mat
NSGA-II,IGDX,SYM_PART_rotated,27,15.819128926587164,All_Algorithms_Comparison_Results3.mat
NSGA-II,IGDX,SYM_PART_rotated,28,11.572252962558485,All_Algorithms_Comparison_Results3.mat
NSGA-II,IGDX,SYM_PART_rotated,29,11.367867132309046,All_Algorithms_Comparison_Results3.mat
NSGA-II,IGDX,SYM_PART_rotated,30,3.1179817341516816,All_Algorithms_Comparison_Results3.mat
NSGA-II,IGDX,SYM_PART_rotated,31,5.994628620834611,All_Algorithms_Comparison_Results3.mat
NSGA-II,IGDX,Omni_test,1,1.8572922199693638,All_Algorithms_Comparison_Results3.mat
NSGA-II,IGDX,Omni_test,2,1.954453736835336,All_Algorithms_Comparison_Results3.mat
NSGA-II,IGDX,Omni_test,3,1.8732099547298542,All_Algorithms_Comparison_Results3.mat
NSGA-II,IGDX,Omni_test,4,2.0104514637260085,All_Algorithms_Comparison_Results3.mat
NSGA-II,IGDX,Omni_test,5,2.011602282100824,All_Algorithms_Comparison_Results3.mat
NSGA-II,IGDX,Omni_test,6,1.9502629318067863,All_Algorithms_Comparison_Results3.mat
NSGA-II,IGDX,Omni_test,7,2.322911742246188,All_Algorithms_Comparison_Results3.mat
NSGA-II,IGDX,Omni_test,8,1.885057033342304,All_Algorithms_Comparison_Results3.mat
NSGA-II,IGDX,Omni_test,9,2.0617324030565616,All_Algorithms_Comparison_Results3.mat
NSGA-II,IGDX,Omni_test,10,2.873693953701179,All_Algorithms_Comparison_Results3.mat
NSGA-II,IGDX,Omni_test,11,1.8753487188877753,All_Algorithms_Comparison_Results3.mat
NSGA-II,IGDX,Omni_test,12,1.8102825132452187,All_Algorithms_Comparison_Results3.mat
NSGA-II,IGDX,Omni_test,13,1.7179150116258692,All_Algorithms_Comparison_Results3.mat
NSGA-II,IGDX,Omni_test,14,1.6922135604475192,All_Algorithms_Comparison_Results3.mat
NSGA-II,IGDX,Omni_test,15,2.070006686960259,All_Algorithms_Comparison_Results3.mat
NSGA-II,IGDX,Omni_test,16,1.9310166543091452,All_Algorithms_Comparison_Results3.mat
NSGA-II,IGDX,Omni_test,17,2.3673052673255097,All_Algorithms_Comparison_Results3.mat
NSGA-II,IGDX,Omni_test,18,2.2020265877858987,All_Algorithms_Comparison_Results3.mat
NSGA-II,IGDX,Omni_test,19,2.015360839390391,All_Algorithms_Comparison_Results3.mat
NSGA-II,IGDX,Omni_test,20,2.2725299395196332,All_Algorithms_Comparison_Results3.mat
NSGA-II,IGDX,Omni_test,21,1.5615451230454,All_Algorithms_Comparison_Results3.mat
NSGA-II,IGDX,Omni_test,22,2.1746255344444565,All_Algorithms_Comparison_Results3.mat
NSGA-II,IGDX,Omni_test,23,2.320185886962349,All_Algorithms_Comparison_Results3.mat
NSGA-II,IGDX,Omni_test,24,2.092363336434897,All_Algorithms_Comparison_Results3.mat
NSGA-II,IGDX,Omni_test,25,2.175402688343985,All_Algorithms_Comparison_Results3.mat
NSGA-II,IGDX,Omni_test,26,2.03389751234757,All_Algorithms_Comparison_Results3.mat
NSGA-II,IGDX,Omni_test,27,1.8213077974306766,All_Algorithms_Comparison_Results3.mat
NSGA-II,IGDX,Omni_test,28,1.7110396816929414,All_Algorithms_Comparison_Results3.mat
NSGA-II,IGDX,Omni_test,29,1.5644248722233305,All_Algorithms_Comparison_Results3.mat
NSGA-II,IGDX,Omni_test,30,2.098501974278746,All_Algorithms_Comparison_Results3.mat
NSGA-II,IGDX,Omni_test,31,2.2240296361019984,All_Algorithms_Comparison_Results3.mat
NSGA-II,IGDF,MMF1,1,0.002437661316747412,All_Algorithms_Comparison_Results3.mat
NSGA-II,IGDF,MMF1,2,0.0027714405848721126,All_Algorithms_Comparison_Results3.mat
NSGA-II,IGDF,MMF1,3,0.0024919347527682582,All_Algorithms_Comparison_Results3.mat
NSGA-II,IGDF,MMF1,4,0.0030993993037904096,All_Algorithms_Comparison_Results3.mat
NSGA-II,IGDF,MMF1,5,0.0028086050733799168,All_Algorithms_Comparison_Results3.mat
NSGA-II,IGDF,MMF1,6,0.0025999869770968755,All_Algorithms_Comparison_Results3.mat
NSGA-II,IGDF,MMF1,7,0.002993119423057033,All_Algorithms_Comparison_Results3.mat
NSGA-II,IGDF,MMF1,8,0.002774240441222357,All_Algorithms_Comparison_Results3.mat
NSGA-II,IGDF,MMF1,9,0.0029263114707993917,All_Algorithms_Comparison_Results3.mat
NSGA-II,IGDF,MMF1,10,0.0027659932734800667,All_Algorithms_Comparison_Results3.mat
NSGA-II,IGDF,MMF1,11,0.0028650397329225813,All_Algorithms_Comparison_Results3.mat
NSGA-II,IGDF,MMF1,12,0.0028189393542410774,All_Algorithms_Comparison_Results3.mat
NSGA-II,IGDF,MMF1,13,0.0027381264048284126,All_Algorithms_Comparison_Results3.mat
NSGA-II,IGDF,MMF1,14,0.0028002489503072036,All_Algorithms_Comparison_Results3.mat
NSGA-II,IGDF,MMF1,15,0.0028724339261308922,All_Algorithms_Comparison_Results3.mat
NSGA-II,IGDF,MMF1,16,0.002759287434720843,All_Algorithms_Comparison_Results3.mat
NSGA-II,IGDF,MMF1,17,0.0026900947340141655,All_Algorithms_Comparison_Results3.mat
NSGA-II,IGDF,MMF1,18,0.0028728315328423195,All_Algorithms_Comparison_Results3.mat
NSGA-II,IGDF,MMF1,19,0.002775810997909017,All_Algorithms_Comparison_Results3.mat
NSGA-II,IGDF,MMF1,20,0.0028466310975282074,All_Algorithms_Comparison_Results3.mat
NSGA-II,IGDF,MMF1,21,0.003491548543546744,All_Algorithms_Comparison_Results3.mat
NSGA-II,IGDF,MMF1,22,0.0025154926985055228,All_Algorithms_Comparison_Results3.mat
NSGA-II,IGDF,MMF1,23,0.003082477917590064,All_Algorithms_Comparison_Results3.mat
NSGA-II,IGDF,MMF1,24,0.002760481914647749,All_Algorithms_Comparison_Results3.mat
NSGA-II,IGDF,MMF1,25,0.0028913766401337886,All_Algorithms_Comparison_Results3.mat
NSGA-II,IGDF,MMF1,26,0.0028148440899715323,All_Algorithms_Comparison_Results3.mat
NSGA-II,IGDF,MMF1,27,0.003104184021231762,All_Algorithms_Comparison_Results3.mat
NSGA-II,IGDF,MMF1,28,0.002830697718987,All_Algorithms_Comparison_Results3.mat
NSGA-II,IGDF,MMF1,29,0.0026157331900423693,All_Algorithms_Comparison_Results3.mat
NSGA-II,IGDF,MMF1,30,0.0030609312221942992,All_Algorithms_Comparison_Results3.mat
NSGA-II,IGDF,MMF1,31,0.0026120160946792375,All_Algorithms_Comparison_Results3.mat
NSGA-II,IGDF,MMF2,1,0.003317993300943169,All_Algorithms_Comparison_Results3.mat
NSGA-II,IGDF,MMF2,2,0.003479994035652007,All_Algorithms_Comparison_Results3.mat
NSGA-II,IGDF,MMF2,3,0.004044538992902854,All_Algorithms_Comparison_Results3.mat
NSGA-II,IGDF,MMF2,4,0.0024537381915407342,All_Algorithms_Comparison_Results3.mat
NSGA-II,IGDF,MMF2,5,0.023529518789341827,All_Algorithms_Comparison_Results3.mat
NSGA-II,IGDF,MMF2,6,0.002801143409011747,All_Algorithms_Comparison_Results3.mat
NSGA-II,IGDF,MMF2,7,0.002831243861257744,All_Algorithms_Comparison_Results3.mat
NSGA-II,IGDF,MMF2,8,0.019388489537847303,All_Algorithms_Comparison_Results3.mat
NSGA-II,IGDF,MMF2,9,0.004722894784350589,All_Algorithms_Comparison_Results3.mat
NSGA-II,IGDF,MMF2,10,0.006056585151818136,All_Algorithms_Comparison_Results3.mat
NSGA-II,IGDF,MMF2,11,0.0061947485426450035,All_Algorithms_Comparison_Results3.mat
NSGA-II,IGDF,MMF2,12,0.003169243698417931,All_Algorithms_Comparison_Results3.mat
NSGA-II,IGDF,MMF2,13,0.004486853119304507,All_Algorithms_Comparison_Results3.mat
NSGA-II,IGDF,MMF2,14,0.009399146633336318,All_Algorithms_Comparison_Results3.mat
NSGA-II,IGDF,MMF2,15,0.0027606273752399306,All_Algorithms_Comparison_Results3.mat
NSGA-II,IGDF,MMF2,16,0.003035523757795091,All_Algorithms_Comparison_Results3.mat
NSGA-II,IGDF,MMF2,17,0.0026702463594555927,All_Algorithms_Comparison_Results3.mat
NSGA-II,IGDF,MMF2,18,0.0029158569146645053,All_Algorithms_Comparison_Results3.mat
NSGA-II,IGDF,MMF2,19,0.013249400195600258,All_Algorithms_Comparison_Results3.mat
NSGA-II,IGDF,MMF2,20,0.00592596248371651,All_Algorithms_Comparison_Results3.mat
NSGA-II,IGDF,MMF2,21,0.023016263646270872,All_Algorithms_Comparison_Results3.mat
NSGA-II,IGDF,MMF2,22,0.003339962726635738,All_Algorithms_Comparison_Results3.mat
NSGA-II,IGDF,MMF2,23,0.002803897547403695,All_Algorithms_Comparison_Results3.mat
NSGA-II,IGDF,MMF2,24,0.0031322065824536884,All_Algorithms_Comparison_Results3.mat
NSGA-II,IGDF,MMF2,25,0.02952562139120933,All_Algorithms_Comparison_Results3.mat
NSGA-II,IGDF,MMF2,26,0.007430656817225076,All_Algorithms_Comparison_Results3.mat
NSGA-II,IGDF,MMF2,27,0.02764431597067624,All_Algorithms_Comparison_Results3.mat
NSGA-II,IGDF,MMF2,28,0.0028620670544426117,All_Algorithms_Comparison_Results3.mat
NSGA-II,IGDF,MMF2,29,0.01752757939500514,All_Algorithms_Comparison_Results3.mat
NSGA-II,IGDF,MMF2,30,0.008205147015404712,All_Algorithms_Comparison_Results3.mat
NSGA-II,IGDF,MMF2,31,0.0033694507532120704,All_Algorithms_Comparison_Results3.mat
NSGA-II,IGDF,MMF3,1,0.0025416577167374993,All_Algorithms_Comparison_Results3.mat
NSGA-II,IGDF,MMF3,2,0.05986730908053737,All_Algorithms_Comparison_Results3.mat
NSGA-II,IGDF,MMF3,3,0.007482238052996578,All_Algorithms_Comparison_Results3.mat
NSGA-II,IGDF,MMF3,4,0.013155586623412296,All_Algorithms_Comparison_Results3.mat
NSGA-II,IGDF,MMF3,5,0.0034524536674773254,All_Algorithms_Comparison_Results3.mat
NSGA-II,IGDF,MMF3,6,0.0355949126394059,All_Algorithms_Comparison_Results3.mat
NSGA-II,IGDF,MMF3,7,0.003860770275646244,All_Algorithms_Comparison_Results3.mat
NSGA-II,IGDF,MMF3,8,0.004803276003463502,All_Algorithms_Comparison_Results3.mat
NSGA-II,IGDF,MMF3,9,0.0025981432858950514,All_Algorithms_Comparison_Results3.mat
NSGA-II,IGDF,MMF3,10,0.005796597156820822,All_Algorithms_Comparison_Results3.mat
NSGA-II,IGDF,MMF3,11,0.002620354328398922,All_Algorithms_Comparison_Results3.mat
NSGA-II,IGDF,MMF3,12,0.007883350715378563,All_Algorithms_Comparison_Results3.mat
NSGA-II,IGDF,MMF3,13,0.002859456353021274,All_Algorithms_Comparison_Results3.mat
NSGA-II,IGDF,MMF3,14,0.010257370167592001,All_Algorithms_Comparison_Results3.mat
NSGA-II,IGDF,MMF3,15,0.003192252740973009,All_Algorithms_Comparison_Results3.mat
NSGA-II,IGDF,MMF3,16,0.002849606517870959,All_Algorithms_Comparison_Results3.mat
NSGA-II,IGDF,MMF3,17,0.006646724778197274,All_Algorithms_Comparison_Results3.mat
NSGA-II,IGDF,MMF3,18,0.0029454111813262745,All_Algorithms_Comparison_Results3.mat
NSGA-II,IGDF,MMF3,19,0.010165080019848005,All_Algorithms_Comparison_Results3.mat
NSGA-II,IGDF,MMF3,20,0.019247938124534358,All_Algorithms_Comparison_Results3.mat
NSGA-II,IGDF,MMF3,21,0.002699660076724034,All_Algorithms_Comparison_Results3.mat
NSGA-II,IGDF,MMF3,22,0.005817663796886225,All_Algorithms_Comparison_Results3.mat
NSGA-II,IGDF,MMF3,23,0.005083828167634065,All_Algorithms_Comparison_Results3.mat
NSGA-II,IGDF,MMF3,24,0.004618484900973485,All_Algorithms_Comparison_Results3.mat
NSGA-II,IGDF,MMF3,25,0.009283940034681233,All_Algorithms_Comparison_Results3.mat
NSGA-II,IGDF,MMF3,26,0.0030067494893054702,All_Algorithms_Comparison_Results3.mat
NSGA-II,IGDF,MMF3,27,0.0036479364693496924,All_Algorithms_Comparison_Results3.mat
NSGA-II,IGDF,MMF3,28,0.003032190116233432,All_Algorithms_Comparison_Results3.mat
NSGA-II,IGDF,MMF3,29,0.004624189640317053,All_Algorithms_Comparison_Results3.mat
NSGA-II,IGDF,MMF3,30,0.007550157375608365,All_Algorithms_Comparison_Results3.mat
NSGA-II,IGDF,MMF3,31,0.02177302232562552,All_Algorithms_Comparison_Results3.mat
NSGA-II,IGDF,MMF4,1,0.0024973742832517633,All_Algorithms_Comparison_Results3.mat
NSGA-II,IGDF,MMF4,2,0.002459434289793601,All_Algorithms_Comparison_Results3.mat
NSGA-II,IGDF,MMF4,3,0.0025797056783851934,All_Algorithms_Comparison_Results3.mat
NSGA-II,IGDF,MMF4,4,0.002771525874557884,All_Algorithms_Comparison_Results3.mat
NSGA-II,IGDF,MMF4,5,0.002333294662396507,All_Algorithms_Comparison_Results3.mat
NSGA-II,IGDF,MMF4,6,0.002685693157704727,All_Algorithms_Comparison_Results3.mat
NSGA-II,IGDF,MMF4,7,0.0025599195210034426,All_Algorithms_Comparison_Results3.mat
NSGA-II,IGDF,MMF4,8,0.0024757387964619215,All_Algorithms_Comparison_Results3.mat
NSGA-II,IGDF,MMF4,9,0.002625300257972103,All_Algorithms_Comparison_Results3.mat
NSGA-II,IGDF,MMF4,10,0.0025903257449663908,All_Algorithms_Comparison_Results3.mat
NSGA-II,IGDF,MMF4,11,0.0024485610002703767,All_Algorithms_Comparison_Results3.mat
NSGA-II,IGDF,MMF4,12,0.002734834409561717,All_Algorithms_Comparison_Results3.mat
NSGA-II,IGDF,MMF4,13,0.0024263870309594996,All_Algorithms_Comparison_Results3.mat
NSGA-II,IGDF,MMF4,14,0.002655946095805058,All_Algorithms_Comparison_Results3.mat
NSGA-II,IGDF,MMF4,15,0.0024957235788619645,All_Algorithms_Comparison_Results3.mat
NSGA-II,IGDF,MMF4,16,0.002501756871543768,All_Algorithms_Comparison_Results3.mat
NSGA-II,IGDF,MMF4,17,0.002650347994655504,All_Algorithms_Comparison_Results3.mat
NSGA-II,IGDF,MMF4,18,0.0025698490391481044,All_Algorithms_Comparison_Results3.mat
NSGA-II,IGDF,MMF4,19,0.002728846076043189,All_Algorithms_Comparison_Results3.mat
NSGA-II,IGDF,MMF4,20,0.002804329285138062,All_Algorithms_Comparison_Results3.mat
NSGA-II,IGDF,MMF4,21,0.002522184387383757,All_Algorithms_Comparison_Results3.mat
NSGA-II,IGDF,MMF4,22,0.002308092058816449,All_Algorithms_Comparison_Results3.mat
NSGA-II,IGDF,MMF4,23,0.002707697253654977,All_Algorithms_Comparison_Results3.mat
NSGA-II,IGDF,MMF4,24,0.002549654894413581,All_Algorithms_Comparison_Results3.mat
NSGA-II,IGDF,MMF4,25,0.0024242995209969136,All_Algorithms_Comparison_Results3.mat
NSGA-II,IGDF,MMF4,26,0.0026204908428109517,All_Algorithms_Comparison_Results3.mat
NSGA-II,IGDF,MMF4,27,0.0024194167251958116,All_Algorithms_Comparison_Results3.mat
NSGA-II,IGDF,MMF4,28,0.0024778136451553408,All_Algorithms_Comparison_Results3.mat
NSGA-II,IGDF,MMF4,29,0.002833861399442,All_Algorithms_Comparison_Results3.mat
NSGA-II,IGDF,MMF4,30,0.002519286899908592,All_Algorithms_Comparison_Results3.mat
NSGA-II,IGDF,MMF4,31,0.00249755198760942,All_Algorithms_Comparison_Results3.mat
NSGA-II,IGDF,MMF5,1,0.002529178447513694,All_Algorithms_Comparison_Results3.mat
NSGA-II,IGDF,MMF5,2,0.0027213958363713625,All_Algorithms_Comparison_Results3.mat
NSGA-II,IGDF,MMF5,3,0.002500070459636727,All_Algorithms_Comparison_Results3.mat
NSGA-II,IGDF,MMF5,4,0.002681167596715441,All_Algorithms_Comparison_Results3.mat
NSGA-II,IGDF,MMF5,5,0.0026619661875078946,All_Algorithms_Comparison_Results3.mat
NSGA-II,IGDF,MMF5,6,0.0028739320839637106,All_Algorithms_Comparison_Results3.mat
NSGA-II,IGDF,MMF5,7,0.002659491232086933,All_Algorithms_Comparison_Results3.mat
NSGA-II,IGDF,MMF5,8,0.002797955422150536,All_Algorithms_Comparison_Results3.mat
NSGA-II,IGDF,MMF5,9,0.002529652482032671,All_Algorithms_Comparison_Results3.mat
NSGA-II,IGDF,MMF5,10,0.002624188076903842,All_Algorithms_Comparison_Results3.mat
NSGA-II,IGDF,MMF5,11,0.0024979072670087555,All_Algorithms_Comparison_Results3.mat
NSGA-II,IGDF,MMF5,12,0.0025612132880262067,All_Algorithms_Comparison_Results3.mat
NSGA-II,IGDF,MMF5,13,0.0026224638119214487,All_Algorithms_Comparison_Results3.mat
NSGA-II,IGDF,MMF5,14,0.002554027144512763,All_Algorithms_Comparison_Results3.mat
NSGA-II,IGDF,MMF5,15,0.0025438392912256907,All_Algorithms_Comparison_Results3.mat
NSGA-II,IGDF,MMF5,16,0.002641155075311735,All_Algorithms_Comparison_Results3.mat
NSGA-II,IGDF,MMF5,17,0.0029082149191545703,All_Algorithms_Comparison_Results3.mat
NSGA-II,IGDF,MMF5,18,0.0027003516000073317,All_Algorithms_Comparison_Results3.mat
NSGA-II,IGDF,MMF5,19,0.002937252360210531,All_Algorithms_Comparison_Results3.mat
NSGA-II,IGDF,MMF5,20,0.0026449133424862894,All_Algorithms_Comparison_Results3.mat
NSGA-II,IGDF,MMF5,21,0.0027185693863543193,All_Algorithms_Comparison_Results3.mat
NSGA-II,IGDF,MMF5,22,0.0026593530988627224,All_Algorithms_Comparison_Results3.mat
NSGA-II,IGDF,MMF5,23,0.0025592410994097377,All_Algorithms_Comparison_Results3.mat
NSGA-II,IGDF,MMF5,24,0.0025372775142664616,All_Algorithms_Comparison_Results3.mat
NSGA-II,IGDF,MMF5,25,0.002590423110151874,All_Algorithms_Comparison_Results3.mat
NSGA-II,IGDF,MMF5,26,0.002575193022573667,All_Algorithms_Comparison_Results3.mat
NSGA-II,IGDF,MMF5,27,0.002650865179684888,All_Algorithms_Comparison_Results3.mat
NSGA-II,IGDF,MMF5,28,0.002566104931152696,All_Algorithms_Comparison_Results3.mat
NSGA-II,IGDF,MMF5,29,0.0027454019344073234,All_Algorithms_Comparison_Results3.mat
NSGA-II,IGDF,MMF5,30,0.002675648852800974,All_Algorithms_Comparison_Results3.mat
NSGA-II,IGDF,MMF5,31,0.0030193788192194636,All_Algorithms_Comparison_Results3.mat
NSGA-II,IGDF,MMF6,1,0.002617874278944788,All_Algorithms_Comparison_Results3.mat
NSGA-II,IGDF,MMF6,2,0.0028630648377601844,All_Algorithms_Comparison_Results3.mat
NSGA-II,IGDF,MMF6,3,0.002635974537047908,All_Algorithms_Comparison_Results3.mat
NSGA-II,IGDF,MMF6,4,0.0027134026515026675,All_Algorithms_Comparison_Results3.mat
NSGA-II,IGDF,MMF6,5,0.0026284645663524047,All_Algorithms_Comparison_Results3.mat
NSGA-II,IGDF,MMF6,6,0.0027318877943318504,All_Algorithms_Comparison_Results3.mat
NSGA-II,IGDF,MMF6,7,0.0025462936459984,All_Algorithms_Comparison_Results3.mat
NSGA-II,IGDF,MMF6,8,0.0029899504166733294,All_Algorithms_Comparison_Results3.mat
NSGA-II,IGDF,MMF6,9,0.002691029152829935,All_Algorithms_Comparison_Results3.mat
NSGA-II,IGDF,MMF6,10,0.002559685304803482,All_Algorithms_Comparison_Results3.mat
NSGA-II,IGDF,MMF6,11,0.002987396664699,All_Algorithms_Comparison_Results3.mat
NSGA-II,IGDF,MMF6,12,0.002652261273058973,All_Algorithms_Comparison_Results3.mat
NSGA-II,IGDF,MMF6,13,0.0026835247684280465,All_Algorithms_Comparison_Results3.mat
NSGA-II,IGDF,MMF6,14,0.0027434280289258335,All_Algorithms_Comparison_Results3.mat
NSGA-II,IGDF,MMF6,15,0.0026381464136312656,All_Algorithms_Comparison_Results3.mat
NSGA-II,IGDF,MMF6,16,0.0027884065549517545,All_Algorithms_Comparison_Results3.mat
NSGA-II,IGDF,MMF6,17,0.002589630611124446,All_Algorithms_Comparison_Results3.mat
NSGA-II,IGDF,MMF6,18,0.002635981502806214,All_Algorithms_Comparison_Results3.mat
NSGA-II,IGDF,MMF6,19,0.00269109108519168,All_Algorithms_Comparison_Results3.mat
NSGA-II,IGDF,MMF6,20,0.0026887484030455834,All_Algorithms_Comparison_Results3.mat
NSGA-II,IGDF,MMF6,21,0.002822845609192249,All_Algorithms_Comparison_Results3.mat
NSGA-II,IGDF,MMF6,22,0.0027246947828320615,All_Algorithms_Comparison_Results3.mat
NSGA-II,IGDF,MMF6,23,0.002666566014792623,All_Algorithms_Comparison_Results3.mat
NSGA-II,IGDF,MMF6,24,0.0025048488236397454,All_Algorithms_Comparison_Results3.mat
NSGA-II,IGDF,MMF6,25,0.0025613948535644056,All_Algorithms_Comparison_Results3.mat
NSGA-II,IGDF,MMF6,26,0.0025155375417728974,All_Algorithms_Comparison_Results3.mat
NSGA-II,IGDF,MMF6,27,0.0027037621639198527,All_Algorithms_Comparison_Results3.mat
NSGA-II,IGDF,MMF6,28,0.002941267247906916,All_Algorithms_Comparison_Results3.mat
NSGA-II,IGDF,MMF6,29,0.0026378625730951065,All_Algorithms_Comparison_Results3.mat
NSGA-II,IGDF,MMF6,30,0.002648966500637051,All_Algorithms_Comparison_Results3.mat
NSGA-II,IGDF,MMF6,31,0.002581045278363468,All_Algorithms_Comparison_Results3.mat
NSGA-II,IGDF,MMF7,1,0.002616600782042588,All_Algorithms_Comparison_Results3.mat
NSGA-II,IGDF,MMF7,2,0.0027207533435385568,All_Algorithms_Comparison_Results3.mat
NSGA-II,IGDF,MMF7,3,0.002618554400409217,All_Algorithms_Comparison_Results3.mat
NSGA-II,IGDF,MMF7,4,0.0026972973587059924,All_Algorithms_Comparison_Results3.mat
NSGA-II,IGDF,MMF7,5,0.0027140618037083315,All_Algorithms_Comparison_Results3.mat
NSGA-II,IGDF,MMF7,6,0.0024802926289148094,All_Algorithms_Comparison_Results3.mat
NSGA-II,IGDF,MMF7,7,0.002773025476964689,All_Algorithms_Comparison_Results3.mat
NSGA-II,IGDF,MMF7,8,0.0025913267539259305,All_Algorithms_Comparison_Results3.mat
NSGA-II,IGDF,MMF7,9,0.002729333010028028,All_Algorithms_Comparison_Results3.mat
NSGA-II,IGDF,MMF7,10,0.002683105233927955,All_Algorithms_Comparison_Results3.mat
NSGA-II,IGDF,MMF7,11,0.002646850188234258,All_Algorithms_Comparison_Results3.mat
NSGA-II,IGDF,MMF7,12,0.0025517427765284926,All_Algorithms_Comparison_Results3.mat
NSGA-II,IGDF,MMF7,13,0.0025617523461597485,All_Algorithms_Comparison_Results3.mat
NSGA-II,IGDF,MMF7,14,0.002618691882343428,All_Algorithms_Comparison_Results3.mat
NSGA-II,IGDF,MMF7,15,0.0025599012494249094,All_Algorithms_Comparison_Results3.mat
NSGA-II,IGDF,MMF7,16,0.002642819098659557,All_Algorithms_Comparison_Results3.mat
NSGA-II,IGDF,MMF7,17,0.0026125717518670722,All_Algorithms_Comparison_Results3.mat
NSGA-II,IGDF,MMF7,18,0.0026092461701767945,All_Algorithms_Comparison_Results3.mat
NSGA-II,IGDF,MMF7,19,0.0026382341342849613,All_Algorithms_Comparison_Results3.mat
NSGA-II,IGDF,MMF7,20,0.0028677869964857826,All_Algorithms_Comparison_Results3.mat
NSGA-II,IGDF,MMF7,21,0.0027067799027700712,All_Algorithms_Comparison_Results3.mat
NSGA-II,IGDF,MMF7,22,0.002513653583978885,All_Algorithms_Comparison_Results3.mat
NSGA-II,IGDF,MMF7,23,0.002553632037022088,All_Algorithms_Comparison_Results3.mat
NSGA-II,IGDF,MMF7,24,0.0024921317792762783,All_Algorithms_Comparison_Results3.mat
NSGA-II,IGDF,MMF7,25,0.0027316029103434153,All_Algorithms_Comparison_Results3.mat
NSGA-II,IGDF,MMF7,26,0.002487232692277726,All_Algorithms_Comparison_Results3.mat
NSGA-II,IGDF,MMF7,27,0.0026861818592188802,All_Algorithms_Comparison_Results3.mat
NSGA-II,IGDF,MMF7,28,0.002799091293092167,All_Algorithms_Comparison_Results3.mat
NSGA-II,IGDF,MMF7,29,0.002731265434261334,All_Algorithms_Comparison_Results3.mat
NSGA-II,IGDF,MMF7,30,0.0027185141263280366,All_Algorithms_Comparison_Results3.mat
NSGA-II,IGDF,MMF7,31,0.002631466178469236,All_Algorithms_Comparison_Results3.mat
NSGA-II,IGDF,MMF8,1,0.0024740096434689245,All_Algorithms_Comparison_Results3.mat
NSGA-II,IGDF,MMF8,2,0.0026327587191816233,All_Algorithms_Comparison_Results3.mat
NSGA-II,IGDF,MMF8,3,0.002531449312231887,All_Algorithms_Comparison_Results3.mat
NSGA-II,IGDF,MMF8,4,0.0025762152396532068,All_Algorithms_Comparison_Results3.mat
NSGA-II,IGDF,MMF8,5,0.0026229018553426365,All_Algorithms_Comparison_Results3.mat
NSGA-II,IGDF,MMF8,6,0.00262558823761177,All_Algorithms_Comparison_Results3.mat
NSGA-II,IGDF,MMF8,7,0.0025103433640992646,All_Algorithms_Comparison_Results3.mat
NSGA-II,IGDF,MMF8,8,0.0025307989613967572,All_Algorithms_Comparison_Results3.mat
NSGA-II,IGDF,MMF8,9,0.002583362499701236,All_Algorithms_Comparison_Results3.mat
NSGA-II,IGDF,MMF8,10,0.0027978065250305276,All_Algorithms_Comparison_Results3.mat
NSGA-II,IGDF,MMF8,11,0.0027364709114140826,All_Algorithms_Comparison_Results3.mat
NSGA-II,IGDF,MMF8,12,0.002731779704602705,All_Algorithms_Comparison_Results3.mat
NSGA-II,IGDF,MMF8,13,0.002633148707769654,All_Algorithms_Comparison_Results3.mat
NSGA-II,IGDF,MMF8,14,0.0026684052049319555,All_Algorithms_Comparison_Results3.mat
NSGA-II,IGDF,MMF8,15,0.0024171736492027123,All_Algorithms_Comparison_Results3.mat
NSGA-II,IGDF,MMF8,16,0.0026488952439699736,All_Algorithms_Comparison_Results3.mat
NSGA-II,IGDF,MMF8,17,0.002610394052662518,All_Algorithms_Comparison_Results3.mat
NSGA-II,IGDF,MMF8,18,0.0027968709608029584,All_Algorithms_Comparison_Results3.mat
NSGA-II,IGDF,MMF8,19,0.0027063183846800145,All_Algorithms_Comparison_Results3.mat
NSGA-II,IGDF,MMF8,20,0.0026159091777563665,All_Algorithms_Comparison_Results3.mat
NSGA-II,IGDF,MMF8,21,0.0026134372791072474,All_Algorithms_Comparison_Results3.mat
NSGA-II,IGDF,MMF8,22,0.0025766345204656553,All_Algorithms_Comparison_Results3.mat
NSGA-II,IGDF,MMF8,23,0.002612077247089565,All_Algorithms_Comparison_Results3.mat
NSGA-II,IGDF,MMF8,24,0.0024380194169005467,All_Algorithms_Comparison_Results3.mat
NSGA-II,IGDF,MMF8,25,0.002459143294537263,All_Algorithms_Comparison_Results3.mat
NSGA-II,IGDF,MMF8,26,0.0024438301066185765,All_Algorithms_Comparison_Results3.mat
NSGA-II,IGDF,MMF8,27,0.0026227940572328174,All_Algorithms_Comparison_Results3.mat
NSGA-II,IGDF,MMF8,28,0.002535509188021024,All_Algorithms_Comparison_Results3.mat
NSGA-II,IGDF,MMF8,29,0.002473457185672047,All_Algorithms_Comparison_Results3.mat
NSGA-II,IGDF,MMF8,30,0.0026099520294976253,All_Algorithms_Comparison_Results3.mat
NSGA-II,IGDF,MMF8,31,0.002538000145518057,All_Algorithms_Comparison_Results3.mat
NSGA-II,IGDF,MMF9,1,0.010262466862803516,All_Algorithms_Comparison_Results3.mat
NSGA-II,IGDF,MMF9,2,0.010373264426731574,All_Algorithms_Comparison_Results3.mat
NSGA-II,IGDF,MMF9,3,0.010582743861559158,All_Algorithms_Comparison_Results3.mat
NSGA-II,IGDF,MMF9,4,0.009423241364632634,All_Algorithms_Comparison_Results3.mat
NSGA-II,IGDF,MMF9,5,0.010295212835020766,All_Algorithms_Comparison_Results3.mat
NSGA-II,IGDF,MMF9,6,0.01178213600541763,All_Algorithms_Comparison_Results3.mat
NSGA-II,IGDF,MMF9,7,0.010656353634942904,All_Algorithms_Comparison_Results3.mat
NSGA-II,IGDF,MMF9,8,0.010223841902669615,All_Algorithms_Comparison_Results3.mat
NSGA-II,IGDF,MMF9,9,0.01026821315942374,All_Algorithms_Comparison_Results3.mat
NSGA-II,IGDF,MMF9,10,0.010297675524611215,All_Algorithms_Comparison_Results3.mat
NSGA-II,IGDF,MMF9,11,0.010307575158491775,All_Algorithms_Comparison_Results3.mat
NSGA-II,IGDF,MMF9,12,0.010397115463033879,All_Algorithms_Comparison_Results3.mat
NSGA-II,IGDF,MMF9,13,0.0116097440812575,All_Algorithms_Comparison_Results3.mat
NSGA-II,IGDF,MMF9,14,0.009830616467415634,All_Algorithms_Comparison_Results3.mat
NSGA-II,IGDF,MMF9,15,0.010596879504991158,All_Algorithms_Comparison_Results3.mat
NSGA-II,IGDF,MMF9,16,0.009881819266844609,All_Algorithms_Comparison_Results3.mat
NSGA-II,IGDF,MMF9,17,0.01047838719202217,All_Algorithms_Comparison_Results3.mat
NSGA-II,IGDF,MMF9,18,0.011088530925137109,All_Algorithms_Comparison_Results3.mat
NSGA-II,IGDF,MMF9,19,0.011097954988810521,All_Algorithms_Comparison_Results3.mat
NSGA-II,IGDF,MMF9,20,0.01067055600862181,All_Algorithms_Comparison_Results3.mat
NSGA-II,IGDF,MMF9,21,0.010790649841985111,All_Algorithms_Comparison_Results3.mat
NSGA-II,IGDF,MMF9,22,0.010746703987440624,All_Algorithms_Comparison_Results3.mat
NSGA-II,IGDF,MMF9,23,0.009960814719323577,All_Algorithms_Comparison_Results3.mat
NSGA-II,IGDF,MMF9,24,0.010748898503328585,All_Algorithms_Comparison_Results3.mat
NSGA-II,IGDF,MMF9,25,0.011550481458932145,All_Algorithms_Comparison_Results3.mat
NSGA-II,IGDF,MMF9,26,0.011091831185247019,All_Algorithms_Comparison_Results3.mat
NSGA-II,IGDF,MMF9,27,0.01092877632957449,All_Algorithms_Comparison_Results3.mat
NSGA-II,IGDF,MMF9,28,0.010263201637897812,All_Algorithms_Comparison_Results3.mat
NSGA-II,IGDF,MMF9,29,0.010921301918732836,All_Algorithms_Comparison_Results3.mat
NSGA-II,IGDF,MMF9,30,0.009835525720286337,All_Algorithms_Comparison_Results3.mat
NSGA-II,IGDF,MMF9,31,0.01001669728329423,All_Algorithms_Comparison_Results3.mat
NSGA-II,IGDF,MMF10,1,0.19481873374283842,All_Algorithms_Comparison_Results3.mat
NSGA-II,IGDF,MMF10,2,0.18769862002147744,All_Algorithms_Comparison_Results3.mat
NSGA-II,IGDF,MMF10,3,0.19503891363576606,All_Algorithms_Comparison_Results3.mat
NSGA-II,IGDF,MMF10,4,0.15592970442036067,All_Algorithms_Comparison_Results3.mat
NSGA-II,IGDF,MMF10,5,0.19465459983804784,All_Algorithms_Comparison_Results3.mat
NSGA-II,IGDF,MMF10,6,0.17338996449558308,All_Algorithms_Comparison_Results3.mat
NSGA-II,IGDF,MMF10,7,0.1565624668605299,All_Algorithms_Comparison_Results3.mat
NSGA-II,IGDF,MMF10,8,0.19501685472174152,All_Algorithms_Comparison_Results3.mat
NSGA-II,IGDF,MMF10,9,0.18940577310772044,All_Algorithms_Comparison_Results3.mat
NSGA-II,IGDF,MMF10,10,0.19501260916949278,All_Algorithms_Comparison_Results3.mat
NSGA-II,IGDF,MMF10,11,0.19438942394664857,All_Algorithms_Comparison_Results3.mat
NSGA-II,IGDF,MMF10,12,0.15615094635037338,All_Algorithms_Comparison_Results3.mat
NSGA-II,IGDF,MMF10,13,0.15695380246409496,All_Algorithms_Comparison_Results3.mat
NSGA-II,IGDF,MMF10,14,0.1398896838839258,All_Algorithms_Comparison_Results3.mat
NSGA-II,IGDF,MMF10,15,0.11324651915920611,All_Algorithms_Comparison_Results3.mat
NSGA-II,IGDF,MMF10,16,0.19535199263542832,All_Algorithms_Comparison_Results3.mat
NSGA-II,IGDF,MMF10,17,0.19540218923296926,All_Algorithms_Comparison_Results3.mat
NSGA-II,IGDF,MMF10,18,0.19558904749451006,All_Algorithms_Comparison_Results3.mat
NSGA-II,IGDF,MMF10,19,0.19513526794347577,All_Algorithms_Comparison_Results3.mat
NSGA-II,IGDF,MMF10,20,0.19409296867563663,All_Algorithms_Comparison_Results3.mat
NSGA-II,IGDF,MMF10,21,0.1952604404832365,All_Algorithms_Comparison_Results3.mat
NSGA-II,IGDF,MMF10,22,0.19548529778027962,All_Algorithms_Comparison_Results3.mat
NSGA-II,IGDF,MMF10,23,0.19461797031828076,All_Algorithms_Comparison_Results3.mat
NSGA-II,IGDF,MMF10,24,0.10004071687263082,All_Algorithms_Comparison_Results3.mat
NSGA-II,IGDF,MMF10,25,0.15627742101253958,All_Algorithms_Comparison_Results3.mat
NSGA-II,IGDF,MMF10,26,0.23840823873452993,All_Algorithms_Comparison_Results3.mat
NSGA-II,IGDF,MMF10,27,0.16471215490845548,All_Algorithms_Comparison_Results3.mat
NSGA-II,IGDF,MMF10,28,0.15622223343663003,All_Algorithms_Comparison_Results3.mat
NSGA-II,IGDF,MMF10,29,0.23694239985560067,All_Algorithms_Comparison_Results3.mat
NSGA-II,IGDF,MMF10,30,0.19491612183934343,All_Algorithms_Comparison_Results3.mat
NSGA-II,IGDF,MMF10,31,0.19494639407453726,All_Algorithms_Comparison_Results3.mat
NSGA-II,IGDF,MMF11,1,0.0951651409882637,All_Algorithms_Comparison_Results3.mat
NSGA-II,IGDF,MMF11,2,0.09552625415428068,All_Algorithms_Comparison_Results3.mat
NSGA-II,IGDF,MMF11,3,0.09435603443563441,All_Algorithms_Comparison_Results3.mat
NSGA-II,IGDF,MMF11,4,0.09410432080648942,All_Algorithms_Comparison_Results3.mat
NSGA-II,IGDF,MMF11,5,0.09417340059796916,All_Algorithms_Comparison_Results3.mat
NSGA-II,IGDF,MMF11,6,0.09487156011073924,All_Algorithms_Comparison_Results3.mat
NSGA-II,IGDF,MMF11,7,0.09476968468529265,All_Algorithms_Comparison_Results3.mat
NSGA-II,IGDF,MMF11,8,0.09482079197622033,All_Algorithms_Comparison_Results3.mat
NSGA-II,IGDF,MMF11,9,0.09470348265786237,All_Algorithms_Comparison_Results3.mat
NSGA-II,IGDF,MMF11,10,0.09463466394850586,All_Algorithms_Comparison_Results3.mat
NSGA-II,IGDF,MMF11,11,0.0949155608023573,All_Algorithms_Comparison_Results3.mat
NSGA-II,IGDF,MMF11,12,0.09488485884533031,All_Algorithms_Comparison_Results3.mat
NSGA-II,IGDF,MMF11,13,0.0946792012470007,All_Algorithms_Comparison_Results3.mat
NSGA-II,IGDF,MMF11,14,0.09637987514348254,All_Algorithms_Comparison_Results3.mat
NSGA-II,IGDF,MMF11,15,0.09529029219943226,All_Algorithms_Comparison_Results3.mat
NSGA-II,IGDF,MMF11,16,0.09537694269244792,All_Algorithms_Comparison_Results3.mat
NSGA-II,IGDF,MMF11,17,0.09445877909558352,All_Algorithms_Comparison_Results3.mat
NSGA-II,IGDF,MMF11,18,0.09514656495356227,All_Algorithms_Comparison_Results3.mat
NSGA-II,IGDF,MMF11,19,0.09510693502540629,All_Algorithms_Comparison_Results3.mat
NSGA-II,IGDF,MMF11,20,0.09498418656429773,All_Algorithms_Comparison_Results3.mat
NSGA-II,IGDF,MMF11,21,0.09543049501039526,All_Algorithms_Comparison_Results3.mat
NSGA-II,IGDF,MMF11,22,0.0953645850428198,All_Algorithms_Comparison_Results3.mat
NSGA-II,IGDF,MMF11,23,0.09487123716253638,All_Algorithms_Comparison_Results3.mat
NSGA-II,IGDF,MMF11,24,0.09487844429752751,All_Algorithms_Comparison_Results3.mat
NSGA-II,IGDF,MMF11,25,0.094906814704884,All_Algorithms_Comparison_Results3.mat
NSGA-II,IGDF,MMF11,26,0.09465057005770493,All_Algorithms_Comparison_Results3.mat
NSGA-II,IGDF,MMF11,27,0.09561823458551305,All_Algorithms_Comparison_Results3.mat
NSGA-II,IGDF,MMF11,28,0.09481324678556619,All_Algorithms_Comparison_Results3.mat
NSGA-II,IGDF,MMF11,29,0.09433651938632001,All_Algorithms_Comparison_Results3.mat
NSGA-II,IGDF,MMF11,30,0.09466585329421719,All_Algorithms_Comparison_Results3.mat
NSGA-II,IGDF,MMF11,31,0.09490771551086477,All_Algorithms_Comparison_Results3.mat
NSGA-II,IGDF,MMF12,1,0.08271512237319917,All_Algorithms_Comparison_Results3.mat
NSGA-II,IGDF,MMF12,2,0.08283773361701527,All_Algorithms_Comparison_Results3.mat
NSGA-II,IGDF,MMF12,3,0.08273428700234534,All_Algorithms_Comparison_Results3.mat
NSGA-II,IGDF,MMF12,4,0.08286189322605066,All_Algorithms_Comparison_Results3.mat
NSGA-II,IGDF,MMF12,5,0.08293762325473199,All_Algorithms_Comparison_Results3.mat
NSGA-II,IGDF,MMF12,6,0.10730484579978904,All_Algorithms_Comparison_Results3.mat
NSGA-II,IGDF,MMF12,7,0.08278452791390964,All_Algorithms_Comparison_Results3.mat
NSGA-II,IGDF,MMF12,8,0.08279612937919384,All_Algorithms_Comparison_Results3.mat
NSGA-II,IGDF,MMF12,9,0.08277664050034211,All_Algorithms_Comparison_Results3.mat
NSGA-II,IGDF,MMF12,10,0.08361151318538575,All_Algorithms_Comparison_Results3.mat
NSGA-II,IGDF,MMF12,11,0.08286007910024712,All_Algorithms_Comparison_Results3.mat
NSGA-II,IGDF,MMF12,12,0.08271136722954524,All_Algorithms_Comparison_Results3.mat
NSGA-II,IGDF,MMF12,13,0.08265792873377543,All_Algorithms_Comparison_Results3.mat
NSGA-II,IGDF,MMF12,14,0.08280832926805376,All_Algorithms_Comparison_Results3.mat
NSGA-II,IGDF,MMF12,15,0.08273122781558173,All_Algorithms_Comparison_Results3.mat
NSGA-II,IGDF,MMF12,16,0.10747507048580501,All_Algorithms_Comparison_Results3.mat
NSGA-II,IGDF,MMF12,17,0.08283616860034988,All_Algorithms_Comparison_Results3.mat
NSGA-II,IGDF,MMF12,18,0.08271222276610911,All_Algorithms_Comparison_Results3.mat
NSGA-II,IGDF,MMF12,19,0.08284546489842398,All_Algorithms_Comparison_Results3.mat
NSGA-II,IGDF,MMF12,20,0.08289740614122235,All_Algorithms_Comparison_Results3.mat
NSGA-II,IGDF,MMF12,21,0.10727564453105967,All_Algorithms_Comparison_Results3.mat
NSGA-II,IGDF,MMF12,22,0.0827883697560486,All_Algorithms_Comparison_Results3.mat
NSGA-II,IGDF,MMF12,23,0.08269657168986143,All_Algorithms_Comparison_Results3.mat
NSGA-II,IGDF,MMF12,24,0.08283653447288813,All_Algorithms_Comparison_Results3.mat
NSGA-II,IGDF,MMF12,25,0.08289287063425474,All_Algorithms_Comparison_Results3.mat
NSGA-II,IGDF,MMF12,26,0.08280850054252115,All_Algorithms_Comparison_Results3.mat
NSGA-II,IGDF,MMF12,27,0.08281139029860589,All_Algorithms_Comparison_Results3.mat
NSGA-II,IGDF,MMF12,28,0.08288854074709111,All_Algorithms_Comparison_Results3.mat
NSGA-II,IGDF,MMF12,29,0.08265795804765655,All_Algorithms_Comparison_Results3.mat
NSGA-II,IGDF,MMF12,30,0.08278398340834212,All_Algorithms_Comparison_Results3.mat
NSGA-II,IGDF,MMF12,31,0.08290309137074327,All_Algorithms_Comparison_Results3.mat
NSGA-II,IGDF,MMF13,1,0.14614463237275235,All_Algorithms_Comparison_Results3.mat
NSGA-II,IGDF,MMF13,2,0.14701611981077511,All_Algorithms_Comparison_Results3.mat
NSGA-II,IGDF,MMF13,3,0.1461186432131575,All_Algorithms_Comparison_Results3.mat
NSGA-II,IGDF,MMF13,4,0.14504814162578628,All_Algorithms_Comparison_Results3.mat
NSGA-II,IGDF,MMF13,5,0.14668965870078565,All_Algorithms_Comparison_Results3.mat
NSGA-II,IGDF,MMF13,6,0.14725674970091387,All_Algorithms_Comparison_Results3.mat
NSGA-II,IGDF,MMF13,7,0.14466541617565484,All_Algorithms_Comparison_Results3.mat
NSGA-II,IGDF,MMF13,8,0.14613236012321812,All_Algorithms_Comparison_Results3.mat
NSGA-II,IGDF,MMF13,9,0.14583314132145644,All_Algorithms_Comparison_Results3.mat
NSGA-II,IGDF,MMF13,10,0.14506261148525107,All_Algorithms_Comparison_Results3.mat
NSGA-II,IGDF,MMF13,11,0.14633544281296992,All_Algorithms_Comparison_Results3.mat
NSGA-II,IGDF,MMF13,12,0.1468134134192968,All_Algorithms_Comparison_Results3.mat
NSGA-II,IGDF,MMF13,13,0.14588961643415121,All_Algorithms_Comparison_Results3.mat
NSGA-II,IGDF,MMF13,14,0.14626206995620714,All_Algorithms_Comparison_Results3.mat
NSGA-II,IGDF,MMF13,15,0.14746791487684413,All_Algorithms_Comparison_Results3.mat
NSGA-II,IGDF,MMF13,16,0.14730440840011896,All_Algorithms_Comparison_Results3.mat
NSGA-II,IGDF,MMF13,17,0.1454863970806105,All_Algorithms_Comparison_Results3.mat
NSGA-II,IGDF,MMF13,18,0.14557702870848346,All_Algorithms_Comparison_Results3.mat
NSGA-II,IGDF,MMF13,19,0.1475737526330355,All_Algorithms_Comparison_Results3.mat
NSGA-II,IGDF,MMF13,20,0.1463019670535334,All_Algorithms_Comparison_Results3.mat
NSGA-II,IGDF,MMF13,21,0.1462492770528878,All_Algorithms_Comparison_Results3.mat
NSGA-II,IGDF,MMF13,22,0.14628854960696155,All_Algorithms_Comparison_Results3.mat
NSGA-II,IGDF,MMF13,23,0.14662314581558483,All_Algorithms_Comparison_Results3.mat
NSGA-II,IGDF,MMF13,24,0.1438633659096952,All_Algorithms_Comparison_Results3.mat
NSGA-II,IGDF,MMF13,25,0.14473521771986442,All_Algorithms_Comparison_Results3.mat
NSGA-II,IGDF,MMF13,26,0.14422460850618005,All_Algorithms_Comparison_Results3.mat
NSGA-II,IGDF,MMF13,27,0.14665811003696894,All_Algorithms_Comparison_Results3.mat
NSGA-II,IGDF,MMF13,28,0.14775286247913444,All_Algorithms_Comparison_Results3.mat
NSGA-II,IGDF,MMF13,29,0.1448461266238901,All_Algorithms_Comparison_Results3.mat
NSGA-II,IGDF,MMF13,30,0.14786790229438537,All_Algorithms_Comparison_Results3.mat
NSGA-II,IGDF,MMF13,31,0.14620412248687345,All_Algorithms_Comparison_Results3.mat
NSGA-II,IGDF,MMF14,1,0.11543216107210594,All_Algorithms_Comparison_Results3.mat
NSGA-II,IGDF,MMF14,2,0.12587125764944973,All_Algorithms_Comparison_Results3.mat
NSGA-II,IGDF,MMF14,3,0.11652469816626095,All_Algorithms_Comparison_Results3.mat
NSGA-II,IGDF,MMF14,4,0.11036763616210275,All_Algorithms_Comparison_Results3.mat
NSGA-II,IGDF,MMF14,5,0.11231582407195632,All_Algorithms_Comparison_Results3.mat
NSGA-II,IGDF,MMF14,6,0.11820301775049688,All_Algorithms_Comparison_Results3.mat
NSGA-II,IGDF,MMF14,7,0.10536841373431993,All_Algorithms_Comparison_Results3.mat
NSGA-II,IGDF,MMF14,8,0.13050604377539202,All_Algorithms_Comparison_Results3.mat
NSGA-II,IGDF,MMF14,9,0.11713629885566684,All_Algorithms_Comparison_Results3.mat
NSGA-II,IGDF,MMF14,10,0.12798648286746214,All_Algorithms_Comparison_Results3.mat
NSGA-II,IGDF,MMF14,11,0.11010215753203616,All_Algorithms_Comparison_Results3.mat
NSGA-II,IGDF,MMF14,12,0.12281078338803998,All_Algorithms_Comparison_Results3.mat
NSGA-II,IGDF,MMF14,13,0.11292381175281564,All_Algorithms_Comparison_Results3.mat
NSGA-II,IGDF,MMF14,14,0.1285615485104277,All_Algorithms_Comparison_Results3.mat
NSGA-II,IGDF,MMF14,15,0.10460102491781054,All_Algorithms_Comparison_Results3.mat
NSGA-II,IGDF,MMF14,16,0.12786939278091153,All_Algorithms_Comparison_Results3.mat
NSGA-II,IGDF,MMF14,17,0.11764009847995216,All_Algorithms_Comparison_Results3.mat
NSGA-II,IGDF,MMF14,18,0.11007449458891365,All_Algorithms_Comparison_Results3.mat
NSGA-II,IGDF,MMF14,19,0.11029971212448651,All_Algorithms_Comparison_Results3.mat
NSGA-II,IGDF,MMF14,20,0.10975227315631714,All_Algorithms_Comparison_Results3.mat
NSGA-II,IGDF,MMF14,21,0.11277199895291956,All_Algorithms_Comparison_Results3.mat
NSGA-II,IGDF,MMF14,22,0.10634063398253397,All_Algorithms_Comparison_Results3.mat
NSGA-II,IGDF,MMF14,23,0.12138652088659913,All_Algorithms_Comparison_Results3.mat
NSGA-II,IGDF,MMF14,24,0.11497864052102705,All_Algorithms_Comparison_Results3.mat
NSGA-II,IGDF,MMF14,25,0.11536007323710377,All_Algorithms_Comparison_Results3.mat
NSGA-II,IGDF,MMF14,26,0.10191117503940597,All_Algorithms_Comparison_Results3.mat
NSGA-II,IGDF,MMF14,27,0.1097996942773196,All_Algorithms_Comparison_Results3.mat
NSGA-II,IGDF,MMF14,28,0.10904178326392189,All_Algorithms_Comparison_Results3.mat
NSGA-II,IGDF,MMF14,29,0.10138090671631428,All_Algorithms_Comparison_Results3.mat
NSGA-II,IGDF,MMF14,30,0.11372994954387208,All_Algorithms_Comparison_Results3.mat
NSGA-II,IGDF,MMF14,31,0.0978500751095278,All_Algorithms_Comparison_Results3.mat
NSGA-II,IGDF,MMF15,1,0.2191355867300692,All_Algorithms_Comparison_Results3.mat
NSGA-II,IGDF,MMF15,2,0.2155007034222473,All_Algorithms_Comparison_Results3.mat
NSGA-II,IGDF,MMF15,3,0.22922486302664716,All_Algorithms_Comparison_Results3.mat
NSGA-II,IGDF,MMF15,4,0.20711479588824921,All_Algorithms_Comparison_Results3.mat
NSGA-II,IGDF,MMF15,5,0.2169214415331161,All_Algorithms_Comparison_Results3.mat
NSGA-II,IGDF,MMF15,6,0.20237241585178256,All_Algorithms_Comparison_Results3.mat
NSGA-II,IGDF,MMF15,7,0.20482021993552377,All_Algorithms_Comparison_Results3.mat
NSGA-II,IGDF,MMF15,8,0.20637109079361748,All_Algorithms_Comparison_Results3.mat
NSGA-II,IGDF,MMF15,9,0.20682780247631563,All_Algorithms_Comparison_Results3.mat
NSGA-II,IGDF,MMF15,10,0.2156759071886754,All_Algorithms_Comparison_Results3.mat
NSGA-II,IGDF,MMF15,11,0.21524560082502903,All_Algorithms_Comparison_Results3.mat
NSGA-II,IGDF,MMF15,12,0.20780553721851824,All_Algorithms_Comparison_Results3.mat
NSGA-II,IGDF,MMF15,13,0.22410271804204826,All_Algorithms_Comparison_Results3.mat
NSGA-II,IGDF,MMF15,14,0.20523251069103476,All_Algorithms_Comparison_Results3.mat
NSGA-II,IGDF,MMF15,15,0.20537561044977515,All_Algorithms_Comparison_Results3.mat
NSGA-II,IGDF,MMF15,16,0.22914090257761546,All_Algorithms_Comparison_Results3.mat
NSGA-II,IGDF,MMF15,17,0.21734772974356975,All_Algorithms_Comparison_Results3.mat
NSGA-II,IGDF,MMF15,18,0.22035996845738037,All_Algorithms_Comparison_Results3.mat
NSGA-II,IGDF,MMF15,19,0.2214401021510017,All_Algorithms_Comparison_Results3.mat
NSGA-II,IGDF,MMF15,20,0.21779461218241372,All_Algorithms_Comparison_Results3.mat
NSGA-II,IGDF,MMF15,21,0.23016208602647267,All_Algorithms_Comparison_Results3.mat
NSGA-II,IGDF,MMF15,22,0.21547604397032333,All_Algorithms_Comparison_Results3.mat
NSGA-II,IGDF,MMF15,23,0.21971101258709982,All_Algorithms_Comparison_Results3.mat
NSGA-II,IGDF,MMF15,24,0.2144837981507834,All_Algorithms_Comparison_Results3.mat
NSGA-II,IGDF,MMF15,25,0.22206657070781494,All_Algorithms_Comparison_Results3.mat
NSGA-II,IGDF,MMF15,26,0.21794957208059068,All_Algorithms_Comparison_Results3.mat
NSGA-II,IGDF,MMF15,27,0.21212950063648303,All_Algorithms_Comparison_Results3.mat
NSGA-II,IGDF,MMF15,28,0.2099981679929695,All_Algorithms_Comparison_Results3.mat
NSGA-II,IGDF,MMF15,29,0.22805795483073216,All_Algorithms_Comparison_Results3.mat
NSGA-II,IGDF,MMF15,30,0.20854720630795837,All_Algorithms_Comparison_Results3.mat
NSGA-II,IGDF,MMF15,31,0.22813360364000176,All_Algorithms_Comparison_Results3.mat
NSGA-II,IGDF,MMF1_z,1,0.0027655531808927635,All_Algorithms_Comparison_Results3.mat
NSGA-II,IGDF,MMF1_z,2,0.0027190898913397395,All_Algorithms_Comparison_Results3.mat
NSGA-II,IGDF,MMF1_z,3,0.0026869632396084274,All_Algorithms_Comparison_Results3.mat
NSGA-II,IGDF,MMF1_z,4,0.002610659511962607,All_Algorithms_Comparison_Results3.mat
NSGA-II,IGDF,MMF1_z,5,0.002584138313032398,All_Algorithms_Comparison_Results3.mat
NSGA-II,IGDF,MMF1_z,6,0.0034557700970800254,All_Algorithms_Comparison_Results3.mat
NSGA-II,IGDF,MMF1_z,7,0.0029321969180139467,All_Algorithms_Comparison_Results3.mat
NSGA-II,IGDF,MMF1_z,8,0.0025565289354391846,All_Algorithms_Comparison_Results3.mat
NSGA-II,IGDF,MMF1_z,9,0.002511742587654223,All_Algorithms_Comparison_Results3.mat
NSGA-II,IGDF,MMF1_z,10,0.003128282074050304,All_Algorithms_Comparison_Results3.mat
NSGA-II,IGDF,MMF1_z,11,0.0026559492275591867,All_Algorithms_Comparison_Results3.mat
NSGA-II,IGDF,MMF1_z,12,0.0024844216333787996,All_Algorithms_Comparison_Results3.mat
NSGA-II,IGDF,MMF1_z,13,0.0024615710715780374,All_Algorithms_Comparison_Results3.mat
NSGA-II,IGDF,MMF1_z,14,0.0028599417862862973,All_Algorithms_Comparison_Results3.mat
NSGA-II,IGDF,MMF1_z,15,0.0027564981802819695,All_Algorithms_Comparison_Results3.mat
NSGA-II,IGDF,MMF1_z,16,0.002644952625142828,All_Algorithms_Comparison_Results3.mat
NSGA-II,IGDF,MMF1_z,17,0.002543452995692998,All_Algorithms_Comparison_Results3.mat
NSGA-II,IGDF,MMF1_z,18,0.00242562731918453,All_Algorithms_Comparison_Results3.mat
NSGA-II,IGDF,MMF1_z,19,0.0024955219907461996,All_Algorithms_Comparison_Results3.mat
NSGA-II,IGDF,MMF1_z,20,0.002508783411903989,All_Algorithms_Comparison_Results3.mat
NSGA-II,IGDF,MMF1_z,21,0.00248099493418145,All_Algorithms_Comparison_Results3.mat
NSGA-II,IGDF,MMF1_z,22,0.0025235883376540104,All_Algorithms_Comparison_Results3.mat
NSGA-II,IGDF,MMF1_z,23,0.0032598640786168547,All_Algorithms_Comparison_Results3.mat
NSGA-II,IGDF,MMF1_z,24,0.0026784673581825608,All_Algorithms_Comparison_Results3.mat
NSGA-II,IGDF,MMF1_z,25,0.0025049380697516888,All_Algorithms_Comparison_Results3.mat
NSGA-II,IGDF,MMF1_z,26,0.0026330855920507945,All_Algorithms_Comparison_Results3.mat
NSGA-II,IGDF,MMF1_z,27,0.002568447117728794,All_Algorithms_Comparison_Results3.mat
NSGA-II,IGDF,MMF1_z,28,0.002611883326175859,All_Algorithms_Comparison_Results3.mat
NSGA-II,IGDF,MMF1_z,29,0.002740849519246248,All_Algorithms_Comparison_Results3.mat
NSGA-II,IGDF,MMF1_z,30,0.002608979327000711,All_Algorithms_Comparison_Results3.mat
NSGA-II,IGDF,MMF1_z,31,0.0024811717502646515,All_Algorithms_Comparison_Results3.mat
NSGA-II,IGDF,MMF1_e,1,0.09672317891067853,All_Algorithms_Comparison_Results3.mat
NSGA-II,IGDF,MMF1_e,2,0.006036185632342548,All_Algorithms_Comparison_Results3.mat
NSGA-II,IGDF,MMF1_e,3,0.011740050039035922,All_Algorithms_Comparison_Results3.mat
NSGA-II,IGDF,MMF1_e,4,0.00417353271072722,All_Algorithms_Comparison_Results3.mat
NSGA-II,IGDF,MMF1_e,5,0.026015079216401178,All_Algorithms_Comparison_Results3.mat
NSGA-II,IGDF,MMF1_e,6,0.03770908212347705,All_Algorithms_Comparison_Results3.mat
NSGA-II,IGDF,MMF1_e,7,0.0030007862742477643,All_Algorithms_Comparison_Results3.mat
NSGA-II,IGDF,MMF1_e,8,0.003889649746648135,All_Algorithms_Comparison_Results3.mat
NSGA-II,IGDF,MMF1_e,9,0.0035058673395099104,All_Algorithms_Comparison_Results3.mat
NSGA-II,IGDF,MMF1_e,10,0.007665226921436669,All_Algorithms_Comparison_Results3.mat
NSGA-II,IGDF,MMF1_e,11,0.014536438433256709,All_Algorithms_Comparison_Results3.mat
NSGA-II,IGDF,MMF1_e,12,0.010804429681408751,All_Algorithms_Comparison_Results3.mat
NSGA-II,IGDF,MMF1_e,13,0.003596410941682031,All_Algorithms_Comparison_Results3.mat
NSGA-II,IGDF,MMF1_e,14,0.0038231146412915705,All_Algorithms_Comparison_Results3.mat
NSGA-II,IGDF,MMF1_e,15,0.012662359116442711,All_Algorithms_Comparison_Results3.mat
NSGA-II,IGDF,MMF1_e,16,0.03451933127063354,All_Algorithms_Comparison_Results3.mat
NSGA-II,IGDF,MMF1_e,17,0.0035504642739863108,All_Algorithms_Comparison_Results3.mat
NSGA-II,IGDF,MMF1_e,18,0.011484303479834862,All_Algorithms_Comparison_Results3.mat
NSGA-II,IGDF,MMF1_e,19,0.013437861597942708,All_Algorithms_Comparison_Results3.mat
NSGA-II,IGDF,MMF1_e,20,0.014908309300832066,All_Algorithms_Comparison_Results3.mat
NSGA-II,IGDF,MMF1_e,21,0.019448538469401998,All_Algorithms_Comparison_Results3.mat
NSGA-II,IGDF,MMF1_e,22,0.008830605134520254,All_Algorithms_Comparison_Results3.mat
NSGA-II,IGDF,MMF1_e,23,0.005172509639068116,All_Algorithms_Comparison_Results3.mat
NSGA-II,IGDF,MMF1_e,24,0.0028263700517701775,All_Algorithms_Comparison_Results3.mat
NSGA-II,IGDF,MMF1_e,25,0.002893973959393703,All_Algorithms_Comparison_Results3.mat
NSGA-II,IGDF,MMF1_e,26,0.007455293746297744,All_Algorithms_Comparison_Results3.mat
NSGA-II,IGDF,MMF1_e,27,0.007495113249217223,All_Algorithms_Comparison_Results3.mat
NSGA-II,IGDF,MMF1_e,28,0.017548811313866583,All_Algorithms_Comparison_Results3.mat
NSGA-II,IGDF,MMF1_e,29,0.007427016367744833,All_Algorithms_Comparison_Results3.mat
NSGA-II,IGDF,MMF1_e,30,0.012767605861886713,All_Algorithms_Comparison_Results3.mat
NSGA-II,IGDF,MMF1_e,31,0.002820848677418164,All_Algorithms_Comparison_Results3.mat
NSGA-II,IGDF,MMF14_a,1,0.1409934854162755,All_Algorithms_Comparison_Results3.mat
NSGA-II,IGDF,MMF14_a,2,0.12243668133034522,All_Algorithms_Comparison_Results3.mat
NSGA-II,IGDF,MMF14_a,3,0.1241813019735603,All_Algorithms_Comparison_Results3.mat
NSGA-II,IGDF,MMF14_a,4,0.11079478761535339,All_Algorithms_Comparison_Results3.mat
NSGA-II,IGDF,MMF14_a,5,0.1249284860704819,All_Algorithms_Comparison_Results3.mat
NSGA-II,IGDF,MMF14_a,6,0.10451149333188009,All_Algorithms_Comparison_Results3.mat
NSGA-II,IGDF,MMF14_a,7,0.12348742108832382,All_Algorithms_Comparison_Results3.mat
NSGA-II,IGDF,MMF14_a,8,0.11658010558572948,All_Algorithms_Comparison_Results3.mat
NSGA-II,IGDF,MMF14_a,9,0.11786929359902493,All_Algorithms_Comparison_Results3.mat
NSGA-II,IGDF,MMF14_a,10,0.11588927182736304,All_Algorithms_Comparison_Results3.mat
NSGA-II,IGDF,MMF14_a,11,0.12543655767496212,All_Algorithms_Comparison_Results3.mat
NSGA-II,IGDF,MMF14_a,12,0.1129227438339477,All_Algorithms_Comparison_Results3.mat
NSGA-II,IGDF,MMF14_a,13,0.11509052639652231,All_Algorithms_Comparison_Results3.mat
NSGA-II,IGDF,MMF14_a,14,0.11793792763650932,All_Algorithms_Comparison_Results3.mat
NSGA-II,IGDF,MMF14_a,15,0.1318599330682448,All_Algorithms_Comparison_Results3.mat
NSGA-II,IGDF,MMF14_a,16,0.13352666737612404,All_Algorithms_Comparison_Results3.mat
NSGA-II,IGDF,MMF14_a,17,0.13833899991573484,All_Algorithms_Comparison_Results3.mat
NSGA-II,IGDF,MMF14_a,18,0.12957235995948369,All_Algorithms_Comparison_Results3.mat
NSGA-II,IGDF,MMF14_a,19,0.12233220596102026,All_Algorithms_Comparison_Results3.mat
NSGA-II,IGDF,MMF14_a,20,0.12721431503508188,All_Algorithms_Comparison_Results3.mat
NSGA-II,IGDF,MMF14_a,21,0.13101755258226794,All_Algorithms_Comparison_Results3.mat
NSGA-II,IGDF,MMF14_a,22,0.11252404365700627,All_Algorithms_Comparison_Results3.mat
NSGA-II,IGDF,MMF14_a,23,0.1320678491748515,All_Algorithms_Comparison_Results3.mat
NSGA-II,IGDF,MMF14_a,24,0.11996040576987728,All_Algorithms_Comparison_Results3.mat
NSGA-II,IGDF,MMF14_a,25,0.12155781849972788,All_Algorithms_Comparison_Results3.mat
NSGA-II,IGDF,MMF14_a,26,0.12260420112169973,All_Algorithms_Comparison_Results3.mat
NSGA-II,IGDF,MMF14_a,27,0.1150830496082639,All_Algorithms_Comparison_Results3.mat
NSGA-II,IGDF,MMF14_a,28,0.1287131438007053,All_Algorithms_Comparison_Results3.mat
NSGA-II,IGDF,MMF14_a,29,0.12333614849392392,All_Algorithms_Comparison_Results3.mat
NSGA-II,IGDF,MMF14_a,30,0.12779256608107484,All_Algorithms_Comparison_Results3.mat
NSGA-II,IGDF,MMF14_a,31,0.1405195384605271,All_Algorithms_Comparison_Results3.mat
NSGA-II,IGDF,MMF15_a,1,0.21615421382339442,All_Algorithms_Comparison_Results3.mat
NSGA-II,IGDF,MMF15_a,2,0.23768147405163778,All_Algorithms_Comparison_Results3.mat
NSGA-II,IGDF,MMF15_a,3,0.211345951398348,All_Algorithms_Comparison_Results3.mat
NSGA-II,IGDF,MMF15_a,4,0.22089511742821055,All_Algorithms_Comparison_Results3.mat
NSGA-II,IGDF,MMF15_a,5,0.2095403697353033,All_Algorithms_Comparison_Results3.mat
NSGA-II,IGDF,MMF15_a,6,0.20197517081627397,All_Algorithms_Comparison_Results3.mat
NSGA-II,IGDF,MMF15_a,7,0.21964148646254925,All_Algorithms_Comparison_Results3.mat
NSGA-II,IGDF,MMF15_a,8,0.2222591848531093,All_Algorithms_Comparison_Results3.mat
NSGA-II,IGDF,MMF15_a,9,0.21480136146016954,All_Algorithms_Comparison_Results3.mat
NSGA-II,IGDF,MMF15_a,10,0.20586329545703103,All_Algorithms_Comparison_Results3.mat
NSGA-II,IGDF,MMF15_a,11,0.22804266023129174,All_Algorithms_Comparison_Results3.mat
NSGA-II,IGDF,MMF15_a,12,0.21006056475462165,All_Algorithms_Comparison_Results3.mat
NSGA-II,IGDF,MMF15_a,13,0.21480984701668795,All_Algorithms_Comparison_Results3.mat
NSGA-II,IGDF,MMF15_a,14,0.21990304263693083,All_Algorithms_Comparison_Results3.mat
NSGA-II,IGDF,MMF15_a,15,0.23175757946967152,All_Algorithms_Comparison_Results3.mat
NSGA-II,IGDF,MMF15_a,16,0.21189511781164377,All_Algorithms_Comparison_Results3.mat
NSGA-II,IGDF,MMF15_a,17,0.22120518086275134,All_Algorithms_Comparison_Results3.mat
NSGA-II,IGDF,MMF15_a,18,0.2097307392664299,All_Algorithms_Comparison_Results3.mat
NSGA-II,IGDF,MMF15_a,19,0.20745153857043894,All_Algorithms_Comparison_Results3.mat
NSGA-II,IGDF,MMF15_a,20,0.22685765532730023,All_Algorithms_Comparison_Results3.mat
NSGA-II,IGDF,MMF15_a,21,0.207400819913953,All_Algorithms_Comparison_Results3.mat
NSGA-II,IGDF,MMF15_a,22,0.21106600024596195,All_Algorithms_Comparison_Results3.mat
NSGA-II,IGDF,MMF15_a,23,0.22299980259536614,All_Algorithms_Comparison_Results3.mat
NSGA-II,IGDF,MMF15_a,24,0.20994895297139132,All_Algorithms_Comparison_Results3.mat
NSGA-II,IGDF,MMF15_a,25,0.22902388751823055,All_Algorithms_Comparison_Results3.mat
NSGA-II,IGDF,MMF15_a,26,0.2133237253701648,All_Algorithms_Comparison_Results3.mat
NSGA-II,IGDF,MMF15_a,27,0.2250404979092993,All_Algorithms_Comparison_Results3.mat
NSGA-II,IGDF,MMF15_a,28,0.20884053563832958,All_Algorithms_Comparison_Results3.mat
NSGA-II,IGDF,MMF15_a,29,0.21068746529591298,All_Algorithms_Comparison_Results3.mat
NSGA-II,IGDF,MMF15_a,30,0.2057197055376144,All_Algorithms_Comparison_Results3.mat
NSGA-II,IGDF,MMF15_a,31,0.2123794502777871,All_Algorithms_Comparison_Results3.mat
NSGA-II,IGDF,SYM_PART_simple,1,0.01028776010788243,All_Algorithms_Comparison_Results3.mat
NSGA-II,IGDF,SYM_PART_simple,2,0.011184411461826577,All_Algorithms_Comparison_Results3.mat
NSGA-II,IGDF,SYM_PART_simple,3,0.01100235847914149,All_Algorithms_Comparison_Results3.mat
NSGA-II,IGDF,SYM_PART_simple,4,0.01046338392645906,All_Algorithms_Comparison_Results3.mat
NSGA-II,IGDF,SYM_PART_simple,5,0.010047827115050395,All_Algorithms_Comparison_Results3.mat
NSGA-II,IGDF,SYM_PART_simple,6,0.008816647499103233,All_Algorithms_Comparison_Results3.mat
NSGA-II,IGDF,SYM_PART_simple,7,0.008355279119732006,All_Algorithms_Comparison_Results3.mat
NSGA-II,IGDF,SYM_PART_simple,8,0.011344858326315257,All_Algorithms_Comparison_Results3.mat
NSGA-II,IGDF,SYM_PART_simple,9,0.011600005194594934,All_Algorithms_Comparison_Results3.mat
NSGA-II,IGDF,SYM_PART_simple,10,0.010018918323780658,All_Algorithms_Comparison_Results3.mat
NSGA-II,IGDF,SYM_PART_simple,11,0.0100718626107173,All_Algorithms_Comparison_Results3.mat
NSGA-II,IGDF,SYM_PART_simple,12,0.011205476000005451,All_Algorithms_Comparison_Results3.mat
NSGA-II,IGDF,SYM_PART_simple,13,0.012424029563972946,All_Algorithms_Comparison_Results3.mat
NSGA-II,IGDF,SYM_PART_simple,14,0.013333985572561604,All_Algorithms_Comparison_Results3.mat
NSGA-II,IGDF,SYM_PART_simple,15,0.010845897326654952,All_Algorithms_Comparison_Results3.mat
NSGA-II,IGDF,SYM_PART_simple,16,0.011413343469471307,All_Algorithms_Comparison_Results3.mat
NSGA-II,IGDF,SYM_PART_simple,17,0.009833812150628953,All_Algorithms_Comparison_Results3.mat
NSGA-II,IGDF,SYM_PART_simple,18,0.010899823651313078,All_Algorithms_Comparison_Results3.mat
NSGA-II,IGDF,SYM_PART_simple,19,0.013312313390985311,All_Algorithms_Comparison_Results3.mat
NSGA-II,IGDF,SYM_PART_simple,20,0.009232623417846454,All_Algorithms_Comparison_Results3.mat
NSGA-II,IGDF,SYM_PART_simple,21,0.011441904052675696,All_Algorithms_Comparison_Results3.mat
NSGA-II,IGDF,SYM_PART_simple,22,0.01064572028247925,All_Algorithms_Comparison_Results3.mat
NSGA-II,IGDF,SYM_PART_simple,23,0.011378646607618614,All_Algorithms_Comparison_Results3.mat
NSGA-II,IGDF,SYM_PART_simple,24,0.007263598248294208,All_Algorithms_Comparison_Results3.mat
NSGA-II,IGDF,SYM_PART_simple,25,0.011878922013582344,All_Algorithms_Comparison_Results3.mat
NSGA-II,IGDF,SYM_PART_simple,26,0.00981660392788557,All_Algorithms_Comparison_Results3.mat
NSGA-II,IGDF,SYM_PART_simple,27,0.012497043967804839,All_Algorithms_Comparison_Results3.mat
NSGA-II,IGDF,SYM_PART_simple,28,0.00826397820553384,All_Algorithms_Comparison_Results3.mat
NSGA-II,IGDF,SYM_PART_simple,29,0.012551390743758453,All_Algorithms_Comparison_Results3.mat
NSGA-II,IGDF,SYM_PART_simple,30,0.011996725759478393,All_Algorithms_Comparison_Results3.mat
NSGA-II,IGDF,SYM_PART_simple,31,0.009768965681784713,All_Algorithms_Comparison_Results3.mat
NSGA-II,IGDF,SYM_PART_rotated,1,0.010017186273708654,All_Algorithms_Comparison_Results3.mat
NSGA-II,IGDF,SYM_PART_rotated,2,0.008892038923860184,All_Algorithms_Comparison_Results3.mat
NSGA-II,IGDF,SYM_PART_rotated,3,0.009975980480555669,All_Algorithms_Comparison_Results3.mat
NSGA-II,IGDF,SYM_PART_rotated,4,0.009841534540125778,All_Algorithms_Comparison_Results3.mat
NSGA-II,IGDF,SYM_PART_rotated,5,0.009688385004892022,All_Algorithms_Comparison_Results3.mat
NSGA-II,IGDF,SYM_PART_rotated,6,0.010302207790511705,All_Algorithms_Comparison_Results3.mat
NSGA-II,IGDF,SYM_PART_rotated,7,0.011838641708602504,All_Algorithms_Comparison_Results3.mat
NSGA-II,IGDF,SYM_PART_rotated,8,0.010370849698554039,All_Algorithms_Comparison_Results3.mat
NSGA-II,IGDF,SYM_PART_rotated,9,0.009576289104724307,All_Algorithms_Comparison_Results3.mat
NSGA-II,IGDF,SYM_PART_rotated,10,0.011065748597258522,All_Algorithms_Comparison_Results3.mat
NSGA-II,IGDF,SYM_PART_rotated,11,0.01068615687111985,All_Algorithms_Comparison_Results3.mat
NSGA-II,IGDF,SYM_PART_rotated,12,0.011021655731266542,All_Algorithms_Comparison_Results3.mat
NSGA-II,IGDF,SYM_PART_rotated,13,0.01044484801619325,All_Algorithms_Comparison_Results3.mat
NSGA-II,IGDF,SYM_PART_rotated,14,0.010039921612276622,All_Algorithms_Comparison_Results3.mat
NSGA-II,IGDF,SYM_PART_rotated,15,0.011644274433174498,All_Algorithms_Comparison_Results3.mat
NSGA-II,IGDF,SYM_PART_rotated,16,0.012070486840795772,All_Algorithms_Comparison_Results3.mat
NSGA-II,IGDF,SYM_PART_rotated,17,0.01234718614621827,All_Algorithms_Comparison_Results3.mat
NSGA-II,IGDF,SYM_PART_rotated,18,0.01185271796404468,All_Algorithms_Comparison_Results3.mat
NSGA-II,IGDF,SYM_PART_rotated,19,0.010604887340700586,All_Algorithms_Comparison_Results3.mat
NSGA-II,IGDF,SYM_PART_rotated,20,0.0124024667347991,All_Algorithms_Comparison_Results3.mat
NSGA-II,IGDF,SYM_PART_rotated,21,0.009117123793913972,All_Algorithms_Comparison_Results3.mat
NSGA-II,IGDF,SYM_PART_rotated,22,0.010051287179959373,All_Algorithms_Comparison_Results3.mat
NSGA-II,IGDF,SYM_PART_rotated,23,0.010575361203863761,All_Algorithms_Comparison_Results3.mat
NSGA-II,IGDF,SYM_PART_rotated,24,0.013038711397576461,All_Algorithms_Comparison_Results3.mat
NSGA-II,IGDF,SYM_PART_rotated,25,0.010965919743390586,All_Algorithms_Comparison_Results3.mat
NSGA-II,IGDF,SYM_PART_rotated,26,0.00965539623392015,All_Algorithms_Comparison_Results3.mat
NSGA-II,IGDF,SYM_PART_rotated,27,0.01082357096690482,All_Algorithms_Comparison_Results3.mat
NSGA-II,IGDF,SYM_PART_rotated,28,0.010698726512806003,All_Algorithms_Comparison_Results3.mat
NSGA-II,IGDF,SYM_PART_rotated,29,0.009757938174048148,All_Algorithms_Comparison_Results3.mat
NSGA-II,IGDF,SYM_PART_rotated,30,0.009908402603818355,All_Algorithms_Comparison_Results3.mat
NSGA-II,IGDF,SYM_PART_rotated,31,0.011134019960415518,All_Algorithms_Comparison_Results3.mat
NSGA-II,IGDF,Omni_test,1,0.005385754830157532,All_Algorithms_Comparison_Results3.mat
NSGA-II,IGDF,Omni_test,2,0.005419652996893937,All_Algorithms_Comparison_Results3.mat
NSGA-II,IGDF,Omni_test,3,0.0053188969109085405,All_Algorithms_Comparison_Results3.mat
NSGA-II,IGDF,Omni_test,4,0.005200832843001301,All_Algorithms_Comparison_Results3.mat
NSGA-II,IGDF,Omni_test,5,0.005266507395762432,All_Algorithms_Comparison_Results3.mat
NSGA-II,IGDF,Omni_test,6,0.005686598651824421,All_Algorithms_Comparison_Results3.mat
NSGA-II,IGDF,Omni_test,7,0.005531704552271573,All_Algorithms_Comparison_Results3.mat
NSGA-II,IGDF,Omni_test,8,0.005517811602024409,All_Algorithms_Comparison_Results3.mat
NSGA-II,IGDF,Omni_test,9,0.0056131005581774585,All_Algorithms_Comparison_Results3.mat
NSGA-II,IGDF,Omni_test,10,0.005361511902394703,All_Algorithms_Comparison_Results3.mat
NSGA-II,IGDF,Omni_test,11,0.0052882986805453955,All_Algorithms_Comparison_Results3.mat
NSGA-II,IGDF,Omni_test,12,0.005285699621871119,All_Algorithms_Comparison_Results3.mat
NSGA-II,IGDF,Omni_test,13,0.0053863933698884885,All_Algorithms_Comparison_Results3.mat
NSGA-II,IGDF,Omni_test,14,0.005284183484542852,All_Algorithms_Comparison_Results3.mat
NSGA-II,IGDF,Omni_test,15,0.00530410790528917,All_Algorithms_Comparison_Results3.mat
NSGA-II,IGDF,Omni_test,16,0.005608844811593078,All_Algorithms_Comparison_Results3.mat
NSGA-II,IGDF,Omni_test,17,0.005413462988843243,All_Algorithms_Comparison_Results3.mat
NSGA-II,IGDF,Omni_test,18,0.005450152181419208,All_Algorithms_Comparison_Results3.mat
NSGA-II,IGDF,Omni_test,19,0.005420933698458089,All_Algorithms_Comparison_Results3.mat
NSGA-II,IGDF,Omni_test,20,0.00546700082608656,All_Algorithms_Comparison_Results3.mat
NSGA-II,IGDF,Omni_test,21,0.005168379277366169,All_Algorithms_Comparison_Results3.mat
NSGA-II,IGDF,Omni_test,22,0.005572435615555754,All_Algorithms_Comparison_Results3.mat
NSGA-II,IGDF,Omni_test,23,0.005279989448662865,All_Algorithms_Comparison_Results3.mat
NSGA-II,IGDF,Omni_test,24,0.005704686296152535,All_Algorithms_Comparison_Results3.mat
NSGA-II,IGDF,Omni_test,25,0.005298879656149896,All_Algorithms_Comparison_Results3.mat
NSGA-II,IGDF,Omni_test,26,0.005325953696886588,All_Algorithms_Comparison_Results3.mat
NSGA-II,IGDF,Omni_test,27,0.005505855165688623,All_Algorithms_Comparison_Results3.mat
NSGA-II,IGDF,Omni_test,28,0.005400230004201143,All_Algorithms_Comparison_Results3.mat
NSGA-II,IGDF,Omni_test,29,0.00573093260288169,All_Algorithms_Comparison_Results3.mat
NSGA-II,IGDF,Omni_test,30,0.005260774491557199,All_Algorithms_Comparison_Results3.mat
NSGA-II,IGDF,Omni_test,31,0.005753807757539815,All_Algorithms_Comparison_Results3.mat
DN-NSGA-II,rPSP,MMF1,1,0.07515615529327191,All_Algorithms_Comparison_Results3.mat
DN-NSGA-II,rPSP,MMF1,2,0.06136368007996053,All_Algorithms_Comparison_Results3.mat
DN-NSGA-II,rPSP,MMF1,3,0.10560615184725382,All_Algorithms_Comparison_Results3.mat
DN-NSGA-II,rPSP,MMF1,4,0.09512798373581009,All_Algorithms_Comparison_Results3.mat
DN-NSGA-II,rPSP,MMF1,5,0.07730279448391154,All_Algorithms_Comparison_Results3.mat
DN-NSGA-II,rPSP,MMF1,6,0.08086570125310578,All_Algorithms_Comparison_Results3.mat
DN-NSGA-II,rPSP,MMF1,7,0.05241879223471035,All_Algorithms_Comparison_Results3.mat
DN-NSGA-II,rPSP,MMF1,8,0.09222615123412053,All_Algorithms_Comparison_Results3.mat
DN-NSGA-II,rPSP,MMF1,9,0.0791645431359345,All_Algorithms_Comparison_Results3.mat
DN-NSGA-II,rPSP,MMF1,10,0.07841783110747709,All_Algorithms_Comparison_Results3.mat
DN-NSGA-II,rPSP,MMF1,11,0.08199788712773025,All_Algorithms_Comparison_Results3.mat
DN-NSGA-II,rPSP,MMF1,12,0.07062314467327892,All_Algorithms_Comparison_Results3.mat
DN-NSGA-II,rPSP,MMF1,13,0.0901657054208757,All_Algorithms_Comparison_Results3.mat
DN-NSGA-II,rPSP,MMF1,14,0.07893139273805504,All_Algorithms_Comparison_Results3.mat
DN-NSGA-II,rPSP,MMF1,15,0.08844167991175744,All_Algorithms_Comparison_Results3.mat
DN-NSGA-II,rPSP,MMF1,16,0.07983100271016139,All_Algorithms_Comparison_Results3.mat
DN-NSGA-II,rPSP,MMF1,17,0.0951076802611878,All_Algorithms_Comparison_Results3.mat
DN-NSGA-II,rPSP,MMF1,18,0.10953497068412446,All_Algorithms_Comparison_Results3.mat
DN-NSGA-II,rPSP,MMF1,19,0.08291564300315758,All_Algorithms_Comparison_Results3.mat
DN-NSGA-II,rPSP,MMF1,20,0.0866706565025014,All_Algorithms_Comparison_Results3.mat
DN-NSGA-II,rPSP,MMF1,21,0.09411672367957379,All_Algorithms_Comparison_Results3.mat
DN-NSGA-II,rPSP,MMF1,22,0.08040093502964263,All_Algorithms_Comparison_Results3.mat
DN-NSGA-II,rPSP,MMF1,23,0.1010219933444795,All_Algorithms_Comparison_Results3.mat
DN-NSGA-II,rPSP,MMF1,24,0.08173549866065982,All_Algorithms_Comparison_Results3.mat
DN-NSGA-II,rPSP,MMF1,25,0.0972710439202889,All_Algorithms_Comparison_Results3.mat
DN-NSGA-II,rPSP,MMF1,26,0.07977088512951,All_Algorithms_Comparison_Results3.mat
DN-NSGA-II,rPSP,MMF1,27,0.09056981469079896,All_Algorithms_Comparison_Results3.mat
DN-NSGA-II,rPSP,MMF1,28,0.08734171859416212,All_Algorithms_Comparison_Results3.mat
DN-NSGA-II,rPSP,MMF1,29,0.08669347956488306,All_Algorithms_Comparison_Results3.mat
DN-NSGA-II,rPSP,MMF1,30,0.06347734160889404,All_Algorithms_Comparison_Results3.mat
DN-NSGA-II,rPSP,MMF1,31,0.0936210240459837,All_Algorithms_Comparison_Results3.mat
DN-NSGA-II,rPSP,MMF2,1,0.1067757614557096,All_Algorithms_Comparison_Results3.mat
DN-NSGA-II,rPSP,MMF2,2,0.03786524978091657,All_Algorithms_Comparison_Results3.mat
DN-NSGA-II,rPSP,MMF2,3,0.05281373346660387,All_Algorithms_Comparison_Results3.mat
DN-NSGA-II,rPSP,MMF2,4,0.12016575736691715,All_Algorithms_Comparison_Results3.mat
DN-NSGA-II,rPSP,MMF2,5,0.05921939896589223,All_Algorithms_Comparison_Results3.mat
DN-NSGA-II,rPSP,MMF2,6,0.05366470925190946,All_Algorithms_Comparison_Results3.mat
DN-NSGA-II,rPSP,MMF2,7,0.14604176315889175,All_Algorithms_Comparison_Results3.mat
DN-NSGA-II,rPSP,MMF2,8,0.06374274653842146,All_Algorithms_Comparison_Results3.mat
DN-NSGA-II,rPSP,MMF2,9,0.06324885951098644,All_Algorithms_Comparison_Results3.mat
DN-NSGA-II,rPSP,MMF2,10,0.1013580008250735,All_Algorithms_Comparison_Results3.mat
DN-NSGA-II,rPSP,MMF2,11,0.30529320859443715,All_Algorithms_Comparison_Results3.mat
DN-NSGA-II,rPSP,MMF2,12,0.0902305560332103,All_Algorithms_Comparison_Results3.mat
DN-NSGA-II,rPSP,MMF2,13,0.08407251403441358,All_Algorithms_Comparison_Results3.mat
DN-NSGA-II,rPSP,MMF2,14,0.13708508299630143,All_Algorithms_Comparison_Results3.mat
DN-NSGA-II,rPSP,MMF2,15,0.05391399703089788,All_Algorithms_Comparison_Results3.mat
DN-NSGA-II,rPSP,MMF2,16,0.12111285815179132,All_Algorithms_Comparison_Results3.mat
DN-NSGA-II,rPSP,MMF2,17,0.160925931886478,All_Algorithms_Comparison_Results3.mat
DN-NSGA-II,rPSP,MMF2,18,0.05159130052110597,All_Algorithms_Comparison_Results3.mat
DN-NSGA-II,rPSP,MMF2,19,0.11309267613344914,All_Algorithms_Comparison_Results3.mat
DN-NSGA-II,rPSP,MMF2,20,0.08488857866330504,All_Algorithms_Comparison_Results3.mat
DN-NSGA-II,rPSP,MMF2,21,0.04191127512506016,All_Algorithms_Comparison_Results3.mat
DN-NSGA-II,rPSP,MMF2,22,0.07176266457503828,All_Algorithms_Comparison_Results3.mat
DN-NSGA-II,rPSP,MMF2,23,0.03579940890907726,All_Algorithms_Comparison_Results3.mat
DN-NSGA-II,rPSP,MMF2,24,0.3445165233652458,All_Algorithms_Comparison_Results3.mat
DN-NSGA-II,rPSP,MMF2,25,0.05342449976772837,All_Algorithms_Comparison_Results3.mat
DN-NSGA-II,rPSP,MMF2,26,0.23474845156258112,All_Algorithms_Comparison_Results3.mat
DN-NSGA-II,rPSP,MMF2,27,0.17615253595343902,All_Algorithms_Comparison_Results3.mat
DN-NSGA-II,rPSP,MMF2,28,0.10378211947396745,All_Algorithms_Comparison_Results3.mat
DN-NSGA-II,rPSP,MMF2,29,0.11208910676385037,All_Algorithms_Comparison_Results3.mat
DN-NSGA-II,rPSP,MMF2,30,0.10430041421754016,All_Algorithms_Comparison_Results3.mat
DN-NSGA-II,rPSP,MMF2,31,0.35287131078157546,All_Algorithms_Comparison_Results3.mat
DN-NSGA-II,rPSP,MMF3,1,0.07828960196515285,All_Algorithms_Comparison_Results3.mat
DN-NSGA-II,rPSP,MMF3,2,0.06572470057918392,All_Algorithms_Comparison_Results3.mat
DN-NSGA-II,rPSP,MMF3,3,0.10236707868451737,All_Algorithms_Comparison_Results3.mat
DN-NSGA-II,rPSP,MMF3,4,0.03323338491950904,All_Algorithms_Comparison_Results3.mat
DN-NSGA-II,rPSP,MMF3,5,0.029907811446331388,All_Algorithms_Comparison_Results3.mat
DN-NSGA-II,rPSP,MMF3,6,0.035371080045549404,All_Algorithms_Comparison_Results3.mat
DN-NSGA-II,rPSP,MMF3,7,0.16255935575601296,All_Algorithms_Comparison_Results3.mat
DN-NSGA-II,rPSP,MMF3,8,0.0768683945476717,All_Algorithms_Comparison_Results3.mat
DN-NSGA-II,rPSP,MMF3,9,0.08070802711583969,All_Algorithms_Comparison_Results3.mat
DN-NSGA-II,rPSP,MMF3,10,0.07634902555142269,All_Algorithms_Comparison_Results3.mat
DN-NSGA-II,rPSP,MMF3,11,0.05748923904955226,All_Algorithms_Comparison_Results3.mat
DN-NSGA-II,rPSP,MMF3,12,0.05728328492283773,All_Algorithms_Comparison_Results3.mat
DN-NSGA-II,rPSP,MMF3,13,0.16806227739058305,All_Algorithms_Comparison_Results3.mat
DN-NSGA-II,rPSP,MMF3,14,0.079415821077686,All_Algorithms_Comparison_Results3.mat
DN-NSGA-II,rPSP,MMF3,15,0.04132547283318063,All_Algorithms_Comparison_Results3.mat
DN-NSGA-II,rPSP,MMF3,16,0.09078259991559241,All_Algorithms_Comparison_Results3.mat
DN-NSGA-II,rPSP,MMF3,17,0.06693105724414221,All_Algorithms_Comparison_Results3.mat
DN-NSGA-II,rPSP,MMF3,18,0.11847923646974666,All_Algorithms_Comparison_Results3.mat
DN-NSGA-II,rPSP,MMF3,19,0.1367073674100809,All_Algorithms_Comparison_Results3.mat
DN-NSGA-II,rPSP,MMF3,20,0.05457511948257283,All_Algorithms_Comparison_Results3.mat
DN-NSGA-II,rPSP,MMF3,21,0.07674043373860247,All_Algorithms_Comparison_Results3.mat
DN-NSGA-II,rPSP,MMF3,22,0.11968165568292008,All_Algorithms_Comparison_Results3.mat
DN-NSGA-II,rPSP,MMF3,23,0.06182110987438296,All_Algorithms_Comparison_Results3.mat
DN-NSGA-II,rPSP,MMF3,24,0.251088317878264,All_Algorithms_Comparison_Results3.mat
DN-NSGA-II,rPSP,MMF3,25,0.15478630323152995,All_Algorithms_Comparison_Results3.mat
DN-NSGA-II,rPSP,MMF3,26,0.10444293688360103,All_Algorithms_Comparison_Results3.mat
DN-NSGA-II,rPSP,MMF3,27,0.17227939072996162,All_Algorithms_Comparison_Results3.mat
DN-NSGA-II,rPSP,MMF3,28,0.06477623655353511,All_Algorithms_Comparison_Results3.mat
DN-NSGA-II,rPSP,MMF3,29,0.08132346186126806,All_Algorithms_Comparison_Results3.mat
DN-NSGA-II,rPSP,MMF3,30,0.05951761899583733,All_Algorithms_Comparison_Results3.mat
DN-NSGA-II,rPSP,MMF3,31,0.08316840315137426,All_Algorithms_Comparison_Results3.mat
DN-NSGA-II,rPSP,MMF4,1,0.11471021052046529,All_Algorithms_Comparison_Results3.mat
DN-NSGA-II,rPSP,MMF4,2,0.08742664262499218,All_Algorithms_Comparison_Results3.mat
DN-NSGA-II,rPSP,MMF4,3,0.11244536128498576,All_Algorithms_Comparison_Results3.mat
DN-NSGA-II,rPSP,MMF4,4,0.05860836120921666,All_Algorithms_Comparison_Results3.mat
DN-NSGA-II,rPSP,MMF4,5,0.07848034291616356,All_Algorithms_Comparison_Results3.mat
DN-NSGA-II,rPSP,MMF4,6,0.07282597866992277,All_Algorithms_Comparison_Results3.mat
DN-NSGA-II,rPSP,MMF4,7,0.06264857280696914,All_Algorithms_Comparison_Results3.mat
DN-NSGA-II,rPSP,MMF4,8,0.07652164292120682,All_Algorithms_Comparison_Results3.mat
DN-NSGA-II,rPSP,MMF4,9,0.07094894906278337,All_Algorithms_Comparison_Results3.mat
DN-NSGA-II,rPSP,MMF4,10,0.09780193852473487,All_Algorithms_Comparison_Results3.mat
DN-NSGA-II,rPSP,MMF4,11,0.08885689416507055,All_Algorithms_Comparison_Results3.mat
DN-NSGA-II,rPSP,MMF4,12,0.0702267784717715,All_Algorithms_Comparison_Results3.mat
DN-NSGA-II,rPSP,MMF4,13,0.07358883596785495,All_Algorithms_Comparison_Results3.mat
DN-NSGA-II,rPSP,MMF4,14,0.08122271514455244,All_Algorithms_Comparison_Results3.mat
DN-NSGA-II,rPSP,MMF4,15,0.0854548787310886,All_Algorithms_Comparison_Results3.mat
DN-NSGA-II,rPSP,MMF4,16,0.10112630681255848,All_Algorithms_Comparison_Results3.mat
DN-NSGA-II,rPSP,MMF4,17,0.05990449689718196,All_Algorithms_Comparison_Results3.mat
DN-NSGA-II,rPSP,MMF4,18,0.07600070539656222,All_Algorithms_Comparison_Results3.mat
DN-NSGA-II,rPSP,MMF4,19,0.053530085898607895,All_Algorithms_Comparison_Results3.mat
DN-NSGA-II,rPSP,MMF4,20,0.07762954172235527,All_Algorithms_Comparison_Results3.mat
DN-NSGA-II,rPSP,MMF4,21,0.08654665951742126,All_Algorithms_Comparison_Results3.mat
DN-NSGA-II,rPSP,MMF4,22,0.13516454295431582,All_Algorithms_Comparison_Results3.mat
DN-NSGA-II,rPSP,MMF4,23,0.08502088983942493,All_Algorithms_Comparison_Results3.mat
DN-NSGA-II,rPSP,MMF4,24,0.09317313950062121,All_Algorithms_Comparison_Results3.mat
DN-NSGA-II,rPSP,MMF4,25,0.08780737788077424,All_Algorithms_Comparison_Results3.mat
DN-NSGA-II,rPSP,MMF4,26,0.0895524577225342,All_Algorithms_Comparison_Results3.mat
DN-NSGA-II,rPSP,MMF4,27,0.10509515225064883,All_Algorithms_Comparison_Results3.mat
DN-NSGA-II,rPSP,MMF4,28,0.09380529828346759,All_Algorithms_Comparison_Results3.mat
DN-NSGA-II,rPSP,MMF4,29,0.09490070634432231,All_Algorithms_Comparison_Results3.mat
DN-NSGA-II,rPSP,MMF4,30,0.07605395928125183,All_Algorithms_Comparison_Results3.mat
DN-NSGA-II,rPSP,MMF4,31,0.05556279850271202,All_Algorithms_Comparison_Results3.mat
DN-NSGA-II,rPSP,MMF5,1,0.1553766263550147,All_Algorithms_Comparison_Results3.mat
DN-NSGA-II,rPSP,MMF5,2,0.16773273987902426,All_Algorithms_Comparison_Results3.mat
DN-NSGA-II,rPSP,MMF5,3,0.16009771084922353,All_Algorithms_Comparison_Results3.mat
DN-NSGA-II,rPSP,MMF5,4,0.18003183580414117,All_Algorithms_Comparison_Results3.mat
DN-NSGA-II,rPSP,MMF5,5,0.1570591073636149,All_Algorithms_Comparison_Results3.mat
DN-NSGA-II,rPSP,MMF5,6,0.16524739620698256,All_Algorithms_Comparison_Results3.mat
DN-NSGA-II,rPSP,MMF5,7,0.16302798210160527,All_Algorithms_Comparison_Results3.mat
DN-NSGA-II,rPSP,MMF5,8,0.1747264003218057,All_Algorithms_Comparison_Results3.mat
DN-NSGA-II,rPSP,MMF5,9,0.15633285252234236,All_Algorithms_Comparison_Results3.mat
DN-NSGA-II,rPSP,MMF5,10,0.1632247090997614,All_Algorithms_Comparison_Results3.mat
DN-NSGA-II,rPSP,MMF5,11,0.13938406912671014,All_Algorithms_Comparison_Results3.mat
DN-NSGA-II,rPSP,MMF5,12,0.14401767038545976,All_Algorithms_Comparison_Results3.mat
DN-NSGA-II,rPSP,MMF5,13,0.1785768572548249,All_Algorithms_Comparison_Results3.mat
DN-NSGA-II,rPSP,MMF5,14,0.1622746939186765,All_Algorithms_Comparison_Results3.mat
DN-NSGA-II,rPSP,MMF5,15,0.16983036725434408,All_Algorithms_Comparison_Results3.mat
DN-NSGA-II,rPSP,MMF5,16,0.16143465922041278,All_Algorithms_Comparison_Results3.mat
DN-NSGA-II,rPSP,MMF5,17,0.16549476075567554,All_Algorithms_Comparison_Results3.mat
DN-NSGA-II,rPSP,MMF5,18,0.16963415354740446,All_Algorithms_Comparison_Results3.mat
DN-NSGA-II,rPSP,MMF5,19,0.13938776244381254,All_Algorithms_Comparison_Results3.mat
DN-NSGA-II,rPSP,MMF5,20,0.17487377979272864,All_Algorithms_Comparison_Results3.mat
DN-NSGA-II,rPSP,MMF5,21,0.20786784741138034,All_Algorithms_Comparison_Results3.mat
DN-NSGA-II,rPSP,MMF5,22,0.16377670769040978,All_Algorithms_Comparison_Results3.mat
DN-NSGA-II,rPSP,MMF5,23,0.14914063402203848,All_Algorithms_Comparison_Results3.mat
DN-NSGA-II,rPSP,MMF5,24,0.15806476893551072,All_Algorithms_Comparison_Results3.mat
DN-NSGA-II,rPSP,MMF5,25,0.17595020109460024,All_Algorithms_Comparison_Results3.mat
DN-NSGA-II,rPSP,MMF5,26,0.13243381745683638,All_Algorithms_Comparison_Results3.mat
DN-NSGA-II,rPSP,MMF5,27,0.16039638493092048,All_Algorithms_Comparison_Results3.mat
DN-NSGA-II,rPSP,MMF5,28,0.16377767319284833,All_Algorithms_Comparison_Results3.mat
DN-NSGA-II,rPSP,MMF5,29,0.17055868226477114,All_Algorithms_Comparison_Results3.mat
DN-NSGA-II,rPSP,MMF5,30,0.15080696473754435,All_Algorithms_Comparison_Results3.mat
DN-NSGA-II,rPSP,MMF5,31,0.14130545132197617,All_Algorithms_Comparison_Results3.mat
DN-NSGA-II,rPSP,MMF6,1,0.12370803484460426,All_Algorithms_Comparison_Results3.mat
DN-NSGA-II,rPSP,MMF6,2,0.16526495288080748,All_Algorithms_Comparison_Results3.mat
DN-NSGA-II,rPSP,MMF6,3,0.18049896099397753,All_Algorithms_Comparison_Results3.mat
DN-NSGA-II,rPSP,MMF6,4,0.1385625559982789,All_Algorithms_Comparison_Results3.mat
DN-NSGA-II,rPSP,MMF6,5,0.1292421010281912,All_Algorithms_Comparison_Results3.mat
DN-NSGA-II,rPSP,MMF6,6,0.1429552093506698,All_Algorithms_Comparison_Results3.mat
DN-NSGA-II,rPSP,MMF6,7,0.1508398036103962,All_Algorithms_Comparison_Results3.mat
DN-NSGA-II,rPSP,MMF6,8,0.13295785502621948,All_Algorithms_Comparison_Results3.mat
DN-NSGA-II,rPSP,MMF6,9,0.1326873248495256,All_Algorithms_Comparison_Results3.mat
DN-NSGA-II,rPSP,MMF6,10,0.13877103732636661,All_Algorithms_Comparison_Results3.mat
DN-NSGA-II,rPSP,MMF6,11,0.14735160792771024,All_Algorithms_Comparison_Results3.mat
DN-NSGA-II,rPSP,MMF6,12,0.1669249736972545,All_Algorithms_Comparison_Results3.mat
DN-NSGA-II,rPSP,MMF6,13,0.1421564473225914,All_Algorithms_Comparison_Results3.mat
DN-NSGA-II,rPSP,MMF6,14,0.12492487831975603,All_Algorithms_Comparison_Results3.mat
DN-NSGA-II,rPSP,MMF6,15,0.12405385613713485,All_Algorithms_Comparison_Results3.mat
DN-NSGA-II,rPSP,MMF6,16,0.12986960441288317,All_Algorithms_Comparison_Results3.mat
DN-NSGA-II,rPSP,MMF6,17,0.14231184836829874,All_Algorithms_Comparison_Results3.mat
DN-NSGA-II,rPSP,MMF6,18,0.14569484395215782,All_Algorithms_Comparison_Results3.mat
DN-NSGA-II,rPSP,MMF6,19,0.2067915233517862,All_Algorithms_Comparison_Results3.mat
DN-NSGA-II,rPSP,MMF6,20,0.12832807165954496,All_Algorithms_Comparison_Results3.mat
DN-NSGA-II,rPSP,MMF6,21,0.13445902553409317,All_Algorithms_Comparison_Results3.mat
DN-NSGA-II,rPSP,MMF6,22,0.1296715993230537,All_Algorithms_Comparison_Results3.mat
DN-NSGA-II,rPSP,MMF6,23,0.14023129294366,All_Algorithms_Comparison_Results3.mat
DN-NSGA-II,rPSP,MMF6,24,0.1506736747811065,All_Algorithms_Comparison_Results3.mat
DN-NSGA-II,rPSP,MMF6,25,0.13254970730625676,All_Algorithms_Comparison_Results3.mat
DN-NSGA-II,rPSP,MMF6,26,0.11714813080064249,All_Algorithms_Comparison_Results3.mat
DN-NSGA-II,rPSP,MMF6,27,0.14466047574762012,All_Algorithms_Comparison_Results3.mat
DN-NSGA-II,rPSP,MMF6,28,0.13117666634004255,All_Algorithms_Comparison_Results3.mat
DN-NSGA-II,rPSP,MMF6,29,0.1325808922770783,All_Algorithms_Comparison_Results3.mat
DN-NSGA-II,rPSP,MMF6,30,0.1140050048863264,All_Algorithms_Comparison_Results3.mat
DN-NSGA-II,rPSP,MMF6,31,0.13141996323876556,All_Algorithms_Comparison_Results3.mat
DN-NSGA-II,rPSP,MMF7,1,0.04907686941177919,All_Algorithms_Comparison_Results3.mat
DN-NSGA-II,rPSP,MMF7,2,0.03715370432422205,All_Algorithms_Comparison_Results3.mat
DN-NSGA-II,rPSP,MMF7,3,0.03978310337339947,All_Algorithms_Comparison_Results3.mat
DN-NSGA-II,rPSP,MMF7,4,0.03910160914387634,All_Algorithms_Comparison_Results3.mat
DN-NSGA-II,rPSP,MMF7,5,0.041043693540488306,All_Algorithms_Comparison_Results3.mat
DN-NSGA-II,rPSP,MMF7,6,0.05274934061102819,All_Algorithms_Comparison_Results3.mat
DN-NSGA-II,rPSP,MMF7,7,0.03447907798798591,All_Algorithms_Comparison_Results3.mat
DN-NSGA-II,rPSP,MMF7,8,0.03877599667756465,All_Algorithms_Comparison_Results3.mat
DN-NSGA-II,rPSP,MMF7,9,0.04655310448017778,All_Algorithms_Comparison_Results3.mat
DN-NSGA-II,rPSP,MMF7,10,0.051143605228455256,All_Algorithms_Comparison_Results3.mat
DN-NSGA-II,rPSP,MMF7,11,0.04334116073724132,All_Algorithms_Comparison_Results3.mat
DN-NSGA-II,rPSP,MMF7,12,0.053665912925090944,All_Algorithms_Comparison_Results3.mat
DN-NSGA-II,rPSP,MMF7,13,0.035954258213797434,All_Algorithms_Comparison_Results3.mat
DN-NSGA-II,rPSP,MMF7,14,0.03359121925657787,All_Algorithms_Comparison_Results3.mat
DN-NSGA-II,rPSP,MMF7,15,0.07014688994903759,All_Algorithms_Comparison_Results3.mat
DN-NSGA-II,rPSP,MMF7,16,0.0334287203187271,All_Algorithms_Comparison_Results3.mat
DN-NSGA-II,rPSP,MMF7,17,0.0356795638006907,All_Algorithms_Comparison_Results3.mat
DN-NSGA-II,rPSP,MMF7,18,0.04573675307735692,All_Algorithms_Comparison_Results3.mat
DN-NSGA-II,rPSP,MMF7,19,0.038824190481497906,All_Algorithms_Comparison_Results3.mat
DN-NSGA-II,rPSP,MMF7,20,0.04411194584779888,All_Algorithms_Comparison_Results3.mat
DN-NSGA-II,rPSP,MMF7,21,0.03781682954541454,All_Algorithms_Comparison_Results3.mat
DN-NSGA-II,rPSP,MMF7,22,0.034661701514440486,All_Algorithms_Comparison_Results3.mat
DN-NSGA-II,rPSP,MMF7,23,0.049880322271088164,All_Algorithms_Comparison_Results3.mat
DN-NSGA-II,rPSP,MMF7,24,0.03839387142857279,All_Algorithms_Comparison_Results3.mat
DN-NSGA-II,rPSP,MMF7,25,0.0388565751328279,All_Algorithms_Comparison_Results3.mat
DN-NSGA-II,rPSP,MMF7,26,0.04123037358016105,All_Algorithms_Comparison_Results3.mat
DN-NSGA-II,rPSP,MMF7,27,0.04685344542048109,All_Algorithms_Comparison_Results3.mat
DN-NSGA-II,rPSP,MMF7,28,0.037409463487160746,All_Algorithms_Comparison_Results3.mat
DN-NSGA-II,rPSP,MMF7,29,0.03346430650676678,All_Algorithms_Comparison_Results3.mat
DN-NSGA-II,rPSP,MMF7,30,0.05496874058480882,All_Algorithms_Comparison_Results3.mat
DN-NSGA-II,rPSP,MMF7,31,0.032925184197255826,All_Algorithms_Comparison_Results3.mat
DN-NSGA-II,rPSP,MMF8,1,0.48908353022844064,All_Algorithms_Comparison_Results3.mat
DN-NSGA-II,rPSP,MMF8,2,0.294025505306486,All_Algorithms_Comparison_Results3.mat
DN-NSGA-II,rPSP,MMF8,3,0.15611684947554383,All_Algorithms_Comparison_Results3.mat
DN-NSGA-II,rPSP,MMF8,4,0.3630105520628092,All_Algorithms_Comparison_Results3.mat
DN-NSGA-II,rPSP,MMF8,5,0.2581833413544233,All_Algorithms_Comparison_Results3.mat
DN-NSGA-II,rPSP,MMF8,6,0.3002455604778385,All_Algorithms_Comparison_Results3.mat
DN-NSGA-II,rPSP,MMF8,7,0.49874247010093575,All_Algorithms_Comparison_Results3.mat
DN-NSGA-II,rPSP,MMF8,8,0.46210757243155204,All_Algorithms_Comparison_Results3.mat
DN-NSGA-II,rPSP,MMF8,9,0.20210096482170747,All_Algorithms_Comparison_Results3.mat
DN-NSGA-II,rPSP,MMF8,10,0.3035945214898931,All_Algorithms_Comparison_Results3.mat
DN-NSGA-II,rPSP,MMF8,11,0.2785730955426556,All_Algorithms_Comparison_Results3.mat
DN-NSGA-II,rPSP,MMF8,12,0.2612786144155261,All_Algorithms_Comparison_Results3.mat
DN-NSGA-II,rPSP,MMF8,13,0.153945108440341,All_Algorithms_Comparison_Results3.mat
DN-NSGA-II,rPSP,MMF8,14,0.5579200532510884,All_Algorithms_Comparison_Results3.mat
DN-NSGA-II,rPSP,MMF8,15,0.4409651962943143,All_Algorithms_Comparison_Results3.mat
DN-NSGA-II,rPSP,MMF8,16,0.1665117380582663,All_Algorithms_Comparison_Results3.mat
DN-NSGA-II,rPSP,MMF8,17,0.6520214532363207,All_Algorithms_Comparison_Results3.mat
DN-NSGA-II,rPSP,MMF8,18,0.3145827947987336,All_Algorithms_Comparison_Results3.mat
DN-NSGA-II,rPSP,MMF8,19,0.1510744320553624,All_Algorithms_Comparison_Results3.mat
DN-NSGA-II,rPSP,MMF8,20,0.261623204493532,All_Algorithms_Comparison_Results3.mat
DN-NSGA-II,rPSP,MMF8,21,0.3014529485324827,All_Algorithms_Comparison_Results3.mat
DN-NSGA-II,rPSP,MMF8,22,0.16686497102490283,All_Algorithms_Comparison_Results3.mat
DN-NSGA-II,rPSP,MMF8,23,0.22324727166172412,All_Algorithms_Comparison_Results3.mat
DN-NSGA-II,rPSP,MMF8,24,0.12318805613136262,All_Algorithms_Comparison_Results3.mat
DN-NSGA-II,rPSP,MMF8,25,0.27014950774025415,All_Algorithms_Comparison_Results3.mat
DN-NSGA-II,rPSP,MMF8,26,0.28469745545948927,All_Algorithms_Comparison_Results3.mat
DN-NSGA-II,rPSP,MMF8,27,0.18646542119854492,All_Algorithms_Comparison_Results3.mat
DN-NSGA-II,rPSP,MMF8,28,0.18857325684966894,All_Algorithms_Comparison_Results3.mat
DN-NSGA-II,rPSP,MMF8,29,0.42501264897483104,All_Algorithms_Comparison_Results3.mat
DN-NSGA-II,rPSP,MMF8,30,0.25692831438088815,All_Algorithms_Comparison_Results3.mat
DN-NSGA-II,rPSP,MMF8,31,0.3161386043296979,All_Algorithms_Comparison_Results3.mat
DN-NSGA-II,rPSP,MMF9,1,0.05342635564458706,All_Algorithms_Comparison_Results3.mat
DN-NSGA-II,rPSP,MMF9,2,0.015100152611628203,All_Algorithms_Comparison_Results3.mat
DN-NSGA-II,rPSP,MMF9,3,0.0363794037387821,All_Algorithms_Comparison_Results3.mat
DN-NSGA-II,rPSP,MMF9,4,0.010306265944624946,All_Algorithms_Comparison_Results3.mat
DN-NSGA-II,rPSP,MMF9,5,0.0369158035405002,All_Algorithms_Comparison_Results3.mat
DN-NSGA-II,rPSP,MMF9,6,0.027097965719847707,All_Algorithms_Comparison_Results3.mat
DN-NSGA-II,rPSP,MMF9,7,0.035374040236363945,All_Algorithms_Comparison_Results3.mat
DN-NSGA-II,rPSP,MMF9,8,0.039588753179457384,All_Algorithms_Comparison_Results3.mat
DN-NSGA-II,rPSP,MMF9,9,0.021559699312970818,All_Algorithms_Comparison_Results3.mat
DN-NSGA-II,rPSP,MMF9,10,0.025806596775766546,All_Algorithms_Comparison_Results3.mat
DN-NSGA-II,rPSP,MMF9,11,0.021526316512601843,All_Algorithms_Comparison_Results3.mat
DN-NSGA-II,rPSP,MMF9,12,0.021324535149862912,All_Algorithms_Comparison_Results3.mat
DN-NSGA-II,rPSP,MMF9,13,0.04509193754621124,All_Algorithms_Comparison_Results3.mat
DN-NSGA-II,rPSP,MMF9,14,0.023232363864666712,All_Algorithms_Comparison_Results3.mat
DN-NSGA-II,rPSP,MMF9,15,0.025502313250614597,All_Algorithms_Comparison_Results3.mat
DN-NSGA-II,rPSP,MMF9,16,0.05126441376247313,All_Algorithms_Comparison_Results3.mat
DN-NSGA-II,rPSP,MMF9,17,0.031188633090804437,All_Algorithms_Comparison_Results3.mat
DN-NSGA-II,rPSP,MMF9,18,0.012576626553676825,All_Algorithms_Comparison_Results3.mat
DN-NSGA-II,rPSP,MMF9,19,0.022567726256016316,All_Algorithms_Comparison_Results3.mat
DN-NSGA-II,rPSP,MMF9,20,0.010861857591883598,All_Algorithms_Comparison_Results3.mat
DN-NSGA-II,rPSP,MMF9,21,0.024621733886729075,All_Algorithms_Comparison_Results3.mat
DN-NSGA-II,rPSP,MMF9,22,0.01986746653864133,All_Algorithms_Comparison_Results3.mat
DN-NSGA-II,rPSP,MMF9,23,0.031758800709403824,All_Algorithms_Comparison_Results3.mat
DN-NSGA-II,rPSP,MMF9,24,0.015195546890168471,All_Algorithms_Comparison_Results3.mat
DN-NSGA-II,rPSP,MMF9,25,0.018775613474407742,All_Algorithms_Comparison_Results3.mat
DN-NSGA-II,rPSP,MMF9,26,0.01564850963845616,All_Algorithms_Comparison_Results3.mat
DN-NSGA-II,rPSP,MMF9,27,0.019874811946292134,All_Algorithms_Comparison_Results3.mat
DN-NSGA-II,rPSP,MMF9,28,0.019141041665597092,All_Algorithms_Comparison_Results3.mat
DN-NSGA-II,rPSP,MMF9,29,0.020918190323810492,All_Algorithms_Comparison_Results3.mat
DN-NSGA-II,rPSP,MMF9,30,0.021726094222909366,All_Algorithms_Comparison_Results3.mat
DN-NSGA-II,rPSP,MMF9,31,0.058053817181607306,All_Algorithms_Comparison_Results3.mat
DN-NSGA-II,rPSP,MMF10,1,0.488289054238767,All_Algorithms_Comparison_Results3.mat
DN-NSGA-II,rPSP,MMF10,2,0.22091180179721348,All_Algorithms_Comparison_Results3.mat
DN-NSGA-II,rPSP,MMF10,3,5.861139981150839,All_Algorithms_Comparison_Results3.mat
DN-NSGA-II,rPSP,MMF10,4,6.7600703996347775,All_Algorithms_Comparison_Results3.mat
DN-NSGA-II,rPSP,MMF10,5,0.12520429381109438,All_Algorithms_Comparison_Results3.mat
DN-NSGA-II,rPSP,MMF10,6,6.775397182902849,All_Algorithms_Comparison_Results3.mat
DN-NSGA-II,rPSP,MMF10,7,0.1474568785895401,All_Algorithms_Comparison_Results3.mat
DN-NSGA-II,rPSP,MMF10,8,5.8857211577481126,All_Algorithms_Comparison_Results3.mat
DN-NSGA-II,rPSP,MMF10,9,7.579321547686531,All_Algorithms_Comparison_Results3.mat
DN-NSGA-II,rPSP,MMF10,10,0.1462387386502323,All_Algorithms_Comparison_Results3.mat
DN-NSGA-II,rPSP,MMF10,11,0.12402062534601609,All_Algorithms_Comparison_Results3.mat
DN-NSGA-II,rPSP,MMF10,12,0.1314265491809786,All_Algorithms_Comparison_Results3.mat
DN-NSGA-II,rPSP,MMF10,13,6.939126575002984,All_Algorithms_Comparison_Results3.mat
DN-NSGA-II,rPSP,MMF10,14,6.714298357982536,All_Algorithms_Comparison_Results3.mat
DN-NSGA-II,rPSP,MMF10,15,6.3747203888520705,All_Algorithms_Comparison_Results3.mat
DN-NSGA-II,rPSP,MMF10,16,0.16518458130018018,All_Algorithms_Comparison_Results3.mat
DN-NSGA-II,rPSP,MMF10,17,5.609432475723718,All_Algorithms_Comparison_Results3.mat
DN-NSGA-II,rPSP,MMF10,18,0.11713659018938583,All_Algorithms_Comparison_Results3.mat
DN-NSGA-II,rPSP,MMF10,19,8.446779185613426,All_Algorithms_Comparison_Results3.mat
DN-NSGA-II,rPSP,MMF10,20,0.18417192483613526,All_Algorithms_Comparison_Results3.mat
DN-NSGA-II,rPSP,MMF10,21,7.332196878963977,All_Algorithms_Comparison_Results3.mat
DN-NSGA-II,rPSP,MMF10,22,6.059669898368594,All_Algorithms_Comparison_Results3.mat
DN-NSGA-II,rPSP,MMF10,23,6.940161997243769,All_Algorithms_Comparison_Results3.mat
DN-NSGA-II,rPSP,MMF10,24,6.141859715002909,All_Algorithms_Comparison_Results3.mat
DN-NSGA-II,rPSP,MMF10,25,8.57145766242073,All_Algorithms_Comparison_Results3.mat
DN-NSGA-II,rPSP,MMF10,26,0.1737859408061467,All_Algorithms_Comparison_Results3.mat
DN-NSGA-II,rPSP,MMF10,27,7.207314504670459,All_Algorithms_Comparison_Results3.mat
DN-NSGA-II,rPSP,MMF10,28,0.14157456713873062,All_Algorithms_Comparison_Results3.mat
DN-NSGA-II,rPSP,MMF10,29,8.316091083614912,All_Algorithms_Comparison_Results3.mat
DN-NSGA-II,rPSP,MMF10,30,6.838140925832108,All_Algorithms_Comparison_Results3.mat
DN-NSGA-II,rPSP,MMF10,31,7.509539220371676,All_Algorithms_Comparison_Results3.mat
DN-NSGA-II,rPSP,MMF11,1,1.8426856306458819,All_Algorithms_Comparison_Results3.mat
DN-NSGA-II,rPSP,MMF11,2,1.7439912586905446,All_Algorithms_Comparison_Results3.mat
DN-NSGA-II,rPSP,MMF11,3,1.6609058276983988,All_Algorithms_Comparison_Results3.mat
DN-NSGA-II,rPSP,MMF11,4,1.5932540929187737,All_Algorithms_Comparison_Results3.mat
DN-NSGA-II,rPSP,MMF11,5,1.586010590734255,All_Algorithms_Comparison_Results3.mat
DN-NSGA-II,rPSP,MMF11,6,1.5890947344819524,All_Algorithms_Comparison_Results3.mat
DN-NSGA-II,rPSP,MMF11,7,1.6685444026725416,All_Algorithms_Comparison_Results3.mat
DN-NSGA-II,rPSP,MMF11,8,1.7475973037715955,All_Algorithms_Comparison_Results3.mat
DN-NSGA-II,rPSP,MMF11,9,1.8227243986678345,All_Algorithms_Comparison_Results3.mat
DN-NSGA-II,rPSP,MMF11,10,1.5072383323052185,All_Algorithms_Comparison_Results3.mat
DN-NSGA-II,rPSP,MMF11,11,1.6702456605326361,All_Algorithms_Comparison_Results3.mat
DN-NSGA-II,rPSP,MMF11,12,1.6796770498348004,All_Algorithms_Comparison_Results3.mat
DN-NSGA-II,rPSP,MMF11,13,1.5915321371773488,All_Algorithms_Comparison_Results3.mat
DN-NSGA-II,rPSP,MMF11,14,1.8751021870707458,All_Algorithms_Comparison_Results3.mat
DN-NSGA-II,rPSP,MMF11,15,1.8952111895796346,All_Algorithms_Comparison_Results3.mat
DN-NSGA-II,rPSP,MMF11,16,1.8664047291046115,All_Algorithms_Comparison_Results3.mat
DN-NSGA-II,rPSP,MMF11,17,1.5805478020463042,All_Algorithms_Comparison_Results3.mat
DN-NSGA-II,rPSP,MMF11,18,1.6703307810894013,All_Algorithms_Comparison_Results3.mat
DN-NSGA-II,rPSP,MMF11,19,1.6116278004061235,All_Algorithms_Comparison_Results3.mat
DN-NSGA-II,rPSP,MMF11,20,1.517042915207514,All_Algorithms_Comparison_Results3.mat
DN-NSGA-II,rPSP,MMF11,21,1.6665586444459581,All_Algorithms_Comparison_Results3.mat
DN-NSGA-II,rPSP,MMF11,22,1.5844161009630617,All_Algorithms_Comparison_Results3.mat
DN-NSGA-II,rPSP,MMF11,23,1.6278545620528793,All_Algorithms_Comparison_Results3.mat
DN-NSGA-II,rPSP,MMF11,24,1.620483444856955,All_Algorithms_Comparison_Results3.mat
DN-NSGA-II,rPSP,MMF11,25,1.9455193660105865,All_Algorithms_Comparison_Results3.mat
DN-NSGA-II,rPSP,MMF11,26,1.7922289642420035,All_Algorithms_Comparison_Results3.mat
DN-NSGA-II,rPSP,MMF11,27,1.6239559876303578,All_Algorithms_Comparison_Results3.mat
DN-NSGA-II,rPSP,MMF11,28,1.5703195122566902,All_Algorithms_Comparison_Results3.mat
DN-NSGA-II,rPSP,MMF11,29,1.693770577082551,All_Algorithms_Comparison_Results3.mat
DN-NSGA-II,rPSP,MMF11,30,1.7990297766113932,All_Algorithms_Comparison_Results3.mat
DN-NSGA-II,rPSP,MMF11,31,1.613039149824249,All_Algorithms_Comparison_Results3.mat
DN-NSGA-II,rPSP,MMF12,1,2.4010586572887718,All_Algorithms_Comparison_Results3.mat
DN-NSGA-II,rPSP,MMF12,2,2.3796864444270778,All_Algorithms_Comparison_Results3.mat
DN-NSGA-II,rPSP,MMF12,3,2.4177156784301346,All_Algorithms_Comparison_Results3.mat
DN-NSGA-II,rPSP,MMF12,4,2.3193647559668595,All_Algorithms_Comparison_Results3.mat
DN-NSGA-II,rPSP,MMF12,5,2.477462432117075,All_Algorithms_Comparison_Results3.mat
DN-NSGA-II,rPSP,MMF12,6,1.9678285849313195,All_Algorithms_Comparison_Results3.mat
DN-NSGA-II,rPSP,MMF12,7,2.1858677855565536,All_Algorithms_Comparison_Results3.mat
DN-NSGA-II,rPSP,MMF12,8,2.1924319031157427,All_Algorithms_Comparison_Results3.mat
DN-NSGA-II,rPSP,MMF12,9,2.304290442424107,All_Algorithms_Comparison_Results3.mat
DN-NSGA-II,rPSP,MMF12,10,2.416783790569183,All_Algorithms_Comparison_Results3.mat
DN-NSGA-II,rPSP,MMF12,11,2.199749530899311,All_Algorithms_Comparison_Results3.mat
DN-NSGA-II,rPSP,MMF12,12,2.540152188532456,All_Algorithms_Comparison_Results3.mat
DN-NSGA-II,rPSP,MMF12,13,2.095123466821981,All_Algorithms_Comparison_Results3.mat
DN-NSGA-II,rPSP,MMF12,14,2.336386683757961,All_Algorithms_Comparison_Results3.mat
DN-NSGA-II,rPSP,MMF12,15,2.144768506515803,All_Algorithms_Comparison_Results3.mat
DN-NSGA-II,rPSP,MMF12,16,2.162335172939581,All_Algorithms_Comparison_Results3.mat
DN-NSGA-II,rPSP,MMF12,17,2.1539303530655105,All_Algorithms_Comparison_Results3.mat
DN-NSGA-II,rPSP,MMF12,18,2.302706199685608,All_Algorithms_Comparison_Results3.mat
DN-NSGA-II,rPSP,MMF12,19,1.9845563600186669,All_Algorithms_Comparison_Results3.mat
DN-NSGA-II,rPSP,MMF12,20,1.954880079402766,All_Algorithms_Comparison_Results3.mat
DN-NSGA-II,rPSP,MMF12,21,2.026067888491726,All_Algorithms_Comparison_Results3.mat
DN-NSGA-II,rPSP,MMF12,22,2.245724415061431,All_Algorithms_Comparison_Results3.mat
DN-NSGA-II,rPSP,MMF12,23,2.117401938340631,All_Algorithms_Comparison_Results3.mat
DN-NSGA-II,rPSP,MMF12,24,2.291666456735043,All_Algorithms_Comparison_Results3.mat
DN-NSGA-II,rPSP,MMF12,25,1.9827105794407105,All_Algorithms_Comparison_Results3.mat
DN-NSGA-II,rPSP,MMF12,26,2.32383889298523,All_Algorithms_Comparison_Results3.mat
DN-NSGA-II,rPSP,MMF12,27,2.334942846958814,All_Algorithms_Comparison_Results3.mat
DN-NSGA-II,rPSP,MMF12,28,2.062037008545753,All_Algorithms_Comparison_Results3.mat
DN-NSGA-II,rPSP,MMF12,29,2.462799463028025,All_Algorithms_Comparison_Results3.mat
DN-NSGA-II,rPSP,MMF12,30,2.1901085666248634,All_Algorithms_Comparison_Results3.mat
DN-NSGA-II,rPSP,MMF12,31,2.091281201531471,All_Algorithms_Comparison_Results3.mat
DN-NSGA-II,rPSP,MMF13,1,0.6240706453603897,All_Algorithms_Comparison_Results3.mat
DN-NSGA-II,rPSP,MMF13,2,0.6137003939165084,All_Algorithms_Comparison_Results3.mat
DN-NSGA-II,rPSP,MMF13,3,0.5945710332010756,All_Algorithms_Comparison_Results3.mat
DN-NSGA-II,rPSP,MMF13,4,0.59292667820167,All_Algorithms_Comparison_Results3.mat
DN-NSGA-II,rPSP,MMF13,5,0.5844145582751221,All_Algorithms_Comparison_Results3.mat
DN-NSGA-II,rPSP,MMF13,6,0.586713612475867,All_Algorithms_Comparison_Results3.mat
DN-NSGA-II,rPSP,MMF13,7,0.6226059412600453,All_Algorithms_Comparison_Results3.mat
DN-NSGA-II,rPSP,MMF13,8,0.5737375426340281,All_Algorithms_Comparison_Results3.mat
DN-NSGA-II,rPSP,MMF13,9,0.5762200654545631,All_Algorithms_Comparison_Results3.mat
DN-NSGA-II,rPSP,MMF13,10,0.6138964531820628,All_Algorithms_Comparison_Results3.mat
DN-NSGA-II,rPSP,MMF13,11,0.6097388664442344,All_Algorithms_Comparison_Results3.mat
DN-NSGA-II,rPSP,MMF13,12,0.6123965583306747,All_Algorithms_Comparison_Results3.mat
DN-NSGA-II,rPSP,MMF13,13,0.6288763920849605,All_Algorithms_Comparison_Results3.mat
DN-NSGA-II,rPSP,MMF13,14,0.581785156369604,All_Algorithms_Comparison_Results3.mat
DN-NSGA-II,rPSP,MMF13,15,0.5887192409835436,All_Algorithms_Comparison_Results3.mat
DN-NSGA-II,rPSP,MMF13,16,0.5901623305003953,All_Algorithms_Comparison_Results3.mat
DN-NSGA-II,rPSP,MMF13,17,0.6120704497850505,All_Algorithms_Comparison_Results3.mat
DN-NSGA-II,rPSP,MMF13,18,0.5829390090629515,All_Algorithms_Comparison_Results3.mat
DN-NSGA-II,rPSP,MMF13,19,0.5844190199270659,All_Algorithms_Comparison_Results3.mat
DN-NSGA-II,rPSP,MMF13,20,0.6031209227406747,All_Algorithms_Comparison_Results3.mat
DN-NSGA-II,rPSP,MMF13,21,0.5961809395969716,All_Algorithms_Comparison_Results3.mat
DN-NSGA-II,rPSP,MMF13,22,0.6031078718809967,All_Algorithms_Comparison_Results3.mat
DN-NSGA-II,rPSP,MMF13,23,0.601409486573995,All_Algorithms_Comparison_Results3.mat
DN-NSGA-II,rPSP,MMF13,24,0.6233932400985926,All_Algorithms_Comparison_Results3.mat
DN-NSGA-II,rPSP,MMF13,25,0.5954952403701399,All_Algorithms_Comparison_Results3.mat
DN-NSGA-II,rPSP,MMF13,26,0.619148083101208,All_Algorithms_Comparison_Results3.mat
DN-NSGA-II,rPSP,MMF13,27,0.5965556180818601,All_Algorithms_Comparison_Results3.mat
DN-NSGA-II,rPSP,MMF13,28,0.6030728512914987,All_Algorithms_Comparison_Results3.mat
DN-NSGA-II,rPSP,MMF13,29,0.5794351767882269,All_Algorithms_Comparison_Results3.mat
DN-NSGA-II,rPSP,MMF13,30,0.6178995380083027,All_Algorithms_Comparison_Results3.mat
DN-NSGA-II,rPSP,MMF13,31,0.5962038476044653,All_Algorithms_Comparison_Results3.mat
DN-NSGA-II,rPSP,MMF14,1,0.09985150587151587,All_Algorithms_Comparison_Results3.mat
DN-NSGA-II,rPSP,MMF14,2,0.09789844307012086,All_Algorithms_Comparison_Results3.mat
DN-NSGA-II,rPSP,MMF14,3,0.115063352799663,All_Algorithms_Comparison_Results3.mat
DN-NSGA-II,rPSP,MMF14,4,0.10080304533614289,All_Algorithms_Comparison_Results3.mat
DN-NSGA-II,rPSP,MMF14,5,0.09639657408968387,All_Algorithms_Comparison_Results3.mat
DN-NSGA-II,rPSP,MMF14,6,0.10745876124149445,All_Algorithms_Comparison_Results3.mat
DN-NSGA-II,rPSP,MMF14,7,0.10690521945292224,All_Algorithms_Comparison_Results3.mat
DN-NSGA-II,rPSP,MMF14,8,0.0960027981471633,All_Algorithms_Comparison_Results3.mat
DN-NSGA-II,rPSP,MMF14,9,0.12326685110000064,All_Algorithms_Comparison_Results3.mat
DN-NSGA-II,rPSP,MMF14,10,0.09884547249491067,All_Algorithms_Comparison_Results3.mat
DN-NSGA-II,rPSP,MMF14,11,0.11622143076746465,All_Algorithms_Comparison_Results3.mat
DN-NSGA-II,rPSP,MMF14,12,0.11222941193940153,All_Algorithms_Comparison_Results3.mat
DN-NSGA-II,rPSP,MMF14,13,0.10149982521223913,All_Algorithms_Comparison_Results3.mat
DN-NSGA-II,rPSP,MMF14,14,0.10132767639586311,All_Algorithms_Comparison_Results3.mat
DN-NSGA-II,rPSP,MMF14,15,0.11251960631623384,All_Algorithms_Comparison_Results3.mat
DN-NSGA-II,rPSP,MMF14,16,0.10658900651654847,All_Algorithms_Comparison_Results3.mat
DN-NSGA-II,rPSP,MMF14,17,0.09725375870725238,All_Algorithms_Comparison_Results3.mat
DN-NSGA-II,rPSP,MMF14,18,0.1001008867977747,All_Algorithms_Comparison_Results3.mat
DN-NSGA-II,rPSP,MMF14,19,0.09729883238592796,All_Algorithms_Comparison_Results3.mat
DN-NSGA-II,rPSP,MMF14,20,0.09610915336283192,All_Algorithms_Comparison_Results3.mat
DN-NSGA-II,rPSP,MMF14,21,0.09126608724146988,All_Algorithms_Comparison_Results3.mat
DN-NSGA-II,rPSP,MMF14,22,0.09656772591464141,All_Algorithms_Comparison_Results3.mat
DN-NSGA-II,rPSP,MMF14,23,0.11270190388265489,All_Algorithms_Comparison_Results3.mat
DN-NSGA-II,rPSP,MMF14,24,0.10473399343502247,All_Algorithms_Comparison_Results3.mat
DN-NSGA-II,rPSP,MMF14,25,0.10958872653523287,All_Algorithms_Comparison_Results3.mat
DN-NSGA-II,rPSP,MMF14,26,0.09322928533969572,All_Algorithms_Comparison_Results3.mat
DN-NSGA-II,rPSP,MMF14,27,0.10388988260487499,All_Algorithms_Comparison_Results3.mat
DN-NSGA-II,rPSP,MMF14,28,0.11140496384193693,All_Algorithms_Comparison_Results3.mat
DN-NSGA-II,rPSP,MMF14,29,0.11004410663941723,All_Algorithms_Comparison_Results3.mat
DN-NSGA-II,rPSP,MMF14,30,0.0979445802968365,All_Algorithms_Comparison_Results3.mat
DN-NSGA-II,rPSP,MMF14,31,0.11294738835764315,All_Algorithms_Comparison_Results3.mat
DN-NSGA-II,rPSP,MMF15,1,0.23540615915205068,All_Algorithms_Comparison_Results3.mat
DN-NSGA-II,rPSP,MMF15,2,0.24433838723650805,All_Algorithms_Comparison_Results3.mat
DN-NSGA-II,rPSP,MMF15,3,0.2401346898861285,All_Algorithms_Comparison_Results3.mat
DN-NSGA-II,rPSP,MMF15,4,0.23075583200506292,All_Algorithms_Comparison_Results3.mat
DN-NSGA-II,rPSP,MMF15,5,0.22809469208333766,All_Algorithms_Comparison_Results3.mat
DN-NSGA-II,rPSP,MMF15,6,0.4418398845250118,All_Algorithms_Comparison_Results3.mat
DN-NSGA-II,rPSP,MMF15,7,0.2539853853067283,All_Algorithms_Comparison_Results3.mat
DN-NSGA-II,rPSP,MMF15,8,0.24087870859521207,All_Algorithms_Comparison_Results3.mat
DN-NSGA-II,rPSP,MMF15,9,0.24356715002577234,All_Algorithms_Comparison_Results3.mat
DN-NSGA-II,rPSP,MMF15,10,0.22850570063988326,All_Algorithms_Comparison_Results3.mat
DN-NSGA-II,rPSP,MMF15,11,0.23850903735082446,All_Algorithms_Comparison_Results3.mat
DN-NSGA-II,rPSP,MMF15,12,0.2552289037603717,All_Algorithms_Comparison_Results3.mat
DN-NSGA-II,rPSP,MMF15,13,0.22743205562554136,All_Algorithms_Comparison_Results3.mat
DN-NSGA-II,rPSP,MMF15,14,0.180773508788296,All_Algorithms_Comparison_Results3.mat
DN-NSGA-II,rPSP,MMF15,15,0.22998872116764704,All_Algorithms_Comparison_Results3.mat
DN-NSGA-II,rPSP,MMF15,16,0.2452887053958123,All_Algorithms_Comparison_Results3.mat
DN-NSGA-II,rPSP,MMF15,17,0.3774449764746765,All_Algorithms_Comparison_Results3.mat
DN-NSGA-II,rPSP,MMF15,18,0.49118767893153753,All_Algorithms_Comparison_Results3.mat
DN-NSGA-II,rPSP,MMF15,19,0.24835605040108413,All_Algorithms_Comparison_Results3.mat
DN-NSGA-II,rPSP,MMF15,20,0.23504519078728836,All_Algorithms_Comparison_Results3.mat
DN-NSGA-II,rPSP,MMF15,21,0.2396715959014835,All_Algorithms_Comparison_Results3.mat
DN-NSGA-II,rPSP,MMF15,22,0.2323873593560209,All_Algorithms_Comparison_Results3.mat
DN-NSGA-II,rPSP,MMF15,23,0.46698151640179253,All_Algorithms_Comparison_Results3.mat
DN-NSGA-II,rPSP,MMF15,24,0.3901584322261373,All_Algorithms_Comparison_Results3.mat
DN-NSGA-II,rPSP,MMF15,25,0.2539372789258919,All_Algorithms_Comparison_Results3.mat
DN-NSGA-II,rPSP,MMF15,26,0.4837081446793631,All_Algorithms_Comparison_Results3.mat
DN-NSGA-II,rPSP,MMF15,27,0.24644617074845368,All_Algorithms_Comparison_Results3.mat
DN-NSGA-II,rPSP,MMF15,28,0.2514696874193424,All_Algorithms_Comparison_Results3.mat
DN-NSGA-II,rPSP,MMF15,29,0.5777837611612077,All_Algorithms_Comparison_Results3.mat
DN-NSGA-II,rPSP,MMF15,30,0.5778410613283006,All_Algorithms_Comparison_Results3.mat
DN-NSGA-II,rPSP,MMF15,31,0.2334043459671246,All_Algorithms_Comparison_Results3.mat
DN-NSGA-II,rPSP,MMF1_z,1,0.06325783183315198,All_Algorithms_Comparison_Results3.mat
DN-NSGA-II,rPSP,MMF1_z,2,0.06586809699844044,All_Algorithms_Comparison_Results3.mat
DN-NSGA-II,rPSP,MMF1_z,3,0.06599616982837457,All_Algorithms_Comparison_Results3.mat
DN-NSGA-II,rPSP,MMF1_z,4,0.0664219602795071,All_Algorithms_Comparison_Results3.mat
DN-NSGA-II,rPSP,MMF1_z,5,0.043951962693008696,All_Algorithms_Comparison_Results3.mat
DN-NSGA-II,rPSP,MMF1_z,6,0.08820731246786404,All_Algorithms_Comparison_Results3.mat
DN-NSGA-II,rPSP,MMF1_z,7,0.0710547339428029,All_Algorithms_Comparison_Results3.mat
DN-NSGA-II,rPSP,MMF1_z,8,0.05988950040150568,All_Algorithms_Comparison_Results3.mat
DN-NSGA-II,rPSP,MMF1_z,9,0.08860043939649374,All_Algorithms_Comparison_Results3.mat
DN-NSGA-II,rPSP,MMF1_z,10,0.08930509692824164,All_Algorithms_Comparison_Results3.mat
DN-NSGA-II,rPSP,MMF1_z,11,0.11891850147391993,All_Algorithms_Comparison_Results3.mat
DN-NSGA-II,rPSP,MMF1_z,12,0.0990019339816219,All_Algorithms_Comparison_Results3.mat
DN-NSGA-II,rPSP,MMF1_z,13,0.06584978001567818,All_Algorithms_Comparison_Results3.mat
DN-NSGA-II,rPSP,MMF1_z,14,0.05946864786350376,All_Algorithms_Comparison_Results3.mat
DN-NSGA-II,rPSP,MMF1_z,15,0.049295404600223754,All_Algorithms_Comparison_Results3.mat
DN-NSGA-II,rPSP,MMF1_z,16,0.058869445593668565,All_Algorithms_Comparison_Results3.mat
DN-NSGA-II,rPSP,MMF1_z,17,0.055741466049018376,All_Algorithms_Comparison_Results3.mat
DN-NSGA-II,rPSP,MMF1_z,18,0.06882131467918867,All_Algorithms_Comparison_Results3.mat
DN-NSGA-II,rPSP,MMF1_z,19,0.0738969655014601,All_Algorithms_Comparison_Results3.mat
DN-NSGA-II,rPSP,MMF1_z,20,0.10356373254503884,All_Algorithms_Comparison_Results3.mat
DN-NSGA-II,rPSP,MMF1_z,21,0.06978210611135484,All_Algorithms_Comparison_Results3.mat
DN-NSGA-II,rPSP,MMF1_z,22,0.06921504050058877,All_Algorithms_Comparison_Results3.mat
DN-NSGA-II,rPSP,MMF1_z,23,0.08133236429843899,All_Algorithms_Comparison_Results3.mat
DN-NSGA-II,rPSP,MMF1_z,24,0.08753200856652864,All_Algorithms_Comparison_Results3.mat
DN-NSGA-II,rPSP,MMF1_z,25,0.07571476221255273,All_Algorithms_Comparison_Results3.mat
DN-NSGA-II,rPSP,MMF1_z,26,0.05486494763132549,All_Algorithms_Comparison_Results3.mat
DN-NSGA-II,rPSP,MMF1_z,27,0.06889140193115684,All_Algorithms_Comparison_Results3.mat
DN-NSGA-II,rPSP,MMF1_z,28,0.04823111714488108,All_Algorithms_Comparison_Results3.mat
DN-NSGA-II,rPSP,MMF1_z,29,0.0911519497052094,All_Algorithms_Comparison_Results3.mat
DN-NSGA-II,rPSP,MMF1_z,30,0.06702696210090656,All_Algorithms_Comparison_Results3.mat
DN-NSGA-II,rPSP,MMF1_z,31,0.06951391465749335,All_Algorithms_Comparison_Results3.mat
DN-NSGA-II,rPSP,MMF1_e,1,4.974988579843121,All_Algorithms_Comparison_Results3.mat
DN-NSGA-II,rPSP,MMF1_e,2,0.6702896752868244,All_Algorithms_Comparison_Results3.mat
DN-NSGA-II,rPSP,MMF1_e,3,0.7596773421227622,All_Algorithms_Comparison_Results3.mat
DN-NSGA-II,rPSP,MMF1_e,4,0.8808642520647401,All_Algorithms_Comparison_Results3.mat
DN-NSGA-II,rPSP,MMF1_e,5,1.3705008868434392,All_Algorithms_Comparison_Results3.mat
DN-NSGA-II,rPSP,MMF1_e,6,1.3445208091769043,All_Algorithms_Comparison_Results3.mat
DN-NSGA-II,rPSP,MMF1_e,7,0.9264111966089505,All_Algorithms_Comparison_Results3.mat
DN-NSGA-II,rPSP,MMF1_e,8,1.096205918796332,All_Algorithms_Comparison_Results3.mat
DN-NSGA-II,rPSP,MMF1_e,9,0.7699836797457039,All_Algorithms_Comparison_Results3.mat
DN-NSGA-II,rPSP,MMF1_e,10,1.0399210101382803,All_Algorithms_Comparison_Results3.mat
DN-NSGA-II,rPSP,MMF1_e,11,2.3750496562606425,All_Algorithms_Comparison_Results3.mat
DN-NSGA-II,rPSP,MMF1_e,12,1.7013314083656397,All_Algorithms_Comparison_Results3.mat
DN-NSGA-II,rPSP,MMF1_e,13,5.64372447582466,All_Algorithms_Comparison_Results3.mat
DN-NSGA-II,rPSP,MMF1_e,14,0.7403697058701102,All_Algorithms_Comparison_Results3.mat
DN-NSGA-II,rPSP,MMF1_e,15,3.7770462131245726,All_Algorithms_Comparison_Results3.mat
DN-NSGA-II,rPSP,MMF1_e,16,0.8984851751356971,All_Algorithms_Comparison_Results3.mat
DN-NSGA-II,rPSP,MMF1_e,17,1.7244934875040139,All_Algorithms_Comparison_Results3.mat
DN-NSGA-II,rPSP,MMF1_e,18,0.8467426498837584,All_Algorithms_Comparison_Results3.mat
DN-NSGA-II,rPSP,MMF1_e,19,2.1517780245331,All_Algorithms_Comparison_Results3.mat
DN-NSGA-II,rPSP,MMF1_e,20,5.675919044544286,All_Algorithms_Comparison_Results3.mat
DN-NSGA-II,rPSP,MMF1_e,21,0.9986037561449538,All_Algorithms_Comparison_Results3.mat
DN-NSGA-II,rPSP,MMF1_e,22,1.1687917700374308,All_Algorithms_Comparison_Results3.mat
DN-NSGA-II,rPSP,MMF1_e,23,1.2245664489950847,All_Algorithms_Comparison_Results3.mat
DN-NSGA-II,rPSP,MMF1_e,24,1.5859415801164563,All_Algorithms_Comparison_Results3.mat
DN-NSGA-II,rPSP,MMF1_e,25,0.720606555528161,All_Algorithms_Comparison_Results3.mat
DN-NSGA-II,rPSP,MMF1_e,26,1.1828087818705573,All_Algorithms_Comparison_Results3.mat
DN-NSGA-II,rPSP,MMF1_e,27,1.2120061439984449,All_Algorithms_Comparison_Results3.mat
DN-NSGA-II,rPSP,MMF1_e,28,0.6185279214990491,All_Algorithms_Comparison_Results3.mat
DN-NSGA-II,rPSP,MMF1_e,29,0.8543073579048233,All_Algorithms_Comparison_Results3.mat
DN-NSGA-II,rPSP,MMF1_e,30,1.9218766654157151,All_Algorithms_Comparison_Results3.mat
DN-NSGA-II,rPSP,MMF1_e,31,1.0502675017257463,All_Algorithms_Comparison_Results3.mat
DN-NSGA-II,rPSP,MMF14_a,1,0.12709811249971695,All_Algorithms_Comparison_Results3.mat
DN-NSGA-II,rPSP,MMF14_a,2,0.16801915215989663,All_Algorithms_Comparison_Results3.mat
DN-NSGA-II,rPSP,MMF14_a,3,0.1403772814988177,All_Algorithms_Comparison_Results3.mat
DN-NSGA-II,rPSP,MMF14_a,4,0.15388748680102013,All_Algorithms_Comparison_Results3.mat
DN-NSGA-II,rPSP,MMF14_a,5,0.13134436750014924,All_Algorithms_Comparison_Results3.mat
DN-NSGA-II,rPSP,MMF14_a,6,0.142606542501304,All_Algorithms_Comparison_Results3.mat
DN-NSGA-II,rPSP,MMF14_a,7,0.12473408339642462,All_Algorithms_Comparison_Results3.mat
DN-NSGA-II,rPSP,MMF14_a,8,0.13668887985104042,All_Algorithms_Comparison_Results3.mat
DN-NSGA-II,rPSP,MMF14_a,9,0.11872785536549814,All_Algorithms_Comparison_Results3.mat
DN-NSGA-II,rPSP,MMF14_a,10,0.13873267125020333,All_Algorithms_Comparison_Results3.mat
DN-NSGA-II,rPSP,MMF14_a,11,0.1499526704087922,All_Algorithms_Comparison_Results3.mat
DN-NSGA-II,rPSP,MMF14_a,12,0.14927984801877725,All_Algorithms_Comparison_Results3.mat
DN-NSGA-II,rPSP,MMF14_a,13,0.15259753034313686,All_Algorithms_Comparison_Results3.mat
DN-NSGA-II,rPSP,MMF14_a,14,0.1224761490747293,All_Algorithms_Comparison_Results3.mat
DN-NSGA-II,rPSP,MMF14_a,15,0.12191607070734933,All_Algorithms_Comparison_Results3.mat
DN-NSGA-II,rPSP,MMF14_a,16,0.12489419352039038,All_Algorithms_Comparison_Results3.mat
DN-NSGA-II,rPSP,MMF14_a,17,0.13052392552226413,All_Algorithms_Comparison_Results3.mat
DN-NSGA-II,rPSP,MMF14_a,18,0.13864468622684728,All_Algorithms_Comparison_Results3.mat
DN-NSGA-II,rPSP,MMF14_a,19,0.11619011056715675,All_Algorithms_Comparison_Results3.mat
DN-NSGA-II,rPSP,MMF14_a,20,0.12209020209481655,All_Algorithms_Comparison_Results3.mat
DN-NSGA-II,rPSP,MMF14_a,21,0.10490561896322362,All_Algorithms_Comparison_Results3.mat
DN-NSGA-II,rPSP,MMF14_a,22,0.12315563926891882,All_Algorithms_Comparison_Results3.mat
DN-NSGA-II,rPSP,MMF14_a,23,0.12497671456746268,All_Algorithms_Comparison_Results3.mat
DN-NSGA-II,rPSP,MMF14_a,24,0.1309304939165658,All_Algorithms_Comparison_Results3.mat
DN-NSGA-II,rPSP,MMF14_a,25,0.13755585131065523,All_Algorithms_Comparison_Results3.mat
DN-NSGA-II,rPSP,MMF14_a,26,0.133378981737544,All_Algorithms_Comparison_Results3.mat
DN-NSGA-II,rPSP,MMF14_a,27,0.12133982365579382,All_Algorithms_Comparison_Results3.mat
DN-NSGA-II,rPSP,MMF14_a,28,0.12620759756455982,All_Algorithms_Comparison_Results3.mat
DN-NSGA-II,rPSP,MMF14_a,29,0.12729289141068723,All_Algorithms_Comparison_Results3.mat
DN-NSGA-II,rPSP,MMF14_a,30,0.1515236510251148,All_Algorithms_Comparison_Results3.mat
DN-NSGA-II,rPSP,MMF14_a,31,0.12308919697078431,All_Algorithms_Comparison_Results3.mat
DN-NSGA-II,rPSP,MMF15_a,1,0.18994264343406075,All_Algorithms_Comparison_Results3.mat
DN-NSGA-II,rPSP,MMF15_a,2,0.22070107468027314,All_Algorithms_Comparison_Results3.mat
DN-NSGA-II,rPSP,MMF15_a,3,0.17947053775490782,All_Algorithms_Comparison_Results3.mat
DN-NSGA-II,rPSP,MMF15_a,4,0.2160852998519921,All_Algorithms_Comparison_Results3.mat
DN-NSGA-II,rPSP,MMF15_a,5,0.23203930120752994,All_Algorithms_Comparison_Results3.mat
DN-NSGA-II,rPSP,MMF15_a,6,0.19286234565030444,All_Algorithms_Comparison_Results3.mat
DN-NSGA-II,rPSP,MMF15_a,7,0.20728096299507642,All_Algorithms_Comparison_Results3.mat
DN-NSGA-II,rPSP,MMF15_a,8,0.21220999494493104,All_Algorithms_Comparison_Results3.mat
DN-NSGA-II,rPSP,MMF15_a,9,0.18083262435009353,All_Algorithms_Comparison_Results3.mat
DN-NSGA-II,rPSP,MMF15_a,10,0.30021194302266535,All_Algorithms_Comparison_Results3.mat
DN-NSGA-II,rPSP,MMF15_a,11,0.21940065109923687,All_Algorithms_Comparison_Results3.mat
DN-NSGA-II,rPSP,MMF15_a,12,0.17708600995383256,All_Algorithms_Comparison_Results3.mat
DN-NSGA-II,rPSP,MMF15_a,13,0.2144581846720434,All_Algorithms_Comparison_Results3.mat
DN-NSGA-II,rPSP,MMF15_a,14,0.18917214248446687,All_Algorithms_Comparison_Results3.mat
DN-NSGA-II,rPSP,MMF15_a,15,0.2901483924690537,All_Algorithms_Comparison_Results3.mat
DN-NSGA-II,rPSP,MMF15_a,16,0.20820950407503017,All_Algorithms_Comparison_Results3.mat
DN-NSGA-II,rPSP,MMF15_a,17,0.2125029658576723,All_Algorithms_Comparison_Results3.mat
DN-NSGA-II,rPSP,MMF15_a,18,0.2870019319757163,All_Algorithms_Comparison_Results3.mat
DN-NSGA-II,rPSP,MMF15_a,19,0.20272064343793533,All_Algorithms_Comparison_Results3.mat
DN-NSGA-II,rPSP,MMF15_a,20,0.20215655834005541,All_Algorithms_Comparison_Results3.mat
DN-NSGA-II,rPSP,MMF15_a,21,0.2557584361515419,All_Algorithms_Comparison_Results3.mat
DN-NSGA-II,rPSP,MMF15_a,22,0.2202217119241763,All_Algorithms_Comparison_Results3.mat
DN-NSGA-II,rPSP,MMF15_a,23,0.18876988273758183,All_Algorithms_Comparison_Results3.mat
DN-NSGA-II,rPSP,MMF15_a,24,0.23218697102280425,All_Algorithms_Comparison_Results3.mat
DN-NSGA-II,rPSP,MMF15_a,25,0.22520158627149123,All_Algorithms_Comparison_Results3.mat
DN-NSGA-II,rPSP,MMF15_a,26,0.21593448530677872,All_Algorithms_Comparison_Results3.mat
DN-NSGA-II,rPSP,MMF15_a,27,0.3001047226519336,All_Algorithms_Comparison_Results3.mat
DN-NSGA-II,rPSP,MMF15_a,28,0.1929791092199935,All_Algorithms_Comparison_Results3.mat
DN-NSGA-II,rPSP,MMF15_a,29,0.29107097314952807,All_Algorithms_Comparison_Results3.mat
DN-NSGA-II,rPSP,MMF15_a,30,0.21128851849901967,All_Algorithms_Comparison_Results3.mat
DN-NSGA-II,rPSP,MMF15_a,31,0.20773030004656617,All_Algorithms_Comparison_Results3.mat
DN-NSGA-II,rPSP,SYM_PART_simple,1,4.086975753018202,All_Algorithms_Comparison_Results3.mat
DN-NSGA-II,rPSP,SYM_PART_simple,2,3.131651328562898,All_Algorithms_Comparison_Results3.mat
DN-NSGA-II,rPSP,SYM_PART_simple,3,4.40335499572502,All_Algorithms_Comparison_Results3.mat
DN-NSGA-II,rPSP,SYM_PART_simple,4,4.022723281835028,All_Algorithms_Comparison_Results3.mat
DN-NSGA-II,rPSP,SYM_PART_simple,5,7.680436816340411,All_Algorithms_Comparison_Results3.mat
DN-NSGA-II,rPSP,SYM_PART_simple,6,8.1426140623732,All_Algorithms_Comparison_Results3.mat
DN-NSGA-II,rPSP,SYM_PART_simple,7,5.29714035297182,All_Algorithms_Comparison_Results3.mat
DN-NSGA-II,rPSP,SYM_PART_simple,8,2.245897177774642,All_Algorithms_Comparison_Results3.mat
DN-NSGA-II,rPSP,SYM_PART_simple,9,4.087544599035342,All_Algorithms_Comparison_Results3.mat
DN-NSGA-II,rPSP,SYM_PART_simple,10,10.915440378937392,All_Algorithms_Comparison_Results3.mat
DN-NSGA-II,rPSP,SYM_PART_simple,11,4.4191841956506535,All_Algorithms_Comparison_Results3.mat
DN-NSGA-II,rPSP,SYM_PART_simple,12,7.1424490090523385,All_Algorithms_Comparison_Results3.mat
DN-NSGA-II,rPSP,SYM_PART_simple,13,4.254333219208759,All_Algorithms_Comparison_Results3.mat
DN-NSGA-II,rPSP,SYM_PART_simple,14,6.261041062323733,All_Algorithms_Comparison_Results3.mat
DN-NSGA-II,rPSP,SYM_PART_simple,15,8.968465817540205,All_Algorithms_Comparison_Results3.mat
DN-NSGA-II,rPSP,SYM_PART_simple,16,5.225886848686695,All_Algorithms_Comparison_Results3.mat
DN-NSGA-II,rPSP,SYM_PART_simple,17,4.3176348842527625,All_Algorithms_Comparison_Results3.mat
DN-NSGA-II,rPSP,SYM_PART_simple,18,5.395660880917484,All_Algorithms_Comparison_Results3.mat
DN-NSGA-II,rPSP,SYM_PART_simple,19,4.1869155805807265,All_Algorithms_Comparison_Results3.mat
DN-NSGA-II,rPSP,SYM_PART_simple,20,10.671120859903795,All_Algorithms_Comparison_Results3.mat
DN-NSGA-II,rPSP,SYM_PART_simple,21,5.474518827084309,All_Algorithms_Comparison_Results3.mat
DN-NSGA-II,rPSP,SYM_PART_simple,22,4.279549615453511,All_Algorithms_Comparison_Results3.mat
DN-NSGA-II,rPSP,SYM_PART_simple,23,3.0069627283975464,All_Algorithms_Comparison_Results3.mat
DN-NSGA-II,rPSP,SYM_PART_simple,24,9.355947909441173,All_Algorithms_Comparison_Results3.mat
DN-NSGA-II,rPSP,SYM_PART_simple,25,4.204007227680562,All_Algorithms_Comparison_Results3.mat
DN-NSGA-II,rPSP,SYM_PART_simple,26,3.991664567392572,All_Algorithms_Comparison_Results3.mat
DN-NSGA-II,rPSP,SYM_PART_simple,27,4.026144413671224,All_Algorithms_Comparison_Results3.mat
DN-NSGA-II,rPSP,SYM_PART_simple,28,6.264381782440117,All_Algorithms_Comparison_Results3.mat
DN-NSGA-II,rPSP,SYM_PART_simple,29,4.250722585702565,All_Algorithms_Comparison_Results3.mat
DN-NSGA-II,rPSP,SYM_PART_simple,30,10.338441891462523,All_Algorithms_Comparison_Results3.mat
DN-NSGA-II,rPSP,SYM_PART_simple,31,7.882760757454753,All_Algorithms_Comparison_Results3.mat
DN-NSGA-II,rPSP,SYM_PART_rotated,1,3.0895339325338993,All_Algorithms_Comparison_Results3.mat
DN-NSGA-II,rPSP,SYM_PART_rotated,2,8.861188082736708,All_Algorithms_Comparison_Results3.mat
DN-NSGA-II,rPSP,SYM_PART_rotated,3,10.604689511138778,All_Algorithms_Comparison_Results3.mat
DN-NSGA-II,rPSP,SYM_PART_rotated,4,3.562154702845708,All_Algorithms_Comparison_Results3.mat
DN-NSGA-II,rPSP,SYM_PART_rotated,5,9.053549954388876,All_Algorithms_Comparison_Results3.mat
DN-NSGA-II,rPSP,SYM_PART_rotated,6,9.253227203370912,All_Algorithms_Comparison_Results3.mat
DN-NSGA-II,rPSP,SYM_PART_rotated,7,5.534286856301274,All_Algorithms_Comparison_Results3.mat
DN-NSGA-II,rPSP,SYM_PART_rotated,8,11.747303598724015,All_Algorithms_Comparison_Results3.mat
DN-NSGA-II,rPSP,SYM_PART_rotated,9,4.280466091055467,All_Algorithms_Comparison_Results3.mat
DN-NSGA-II,rPSP,SYM_PART_rotated,10,4.601477343952492,All_Algorithms_Comparison_Results3.mat
DN-NSGA-II,rPSP,SYM_PART_rotated,11,9.1309551826888,All_Algorithms_Comparison_Results3.mat
DN-NSGA-II,rPSP,SYM_PART_rotated,12,12.463548273631057,All_Algorithms_Comparison_Results3.mat
DN-NSGA-II,rPSP,SYM_PART_rotated,13,3.491710945543859,All_Algorithms_Comparison_Results3.mat
DN-NSGA-II,rPSP,SYM_PART_rotated,14,7.950509662930181,All_Algorithms_Comparison_Results3.mat
DN-NSGA-II,rPSP,SYM_PART_rotated,15,2.3330737521259226,All_Algorithms_Comparison_Results3.mat
DN-NSGA-II,rPSP,SYM_PART_rotated,16,6.858954867389729,All_Algorithms_Comparison_Results3.mat
DN-NSGA-II,rPSP,SYM_PART_rotated,17,4.387006346478695,All_Algorithms_Comparison_Results3.mat
DN-NSGA-II,rPSP,SYM_PART_rotated,18,4.026173961199196,All_Algorithms_Comparison_Results3.mat
DN-NSGA-II,rPSP,SYM_PART_rotated,19,7.244029089073047,All_Algorithms_Comparison_Results3.mat
DN-NSGA-II,rPSP,SYM_PART_rotated,20,5.0357205520621235,All_Algorithms_Comparison_Results3.mat
DN-NSGA-II,rPSP,SYM_PART_rotated,21,6.26085960611399,All_Algorithms_Comparison_Results3.mat
DN-NSGA-II,rPSP,SYM_PART_rotated,22,3.7712441471419167,All_Algorithms_Comparison_Results3.mat
DN-NSGA-II,rPSP,SYM_PART_rotated,23,7.970467220664998,All_Algorithms_Comparison_Results3.mat
DN-NSGA-II,rPSP,SYM_PART_rotated,24,3.0832162340041447,All_Algorithms_Comparison_Results3.mat
DN-NSGA-II,rPSP,SYM_PART_rotated,25,2.602058663434752,All_Algorithms_Comparison_Results3.mat
DN-NSGA-II,rPSP,SYM_PART_rotated,26,1.269495868020594,All_Algorithms_Comparison_Results3.mat
DN-NSGA-II,rPSP,SYM_PART_rotated,27,4.688192553656263,All_Algorithms_Comparison_Results3.mat
DN-NSGA-II,rPSP,SYM_PART_rotated,28,4.977127960450505,All_Algorithms_Comparison_Results3.mat
DN-NSGA-II,rPSP,SYM_PART_rotated,29,3.615619442759823,All_Algorithms_Comparison_Results3.mat
DN-NSGA-II,rPSP,SYM_PART_rotated,30,5.305661097382657,All_Algorithms_Comparison_Results3.mat
DN-NSGA-II,rPSP,SYM_PART_rotated,31,2.1502440649256034,All_Algorithms_Comparison_Results3.mat
DN-NSGA-II,rPSP,Omni_test,1,1.5516508029481606,All_Algorithms_Comparison_Results3.mat
DN-NSGA-II,rPSP,Omni_test,2,1.4270646702288003,All_Algorithms_Comparison_Results3.mat
DN-NSGA-II,rPSP,Omni_test,3,1.252586620819535,All_Algorithms_Comparison_Results3.mat
DN-NSGA-II,rPSP,Omni_test,4,1.3789927888917304,All_Algorithms_Comparison_Results3.mat
DN-NSGA-II,rPSP,Omni_test,5,1.343979114725692,All_Algorithms_Comparison_Results3.mat
DN-NSGA-II,rPSP,Omni_test,6,1.4847451046124702,All_Algorithms_Comparison_Results3.mat
DN-NSGA-II,rPSP,Omni_test,7,1.4391511131577552,All_Algorithms_Comparison_Results3.mat
DN-NSGA-II,rPSP,Omni_test,8,1.616871800356828,All_Algorithms_Comparison_Results3.mat
DN-NSGA-II,rPSP,Omni_test,9,1.444642349806452,All_Algorithms_Comparison_Results3.mat
DN-NSGA-II,rPSP,Omni_test,10,1.3449213404142049,All_Algorithms_Comparison_Results3.mat
DN-NSGA-II,rPSP,Omni_test,11,1.3181424486062687,All_Algorithms_Comparison_Results3.mat
DN-NSGA-II,rPSP,Omni_test,12,1.167602522280782,All_Algorithms_Comparison_Results3.mat
DN-NSGA-II,rPSP,Omni_test,13,1.216353233064014,All_Algorithms_Comparison_Results3.mat
DN-NSGA-II,rPSP,Omni_test,14,1.8625451513417755,All_Algorithms_Comparison_Results3.mat
DN-NSGA-II,rPSP,Omni_test,15,1.5181393114764272,All_Algorithms_Comparison_Results3.mat
DN-NSGA-II,rPSP,Omni_test,16,1.5756170760886363,All_Algorithms_Comparison_Results3.mat
DN-NSGA-II,rPSP,Omni_test,17,1.8232529475920196,All_Algorithms_Comparison_Results3.mat
DN-NSGA-II,rPSP,Omni_test,18,1.3580756699734498,All_Algorithms_Comparison_Results3.mat
DN-NSGA-II,rPSP,Omni_test,19,1.261004979964285,All_Algorithms_Comparison_Results3.mat
DN-NSGA-II,rPSP,Omni_test,20,1.396310684652966,All_Algorithms_Comparison_Results3.mat
DN-NSGA-II,rPSP,Omni_test,21,1.5653191970219493,All_Algorithms_Comparison_Results3.mat
DN-NSGA-II,rPSP,Omni_test,22,1.2252174177719775,All_Algorithms_Comparison_Results3.mat
DN-NSGA-II,rPSP,Omni_test,23,1.968041998936919,All_Algorithms_Comparison_Results3.mat
DN-NSGA-II,rPSP,Omni_test,24,1.359120346432971,All_Algorithms_Comparison_Results3.mat
DN-NSGA-II,rPSP,Omni_test,25,1.445284225935139,All_Algorithms_Comparison_Results3.mat
DN-NSGA-II,rPSP,Omni_test,26,1.7902012745880718,All_Algorithms_Comparison_Results3.mat
DN-NSGA-II,rPSP,Omni_test,27,1.3720266154559522,All_Algorithms_Comparison_Results3.mat
DN-NSGA-II,rPSP,Omni_test,28,1.4460500159151233,All_Algorithms_Comparison_Results3.mat
DN-NSGA-II,rPSP,Omni_test,29,1.4103481049342668,All_Algorithms_Comparison_Results3.mat
DN-NSGA-II,rPSP,Omni_test,30,2.4542852418844787,All_Algorithms_Comparison_Results3.mat
DN-NSGA-II,rPSP,Omni_test,31,1.5426590066773558,All_Algorithms_Comparison_Results3.mat
DN-NSGA-II,rHV,MMF1,1,1.1478630886974346,All_Algorithms_Comparison_Results3.mat
DN-NSGA-II,rHV,MMF1,2,1.1476303274070165,All_Algorithms_Comparison_Results3.mat
DN-NSGA-II,rHV,MMF1,3,1.1495222218713015,All_Algorithms_Comparison_Results3.mat
DN-NSGA-II,rHV,MMF1,4,1.147494479518405,All_Algorithms_Comparison_Results3.mat
DN-NSGA-II,rHV,MMF1,5,1.148859611864944,All_Algorithms_Comparison_Results3.mat
DN-NSGA-II,rHV,MMF1,6,1.147654624395866,All_Algorithms_Comparison_Results3.mat
DN-NSGA-II,rHV,MMF1,7,1.1485849204172798,All_Algorithms_Comparison_Results3.mat
DN-NSGA-II,rHV,MMF1,8,1.1522464740901905,All_Algorithms_Comparison_Results3.mat
DN-NSGA-II,rHV,MMF1,9,1.1480942556284583,All_Algorithms_Comparison_Results3.mat
DN-NSGA-II,rHV,MMF1,10,1.1480959723469046,All_Algorithms_Comparison_Results3.mat
DN-NSGA-II,rHV,MMF1,11,1.1480216195953319,All_Algorithms_Comparison_Results3.mat
DN-NSGA-II,rHV,MMF1,12,1.1485904096771178,All_Algorithms_Comparison_Results3.mat
DN-NSGA-II,rHV,MMF1,13,1.1483166281259987,All_Algorithms_Comparison_Results3.mat
DN-NSGA-II,rHV,MMF1,14,1.1485104983006018,All_Algorithms_Comparison_Results3.mat
DN-NSGA-II,rHV,MMF1,15,1.1472279543324215,All_Algorithms_Comparison_Results3.mat
DN-NSGA-II,rHV,MMF1,16,1.148018756447377,All_Algorithms_Comparison_Results3.mat
DN-NSGA-II,rHV,MMF1,17,1.1486133605281679,All_Algorithms_Comparison_Results3.mat
DN-NSGA-II,rHV,MMF1,18,1.1489882845306196,All_Algorithms_Comparison_Results3.mat
DN-NSGA-II,rHV,MMF1,19,1.1482907632093378,All_Algorithms_Comparison_Results3.mat
DN-NSGA-II,rHV,MMF1,20,1.1486127877334373,All_Algorithms_Comparison_Results3.mat
DN-NSGA-II,rHV,MMF1,21,1.1488319388517894,All_Algorithms_Comparison_Results3.mat
DN-NSGA-II,rHV,MMF1,22,1.1473150446459717,All_Algorithms_Comparison_Results3.mat
DN-NSGA-II,rHV,MMF1,23,1.1498022495715954,All_Algorithms_Comparison_Results3.mat
DN-NSGA-II,rHV,MMF1,24,1.1483837339222502,All_Algorithms_Comparison_Results3.mat
DN-NSGA-II,rHV,MMF1,25,1.1476295551011149,All_Algorithms_Comparison_Results3.mat
DN-NSGA-II,rHV,MMF1,26,1.147491627502252,All_Algorithms_Comparison_Results3.mat
DN-NSGA-II,rHV,MMF1,27,1.1471391229203165,All_Algorithms_Comparison_Results3.mat
DN-NSGA-II,rHV,MMF1,28,1.148878622265532,All_Algorithms_Comparison_Results3.mat
DN-NSGA-II,rHV,MMF1,29,1.1489623909015891,All_Algorithms_Comparison_Results3.mat
DN-NSGA-II,rHV,MMF1,30,1.149258055489926,All_Algorithms_Comparison_Results3.mat
DN-NSGA-II,rHV,MMF1,31,1.1480250670788321,All_Algorithms_Comparison_Results3.mat
DN-NSGA-II,rHV,MMF2,1,1.159553512272021,All_Algorithms_Comparison_Results3.mat
DN-NSGA-II,rHV,MMF2,2,1.1483663584891657,All_Algorithms_Comparison_Results3.mat
DN-NSGA-II,rHV,MMF2,3,1.158949849052773,All_Algorithms_Comparison_Results3.mat
DN-NSGA-II,rHV,MMF2,4,1.1599342485156445,All_Algorithms_Comparison_Results3.mat
DN-NSGA-II,rHV,MMF2,5,1.1546916325195078,All_Algorithms_Comparison_Results3.mat
DN-NSGA-II,rHV,MMF2,6,1.1599481605169084,All_Algorithms_Comparison_Results3.mat
DN-NSGA-II,rHV,MMF2,7,1.1710057737018622,All_Algorithms_Comparison_Results3.mat
DN-NSGA-II,rHV,MMF2,8,1.152821800356163,All_Algorithms_Comparison_Results3.mat
DN-NSGA-II,rHV,MMF2,9,1.1503154815668957,All_Algorithms_Comparison_Results3.mat
DN-NSGA-II,rHV,MMF2,10,1.147575546292473,All_Algorithms_Comparison_Results3.mat
DN-NSGA-II,rHV,MMF2,11,1.1507647541932688,All_Algorithms_Comparison_Results3.mat
DN-NSGA-II,rHV,MMF2,12,1.1519165783268392,All_Algorithms_Comparison_Results3.mat
DN-NSGA-II,rHV,MMF2,13,1.1630554964000928,All_Algorithms_Comparison_Results3.mat
DN-NSGA-II,rHV,MMF2,14,1.159778724443206,All_Algorithms_Comparison_Results3.mat
DN-NSGA-II,rHV,MMF2,15,1.1582859027939392,All_Algorithms_Comparison_Results3.mat
DN-NSGA-II,rHV,MMF2,16,1.1718116978360962,All_Algorithms_Comparison_Results3.mat
DN-NSGA-II,rHV,MMF2,17,1.1725218968092515,All_Algorithms_Comparison_Results3.mat
DN-NSGA-II,rHV,MMF2,18,1.1735761684294688,All_Algorithms_Comparison_Results3.mat
DN-NSGA-II,rHV,MMF2,19,1.1652425044301207,All_Algorithms_Comparison_Results3.mat
DN-NSGA-II,rHV,MMF2,20,1.1687574280628075,All_Algorithms_Comparison_Results3.mat
DN-NSGA-II,rHV,MMF2,21,1.1493285967277909,All_Algorithms_Comparison_Results3.mat
DN-NSGA-II,rHV,MMF2,22,1.1483395925136262,All_Algorithms_Comparison_Results3.mat
DN-NSGA-II,rHV,MMF2,23,1.1475058153683844,All_Algorithms_Comparison_Results3.mat
DN-NSGA-II,rHV,MMF2,24,1.153787971781879,All_Algorithms_Comparison_Results3.mat
DN-NSGA-II,rHV,MMF2,25,1.158583349313641,All_Algorithms_Comparison_Results3.mat
DN-NSGA-II,rHV,MMF2,26,1.1483735214219335,All_Algorithms_Comparison_Results3.mat
DN-NSGA-II,rHV,MMF2,27,1.1906128900052284,All_Algorithms_Comparison_Results3.mat
DN-NSGA-II,rHV,MMF2,28,1.1614821591682796,All_Algorithms_Comparison_Results3.mat
DN-NSGA-II,rHV,MMF2,29,1.1522849297846778,All_Algorithms_Comparison_Results3.mat
DN-NSGA-II,rHV,MMF2,30,1.1813713658139255,All_Algorithms_Comparison_Results3.mat
DN-NSGA-II,rHV,MMF2,31,1.2263949139460657,All_Algorithms_Comparison_Results3.mat
DN-NSGA-II,rHV,MMF3,1,1.1490746824647644,All_Algorithms_Comparison_Results3.mat
DN-NSGA-II,rHV,MMF3,2,1.1547779005683532,All_Algorithms_Comparison_Results3.mat
DN-NSGA-II,rHV,MMF3,3,1.148185814381943,All_Algorithms_Comparison_Results3.mat
DN-NSGA-II,rHV,MMF3,4,1.15750158189865,All_Algorithms_Comparison_Results3.mat
DN-NSGA-II,rHV,MMF3,5,1.1544707623371142,All_Algorithms_Comparison_Results3.mat
DN-NSGA-II,rHV,MMF3,6,1.1563478294588792,All_Algorithms_Comparison_Results3.mat
DN-NSGA-II,rHV,MMF3,7,1.1946499756939382,All_Algorithms_Comparison_Results3.mat
DN-NSGA-II,rHV,MMF3,8,1.1538699968645325,All_Algorithms_Comparison_Results3.mat
DN-NSGA-II,rHV,MMF3,9,1.1578206674182074,All_Algorithms_Comparison_Results3.mat
DN-NSGA-II,rHV,MMF3,10,1.1527949095130239,All_Algorithms_Comparison_Results3.mat
DN-NSGA-II,rHV,MMF3,11,1.152455046357549,All_Algorithms_Comparison_Results3.mat
DN-NSGA-II,rHV,MMF3,12,1.149539202087667,All_Algorithms_Comparison_Results3.mat
DN-NSGA-II,rHV,MMF3,13,1.1704563750748018,All_Algorithms_Comparison_Results3.mat
DN-NSGA-II,rHV,MMF3,14,1.1696227560115005,All_Algorithms_Comparison_Results3.mat
DN-NSGA-II,rHV,MMF3,15,1.1579962487065802,All_Algorithms_Comparison_Results3.mat
DN-NSGA-II,rHV,MMF3,16,1.1558001384767762,All_Algorithms_Comparison_Results3.mat
DN-NSGA-II,rHV,MMF3,17,1.1562407751113557,All_Algorithms_Comparison_Results3.mat
DN-NSGA-II,rHV,MMF3,18,1.1507723283788214,All_Algorithms_Comparison_Results3.mat
DN-NSGA-II,rHV,MMF3,19,1.1833902244811991,All_Algorithms_Comparison_Results3.mat
DN-NSGA-II,rHV,MMF3,20,1.1535934491687172,All_Algorithms_Comparison_Results3.mat
DN-NSGA-II,rHV,MMF3,21,1.1693434479336722,All_Algorithms_Comparison_Results3.mat
DN-NSGA-II,rHV,MMF3,22,1.1671707047940352,All_Algorithms_Comparison_Results3.mat
DN-NSGA-II,rHV,MMF3,23,1.1540834523457868,All_Algorithms_Comparison_Results3.mat
DN-NSGA-II,rHV,MMF3,24,1.169874068327276,All_Algorithms_Comparison_Results3.mat
DN-NSGA-II,rHV,MMF3,25,1.1476303340926275,All_Algorithms_Comparison_Results3.mat
DN-NSGA-II,rHV,MMF3,26,1.1641565474186222,All_Algorithms_Comparison_Results3.mat
DN-NSGA-II,rHV,MMF3,27,1.2412305053374544,All_Algorithms_Comparison_Results3.mat
DN-NSGA-II,rHV,MMF3,28,1.1553370558998701,All_Algorithms_Comparison_Results3.mat
DN-NSGA-II,rHV,MMF3,29,1.1561173282220125,All_Algorithms_Comparison_Results3.mat
DN-NSGA-II,rHV,MMF3,30,1.1477090387758302,All_Algorithms_Comparison_Results3.mat
DN-NSGA-II,rHV,MMF3,31,1.173778964193949,All_Algorithms_Comparison_Results3.mat
DN-NSGA-II,rHV,MMF4,1,1.8579707126397604,All_Algorithms_Comparison_Results3.mat
DN-NSGA-II,rHV,MMF4,2,1.8588478720655561,All_Algorithms_Comparison_Results3.mat
DN-NSGA-II,rHV,MMF4,3,1.8558352820407253,All_Algorithms_Comparison_Results3.mat
DN-NSGA-II,rHV,MMF4,4,1.856530848623002,All_Algorithms_Comparison_Results3.mat
DN-NSGA-II,rHV,MMF4,5,1.8583252437565008,All_Algorithms_Comparison_Results3.mat
DN-NSGA-II,rHV,MMF4,6,1.8576149914711206,All_Algorithms_Comparison_Results3.mat
DN-NSGA-II,rHV,MMF4,7,1.8561963107759756,All_Algorithms_Comparison_Results3.mat
DN-NSGA-II,rHV,MMF4,8,1.856502803009873,All_Algorithms_Comparison_Results3.mat
DN-NSGA-II,rHV,MMF4,9,1.8603366628822273,All_Algorithms_Comparison_Results3.mat
DN-NSGA-II,rHV,MMF4,10,1.8560534391657597,All_Algorithms_Comparison_Results3.mat
DN-NSGA-II,rHV,MMF4,11,1.8565612119673642,All_Algorithms_Comparison_Results3.mat
DN-NSGA-II,rHV,MMF4,12,1.8604230203160554,All_Algorithms_Comparison_Results3.mat
DN-NSGA-II,rHV,MMF4,13,1.857691308697601,All_Algorithms_Comparison_Results3.mat
DN-NSGA-II,rHV,MMF4,14,1.858049050909285,All_Algorithms_Comparison_Results3.mat
DN-NSGA-II,rHV,MMF4,15,1.8569424005847364,All_Algorithms_Comparison_Results3.mat
DN-NSGA-II,rHV,MMF4,16,1.857982920116312,All_Algorithms_Comparison_Results3.mat
DN-NSGA-II,rHV,MMF4,17,1.8595730738446896,All_Algorithms_Comparison_Results3.mat
DN-NSGA-II,rHV,MMF4,18,1.8584231250655414,All_Algorithms_Comparison_Results3.mat
DN-NSGA-II,rHV,MMF4,19,1.8584239825290205,All_Algorithms_Comparison_Results3.mat
DN-NSGA-II,rHV,MMF4,20,1.8573339217135025,All_Algorithms_Comparison_Results3.mat
DN-NSGA-II,rHV,MMF4,21,1.856855873490199,All_Algorithms_Comparison_Results3.mat
DN-NSGA-II,rHV,MMF4,22,1.8561632339320935,All_Algorithms_Comparison_Results3.mat
DN-NSGA-II,rHV,MMF4,23,1.8590024310787046,All_Algorithms_Comparison_Results3.mat
DN-NSGA-II,rHV,MMF4,24,1.860335751878602,All_Algorithms_Comparison_Results3.mat
DN-NSGA-II,rHV,MMF4,25,1.8575336723306899,All_Algorithms_Comparison_Results3.mat
DN-NSGA-II,rHV,MMF4,26,1.8574142287306188,All_Algorithms_Comparison_Results3.mat
DN-NSGA-II,rHV,MMF4,27,1.858129501201145,All_Algorithms_Comparison_Results3.mat
DN-NSGA-II,rHV,MMF4,28,1.8578434788765021,All_Algorithms_Comparison_Results3.mat
DN-NSGA-II,rHV,MMF4,29,1.857127431143364,All_Algorithms_Comparison_Results3.mat
DN-NSGA-II,rHV,MMF4,30,1.8603083109118757,All_Algorithms_Comparison_Results3.mat
DN-NSGA-II,rHV,MMF4,31,1.8568392615936056,All_Algorithms_Comparison_Results3.mat
DN-NSGA-II,rHV,MMF5,1,1.1475055897612056,All_Algorithms_Comparison_Results3.mat
DN-NSGA-II,rHV,MMF5,2,1.148696824218157,All_Algorithms_Comparison_Results3.mat
DN-NSGA-II,rHV,MMF5,3,1.1469422094964867,All_Algorithms_Comparison_Results3.mat
DN-NSGA-II,rHV,MMF5,4,1.150271749050912,All_Algorithms_Comparison_Results3.mat
DN-NSGA-II,rHV,MMF5,5,1.146641127066411,All_Algorithms_Comparison_Results3.mat
DN-NSGA-II,rHV,MMF5,6,1.1471797142311757,All_Algorithms_Comparison_Results3.mat
DN-NSGA-II,rHV,MMF5,7,1.1486199539727324,All_Algorithms_Comparison_Results3.mat
DN-NSGA-II,rHV,MMF5,8,1.1479808535267673,All_Algorithms_Comparison_Results3.mat
DN-NSGA-II,rHV,MMF5,9,1.1469937362721643,All_Algorithms_Comparison_Results3.mat
DN-NSGA-II,rHV,MMF5,10,1.1476899501598277,All_Algorithms_Comparison_Results3.mat
DN-NSGA-II,rHV,MMF5,11,1.147781324499644,All_Algorithms_Comparison_Results3.mat
DN-NSGA-II,rHV,MMF5,12,1.1478212900497686,All_Algorithms_Comparison_Results3.mat
DN-NSGA-II,rHV,MMF5,13,1.1486202782306187,All_Algorithms_Comparison_Results3.mat
DN-NSGA-II,rHV,MMF5,14,1.1475125824765775,All_Algorithms_Comparison_Results3.mat
DN-NSGA-II,rHV,MMF5,15,1.148706271549578,All_Algorithms_Comparison_Results3.mat
DN-NSGA-II,rHV,MMF5,16,1.1478416561897096,All_Algorithms_Comparison_Results3.mat
DN-NSGA-II,rHV,MMF5,17,1.1469675023174148,All_Algorithms_Comparison_Results3.mat
DN-NSGA-II,rHV,MMF5,18,1.1478403158910826,All_Algorithms_Comparison_Results3.mat
DN-NSGA-II,rHV,MMF5,19,1.1474909750176754,All_Algorithms_Comparison_Results3.mat
DN-NSGA-II,rHV,MMF5,20,1.1491569593923512,All_Algorithms_Comparison_Results3.mat
DN-NSGA-II,rHV,MMF5,21,1.1469187020622709,All_Algorithms_Comparison_Results3.mat
DN-NSGA-II,rHV,MMF5,22,1.147853258688681,All_Algorithms_Comparison_Results3.mat
DN-NSGA-II,rHV,MMF5,23,1.1472107842223656,All_Algorithms_Comparison_Results3.mat
DN-NSGA-II,rHV,MMF5,24,1.146934683063512,All_Algorithms_Comparison_Results3.mat
DN-NSGA-II,rHV,MMF5,25,1.1480030528555358,All_Algorithms_Comparison_Results3.mat
DN-NSGA-II,rHV,MMF5,26,1.1486485916837526,All_Algorithms_Comparison_Results3.mat
DN-NSGA-II,rHV,MMF5,27,1.1480377939912814,All_Algorithms_Comparison_Results3.mat
DN-NSGA-II,rHV,MMF5,28,1.1496282320267215,All_Algorithms_Comparison_Results3.mat
DN-NSGA-II,rHV,MMF5,29,1.1487873892288931,All_Algorithms_Comparison_Results3.mat
DN-NSGA-II,rHV,MMF5,30,1.1477380178997263,All_Algorithms_Comparison_Results3.mat
DN-NSGA-II,rHV,MMF5,31,1.1472797768738237,All_Algorithms_Comparison_Results3.mat
DN-NSGA-II,rHV,MMF6,1,1.1477289945761118,All_Algorithms_Comparison_Results3.mat
DN-NSGA-II,rHV,MMF6,2,1.146907437296502,All_Algorithms_Comparison_Results3.mat
DN-NSGA-II,rHV,MMF6,3,1.149286754449838,All_Algorithms_Comparison_Results3.mat
DN-NSGA-II,rHV,MMF6,4,1.1501813923763722,All_Algorithms_Comparison_Results3.mat
DN-NSGA-II,rHV,MMF6,5,1.1472264070019627,All_Algorithms_Comparison_Results3.mat
DN-NSGA-II,rHV,MMF6,6,1.1493133562336393,All_Algorithms_Comparison_Results3.mat
DN-NSGA-II,rHV,MMF6,7,1.1482728387767152,All_Algorithms_Comparison_Results3.mat
DN-NSGA-II,rHV,MMF6,8,1.1476225984115567,All_Algorithms_Comparison_Results3.mat
DN-NSGA-II,rHV,MMF6,9,1.1470947496410846,All_Algorithms_Comparison_Results3.mat
DN-NSGA-II,rHV,MMF6,10,1.1472123665509197,All_Algorithms_Comparison_Results3.mat
DN-NSGA-II,rHV,MMF6,11,1.1491129100261435,All_Algorithms_Comparison_Results3.mat
DN-NSGA-II,rHV,MMF6,12,1.1478140316275844,All_Algorithms_Comparison_Results3.mat
DN-NSGA-II,rHV,MMF6,13,1.149610007704879,All_Algorithms_Comparison_Results3.mat
DN-NSGA-II,rHV,MMF6,14,1.1473335011464698,All_Algorithms_Comparison_Results3.mat
DN-NSGA-II,rHV,MMF6,15,1.1485581951695611,All_Algorithms_Comparison_Results3.mat
DN-NSGA-II,rHV,MMF6,16,1.1473650295491067,All_Algorithms_Comparison_Results3.mat
DN-NSGA-II,rHV,MMF6,17,1.148383123722983,All_Algorithms_Comparison_Results3.mat
DN-NSGA-II,rHV,MMF6,18,1.1477161077474065,All_Algorithms_Comparison_Results3.mat
DN-NSGA-II,rHV,MMF6,19,1.147584089684809,All_Algorithms_Comparison_Results3.mat
DN-NSGA-II,rHV,MMF6,20,1.147820693921472,All_Algorithms_Comparison_Results3.mat
DN-NSGA-II,rHV,MMF6,21,1.1525669669547414,All_Algorithms_Comparison_Results3.mat
DN-NSGA-II,rHV,MMF6,22,1.146898114266402,All_Algorithms_Comparison_Results3.mat
DN-NSGA-II,rHV,MMF6,23,1.1499096360912848,All_Algorithms_Comparison_Results3.mat
DN-NSGA-II,rHV,MMF6,24,1.1473257931736947,All_Algorithms_Comparison_Results3.mat
DN-NSGA-II,rHV,MMF6,25,1.147840072232125,All_Algorithms_Comparison_Results3.mat
DN-NSGA-II,rHV,MMF6,26,1.1481490067361844,All_Algorithms_Comparison_Results3.mat
DN-NSGA-II,rHV,MMF6,27,1.1479527379855707,All_Algorithms_Comparison_Results3.mat
DN-NSGA-II,rHV,MMF6,28,1.1479939880792278,All_Algorithms_Comparison_Results3.mat
DN-NSGA-II,rHV,MMF6,29,1.1478031599212244,All_Algorithms_Comparison_Results3.mat
DN-NSGA-II,rHV,MMF6,30,1.1469933815094058,All_Algorithms_Comparison_Results3.mat
DN-NSGA-II,rHV,MMF6,31,1.1472781438492459,All_Algorithms_Comparison_Results3.mat
DN-NSGA-II,rHV,MMF7,1,1.1489487945367745,All_Algorithms_Comparison_Results3.mat
DN-NSGA-II,rHV,MMF7,2,1.1484938999043857,All_Algorithms_Comparison_Results3.mat
DN-NSGA-II,rHV,MMF7,3,1.1512751741745435,All_Algorithms_Comparison_Results3.mat
DN-NSGA-II,rHV,MMF7,4,1.14792217773724,All_Algorithms_Comparison_Results3.mat
DN-NSGA-II,rHV,MMF7,5,1.150014513377085,All_Algorithms_Comparison_Results3.mat
DN-NSGA-II,rHV,MMF7,6,1.148469051596113,All_Algorithms_Comparison_Results3.mat
DN-NSGA-II,rHV,MMF7,7,1.1506296538219039,All_Algorithms_Comparison_Results3.mat
DN-NSGA-II,rHV,MMF7,8,1.1531421953257903,All_Algorithms_Comparison_Results3.mat
DN-NSGA-II,rHV,MMF7,9,1.1507457592771246,All_Algorithms_Comparison_Results3.mat
DN-NSGA-II,rHV,MMF7,10,1.1490443290229517,All_Algorithms_Comparison_Results3.mat
DN-NSGA-II,rHV,MMF7,11,1.1488163038926082,All_Algorithms_Comparison_Results3.mat
DN-NSGA-II,rHV,MMF7,12,1.1496853417032968,All_Algorithms_Comparison_Results3.mat
DN-NSGA-II,rHV,MMF7,13,1.149014995438483,All_Algorithms_Comparison_Results3.mat
DN-NSGA-II,rHV,MMF7,14,1.1484621045944545,All_Algorithms_Comparison_Results3.mat
DN-NSGA-II,rHV,MMF7,15,1.1481913796221253,All_Algorithms_Comparison_Results3.mat
DN-NSGA-II,rHV,MMF7,16,1.1501281186731227,All_Algorithms_Comparison_Results3.mat
DN-NSGA-II,rHV,MMF7,17,1.1503948962178647,All_Algorithms_Comparison_Results3.mat
DN-NSGA-II,rHV,MMF7,18,1.1482008468750176,All_Algorithms_Comparison_Results3.mat
DN-NSGA-II,rHV,MMF7,19,1.1481735935820157,All_Algorithms_Comparison_Results3.mat
DN-NSGA-II,rHV,MMF7,20,1.148897128860201,All_Algorithms_Comparison_Results3.mat
DN-NSGA-II,rHV,MMF7,21,1.1481611687086803,All_Algorithms_Comparison_Results3.mat
DN-NSGA-II,rHV,MMF7,22,1.148882193400284,All_Algorithms_Comparison_Results3.mat
DN-NSGA-II,rHV,MMF7,23,1.1495865610369775,All_Algorithms_Comparison_Results3.mat
DN-NSGA-II,rHV,MMF7,24,1.1500638179629348,All_Algorithms_Comparison_Results3.mat
DN-NSGA-II,rHV,MMF7,25,1.152369338672906,All_Algorithms_Comparison_Results3.mat
DN-NSGA-II,rHV,MMF7,26,1.1586580029575309,All_Algorithms_Comparison_Results3.mat
DN-NSGA-II,rHV,MMF7,27,1.1522394884242546,All_Algorithms_Comparison_Results3.mat
DN-NSGA-II,rHV,MMF7,28,1.1491145344817648,All_Algorithms_Comparison_Results3.mat
DN-NSGA-II,rHV,MMF7,29,1.1493866146898515,All_Algorithms_Comparison_Results3.mat
DN-NSGA-II,rHV,MMF7,30,1.1505952891192035,All_Algorithms_Comparison_Results3.mat
DN-NSGA-II,rHV,MMF7,31,1.149933754848172,All_Algorithms_Comparison_Results3.mat
DN-NSGA-II,rHV,MMF8,1,2.381159396254726,All_Algorithms_Comparison_Results3.mat
DN-NSGA-II,rHV,MMF8,2,2.3818947281746867,All_Algorithms_Comparison_Results3.mat
DN-NSGA-II,rHV,MMF8,3,2.379680034916451,All_Algorithms_Comparison_Results3.mat
DN-NSGA-II,rHV,MMF8,4,2.379711387815587,All_Algorithms_Comparison_Results3.mat
DN-NSGA-II,rHV,MMF8,5,2.3954142762325996,All_Algorithms_Comparison_Results3.mat
DN-NSGA-II,rHV,MMF8,6,2.3806972315930817,All_Algorithms_Comparison_Results3.mat
DN-NSGA-II,rHV,MMF8,7,2.37951971433411,All_Algorithms_Comparison_Results3.mat
DN-NSGA-II,rHV,MMF8,8,2.3797142584134634,All_Algorithms_Comparison_Results3.mat
DN-NSGA-II,rHV,MMF8,9,2.3871947682327375,All_Algorithms_Comparison_Results3.mat
DN-NSGA-II,rHV,MMF8,10,2.3801788619522455,All_Algorithms_Comparison_Results3.mat
DN-NSGA-II,rHV,MMF8,11,2.3917735587119826,All_Algorithms_Comparison_Results3.mat
DN-NSGA-II,rHV,MMF8,12,2.381558870120031,All_Algorithms_Comparison_Results3.mat
DN-NSGA-II,rHV,MMF8,13,2.3881028329739027,All_Algorithms_Comparison_Results3.mat
DN-NSGA-II,rHV,MMF8,14,2.378263408811873,All_Algorithms_Comparison_Results3.mat
DN-NSGA-II,rHV,MMF8,15,2.3788334946914556,All_Algorithms_Comparison_Results3.mat
DN-NSGA-II,rHV,MMF8,16,2.3792364244144535,All_Algorithms_Comparison_Results3.mat
DN-NSGA-II,rHV,MMF8,17,2.3829843690226573,All_Algorithms_Comparison_Results3.mat
DN-NSGA-II,rHV,MMF8,18,2.383065848625353,All_Algorithms_Comparison_Results3.mat
DN-NSGA-II,rHV,MMF8,19,2.37862951072291,All_Algorithms_Comparison_Results3.mat
DN-NSGA-II,rHV,MMF8,20,2.378126679416868,All_Algorithms_Comparison_Results3.mat
DN-NSGA-II,rHV,MMF8,21,2.3794451732666397,All_Algorithms_Comparison_Results3.mat
DN-NSGA-II,rHV,MMF8,22,2.3772057778959015,All_Algorithms_Comparison_Results3.mat
DN-NSGA-II,rHV,MMF8,23,2.380760791590266,All_Algorithms_Comparison_Results3.mat
DN-NSGA-II,rHV,MMF8,24,2.383971012111469,All_Algorithms_Comparison_Results3.mat
DN-NSGA-II,rHV,MMF8,25,2.379437899654989,All_Algorithms_Comparison_Results3.mat
DN-NSGA-II,rHV,MMF8,26,2.3790839249694296,All_Algorithms_Comparison_Results3.mat
DN-NSGA-II,rHV,MMF8,27,2.381642384603443,All_Algorithms_Comparison_Results3.mat
DN-NSGA-II,rHV,MMF8,28,2.3795904018476137,All_Algorithms_Comparison_Results3.mat
DN-NSGA-II,rHV,MMF8,29,2.382228596488784,All_Algorithms_Comparison_Results3.mat
DN-NSGA-II,rHV,MMF8,30,2.3812168267204914,All_Algorithms_Comparison_Results3.mat
DN-NSGA-II,rHV,MMF8,31,2.3813678912814136,All_Algorithms_Comparison_Results3.mat
DN-NSGA-II,rHV,MMF9,1,0.10340383561104986,All_Algorithms_Comparison_Results3.mat
DN-NSGA-II,rHV,MMF9,2,0.103319117746993,All_Algorithms_Comparison_Results3.mat
DN-NSGA-II,rHV,MMF9,3,0.10332342136316101,All_Algorithms_Comparison_Results3.mat
DN-NSGA-II,rHV,MMF9,4,0.10333615988829137,All_Algorithms_Comparison_Results3.mat
DN-NSGA-II,rHV,MMF9,5,0.10335704412147771,All_Algorithms_Comparison_Results3.mat
DN-NSGA-II,rHV,MMF9,6,0.10339835403895323,All_Algorithms_Comparison_Results3.mat
DN-NSGA-II,rHV,MMF9,7,0.10331643432823945,All_Algorithms_Comparison_Results3.mat
DN-NSGA-II,rHV,MMF9,8,0.10335258636371658,All_Algorithms_Comparison_Results3.mat
DN-NSGA-II,rHV,MMF9,9,0.10334948708639673,All_Algorithms_Comparison_Results3.mat
DN-NSGA-II,rHV,MMF9,10,0.10337846444406597,All_Algorithms_Comparison_Results3.mat
DN-NSGA-II,rHV,MMF9,11,0.10333452050657732,All_Algorithms_Comparison_Results3.mat
DN-NSGA-II,rHV,MMF9,12,0.10329202455488125,All_Algorithms_Comparison_Results3.mat
DN-NSGA-II,rHV,MMF9,13,0.10339285717334336,All_Algorithms_Comparison_Results3.mat
DN-NSGA-II,rHV,MMF9,14,0.10334709722372896,All_Algorithms_Comparison_Results3.mat
DN-NSGA-II,rHV,MMF9,15,0.10334781945557447,All_Algorithms_Comparison_Results3.mat
DN-NSGA-II,rHV,MMF9,16,0.10335975011672323,All_Algorithms_Comparison_Results3.mat
DN-NSGA-II,rHV,MMF9,17,0.1033582211643663,All_Algorithms_Comparison_Results3.mat
DN-NSGA-II,rHV,MMF9,18,0.10333803309889414,All_Algorithms_Comparison_Results3.mat
DN-NSGA-II,rHV,MMF9,19,0.10335692647022876,All_Algorithms_Comparison_Results3.mat
DN-NSGA-II,rHV,MMF9,20,0.1033451967877593,All_Algorithms_Comparison_Results3.mat
DN-NSGA-II,rHV,MMF9,21,0.10334775031270656,All_Algorithms_Comparison_Results3.mat
DN-NSGA-II,rHV,MMF9,22,0.10347140302269832,All_Algorithms_Comparison_Results3.mat
DN-NSGA-II,rHV,MMF9,23,0.10332687853963254,All_Algorithms_Comparison_Results3.mat
DN-NSGA-II,rHV,MMF9,24,0.10341196253622839,All_Algorithms_Comparison_Results3.mat
DN-NSGA-II,rHV,MMF9,25,0.103359105462674,All_Algorithms_Comparison_Results3.mat
DN-NSGA-II,rHV,MMF9,26,0.10330373328044612,All_Algorithms_Comparison_Results3.mat
DN-NSGA-II,rHV,MMF9,27,0.10336526560841579,All_Algorithms_Comparison_Results3.mat
DN-NSGA-II,rHV,MMF9,28,0.10335178442644796,All_Algorithms_Comparison_Results3.mat
DN-NSGA-II,rHV,MMF9,29,0.10340155701178758,All_Algorithms_Comparison_Results3.mat
DN-NSGA-II,rHV,MMF9,30,0.10332322989109995,All_Algorithms_Comparison_Results3.mat
DN-NSGA-II,rHV,MMF9,31,0.10336942529331893,All_Algorithms_Comparison_Results3.mat
DN-NSGA-II,rHV,MMF10,1,0.08613365335505566,All_Algorithms_Comparison_Results3.mat
DN-NSGA-II,rHV,MMF10,2,0.08260378852048712,All_Algorithms_Comparison_Results3.mat
DN-NSGA-II,rHV,MMF10,3,0.07775396925198051,All_Algorithms_Comparison_Results3.mat
DN-NSGA-II,rHV,MMF10,4,0.07775226054100186,All_Algorithms_Comparison_Results3.mat
DN-NSGA-II,rHV,MMF10,5,0.08238357305557989,All_Algorithms_Comparison_Results3.mat
DN-NSGA-II,rHV,MMF10,6,0.0777432365437384,All_Algorithms_Comparison_Results3.mat
DN-NSGA-II,rHV,MMF10,7,0.08242633267446536,All_Algorithms_Comparison_Results3.mat
DN-NSGA-II,rHV,MMF10,8,0.07775429636020018,All_Algorithms_Comparison_Results3.mat
DN-NSGA-II,rHV,MMF10,9,0.07770934855093847,All_Algorithms_Comparison_Results3.mat
DN-NSGA-II,rHV,MMF10,10,0.07966945618752799,All_Algorithms_Comparison_Results3.mat
DN-NSGA-II,rHV,MMF10,11,0.08274881555429092,All_Algorithms_Comparison_Results3.mat
DN-NSGA-II,rHV,MMF10,12,0.0832959379441661,All_Algorithms_Comparison_Results3.mat
DN-NSGA-II,rHV,MMF10,13,0.07772377792460901,All_Algorithms_Comparison_Results3.mat
DN-NSGA-II,rHV,MMF10,14,0.07774636208393015,All_Algorithms_Comparison_Results3.mat
DN-NSGA-II,rHV,MMF10,15,0.07776048358751603,All_Algorithms_Comparison_Results3.mat
DN-NSGA-II,rHV,MMF10,16,0.08314846166747031,All_Algorithms_Comparison_Results3.mat
DN-NSGA-II,rHV,MMF10,17,0.07772550444232311,All_Algorithms_Comparison_Results3.mat
DN-NSGA-II,rHV,MMF10,18,0.08454868409213274,All_Algorithms_Comparison_Results3.mat
DN-NSGA-II,rHV,MMF10,19,0.07781891340512541,All_Algorithms_Comparison_Results3.mat
DN-NSGA-II,rHV,MMF10,20,0.07973623059034891,All_Algorithms_Comparison_Results3.mat
DN-NSGA-II,rHV,MMF10,21,0.0777387622683753,All_Algorithms_Comparison_Results3.mat
DN-NSGA-II,rHV,MMF10,22,0.07774843815429111,All_Algorithms_Comparison_Results3.mat
DN-NSGA-II,rHV,MMF10,23,0.077722358746059,All_Algorithms_Comparison_Results3.mat
DN-NSGA-II,rHV,MMF10,24,0.0777397985275783,All_Algorithms_Comparison_Results3.mat
DN-NSGA-II,rHV,MMF10,25,0.0778424845617178,All_Algorithms_Comparison_Results3.mat
DN-NSGA-II,rHV,MMF10,26,0.08391053004495559,All_Algorithms_Comparison_Results3.mat
DN-NSGA-II,rHV,MMF10,27,0.07773559395370014,All_Algorithms_Comparison_Results3.mat
DN-NSGA-II,rHV,MMF10,28,0.08032154030846228,All_Algorithms_Comparison_Results3.mat
DN-NSGA-II,rHV,MMF10,29,0.077727791660164,All_Algorithms_Comparison_Results3.mat
DN-NSGA-II,rHV,MMF10,30,0.07786877788980122,All_Algorithms_Comparison_Results3.mat
DN-NSGA-II,rHV,MMF10,31,0.07775303642813981,All_Algorithms_Comparison_Results3.mat
DN-NSGA-II,rHV,MMF11,1,0.06894042159660142,All_Algorithms_Comparison_Results3.mat
DN-NSGA-II,rHV,MMF11,2,0.0689367979737294,All_Algorithms_Comparison_Results3.mat
DN-NSGA-II,rHV,MMF11,3,0.06894501290010263,All_Algorithms_Comparison_Results3.mat
DN-NSGA-II,rHV,MMF11,4,0.06894276604081391,All_Algorithms_Comparison_Results3.mat
DN-NSGA-II,rHV,MMF11,5,0.06894273058127884,All_Algorithms_Comparison_Results3.mat
DN-NSGA-II,rHV,MMF11,6,0.06891957582293058,All_Algorithms_Comparison_Results3.mat
DN-NSGA-II,rHV,MMF11,7,0.06894038840526864,All_Algorithms_Comparison_Results3.mat
DN-NSGA-II,rHV,MMF11,8,0.06893582165954606,All_Algorithms_Comparison_Results3.mat
DN-NSGA-II,rHV,MMF11,9,0.06893547294590648,All_Algorithms_Comparison_Results3.mat
DN-NSGA-II,rHV,MMF11,10,0.0689431901837688,All_Algorithms_Comparison_Results3.mat
DN-NSGA-II,rHV,MMF11,11,0.06893468819468752,All_Algorithms_Comparison_Results3.mat
DN-NSGA-II,rHV,MMF11,12,0.06893679105754495,All_Algorithms_Comparison_Results3.mat
DN-NSGA-II,rHV,MMF11,13,0.06894484274152059,All_Algorithms_Comparison_Results3.mat
DN-NSGA-II,rHV,MMF11,14,0.0689394359609469,All_Algorithms_Comparison_Results3.mat
DN-NSGA-II,rHV,MMF11,15,0.06891776380758886,All_Algorithms_Comparison_Results3.mat
DN-NSGA-II,rHV,MMF11,16,0.06896382199654828,All_Algorithms_Comparison_Results3.mat
DN-NSGA-II,rHV,MMF11,17,0.06896682881369684,All_Algorithms_Comparison_Results3.mat
DN-NSGA-II,rHV,MMF11,18,0.06892985167109637,All_Algorithms_Comparison_Results3.mat
DN-NSGA-II,rHV,MMF11,19,0.06896834365628736,All_Algorithms_Comparison_Results3.mat
DN-NSGA-II,rHV,MMF11,20,0.06893692555283876,All_Algorithms_Comparison_Results3.mat
DN-NSGA-II,rHV,MMF11,21,0.06892812665881039,All_Algorithms_Comparison_Results3.mat
DN-NSGA-II,rHV,MMF11,22,0.06895377096695293,All_Algorithms_Comparison_Results3.mat
DN-NSGA-II,rHV,MMF11,23,0.06892254656723022,All_Algorithms_Comparison_Results3.mat
DN-NSGA-II,rHV,MMF11,24,0.0689341730398577,All_Algorithms_Comparison_Results3.mat
DN-NSGA-II,rHV,MMF11,25,0.06893765020313056,All_Algorithms_Comparison_Results3.mat
DN-NSGA-II,rHV,MMF11,26,0.06894990637251429,All_Algorithms_Comparison_Results3.mat
DN-NSGA-II,rHV,MMF11,27,0.06893295181857237,All_Algorithms_Comparison_Results3.mat
DN-NSGA-II,rHV,MMF11,28,0.06894922775583762,All_Algorithms_Comparison_Results3.mat
DN-NSGA-II,rHV,MMF11,29,0.06893821328473,All_Algorithms_Comparison_Results3.mat
DN-NSGA-II,rHV,MMF11,30,0.06893501904822398,All_Algorithms_Comparison_Results3.mat
DN-NSGA-II,rHV,MMF11,31,0.0689607868640216,All_Algorithms_Comparison_Results3.mat
DN-NSGA-II,rHV,MMF12,1,0.6357638287203685,All_Algorithms_Comparison_Results3.mat
DN-NSGA-II,rHV,MMF12,2,0.6357396585914018,All_Algorithms_Comparison_Results3.mat
DN-NSGA-II,rHV,MMF12,3,0.6357458648404992,All_Algorithms_Comparison_Results3.mat
DN-NSGA-II,rHV,MMF12,4,0.6357140889278785,All_Algorithms_Comparison_Results3.mat
DN-NSGA-II,rHV,MMF12,5,0.6358821012367928,All_Algorithms_Comparison_Results3.mat
DN-NSGA-II,rHV,MMF12,6,0.6357315101210353,All_Algorithms_Comparison_Results3.mat
DN-NSGA-II,rHV,MMF12,7,0.6358021150483908,All_Algorithms_Comparison_Results3.mat
DN-NSGA-II,rHV,MMF12,8,0.6356854606198231,All_Algorithms_Comparison_Results3.mat
DN-NSGA-II,rHV,MMF12,9,0.635666981030975,All_Algorithms_Comparison_Results3.mat
DN-NSGA-II,rHV,MMF12,10,0.6356510607079608,All_Algorithms_Comparison_Results3.mat
DN-NSGA-II,rHV,MMF12,11,0.6356122317112411,All_Algorithms_Comparison_Results3.mat
DN-NSGA-II,rHV,MMF12,12,0.6356579193494587,All_Algorithms_Comparison_Results3.mat
DN-NSGA-II,rHV,MMF12,13,0.6357893549489316,All_Algorithms_Comparison_Results3.mat
DN-NSGA-II,rHV,MMF12,14,0.6356981669271582,All_Algorithms_Comparison_Results3.mat
DN-NSGA-II,rHV,MMF12,15,0.635649931525402,All_Algorithms_Comparison_Results3.mat
DN-NSGA-II,rHV,MMF12,16,0.6356592861397186,All_Algorithms_Comparison_Results3.mat
DN-NSGA-II,rHV,MMF12,17,0.6356824010900969,All_Algorithms_Comparison_Results3.mat
DN-NSGA-II,rHV,MMF12,18,0.6357867009512052,All_Algorithms_Comparison_Results3.mat
DN-NSGA-II,rHV,MMF12,19,0.6357405664390164,All_Algorithms_Comparison_Results3.mat
DN-NSGA-II,rHV,MMF12,20,0.6358088917688864,All_Algorithms_Comparison_Results3.mat
DN-NSGA-II,rHV,MMF12,21,0.635664072875066,All_Algorithms_Comparison_Results3.mat
DN-NSGA-II,rHV,MMF12,22,0.6357951301576638,All_Algorithms_Comparison_Results3.mat
DN-NSGA-II,rHV,MMF12,23,0.6358353355918108,All_Algorithms_Comparison_Results3.mat
DN-NSGA-II,rHV,MMF12,24,0.6356948963638556,All_Algorithms_Comparison_Results3.mat
DN-NSGA-II,rHV,MMF12,25,0.6357481946997869,All_Algorithms_Comparison_Results3.mat
DN-NSGA-II,rHV,MMF12,26,0.6357050895742626,All_Algorithms_Comparison_Results3.mat
DN-NSGA-II,rHV,MMF12,27,0.635772695964683,All_Algorithms_Comparison_Results3.mat
DN-NSGA-II,rHV,MMF12,28,0.6357199816808897,All_Algorithms_Comparison_Results3.mat
DN-NSGA-II,rHV,MMF12,29,0.635783267150273,All_Algorithms_Comparison_Results3.mat
DN-NSGA-II,rHV,MMF12,30,0.6356912471119862,All_Algorithms_Comparison_Results3.mat
DN-NSGA-II,rHV,MMF12,31,0.6357111916038266,All_Algorithms_Comparison_Results3.mat
DN-NSGA-II,rHV,MMF13,1,0.054255544284532706,All_Algorithms_Comparison_Results3.mat
DN-NSGA-II,rHV,MMF13,2,0.054248200218951485,All_Algorithms_Comparison_Results3.mat
DN-NSGA-II,rHV,MMF13,3,0.054247224015716224,All_Algorithms_Comparison_Results3.mat
DN-NSGA-II,rHV,MMF13,4,0.054266455720381794,All_Algorithms_Comparison_Results3.mat
DN-NSGA-II,rHV,MMF13,5,0.054253555601877064,All_Algorithms_Comparison_Results3.mat
DN-NSGA-II,rHV,MMF13,6,0.05424894414641951,All_Algorithms_Comparison_Results3.mat
DN-NSGA-II,rHV,MMF13,7,0.05423841854642123,All_Algorithms_Comparison_Results3.mat
DN-NSGA-II,rHV,MMF13,8,0.05425969711992931,All_Algorithms_Comparison_Results3.mat
DN-NSGA-II,rHV,MMF13,9,0.05425539993357962,All_Algorithms_Comparison_Results3.mat
DN-NSGA-II,rHV,MMF13,10,0.05425334914277542,All_Algorithms_Comparison_Results3.mat
DN-NSGA-II,rHV,MMF13,11,0.05423801816530957,All_Algorithms_Comparison_Results3.mat
DN-NSGA-II,rHV,MMF13,12,0.05425324579502447,All_Algorithms_Comparison_Results3.mat
DN-NSGA-II,rHV,MMF13,13,0.054249097786999476,All_Algorithms_Comparison_Results3.mat
DN-NSGA-II,rHV,MMF13,14,0.05427476535886914,All_Algorithms_Comparison_Results3.mat
DN-NSGA-II,rHV,MMF13,15,0.05424654474054548,All_Algorithms_Comparison_Results3.mat
DN-NSGA-II,rHV,MMF13,16,0.05424695772591932,All_Algorithms_Comparison_Results3.mat
DN-NSGA-II,rHV,MMF13,17,0.054253635229245215,All_Algorithms_Comparison_Results3.mat
DN-NSGA-II,rHV,MMF13,18,0.05425710681961412,All_Algorithms_Comparison_Results3.mat
DN-NSGA-II,rHV,MMF13,19,0.05424376725566043,All_Algorithms_Comparison_Results3.mat
DN-NSGA-II,rHV,MMF13,20,0.05424082256195111,All_Algorithms_Comparison_Results3.mat
DN-NSGA-II,rHV,MMF13,21,0.05424382307657755,All_Algorithms_Comparison_Results3.mat
DN-NSGA-II,rHV,MMF13,22,0.05424810093775122,All_Algorithms_Comparison_Results3.mat
DN-NSGA-II,rHV,MMF13,23,0.05423950611958203,All_Algorithms_Comparison_Results3.mat
DN-NSGA-II,rHV,MMF13,24,0.054249065863076276,All_Algorithms_Comparison_Results3.mat
DN-NSGA-II,rHV,MMF13,25,0.05424743513818318,All_Algorithms_Comparison_Results3.mat
DN-NSGA-II,rHV,MMF13,26,0.054239330346567666,All_Algorithms_Comparison_Results3.mat
DN-NSGA-II,rHV,MMF13,27,0.0542516270762681,All_Algorithms_Comparison_Results3.mat
DN-NSGA-II,rHV,MMF13,28,0.05427284217602734,All_Algorithms_Comparison_Results3.mat
DN-NSGA-II,rHV,MMF13,29,0.054249575303483066,All_Algorithms_Comparison_Results3.mat
DN-NSGA-II,rHV,MMF13,30,0.05424722376652301,All_Algorithms_Comparison_Results3.mat
DN-NSGA-II,rHV,MMF13,31,0.054251020605772915,All_Algorithms_Comparison_Results3.mat
DN-NSGA-II,rHV,MMF14,1,0.2915911237001429,All_Algorithms_Comparison_Results3.mat
DN-NSGA-II,rHV,MMF14,2,0.3082930271104299,All_Algorithms_Comparison_Results3.mat
DN-NSGA-II,rHV,MMF14,3,0.3394154128250052,All_Algorithms_Comparison_Results3.mat
DN-NSGA-II,rHV,MMF14,4,0.34644738183420337,All_Algorithms_Comparison_Results3.mat
DN-NSGA-II,rHV,MMF14,5,0.30980219431701345,All_Algorithms_Comparison_Results3.mat
DN-NSGA-II,rHV,MMF14,6,0.31362784845402475,All_Algorithms_Comparison_Results3.mat
DN-NSGA-II,rHV,MMF14,7,0.30731958081827004,All_Algorithms_Comparison_Results3.mat
DN-NSGA-II,rHV,MMF14,8,0.35004672497382083,All_Algorithms_Comparison_Results3.mat
DN-NSGA-II,rHV,MMF14,9,0.3431149901570456,All_Algorithms_Comparison_Results3.mat
DN-NSGA-II,rHV,MMF14,10,0.359489856526726,All_Algorithms_Comparison_Results3.mat
DN-NSGA-II,rHV,MMF14,11,0.3222304473665388,All_Algorithms_Comparison_Results3.mat
DN-NSGA-II,rHV,MMF14,12,0.3246491287588498,All_Algorithms_Comparison_Results3.mat
DN-NSGA-II,rHV,MMF14,13,0.3294029805307192,All_Algorithms_Comparison_Results3.mat
DN-NSGA-II,rHV,MMF14,14,0.33650069918582465,All_Algorithms_Comparison_Results3.mat
DN-NSGA-II,rHV,MMF14,15,0.3268401673791289,All_Algorithms_Comparison_Results3.mat
DN-NSGA-II,rHV,MMF14,16,0.32596046361503606,All_Algorithms_Comparison_Results3.mat
DN-NSGA-II,rHV,MMF14,17,0.330127979060403,All_Algorithms_Comparison_Results3.mat
DN-NSGA-II,rHV,MMF14,18,0.32137536225813695,All_Algorithms_Comparison_Results3.mat
DN-NSGA-II,rHV,MMF14,19,0.32179680063547267,All_Algorithms_Comparison_Results3.mat
DN-NSGA-II,rHV,MMF14,20,0.3103217337001169,All_Algorithms_Comparison_Results3.mat
DN-NSGA-II,rHV,MMF14,21,0.33537389377388327,All_Algorithms_Comparison_Results3.mat
DN-NSGA-II,rHV,MMF14,22,0.3259617822016995,All_Algorithms_Comparison_Results3.mat
DN-NSGA-II,rHV,MMF14,23,0.3369079816573797,All_Algorithms_Comparison_Results3.mat
DN-NSGA-II,rHV,MMF14,24,0.3243173279668548,All_Algorithms_Comparison_Results3.mat
DN-NSGA-II,rHV,MMF14,25,0.33798833862299243,All_Algorithms_Comparison_Results3.mat
DN-NSGA-II,rHV,MMF14,26,0.32616761748717865,All_Algorithms_Comparison_Results3.mat
DN-NSGA-II,rHV,MMF14,27,0.3220399358830114,All_Algorithms_Comparison_Results3.mat
DN-NSGA-II,rHV,MMF14,28,0.3194645281224928,All_Algorithms_Comparison_Results3.mat
DN-NSGA-II,rHV,MMF14,29,0.34954194899065283,All_Algorithms_Comparison_Results3.mat
DN-NSGA-II,rHV,MMF14,30,0.3249089357193974,All_Algorithms_Comparison_Results3.mat
DN-NSGA-II,rHV,MMF14,31,0.3334015551759403,All_Algorithms_Comparison_Results3.mat
DN-NSGA-II,rHV,MMF15,1,0.22899858559694838,All_Algorithms_Comparison_Results3.mat
DN-NSGA-II,rHV,MMF15,2,0.22681805135142744,All_Algorithms_Comparison_Results3.mat
DN-NSGA-II,rHV,MMF15,3,0.23166615996456452,All_Algorithms_Comparison_Results3.mat
DN-NSGA-II,rHV,MMF15,4,0.22862894391244307,All_Algorithms_Comparison_Results3.mat
DN-NSGA-II,rHV,MMF15,5,0.24777687449989608,All_Algorithms_Comparison_Results3.mat
DN-NSGA-II,rHV,MMF15,6,0.23404259209629352,All_Algorithms_Comparison_Results3.mat
DN-NSGA-II,rHV,MMF15,7,0.20939877279504604,All_Algorithms_Comparison_Results3.mat
DN-NSGA-II,rHV,MMF15,8,0.22445415143211764,All_Algorithms_Comparison_Results3.mat
DN-NSGA-II,rHV,MMF15,9,0.23203094297645974,All_Algorithms_Comparison_Results3.mat
DN-NSGA-II,rHV,MMF15,10,0.22632092404154358,All_Algorithms_Comparison_Results3.mat
DN-NSGA-II,rHV,MMF15,11,0.25367632845914667,All_Algorithms_Comparison_Results3.mat
DN-NSGA-II,rHV,MMF15,12,0.2201405410860989,All_Algorithms_Comparison_Results3.mat
DN-NSGA-II,rHV,MMF15,13,0.24580229953999827,All_Algorithms_Comparison_Results3.mat
DN-NSGA-II,rHV,MMF15,14,0.2593133637661203,All_Algorithms_Comparison_Results3.mat
DN-NSGA-II,rHV,MMF15,15,0.22985084430256914,All_Algorithms_Comparison_Results3.mat
DN-NSGA-II,rHV,MMF15,16,0.23765950830271093,All_Algorithms_Comparison_Results3.mat
DN-NSGA-II,rHV,MMF15,17,0.25197430713818425,All_Algorithms_Comparison_Results3.mat
DN-NSGA-II,rHV,MMF15,18,0.226807696903614,All_Algorithms_Comparison_Results3.mat
DN-NSGA-II,rHV,MMF15,19,0.22468762776152856,All_Algorithms_Comparison_Results3.mat
DN-NSGA-II,rHV,MMF15,20,0.23044471642902012,All_Algorithms_Comparison_Results3.mat
DN-NSGA-II,rHV,MMF15,21,0.22395819746883217,All_Algorithms_Comparison_Results3.mat
DN-NSGA-II,rHV,MMF15,22,0.2274695853509569,All_Algorithms_Comparison_Results3.mat
DN-NSGA-II,rHV,MMF15,23,0.2268969416734565,All_Algorithms_Comparison_Results3.mat
DN-NSGA-II,rHV,MMF15,24,0.2106521571281988,All_Algorithms_Comparison_Results3.mat
DN-NSGA-II,rHV,MMF15,25,0.24481668080111837,All_Algorithms_Comparison_Results3.mat
DN-NSGA-II,rHV,MMF15,26,0.2337548921095081,All_Algorithms_Comparison_Results3.mat
DN-NSGA-II,rHV,MMF15,27,0.22136000964370495,All_Algorithms_Comparison_Results3.mat
DN-NSGA-II,rHV,MMF15,28,0.22518644034044769,All_Algorithms_Comparison_Results3.mat
DN-NSGA-II,rHV,MMF15,29,0.23595817527207852,All_Algorithms_Comparison_Results3.mat
DN-NSGA-II,rHV,MMF15,30,0.24102485556428652,All_Algorithms_Comparison_Results3.mat
DN-NSGA-II,rHV,MMF15,31,0.21184217552387327,All_Algorithms_Comparison_Results3.mat
DN-NSGA-II,rHV,MMF1_z,1,1.147318947834552,All_Algorithms_Comparison_Results3.mat
DN-NSGA-II,rHV,MMF1_z,2,1.1469098411770107,All_Algorithms_Comparison_Results3.mat
DN-NSGA-II,rHV,MMF1_z,3,1.1506849610539496,All_Algorithms_Comparison_Results3.mat
DN-NSGA-II,rHV,MMF1_z,4,1.1499512487405772,All_Algorithms_Comparison_Results3.mat
DN-NSGA-II,rHV,MMF1_z,5,1.14873754972699,All_Algorithms_Comparison_Results3.mat
DN-NSGA-II,rHV,MMF1_z,6,1.149931492708475,All_Algorithms_Comparison_Results3.mat
DN-NSGA-II,rHV,MMF1_z,7,1.1471709819846372,All_Algorithms_Comparison_Results3.mat
DN-NSGA-II,rHV,MMF1_z,8,1.1477404302289789,All_Algorithms_Comparison_Results3.mat
DN-NSGA-II,rHV,MMF1_z,9,1.1487171857794694,All_Algorithms_Comparison_Results3.mat
DN-NSGA-II,rHV,MMF1_z,10,1.1471179896200754,All_Algorithms_Comparison_Results3.mat
DN-NSGA-II,rHV,MMF1_z,11,1.1482308079183252,All_Algorithms_Comparison_Results3.mat
DN-NSGA-II,rHV,MMF1_z,12,1.1485006622357101,All_Algorithms_Comparison_Results3.mat
DN-NSGA-II,rHV,MMF1_z,13,1.146803268977058,All_Algorithms_Comparison_Results3.mat
DN-NSGA-II,rHV,MMF1_z,14,1.1480347127630213,All_Algorithms_Comparison_Results3.mat
DN-NSGA-II,rHV,MMF1_z,15,1.1469997483053076,All_Algorithms_Comparison_Results3.mat
DN-NSGA-II,rHV,MMF1_z,16,1.1479036513493883,All_Algorithms_Comparison_Results3.mat
DN-NSGA-II,rHV,MMF1_z,17,1.1475273562489978,All_Algorithms_Comparison_Results3.mat
DN-NSGA-II,rHV,MMF1_z,18,1.1491165379967898,All_Algorithms_Comparison_Results3.mat
DN-NSGA-II,rHV,MMF1_z,19,1.1481878593913106,All_Algorithms_Comparison_Results3.mat
DN-NSGA-II,rHV,MMF1_z,20,1.1479156315785146,All_Algorithms_Comparison_Results3.mat
DN-NSGA-II,rHV,MMF1_z,21,1.1470711697429588,All_Algorithms_Comparison_Results3.mat
DN-NSGA-II,rHV,MMF1_z,22,1.1474528581088488,All_Algorithms_Comparison_Results3.mat
DN-NSGA-II,rHV,MMF1_z,23,1.1484507651821332,All_Algorithms_Comparison_Results3.mat
DN-NSGA-II,rHV,MMF1_z,24,1.1500935841717437,All_Algorithms_Comparison_Results3.mat
DN-NSGA-II,rHV,MMF1_z,25,1.1497688245681785,All_Algorithms_Comparison_Results3.mat
DN-NSGA-II,rHV,MMF1_z,26,1.14758331491762,All_Algorithms_Comparison_Results3.mat
DN-NSGA-II,rHV,MMF1_z,27,1.147703445778095,All_Algorithms_Comparison_Results3.mat
DN-NSGA-II,rHV,MMF1_z,28,1.1480001933452544,All_Algorithms_Comparison_Results3.mat
DN-NSGA-II,rHV,MMF1_z,29,1.1479131363641615,All_Algorithms_Comparison_Results3.mat
DN-NSGA-II,rHV,MMF1_z,30,1.1517434467652652,All_Algorithms_Comparison_Results3.mat
DN-NSGA-II,rHV,MMF1_z,31,1.1477652372067813,All_Algorithms_Comparison_Results3.mat
DN-NSGA-II,rHV,MMF1_e,1,1.1678345647306743,All_Algorithms_Comparison_Results3.mat
DN-NSGA-II,rHV,MMF1_e,2,1.1489493065548713,All_Algorithms_Comparison_Results3.mat
DN-NSGA-II,rHV,MMF1_e,3,1.2567804853921993,All_Algorithms_Comparison_Results3.mat
DN-NSGA-II,rHV,MMF1_e,4,1.260600952043326,All_Algorithms_Comparison_Results3.mat
DN-NSGA-II,rHV,MMF1_e,5,1.1748750147558777,All_Algorithms_Comparison_Results3.mat
DN-NSGA-II,rHV,MMF1_e,6,1.1594831680694375,All_Algorithms_Comparison_Results3.mat
DN-NSGA-II,rHV,MMF1_e,7,1.3051483706940497,All_Algorithms_Comparison_Results3.mat
DN-NSGA-II,rHV,MMF1_e,8,1.172983297245565,All_Algorithms_Comparison_Results3.mat
DN-NSGA-II,rHV,MMF1_e,9,1.1726899283978793,All_Algorithms_Comparison_Results3.mat
DN-NSGA-II,rHV,MMF1_e,10,1.1496591181857485,All_Algorithms_Comparison_Results3.mat
DN-NSGA-II,rHV,MMF1_e,11,1.2136843846220164,All_Algorithms_Comparison_Results3.mat
DN-NSGA-II,rHV,MMF1_e,12,1.2368942544081423,All_Algorithms_Comparison_Results3.mat
DN-NSGA-II,rHV,MMF1_e,13,1.1735528896367038,All_Algorithms_Comparison_Results3.mat
DN-NSGA-II,rHV,MMF1_e,14,1.1589542357067848,All_Algorithms_Comparison_Results3.mat
DN-NSGA-II,rHV,MMF1_e,15,1.1813512526117576,All_Algorithms_Comparison_Results3.mat
DN-NSGA-II,rHV,MMF1_e,16,1.156379630109785,All_Algorithms_Comparison_Results3.mat
DN-NSGA-II,rHV,MMF1_e,17,2.2219741678716742,All_Algorithms_Comparison_Results3.mat
DN-NSGA-II,rHV,MMF1_e,18,1.4417000377049762,All_Algorithms_Comparison_Results3.mat
DN-NSGA-II,rHV,MMF1_e,19,1.1707116256104504,All_Algorithms_Comparison_Results3.mat
DN-NSGA-II,rHV,MMF1_e,20,1.1582642215154564,All_Algorithms_Comparison_Results3.mat
DN-NSGA-II,rHV,MMF1_e,21,1.1803951545001865,All_Algorithms_Comparison_Results3.mat
DN-NSGA-II,rHV,MMF1_e,22,1.273182861634812,All_Algorithms_Comparison_Results3.mat
DN-NSGA-II,rHV,MMF1_e,23,1.204232373015553,All_Algorithms_Comparison_Results3.mat
DN-NSGA-II,rHV,MMF1_e,24,1.2141470970656814,All_Algorithms_Comparison_Results3.mat
DN-NSGA-II,rHV,MMF1_e,25,1.1977052381173001,All_Algorithms_Comparison_Results3.mat
DN-NSGA-II,rHV,MMF1_e,26,1.6409817741836814,All_Algorithms_Comparison_Results3.mat
DN-NSGA-II,rHV,MMF1_e,27,1.1855649011627298,All_Algorithms_Comparison_Results3.mat
DN-NSGA-II,rHV,MMF1_e,28,1.1644512564308336,All_Algorithms_Comparison_Results3.mat
DN-NSGA-II,rHV,MMF1_e,29,1.1902044460749333,All_Algorithms_Comparison_Results3.mat
DN-NSGA-II,rHV,MMF1_e,30,1.1735643117426529,All_Algorithms_Comparison_Results3.mat
DN-NSGA-II,rHV,MMF1_e,31,1.2004349040715276,All_Algorithms_Comparison_Results3.mat
DN-NSGA-II,rHV,MMF14_a,1,0.30941860922823333,All_Algorithms_Comparison_Results3.mat
DN-NSGA-II,rHV,MMF14_a,2,0.31261759409146456,All_Algorithms_Comparison_Results3.mat
DN-NSGA-II,rHV,MMF14_a,3,0.31929727205425373,All_Algorithms_Comparison_Results3.mat
DN-NSGA-II,rHV,MMF14_a,4,0.31893205541910064,All_Algorithms_Comparison_Results3.mat
DN-NSGA-II,rHV,MMF14_a,5,0.315345412582244,All_Algorithms_Comparison_Results3.mat
DN-NSGA-II,rHV,MMF14_a,6,0.2987913855210109,All_Algorithms_Comparison_Results3.mat
DN-NSGA-II,rHV,MMF14_a,7,0.29666247724291345,All_Algorithms_Comparison_Results3.mat
DN-NSGA-II,rHV,MMF14_a,8,0.31263791198972807,All_Algorithms_Comparison_Results3.mat
DN-NSGA-II,rHV,MMF14_a,9,0.33026050432275833,All_Algorithms_Comparison_Results3.mat
DN-NSGA-II,rHV,MMF14_a,10,0.3107086750823087,All_Algorithms_Comparison_Results3.mat
DN-NSGA-II,rHV,MMF14_a,11,0.3018823081577594,All_Algorithms_Comparison_Results3.mat
DN-NSGA-II,rHV,MMF14_a,12,0.3130449673258192,All_Algorithms_Comparison_Results3.mat
DN-NSGA-II,rHV,MMF14_a,13,0.32184634417915087,All_Algorithms_Comparison_Results3.mat
DN-NSGA-II,rHV,MMF14_a,14,0.31786070404382033,All_Algorithms_Comparison_Results3.mat
DN-NSGA-II,rHV,MMF14_a,15,0.311545653658694,All_Algorithms_Comparison_Results3.mat
DN-NSGA-II,rHV,MMF14_a,16,0.3212865462356152,All_Algorithms_Comparison_Results3.mat
DN-NSGA-II,rHV,MMF14_a,17,0.33053291222610204,All_Algorithms_Comparison_Results3.mat
DN-NSGA-II,rHV,MMF14_a,18,0.3239002751571878,All_Algorithms_Comparison_Results3.mat
DN-NSGA-II,rHV,MMF14_a,19,0.31382480095565407,All_Algorithms_Comparison_Results3.mat
DN-NSGA-II,rHV,MMF14_a,20,0.2997299442059975,All_Algorithms_Comparison_Results3.mat
DN-NSGA-II,rHV,MMF14_a,21,0.3023935878768717,All_Algorithms_Comparison_Results3.mat
DN-NSGA-II,rHV,MMF14_a,22,0.314246608437295,All_Algorithms_Comparison_Results3.mat
DN-NSGA-II,rHV,MMF14_a,23,0.3409398526502087,All_Algorithms_Comparison_Results3.mat
DN-NSGA-II,rHV,MMF14_a,24,0.32298276351872446,All_Algorithms_Comparison_Results3.mat
DN-NSGA-II,rHV,MMF14_a,25,0.29375466243537673,All_Algorithms_Comparison_Results3.mat
DN-NSGA-II,rHV,MMF14_a,26,0.31978345902873107,All_Algorithms_Comparison_Results3.mat
DN-NSGA-II,rHV,MMF14_a,27,0.31683413136963645,All_Algorithms_Comparison_Results3.mat
DN-NSGA-II,rHV,MMF14_a,28,0.30809654405884335,All_Algorithms_Comparison_Results3.mat
DN-NSGA-II,rHV,MMF14_a,29,0.3290755289025841,All_Algorithms_Comparison_Results3.mat
DN-NSGA-II,rHV,MMF14_a,30,0.308574417262681,All_Algorithms_Comparison_Results3.mat
DN-NSGA-II,rHV,MMF14_a,31,0.2887248520320428,All_Algorithms_Comparison_Results3.mat
DN-NSGA-II,rHV,MMF15_a,1,0.28638194208896867,All_Algorithms_Comparison_Results3.mat
DN-NSGA-II,rHV,MMF15_a,2,0.21018821154471376,All_Algorithms_Comparison_Results3.mat
DN-NSGA-II,rHV,MMF15_a,3,0.24029433517190185,All_Algorithms_Comparison_Results3.mat
DN-NSGA-II,rHV,MMF15_a,4,0.22188041665878785,All_Algorithms_Comparison_Results3.mat
DN-NSGA-II,rHV,MMF15_a,5,0.22740819993506134,All_Algorithms_Comparison_Results3.mat
DN-NSGA-II,rHV,MMF15_a,6,0.23480622210854465,All_Algorithms_Comparison_Results3.mat
DN-NSGA-II,rHV,MMF15_a,7,0.2357455231856451,All_Algorithms_Comparison_Results3.mat
DN-NSGA-II,rHV,MMF15_a,8,0.2266564038939183,All_Algorithms_Comparison_Results3.mat
DN-NSGA-II,rHV,MMF15_a,9,0.2525434756342264,All_Algorithms_Comparison_Results3.mat
DN-NSGA-II,rHV,MMF15_a,10,0.22368307221921457,All_Algorithms_Comparison_Results3.mat
DN-NSGA-II,rHV,MMF15_a,11,0.23115329524040845,All_Algorithms_Comparison_Results3.mat
DN-NSGA-II,rHV,MMF15_a,12,0.2265277866523346,All_Algorithms_Comparison_Results3.mat
DN-NSGA-II,rHV,MMF15_a,13,0.24966022700948726,All_Algorithms_Comparison_Results3.mat
DN-NSGA-II,rHV,MMF15_a,14,0.23302432290163613,All_Algorithms_Comparison_Results3.mat
DN-NSGA-II,rHV,MMF15_a,15,0.2243523273033538,All_Algorithms_Comparison_Results3.mat
DN-NSGA-II,rHV,MMF15_a,16,0.2564213517824461,All_Algorithms_Comparison_Results3.mat
DN-NSGA-II,rHV,MMF15_a,17,0.22514595968582968,All_Algorithms_Comparison_Results3.mat
DN-NSGA-II,rHV,MMF15_a,18,0.22525312013866802,All_Algorithms_Comparison_Results3.mat
DN-NSGA-II,rHV,MMF15_a,19,0.21056611485715396,All_Algorithms_Comparison_Results3.mat
DN-NSGA-II,rHV,MMF15_a,20,0.2510366380572249,All_Algorithms_Comparison_Results3.mat
DN-NSGA-II,rHV,MMF15_a,21,0.22691431218686137,All_Algorithms_Comparison_Results3.mat
DN-NSGA-II,rHV,MMF15_a,22,0.22616734435424987,All_Algorithms_Comparison_Results3.mat
DN-NSGA-II,rHV,MMF15_a,23,0.22993828165191563,All_Algorithms_Comparison_Results3.mat
DN-NSGA-II,rHV,MMF15_a,24,0.22299677304994678,All_Algorithms_Comparison_Results3.mat
DN-NSGA-II,rHV,MMF15_a,25,0.220360381549622,All_Algorithms_Comparison_Results3.mat
DN-NSGA-II,rHV,MMF15_a,26,0.23552685981637525,All_Algorithms_Comparison_Results3.mat
DN-NSGA-II,rHV,MMF15_a,27,0.21128578908485945,All_Algorithms_Comparison_Results3.mat
DN-NSGA-II,rHV,MMF15_a,28,0.2408969434852565,All_Algorithms_Comparison_Results3.mat
DN-NSGA-II,rHV,MMF15_a,29,0.21796419496607675,All_Algorithms_Comparison_Results3.mat
DN-NSGA-II,rHV,MMF15_a,30,0.22635130366474834,All_Algorithms_Comparison_Results3.mat
DN-NSGA-II,rHV,MMF15_a,31,0.23328832612568373,All_Algorithms_Comparison_Results3.mat
DN-NSGA-II,rHV,SYM_PART_simple,1,0.06005957006531215,All_Algorithms_Comparison_Results3.mat
DN-NSGA-II,rHV,SYM_PART_simple,2,0.060073489904564153,All_Algorithms_Comparison_Results3.mat
DN-NSGA-II,rHV,SYM_PART_simple,3,0.060079798416700234,All_Algorithms_Comparison_Results3.mat
DN-NSGA-II,rHV,SYM_PART_simple,4,0.06008355289276413,All_Algorithms_Comparison_Results3.mat
DN-NSGA-II,rHV,SYM_PART_simple,5,0.06007379479302913,All_Algorithms_Comparison_Results3.mat
DN-NSGA-II,rHV,SYM_PART_simple,6,0.06008244208410669,All_Algorithms_Comparison_Results3.mat
DN-NSGA-II,rHV,SYM_PART_simple,7,0.06008048424026109,All_Algorithms_Comparison_Results3.mat
DN-NSGA-II,rHV,SYM_PART_simple,8,0.06007772692174987,All_Algorithms_Comparison_Results3.mat
DN-NSGA-II,rHV,SYM_PART_simple,9,0.06007473396285351,All_Algorithms_Comparison_Results3.mat
DN-NSGA-II,rHV,SYM_PART_simple,10,0.06007784354272169,All_Algorithms_Comparison_Results3.mat
DN-NSGA-II,rHV,SYM_PART_simple,11,0.06007351560699166,All_Algorithms_Comparison_Results3.mat
DN-NSGA-II,rHV,SYM_PART_simple,12,0.06006570919617234,All_Algorithms_Comparison_Results3.mat
DN-NSGA-II,rHV,SYM_PART_simple,13,0.06006048232587014,All_Algorithms_Comparison_Results3.mat
DN-NSGA-II,rHV,SYM_PART_simple,14,0.06009324349272273,All_Algorithms_Comparison_Results3.mat
DN-NSGA-II,rHV,SYM_PART_simple,15,0.06007687468414992,All_Algorithms_Comparison_Results3.mat
DN-NSGA-II,rHV,SYM_PART_simple,16,0.060085397288651206,All_Algorithms_Comparison_Results3.mat
DN-NSGA-II,rHV,SYM_PART_simple,17,0.060083262063860096,All_Algorithms_Comparison_Results3.mat
DN-NSGA-II,rHV,SYM_PART_simple,18,0.060093073161149146,All_Algorithms_Comparison_Results3.mat
DN-NSGA-II,rHV,SYM_PART_simple,19,0.06005950635356089,All_Algorithms_Comparison_Results3.mat
DN-NSGA-II,rHV,SYM_PART_simple,20,0.06004510239516103,All_Algorithms_Comparison_Results3.mat
DN-NSGA-II,rHV,SYM_PART_simple,21,0.060088801559630436,All_Algorithms_Comparison_Results3.mat
DN-NSGA-II,rHV,SYM_PART_simple,22,0.060081333772256613,All_Algorithms_Comparison_Results3.mat
DN-NSGA-II,rHV,SYM_PART_simple,23,0.060076827554001594,All_Algorithms_Comparison_Results3.mat
DN-NSGA-II,rHV,SYM_PART_simple,24,0.06005084102367576,All_Algorithms_Comparison_Results3.mat
DN-NSGA-II,rHV,SYM_PART_simple,25,0.060075997306294995,All_Algorithms_Comparison_Results3.mat
DN-NSGA-II,rHV,SYM_PART_simple,26,0.06009327138797672,All_Algorithms_Comparison_Results3.mat
DN-NSGA-II,rHV,SYM_PART_simple,27,0.060106037454761396,All_Algorithms_Comparison_Results3.mat
DN-NSGA-II,rHV,SYM_PART_simple,28,0.06009348891337527,All_Algorithms_Comparison_Results3.mat
DN-NSGA-II,rHV,SYM_PART_simple,29,0.060072624712334925,All_Algorithms_Comparison_Results3.mat
DN-NSGA-II,rHV,SYM_PART_simple,30,0.0600906131862173,All_Algorithms_Comparison_Results3.mat
DN-NSGA-II,rHV,SYM_PART_simple,31,0.06005778912285282,All_Algorithms_Comparison_Results3.mat
DN-NSGA-II,rHV,SYM_PART_rotated,1,0.06010870283941144,All_Algorithms_Comparison_Results3.mat
DN-NSGA-II,rHV,SYM_PART_rotated,2,0.06009170230954427,All_Algorithms_Comparison_Results3.mat
DN-NSGA-II,rHV,SYM_PART_rotated,3,0.060103998209425,All_Algorithms_Comparison_Results3.mat
DN-NSGA-II,rHV,SYM_PART_rotated,4,0.06011807125845587,All_Algorithms_Comparison_Results3.mat
DN-NSGA-II,rHV,SYM_PART_rotated,5,0.06012226454773228,All_Algorithms_Comparison_Results3.mat
DN-NSGA-II,rHV,SYM_PART_rotated,6,0.060124845245206886,All_Algorithms_Comparison_Results3.mat
DN-NSGA-II,rHV,SYM_PART_rotated,7,0.06012686308467656,All_Algorithms_Comparison_Results3.mat
DN-NSGA-II,rHV,SYM_PART_rotated,8,0.06009916609820322,All_Algorithms_Comparison_Results3.mat
DN-NSGA-II,rHV,SYM_PART_rotated,9,0.06012702413330307,All_Algorithms_Comparison_Results3.mat
DN-NSGA-II,rHV,SYM_PART_rotated,10,0.06012403501732143,All_Algorithms_Comparison_Results3.mat
DN-NSGA-II,rHV,SYM_PART_rotated,11,0.06011881101219393,All_Algorithms_Comparison_Results3.mat
DN-NSGA-II,rHV,SYM_PART_rotated,12,0.0601228316692582,All_Algorithms_Comparison_Results3.mat
DN-NSGA-II,rHV,SYM_PART_rotated,13,0.06010332436328345,All_Algorithms_Comparison_Results3.mat
DN-NSGA-II,rHV,SYM_PART_rotated,14,0.060132479855224845,All_Algorithms_Comparison_Results3.mat
DN-NSGA-II,rHV,SYM_PART_rotated,15,0.06010715535982545,All_Algorithms_Comparison_Results3.mat
DN-NSGA-II,rHV,SYM_PART_rotated,16,0.0601117075114835,All_Algorithms_Comparison_Results3.mat
DN-NSGA-II,rHV,SYM_PART_rotated,17,0.06012354328596443,All_Algorithms_Comparison_Results3.mat
DN-NSGA-II,rHV,SYM_PART_rotated,18,0.060117667864864915,All_Algorithms_Comparison_Results3.mat
DN-NSGA-II,rHV,SYM_PART_rotated,19,0.060093511566575906,All_Algorithms_Comparison_Results3.mat
DN-NSGA-II,rHV,SYM_PART_rotated,20,0.060127401946464064,All_Algorithms_Comparison_Results3.mat
DN-NSGA-II,rHV,SYM_PART_rotated,21,0.06012307864506851,All_Algorithms_Comparison_Results3.mat
DN-NSGA-II,rHV,SYM_PART_rotated,22,0.06012900259471585,All_Algorithms_Comparison_Results3.mat
DN-NSGA-II,rHV,SYM_PART_rotated,23,0.06009705675927344,All_Algorithms_Comparison_Results3.mat
DN-NSGA-II,rHV,SYM_PART_rotated,24,0.06014325376249849,All_Algorithms_Comparison_Results3.mat
DN-NSGA-II,rHV,SYM_PART_rotated,25,0.060151167635926,All_Algorithms_Comparison_Results3.mat
DN-NSGA-II,rHV,SYM_PART_rotated,26,0.06011992345908838,All_Algorithms_Comparison_Results3.mat
DN-NSGA-II,rHV,SYM_PART_rotated,27,0.06011068316346489,All_Algorithms_Comparison_Results3.mat
DN-NSGA-II,rHV,SYM_PART_rotated,28,0.06011032939167275,All_Algorithms_Comparison_Results3.mat
DN-NSGA-II,rHV,SYM_PART_rotated,29,0.060125978399006436,All_Algorithms_Comparison_Results3.mat
DN-NSGA-II,rHV,SYM_PART_rotated,30,0.060094008515013383,All_Algorithms_Comparison_Results3.mat
DN-NSGA-II,rHV,SYM_PART_rotated,31,0.06010997674064903,All_Algorithms_Comparison_Results3.mat
DN-NSGA-II,rHV,Omni_test,1,0.018939958734479928,All_Algorithms_Comparison_Results3.mat
DN-NSGA-II,rHV,Omni_test,2,0.01894008483264546,All_Algorithms_Comparison_Results3.mat
DN-NSGA-II,rHV,Omni_test,3,0.01893918135597317,All_Algorithms_Comparison_Results3.mat
DN-NSGA-II,rHV,Omni_test,4,0.018939317640853052,All_Algorithms_Comparison_Results3.mat
DN-NSGA-II,rHV,Omni_test,5,0.01894010849344012,All_Algorithms_Comparison_Results3.mat
DN-NSGA-II,rHV,Omni_test,6,0.018940106039628386,All_Algorithms_Comparison_Results3.mat
DN-NSGA-II,rHV,Omni_test,7,0.01894041590932162,All_Algorithms_Comparison_Results3.mat
DN-NSGA-II,rHV,Omni_test,8,0.01893984323094471,All_Algorithms_Comparison_Results3.mat
DN-NSGA-II,rHV,Omni_test,9,0.01893966946562672,All_Algorithms_Comparison_Results3.mat
DN-NSGA-II,rHV,Omni_test,10,0.01894083853824916,All_Algorithms_Comparison_Results3.mat
DN-NSGA-II,rHV,Omni_test,11,0.018940323850580542,All_Algorithms_Comparison_Results3.mat
DN-NSGA-II,rHV,Omni_test,12,0.01893988167963468,All_Algorithms_Comparison_Results3.mat
DN-NSGA-II,rHV,Omni_test,13,0.018940976507687692,All_Algorithms_Comparison_Results3.mat
DN-NSGA-II,rHV,Omni_test,14,0.018939367694056977,All_Algorithms_Comparison_Results3.mat
DN-NSGA-II,rHV,Omni_test,15,0.018940552269345833,All_Algorithms_Comparison_Results3.mat
DN-NSGA-II,rHV,Omni_test,16,0.01893912085564086,All_Algorithms_Comparison_Results3.mat
DN-NSGA-II,rHV,Omni_test,17,0.018939998882658404,All_Algorithms_Comparison_Results3.mat
DN-NSGA-II,rHV,Omni_test,18,0.0189397295396925,All_Algorithms_Comparison_Results3.mat
DN-NSGA-II,rHV,Omni_test,19,0.018939646889786818,All_Algorithms_Comparison_Results3.mat
DN-NSGA-II,rHV,Omni_test,20,0.018939163105861058,All_Algorithms_Comparison_Results3.mat
DN-NSGA-II,rHV,Omni_test,21,0.018939187502813377,All_Algorithms_Comparison_Results3.mat
DN-NSGA-II,rHV,Omni_test,22,0.018940841337290477,All_Algorithms_Comparison_Results3.mat
DN-NSGA-II,rHV,Omni_test,23,0.0189394532460833,All_Algorithms_Comparison_Results3.mat
DN-NSGA-II,rHV,Omni_test,24,0.018940651765598764,All_Algorithms_Comparison_Results3.mat
DN-NSGA-II,rHV,Omni_test,25,0.018940073586610623,All_Algorithms_Comparison_Results3.mat
DN-NSGA-II,rHV,Omni_test,26,0.018939969872722905,All_Algorithms_Comparison_Results3.mat
DN-NSGA-II,rHV,Omni_test,27,0.018940019535562447,All_Algorithms_Comparison_Results3.mat
DN-NSGA-II,rHV,Omni_test,28,0.018939669375443835,All_Algorithms_Comparison_Results3.mat
DN-NSGA-II,rHV,Omni_test,29,0.018940828837184356,All_Algorithms_Comparison_Results3.mat
DN-NSGA-II,rHV,Omni_test,30,0.018940731337118343,All_Algorithms_Comparison_Results3.mat
DN-NSGA-II,rHV,Omni_test,31,0.01893927609877322,All_Algorithms_Comparison_Results3.mat
DN-NSGA-II,IGDX,MMF1,1,0.07462282497171183,All_Algorithms_Comparison_Results3.mat
DN-NSGA-II,IGDX,MMF1,2,0.06102284920867068,All_Algorithms_Comparison_Results3.mat
DN-NSGA-II,IGDX,MMF1,3,0.10340442352034505,All_Algorithms_Comparison_Results3.mat
DN-NSGA-II,IGDX,MMF1,4,0.09487613684897335,All_Algorithms_Comparison_Results3.mat
DN-NSGA-II,IGDX,MMF1,5,0.07665531632973546,All_Algorithms_Comparison_Results3.mat
DN-NSGA-II,IGDX,MMF1,6,0.07672242361595684,All_Algorithms_Comparison_Results3.mat
DN-NSGA-II,IGDX,MMF1,7,0.051805509082984244,All_Algorithms_Comparison_Results3.mat
DN-NSGA-II,IGDX,MMF1,8,0.09139475339845411,All_Algorithms_Comparison_Results3.mat
DN-NSGA-II,IGDX,MMF1,9,0.07823267169180227,All_Algorithms_Comparison_Results3.mat
DN-NSGA-II,IGDX,MMF1,10,0.07748462488240337,All_Algorithms_Comparison_Results3.mat
DN-NSGA-II,IGDX,MMF1,11,0.08073462061267772,All_Algorithms_Comparison_Results3.mat
DN-NSGA-II,IGDX,MMF1,12,0.06956243237461839,All_Algorithms_Comparison_Results3.mat
DN-NSGA-II,IGDX,MMF1,13,0.08918022964179181,All_Algorithms_Comparison_Results3.mat
DN-NSGA-II,IGDX,MMF1,14,0.07804470619501189,All_Algorithms_Comparison_Results3.mat
DN-NSGA-II,IGDX,MMF1,15,0.08761710491890023,All_Algorithms_Comparison_Results3.mat
DN-NSGA-II,IGDX,MMF1,16,0.07915015322773353,All_Algorithms_Comparison_Results3.mat
DN-NSGA-II,IGDX,MMF1,17,0.09384205507291846,All_Algorithms_Comparison_Results3.mat
DN-NSGA-II,IGDX,MMF1,18,0.10790335108559042,All_Algorithms_Comparison_Results3.mat
DN-NSGA-II,IGDX,MMF1,19,0.08278587111183185,All_Algorithms_Comparison_Results3.mat
DN-NSGA-II,IGDX,MMF1,20,0.08613817675541523,All_Algorithms_Comparison_Results3.mat
DN-NSGA-II,IGDX,MMF1,21,0.09278430192225912,All_Algorithms_Comparison_Results3.mat
DN-NSGA-II,IGDX,MMF1,22,0.07951119927763128,All_Algorithms_Comparison_Results3.mat
DN-NSGA-II,IGDX,MMF1,23,0.0999061502907875,All_Algorithms_Comparison_Results3.mat
DN-NSGA-II,IGDX,MMF1,24,0.0814372373975926,All_Algorithms_Comparison_Results3.mat
DN-NSGA-II,IGDX,MMF1,25,0.09656548125036146,All_Algorithms_Comparison_Results3.mat
DN-NSGA-II,IGDX,MMF1,26,0.07932389462437418,All_Algorithms_Comparison_Results3.mat
DN-NSGA-II,IGDX,MMF1,27,0.0900059860082907,All_Algorithms_Comparison_Results3.mat
DN-NSGA-II,IGDX,MMF1,28,0.08585617461980975,All_Algorithms_Comparison_Results3.mat
DN-NSGA-II,IGDX,MMF1,29,0.08560535233093512,All_Algorithms_Comparison_Results3.mat
DN-NSGA-II,IGDX,MMF1,30,0.06325259110892585,All_Algorithms_Comparison_Results3.mat
DN-NSGA-II,IGDX,MMF1,31,0.09305222126504337,All_Algorithms_Comparison_Results3.mat
DN-NSGA-II,IGDX,MMF2,1,0.10244794799332547,All_Algorithms_Comparison_Results3.mat
DN-NSGA-II,IGDX,MMF2,2,0.03553081346557045,All_Algorithms_Comparison_Results3.mat
DN-NSGA-II,IGDX,MMF2,3,0.050558468421403484,All_Algorithms_Comparison_Results3.mat
DN-NSGA-II,IGDX,MMF2,4,0.11125258640587718,All_Algorithms_Comparison_Results3.mat
DN-NSGA-II,IGDX,MMF2,5,0.05776822845510931,All_Algorithms_Comparison_Results3.mat
DN-NSGA-II,IGDX,MMF2,6,0.05029022654600467,All_Algorithms_Comparison_Results3.mat
DN-NSGA-II,IGDX,MMF2,7,0.12454810710936787,All_Algorithms_Comparison_Results3.mat
DN-NSGA-II,IGDX,MMF2,8,0.06035253400499647,All_Algorithms_Comparison_Results3.mat
DN-NSGA-II,IGDX,MMF2,9,0.06324885951098644,All_Algorithms_Comparison_Results3.mat
DN-NSGA-II,IGDX,MMF2,10,0.10135800082507351,All_Algorithms_Comparison_Results3.mat
DN-NSGA-II,IGDX,MMF2,11,0.2523907385614437,All_Algorithms_Comparison_Results3.mat
DN-NSGA-II,IGDX,MMF2,12,0.07750581036957123,All_Algorithms_Comparison_Results3.mat
DN-NSGA-II,IGDX,MMF2,13,0.08103199944261352,All_Algorithms_Comparison_Results3.mat
DN-NSGA-II,IGDX,MMF2,14,0.11541928659005794,All_Algorithms_Comparison_Results3.mat
DN-NSGA-II,IGDX,MMF2,15,0.051640548942706505,All_Algorithms_Comparison_Results3.mat
DN-NSGA-II,IGDX,MMF2,16,0.12111285815179132,All_Algorithms_Comparison_Results3.mat
DN-NSGA-II,IGDX,MMF2,17,0.13464564731392478,All_Algorithms_Comparison_Results3.mat
DN-NSGA-II,IGDX,MMF2,18,0.04568173933688139,All_Algorithms_Comparison_Results3.mat
DN-NSGA-II,IGDX,MMF2,19,0.11309267613344916,All_Algorithms_Comparison_Results3.mat
DN-NSGA-II,IGDX,MMF2,20,0.08488857866330504,All_Algorithms_Comparison_Results3.mat
DN-NSGA-II,IGDX,MMF2,21,0.04191127512506016,All_Algorithms_Comparison_Results3.mat
DN-NSGA-II,IGDX,MMF2,22,0.06515430828270763,All_Algorithms_Comparison_Results3.mat
DN-NSGA-II,IGDX,MMF2,23,0.03441442051695069,All_Algorithms_Comparison_Results3.mat
DN-NSGA-II,IGDX,MMF2,24,0.23150877648811993,All_Algorithms_Comparison_Results3.mat
DN-NSGA-II,IGDX,MMF2,25,0.05013321665339188,All_Algorithms_Comparison_Results3.mat
DN-NSGA-II,IGDX,MMF2,26,0.2347484515625811,All_Algorithms_Comparison_Results3.mat
DN-NSGA-II,IGDX,MMF2,27,0.14866270187623015,All_Algorithms_Comparison_Results3.mat
DN-NSGA-II,IGDX,MMF2,28,0.09513359606096516,All_Algorithms_Comparison_Results3.mat
DN-NSGA-II,IGDX,MMF2,29,0.10744446214887825,All_Algorithms_Comparison_Results3.mat
DN-NSGA-II,IGDX,MMF2,30,0.08848678796168158,All_Algorithms_Comparison_Results3.mat
DN-NSGA-II,IGDX,MMF2,31,0.24497596866693627,All_Algorithms_Comparison_Results3.mat
DN-NSGA-II,IGDX,MMF3,1,0.07544740452750456,All_Algorithms_Comparison_Results3.mat
DN-NSGA-II,IGDX,MMF3,2,0.0621727313560569,All_Algorithms_Comparison_Results3.mat
DN-NSGA-II,IGDX,MMF3,3,0.09166618964006391,All_Algorithms_Comparison_Results3.mat
DN-NSGA-II,IGDX,MMF3,4,0.03323338491950904,All_Algorithms_Comparison_Results3.mat
DN-NSGA-II,IGDX,MMF3,5,0.02813666042637901,All_Algorithms_Comparison_Results3.mat
DN-NSGA-II,IGDX,MMF3,6,0.03297861387179547,All_Algorithms_Comparison_Results3.mat
DN-NSGA-II,IGDX,MMF3,7,0.1340255266344016,All_Algorithms_Comparison_Results3.mat
DN-NSGA-II,IGDX,MMF3,8,0.07139220209680312,All_Algorithms_Comparison_Results3.mat
DN-NSGA-II,IGDX,MMF3,9,0.06842384188353394,All_Algorithms_Comparison_Results3.mat
DN-NSGA-II,IGDX,MMF3,10,0.07042415249885725,All_Algorithms_Comparison_Results3.mat
DN-NSGA-II,IGDX,MMF3,11,0.04899615636665313,All_Algorithms_Comparison_Results3.mat
DN-NSGA-II,IGDX,MMF3,12,0.05416156244974706,All_Algorithms_Comparison_Results3.mat
DN-NSGA-II,IGDX,MMF3,13,0.11543253142076498,All_Algorithms_Comparison_Results3.mat
DN-NSGA-II,IGDX,MMF3,14,0.07220148158897538,All_Algorithms_Comparison_Results3.mat
DN-NSGA-II,IGDX,MMF3,15,0.03739583243819526,All_Algorithms_Comparison_Results3.mat
DN-NSGA-II,IGDX,MMF3,16,0.08339116843634456,All_Algorithms_Comparison_Results3.mat
DN-NSGA-II,IGDX,MMF3,17,0.06342878064692183,All_Algorithms_Comparison_Results3.mat
DN-NSGA-II,IGDX,MMF3,18,0.11847923646974666,All_Algorithms_Comparison_Results3.mat
DN-NSGA-II,IGDX,MMF3,19,0.10914216712345962,All_Algorithms_Comparison_Results3.mat
DN-NSGA-II,IGDX,MMF3,20,0.05101065980396504,All_Algorithms_Comparison_Results3.mat
DN-NSGA-II,IGDX,MMF3,21,0.07402987098448778,All_Algorithms_Comparison_Results3.mat
DN-NSGA-II,IGDX,MMF3,22,0.08699838851440819,All_Algorithms_Comparison_Results3.mat
DN-NSGA-II,IGDX,MMF3,23,0.05615264886318627,All_Algorithms_Comparison_Results3.mat
DN-NSGA-II,IGDX,MMF3,24,0.18157433233768966,All_Algorithms_Comparison_Results3.mat
DN-NSGA-II,IGDX,MMF3,25,0.12952376432505605,All_Algorithms_Comparison_Results3.mat
DN-NSGA-II,IGDX,MMF3,26,0.08303215783276846,All_Algorithms_Comparison_Results3.mat
DN-NSGA-II,IGDX,MMF3,27,0.1251401376404526,All_Algorithms_Comparison_Results3.mat
DN-NSGA-II,IGDX,MMF3,28,0.06477623655353511,All_Algorithms_Comparison_Results3.mat
DN-NSGA-II,IGDX,MMF3,29,0.07609258661187344,All_Algorithms_Comparison_Results3.mat
DN-NSGA-II,IGDX,MMF3,30,0.05490331490955439,All_Algorithms_Comparison_Results3.mat
DN-NSGA-II,IGDX,MMF3,31,0.0670603797224226,All_Algorithms_Comparison_Results3.mat
DN-NSGA-II,IGDX,MMF4,1,0.11467461185687816,All_Algorithms_Comparison_Results3.mat
DN-NSGA-II,IGDX,MMF4,2,0.08576723635481477,All_Algorithms_Comparison_Results3.mat
DN-NSGA-II,IGDX,MMF4,3,0.11235138407442598,All_Algorithms_Comparison_Results3.mat
DN-NSGA-II,IGDX,MMF4,4,0.05860836120921666,All_Algorithms_Comparison_Results3.mat
DN-NSGA-II,IGDX,MMF4,5,0.07848034291616356,All_Algorithms_Comparison_Results3.mat
DN-NSGA-II,IGDX,MMF4,6,0.07280724671388841,All_Algorithms_Comparison_Results3.mat
DN-NSGA-II,IGDX,MMF4,7,0.06263746701510177,All_Algorithms_Comparison_Results3.mat
DN-NSGA-II,IGDX,MMF4,8,0.07652164292120682,All_Algorithms_Comparison_Results3.mat
DN-NSGA-II,IGDX,MMF4,9,0.07094894906278337,All_Algorithms_Comparison_Results3.mat
DN-NSGA-II,IGDX,MMF4,10,0.09775630685935804,All_Algorithms_Comparison_Results3.mat
DN-NSGA-II,IGDX,MMF4,11,0.08885327454029503,All_Algorithms_Comparison_Results3.mat
DN-NSGA-II,IGDX,MMF4,12,0.0702267784717715,All_Algorithms_Comparison_Results3.mat
DN-NSGA-II,IGDX,MMF4,13,0.07345892795540396,All_Algorithms_Comparison_Results3.mat
DN-NSGA-II,IGDX,MMF4,14,0.08120762815147625,All_Algorithms_Comparison_Results3.mat
DN-NSGA-II,IGDX,MMF4,15,0.08402050942934876,All_Algorithms_Comparison_Results3.mat
DN-NSGA-II,IGDX,MMF4,16,0.10111530349233126,All_Algorithms_Comparison_Results3.mat
DN-NSGA-II,IGDX,MMF4,17,0.059888172761132195,All_Algorithms_Comparison_Results3.mat
DN-NSGA-II,IGDX,MMF4,18,0.07598446694871817,All_Algorithms_Comparison_Results3.mat
DN-NSGA-II,IGDX,MMF4,19,0.053530085898607895,All_Algorithms_Comparison_Results3.mat
DN-NSGA-II,IGDX,MMF4,20,0.07755079275879391,All_Algorithms_Comparison_Results3.mat
DN-NSGA-II,IGDX,MMF4,21,0.08653030075247167,All_Algorithms_Comparison_Results3.mat
DN-NSGA-II,IGDX,MMF4,22,0.1350870412349572,All_Algorithms_Comparison_Results3.mat
DN-NSGA-II,IGDX,MMF4,23,0.08461425482627122,All_Algorithms_Comparison_Results3.mat
DN-NSGA-II,IGDX,MMF4,24,0.09317313950062121,All_Algorithms_Comparison_Results3.mat
DN-NSGA-II,IGDX,MMF4,25,0.08780737788077424,All_Algorithms_Comparison_Results3.mat
DN-NSGA-II,IGDX,MMF4,26,0.0895485298072432,All_Algorithms_Comparison_Results3.mat
DN-NSGA-II,IGDX,MMF4,27,0.10509515225064883,All_Algorithms_Comparison_Results3.mat
DN-NSGA-II,IGDX,MMF4,28,0.09377993242910548,All_Algorithms_Comparison_Results3.mat
DN-NSGA-II,IGDX,MMF4,29,0.09463936204470372,All_Algorithms_Comparison_Results3.mat
DN-NSGA-II,IGDX,MMF4,30,0.07605395928125183,All_Algorithms_Comparison_Results3.mat
DN-NSGA-II,IGDX,MMF4,31,0.05556279850271203,All_Algorithms_Comparison_Results3.mat
DN-NSGA-II,IGDX,MMF5,1,0.1542388073121331,All_Algorithms_Comparison_Results3.mat
DN-NSGA-II,IGDX,MMF5,2,0.16502913892999588,All_Algorithms_Comparison_Results3.mat
DN-NSGA-II,IGDX,MMF5,3,0.158849099129772,All_Algorithms_Comparison_Results3.mat
DN-NSGA-II,IGDX,MMF5,4,0.17780197470265638,All_Algorithms_Comparison_Results3.mat
DN-NSGA-II,IGDX,MMF5,5,0.15591246189486635,All_Algorithms_Comparison_Results3.mat
DN-NSGA-II,IGDX,MMF5,6,0.16475709542964254,All_Algorithms_Comparison_Results3.mat
DN-NSGA-II,IGDX,MMF5,7,0.1601772425547322,All_Algorithms_Comparison_Results3.mat
DN-NSGA-II,IGDX,MMF5,8,0.17257993345679828,All_Algorithms_Comparison_Results3.mat
DN-NSGA-II,IGDX,MMF5,9,0.1550250066215336,All_Algorithms_Comparison_Results3.mat
DN-NSGA-II,IGDX,MMF5,10,0.16175902133386363,All_Algorithms_Comparison_Results3.mat
DN-NSGA-II,IGDX,MMF5,11,0.13855955836667175,All_Algorithms_Comparison_Results3.mat
DN-NSGA-II,IGDX,MMF5,12,0.14328155110971685,All_Algorithms_Comparison_Results3.mat
DN-NSGA-II,IGDX,MMF5,13,0.1759270813095655,All_Algorithms_Comparison_Results3.mat
DN-NSGA-II,IGDX,MMF5,14,0.16097898861638954,All_Algorithms_Comparison_Results3.mat
DN-NSGA-II,IGDX,MMF5,15,0.16909415226115734,All_Algorithms_Comparison_Results3.mat
DN-NSGA-II,IGDX,MMF5,16,0.16054871363226866,All_Algorithms_Comparison_Results3.mat
DN-NSGA-II,IGDX,MMF5,17,0.16413154570068714,All_Algorithms_Comparison_Results3.mat
DN-NSGA-II,IGDX,MMF5,18,0.16110560975744714,All_Algorithms_Comparison_Results3.mat
DN-NSGA-II,IGDX,MMF5,19,0.13787219698829511,All_Algorithms_Comparison_Results3.mat
DN-NSGA-II,IGDX,MMF5,20,0.17180403450107118,All_Algorithms_Comparison_Results3.mat
DN-NSGA-II,IGDX,MMF5,21,0.19844036767956816,All_Algorithms_Comparison_Results3.mat
DN-NSGA-II,IGDX,MMF5,22,0.16184450820096985,All_Algorithms_Comparison_Results3.mat
DN-NSGA-II,IGDX,MMF5,23,0.14253346679019283,All_Algorithms_Comparison_Results3.mat
DN-NSGA-II,IGDX,MMF5,24,0.15736322899260022,All_Algorithms_Comparison_Results3.mat
DN-NSGA-II,IGDX,MMF5,25,0.17391402392421526,All_Algorithms_Comparison_Results3.mat
DN-NSGA-II,IGDX,MMF5,26,0.13032683086235144,All_Algorithms_Comparison_Results3.mat
DN-NSGA-II,IGDX,MMF5,27,0.16030088802890938,All_Algorithms_Comparison_Results3.mat
DN-NSGA-II,IGDX,MMF5,28,0.16207568178071566,All_Algorithms_Comparison_Results3.mat
DN-NSGA-II,IGDX,MMF5,29,0.16824903210994768,All_Algorithms_Comparison_Results3.mat
DN-NSGA-II,IGDX,MMF5,30,0.15054166904165828,All_Algorithms_Comparison_Results3.mat
DN-NSGA-II,IGDX,MMF5,31,0.1401452039892076,All_Algorithms_Comparison_Results3.mat
DN-NSGA-II,IGDX,MMF6,1,0.12278947514063857,All_Algorithms_Comparison_Results3.mat
DN-NSGA-II,IGDX,MMF6,2,0.16374481836957053,All_Algorithms_Comparison_Results3.mat
DN-NSGA-II,IGDX,MMF6,3,0.1798473490982826,All_Algorithms_Comparison_Results3.mat
DN-NSGA-II,IGDX,MMF6,4,0.13804768517771854,All_Algorithms_Comparison_Results3.mat
DN-NSGA-II,IGDX,MMF6,5,0.129172714606265,All_Algorithms_Comparison_Results3.mat
DN-NSGA-II,IGDX,MMF6,6,0.13396949279399661,All_Algorithms_Comparison_Results3.mat
DN-NSGA-II,IGDX,MMF6,7,0.15044800797654861,All_Algorithms_Comparison_Results3.mat
DN-NSGA-II,IGDX,MMF6,8,0.13178887427228983,All_Algorithms_Comparison_Results3.mat
DN-NSGA-II,IGDX,MMF6,9,0.12877520411692295,All_Algorithms_Comparison_Results3.mat
DN-NSGA-II,IGDX,MMF6,10,0.1382013167445326,All_Algorithms_Comparison_Results3.mat
DN-NSGA-II,IGDX,MMF6,11,0.14481499541629592,All_Algorithms_Comparison_Results3.mat
DN-NSGA-II,IGDX,MMF6,12,0.16502095642897927,All_Algorithms_Comparison_Results3.mat
DN-NSGA-II,IGDX,MMF6,13,0.14141534434906514,All_Algorithms_Comparison_Results3.mat
DN-NSGA-II,IGDX,MMF6,14,0.12400498362074107,All_Algorithms_Comparison_Results3.mat
DN-NSGA-II,IGDX,MMF6,15,0.12307114520583012,All_Algorithms_Comparison_Results3.mat
DN-NSGA-II,IGDX,MMF6,16,0.12946747764485086,All_Algorithms_Comparison_Results3.mat
DN-NSGA-II,IGDX,MMF6,17,0.14081501994224724,All_Algorithms_Comparison_Results3.mat
DN-NSGA-II,IGDX,MMF6,18,0.14382801376571092,All_Algorithms_Comparison_Results3.mat
DN-NSGA-II,IGDX,MMF6,19,0.20515098283260827,All_Algorithms_Comparison_Results3.mat
DN-NSGA-II,IGDX,MMF6,20,0.1278971891405108,All_Algorithms_Comparison_Results3.mat
DN-NSGA-II,IGDX,MMF6,21,0.13419781221285285,All_Algorithms_Comparison_Results3.mat
DN-NSGA-II,IGDX,MMF6,22,0.128906022560456,All_Algorithms_Comparison_Results3.mat
DN-NSGA-II,IGDX,MMF6,23,0.13855072003646834,All_Algorithms_Comparison_Results3.mat
DN-NSGA-II,IGDX,MMF6,24,0.1500754185394563,All_Algorithms_Comparison_Results3.mat
DN-NSGA-II,IGDX,MMF6,25,0.13099056109376037,All_Algorithms_Comparison_Results3.mat
DN-NSGA-II,IGDX,MMF6,26,0.11585089591808956,All_Algorithms_Comparison_Results3.mat
DN-NSGA-II,IGDX,MMF6,27,0.14400718386566072,All_Algorithms_Comparison_Results3.mat
DN-NSGA-II,IGDX,MMF6,28,0.13000396037904502,All_Algorithms_Comparison_Results3.mat
DN-NSGA-II,IGDX,MMF6,29,0.1324641424355818,All_Algorithms_Comparison_Results3.mat
DN-NSGA-II,IGDX,MMF6,30,0.11329574850720511,All_Algorithms_Comparison_Results3.mat
DN-NSGA-II,IGDX,MMF6,31,0.13052393397330384,All_Algorithms_Comparison_Results3.mat
DN-NSGA-II,IGDX,MMF7,1,0.048338973220290606,All_Algorithms_Comparison_Results3.mat
DN-NSGA-II,IGDX,MMF7,2,0.037044861480247764,All_Algorithms_Comparison_Results3.mat
DN-NSGA-II,IGDX,MMF7,3,0.039699823027721286,All_Algorithms_Comparison_Results3.mat
DN-NSGA-II,IGDX,MMF7,4,0.03905704774434136,All_Algorithms_Comparison_Results3.mat
DN-NSGA-II,IGDX,MMF7,5,0.04035806644435657,All_Algorithms_Comparison_Results3.mat
DN-NSGA-II,IGDX,MMF7,6,0.052698975110755164,All_Algorithms_Comparison_Results3.mat
DN-NSGA-II,IGDX,MMF7,7,0.03439690956725907,All_Algorithms_Comparison_Results3.mat
DN-NSGA-II,IGDX,MMF7,8,0.03871013531781051,All_Algorithms_Comparison_Results3.mat
DN-NSGA-II,IGDX,MMF7,9,0.04581601966437623,All_Algorithms_Comparison_Results3.mat
DN-NSGA-II,IGDX,MMF7,10,0.051074405043720565,All_Algorithms_Comparison_Results3.mat
DN-NSGA-II,IGDX,MMF7,11,0.04327560679913112,All_Algorithms_Comparison_Results3.mat
DN-NSGA-II,IGDX,MMF7,12,0.05352054087790763,All_Algorithms_Comparison_Results3.mat
DN-NSGA-II,IGDX,MMF7,13,0.03586771659201407,All_Algorithms_Comparison_Results3.mat
DN-NSGA-II,IGDX,MMF7,14,0.03352668577785095,All_Algorithms_Comparison_Results3.mat
DN-NSGA-II,IGDX,MMF7,15,0.07000055668224729,All_Algorithms_Comparison_Results3.mat
DN-NSGA-II,IGDX,MMF7,16,0.03329452601146344,All_Algorithms_Comparison_Results3.mat
DN-NSGA-II,IGDX,MMF7,17,0.03552820758035117,All_Algorithms_Comparison_Results3.mat
DN-NSGA-II,IGDX,MMF7,18,0.04503507055201081,All_Algorithms_Comparison_Results3.mat
DN-NSGA-II,IGDX,MMF7,19,0.03876245781324903,All_Algorithms_Comparison_Results3.mat
DN-NSGA-II,IGDX,MMF7,20,0.04380456398413621,All_Algorithms_Comparison_Results3.mat
DN-NSGA-II,IGDX,MMF7,21,0.0377262823425458,All_Algorithms_Comparison_Results3.mat
DN-NSGA-II,IGDX,MMF7,22,0.03457875059185825,All_Algorithms_Comparison_Results3.mat
DN-NSGA-II,IGDX,MMF7,23,0.04975733121097022,All_Algorithms_Comparison_Results3.mat
DN-NSGA-II,IGDX,MMF7,24,0.03827395291681267,All_Algorithms_Comparison_Results3.mat
DN-NSGA-II,IGDX,MMF7,25,0.03878225618084014,All_Algorithms_Comparison_Results3.mat
DN-NSGA-II,IGDX,MMF7,26,0.04114706338458758,All_Algorithms_Comparison_Results3.mat
DN-NSGA-II,IGDX,MMF7,27,0.045521740780477736,All_Algorithms_Comparison_Results3.mat
DN-NSGA-II,IGDX,MMF7,28,0.03686033984353983,All_Algorithms_Comparison_Results3.mat
DN-NSGA-II,IGDX,MMF7,29,0.03336650077632404,All_Algorithms_Comparison_Results3.mat
DN-NSGA-II,IGDX,MMF7,30,0.054064477539945005,All_Algorithms_Comparison_Results3.mat
DN-NSGA-II,IGDX,MMF7,31,0.032889717646639546,All_Algorithms_Comparison_Results3.mat
DN-NSGA-II,IGDX,MMF8,1,0.416235245498962,All_Algorithms_Comparison_Results3.mat
DN-NSGA-II,IGDX,MMF8,2,0.28564215760973205,All_Algorithms_Comparison_Results3.mat
DN-NSGA-II,IGDX,MMF8,3,0.15523162874251561,All_Algorithms_Comparison_Results3.mat
DN-NSGA-II,IGDX,MMF8,4,0.3492753614762503,All_Algorithms_Comparison_Results3.mat
DN-NSGA-II,IGDX,MMF8,5,0.24828319097321344,All_Algorithms_Comparison_Results3.mat
DN-NSGA-II,IGDX,MMF8,6,0.2995388195412478,All_Algorithms_Comparison_Results3.mat
DN-NSGA-II,IGDX,MMF8,7,0.47528207558557073,All_Algorithms_Comparison_Results3.mat
DN-NSGA-II,IGDX,MMF8,8,0.4510725066736752,All_Algorithms_Comparison_Results3.mat
DN-NSGA-II,IGDX,MMF8,9,0.19790557006764367,All_Algorithms_Comparison_Results3.mat
DN-NSGA-II,IGDX,MMF8,10,0.3029547536279243,All_Algorithms_Comparison_Results3.mat
DN-NSGA-II,IGDX,MMF8,11,0.27152976742216467,All_Algorithms_Comparison_Results3.mat
DN-NSGA-II,IGDX,MMF8,12,0.26009453570117674,All_Algorithms_Comparison_Results3.mat
DN-NSGA-II,IGDX,MMF8,13,0.14839397972416954,All_Algorithms_Comparison_Results3.mat
DN-NSGA-II,IGDX,MMF8,14,0.5546867388326038,All_Algorithms_Comparison_Results3.mat
DN-NSGA-II,IGDX,MMF8,15,0.41338527382901413,All_Algorithms_Comparison_Results3.mat
DN-NSGA-II,IGDX,MMF8,16,0.1650268772158664,All_Algorithms_Comparison_Results3.mat
DN-NSGA-II,IGDX,MMF8,17,0.6514834973704642,All_Algorithms_Comparison_Results3.mat
DN-NSGA-II,IGDX,MMF8,18,0.3145733322885388,All_Algorithms_Comparison_Results3.mat
DN-NSGA-II,IGDX,MMF8,19,0.14913412506058224,All_Algorithms_Comparison_Results3.mat
DN-NSGA-II,IGDX,MMF8,20,0.254709856940815,All_Algorithms_Comparison_Results3.mat
DN-NSGA-II,IGDX,MMF8,21,0.29543007904518576,All_Algorithms_Comparison_Results3.mat
DN-NSGA-II,IGDX,MMF8,22,0.16540831880491474,All_Algorithms_Comparison_Results3.mat
DN-NSGA-II,IGDX,MMF8,23,0.22219152250109503,All_Algorithms_Comparison_Results3.mat
DN-NSGA-II,IGDX,MMF8,24,0.12241923212275886,All_Algorithms_Comparison_Results3.mat
DN-NSGA-II,IGDX,MMF8,25,0.2688785982108012,All_Algorithms_Comparison_Results3.mat
DN-NSGA-II,IGDX,MMF8,26,0.28435256842501366,All_Algorithms_Comparison_Results3.mat
DN-NSGA-II,IGDX,MMF8,27,0.18617081866422705,All_Algorithms_Comparison_Results3.mat
DN-NSGA-II,IGDX,MMF8,28,0.18306120848316934,All_Algorithms_Comparison_Results3.mat
DN-NSGA-II,IGDX,MMF8,29,0.4093253920463652,All_Algorithms_Comparison_Results3.mat
DN-NSGA-II,IGDX,MMF8,30,0.25108998565225477,All_Algorithms_Comparison_Results3.mat
DN-NSGA-II,IGDX,MMF8,31,0.30938380054474374,All_Algorithms_Comparison_Results3.mat
DN-NSGA-II,IGDX,MMF9,1,0.05342635564458706,All_Algorithms_Comparison_Results3.mat
DN-NSGA-II,IGDX,MMF9,2,0.015100152611628205,All_Algorithms_Comparison_Results3.mat
DN-NSGA-II,IGDX,MMF9,3,0.0363794037387821,All_Algorithms_Comparison_Results3.mat
DN-NSGA-II,IGDX,MMF9,4,0.010306265944624946,All_Algorithms_Comparison_Results3.mat
DN-NSGA-II,IGDX,MMF9,5,0.0369158035405002,All_Algorithms_Comparison_Results3.mat
DN-NSGA-II,IGDX,MMF9,6,0.027097965719847704,All_Algorithms_Comparison_Results3.mat
DN-NSGA-II,IGDX,MMF9,7,0.035374040236363945,All_Algorithms_Comparison_Results3.mat
DN-NSGA-II,IGDX,MMF9,8,0.039588753179457384,All_Algorithms_Comparison_Results3.mat
DN-NSGA-II,IGDX,MMF9,9,0.021559699312970818,All_Algorithms_Comparison_Results3.mat
DN-NSGA-II,IGDX,MMF9,10,0.025806596775766546,All_Algorithms_Comparison_Results3.mat
DN-NSGA-II,IGDX,MMF9,11,0.021526316512601843,All_Algorithms_Comparison_Results3.mat
DN-NSGA-II,IGDX,MMF9,12,0.021324535149862912,All_Algorithms_Comparison_Results3.mat
DN-NSGA-II,IGDX,MMF9,13,0.04509193754621124,All_Algorithms_Comparison_Results3.mat
DN-NSGA-II,IGDX,MMF9,14,0.023232363864666712,All_Algorithms_Comparison_Results3.mat
DN-NSGA-II,IGDX,MMF9,15,0.025502313250614597,All_Algorithms_Comparison_Results3.mat
DN-NSGA-II,IGDX,MMF9,16,0.05126441376247313,All_Algorithms_Comparison_Results3.mat
DN-NSGA-II,IGDX,MMF9,17,0.031188633090804437,All_Algorithms_Comparison_Results3.mat
DN-NSGA-II,IGDX,MMF9,18,0.012576626553676827,All_Algorithms_Comparison_Results3.mat
DN-NSGA-II,IGDX,MMF9,19,0.022567726256016316,All_Algorithms_Comparison_Results3.mat
DN-NSGA-II,IGDX,MMF9,20,0.010861857591883598,All_Algorithms_Comparison_Results3.mat
DN-NSGA-II,IGDX,MMF9,21,0.024621733886729075,All_Algorithms_Comparison_Results3.mat
DN-NSGA-II,IGDX,MMF9,22,0.01986746653864133,All_Algorithms_Comparison_Results3.mat
DN-NSGA-II,IGDX,MMF9,23,0.031758800709403824,All_Algorithms_Comparison_Results3.mat
DN-NSGA-II,IGDX,MMF9,24,0.01519554689016847,All_Algorithms_Comparison_Results3.mat
DN-NSGA-II,IGDX,MMF9,25,0.018775613474407742,All_Algorithms_Comparison_Results3.mat
DN-NSGA-II,IGDX,MMF9,26,0.01564850963845616,All_Algorithms_Comparison_Results3.mat
DN-NSGA-II,IGDX,MMF9,27,0.019874811946292134,All_Algorithms_Comparison_Results3.mat
DN-NSGA-II,IGDX,MMF9,28,0.019141041665597092,All_Algorithms_Comparison_Results3.mat
DN-NSGA-II,IGDX,MMF9,29,0.020918190323810492,All_Algorithms_Comparison_Results3.mat
DN-NSGA-II,IGDX,MMF9,30,0.021726094222909366,All_Algorithms_Comparison_Results3.mat
DN-NSGA-II,IGDX,MMF9,31,0.058053817181607306,All_Algorithms_Comparison_Results3.mat
DN-NSGA-II,IGDX,MMF10,1,0.1942548128391626,All_Algorithms_Comparison_Results3.mat
DN-NSGA-II,IGDX,MMF10,2,0.17077554382079363,All_Algorithms_Comparison_Results3.mat
DN-NSGA-II,IGDX,MMF10,3,0.2009040549758482,All_Algorithms_Comparison_Results3.mat
DN-NSGA-II,IGDX,MMF10,4,0.2010243603998662,All_Algorithms_Comparison_Results3.mat
DN-NSGA-II,IGDX,MMF10,5,0.12520429381109438,All_Algorithms_Comparison_Results3.mat
DN-NSGA-II,IGDX,MMF10,6,0.2009415286737601,All_Algorithms_Comparison_Results3.mat
DN-NSGA-II,IGDX,MMF10,7,0.1474568785895401,All_Algorithms_Comparison_Results3.mat
DN-NSGA-II,IGDX,MMF10,8,0.20088657971361493,All_Algorithms_Comparison_Results3.mat
DN-NSGA-II,IGDX,MMF10,9,0.20115827510430975,All_Algorithms_Comparison_Results3.mat
DN-NSGA-II,IGDX,MMF10,10,0.1462387386502323,All_Algorithms_Comparison_Results3.mat
DN-NSGA-II,IGDX,MMF10,11,0.12402062534601609,All_Algorithms_Comparison_Results3.mat
DN-NSGA-II,IGDX,MMF10,12,0.12458026091204921,All_Algorithms_Comparison_Results3.mat
DN-NSGA-II,IGDX,MMF10,13,0.20095122202597032,All_Algorithms_Comparison_Results3.mat
DN-NSGA-II,IGDX,MMF10,14,0.20088895801895978,All_Algorithms_Comparison_Results3.mat
DN-NSGA-II,IGDX,MMF10,15,0.2008930998343548,All_Algorithms_Comparison_Results3.mat
DN-NSGA-II,IGDX,MMF10,16,0.14247846625988603,All_Algorithms_Comparison_Results3.mat
DN-NSGA-II,IGDX,MMF10,17,0.20094439721847024,All_Algorithms_Comparison_Results3.mat
DN-NSGA-II,IGDX,MMF10,18,0.11713659018938583,All_Algorithms_Comparison_Results3.mat
DN-NSGA-II,IGDX,MMF10,19,0.20653570704343452,All_Algorithms_Comparison_Results3.mat
DN-NSGA-II,IGDX,MMF10,20,0.18417192483613526,All_Algorithms_Comparison_Results3.mat
DN-NSGA-II,IGDX,MMF10,21,0.20102444414195492,All_Algorithms_Comparison_Results3.mat
DN-NSGA-II,IGDX,MMF10,22,0.2009082880885356,All_Algorithms_Comparison_Results3.mat
DN-NSGA-II,IGDX,MMF10,23,0.20095352600647284,All_Algorithms_Comparison_Results3.mat
DN-NSGA-II,IGDX,MMF10,24,0.20088131863157557,All_Algorithms_Comparison_Results3.mat
DN-NSGA-II,IGDX,MMF10,25,0.2095653959160298,All_Algorithms_Comparison_Results3.mat
DN-NSGA-II,IGDX,MMF10,26,0.14576100458828267,All_Algorithms_Comparison_Results3.mat
DN-NSGA-II,IGDX,MMF10,27,0.20089846584883264,All_Algorithms_Comparison_Results3.mat
DN-NSGA-II,IGDX,MMF10,28,0.14157456713873062,All_Algorithms_Comparison_Results3.mat
DN-NSGA-II,IGDX,MMF10,29,0.20080768281836825,All_Algorithms_Comparison_Results3.mat
DN-NSGA-II,IGDX,MMF10,30,0.20222503198439182,All_Algorithms_Comparison_Results3.mat
DN-NSGA-II,IGDX,MMF10,31,0.20102422404237422,All_Algorithms_Comparison_Results3.mat
DN-NSGA-II,IGDX,MMF11,1,0.25060625641281276,All_Algorithms_Comparison_Results3.mat
DN-NSGA-II,IGDX,MMF11,2,0.25045836080098743,All_Algorithms_Comparison_Results3.mat
DN-NSGA-II,IGDX,MMF11,3,0.2506140966644508,All_Algorithms_Comparison_Results3.mat
DN-NSGA-II,IGDX,MMF11,4,0.2503739259543824,All_Algorithms_Comparison_Results3.mat
DN-NSGA-II,IGDX,MMF11,5,0.2502203337306062,All_Algorithms_Comparison_Results3.mat
DN-NSGA-II,IGDX,MMF11,6,0.2498344002700712,All_Algorithms_Comparison_Results3.mat
DN-NSGA-II,IGDX,MMF11,7,0.2503460486438312,All_Algorithms_Comparison_Results3.mat
DN-NSGA-II,IGDX,MMF11,8,0.25058714993214637,All_Algorithms_Comparison_Results3.mat
DN-NSGA-II,IGDX,MMF11,9,0.2505569263803238,All_Algorithms_Comparison_Results3.mat
DN-NSGA-II,IGDX,MMF11,10,0.2500945492001601,All_Algorithms_Comparison_Results3.mat
DN-NSGA-II,IGDX,MMF11,11,0.2507730340211326,All_Algorithms_Comparison_Results3.mat
DN-NSGA-II,IGDX,MMF11,12,0.2504859362030119,All_Algorithms_Comparison_Results3.mat
DN-NSGA-II,IGDX,MMF11,13,0.2504125666604089,All_Algorithms_Comparison_Results3.mat
DN-NSGA-II,IGDX,MMF11,14,0.25054070905367143,All_Algorithms_Comparison_Results3.mat
DN-NSGA-II,IGDX,MMF11,15,0.2501328455957509,All_Algorithms_Comparison_Results3.mat
DN-NSGA-II,IGDX,MMF11,16,0.2506979034621053,All_Algorithms_Comparison_Results3.mat
DN-NSGA-II,IGDX,MMF11,17,0.2506993183145823,All_Algorithms_Comparison_Results3.mat
DN-NSGA-II,IGDX,MMF11,18,0.25031720798064777,All_Algorithms_Comparison_Results3.mat
DN-NSGA-II,IGDX,MMF11,19,0.2502562192703477,All_Algorithms_Comparison_Results3.mat
DN-NSGA-II,IGDX,MMF11,20,0.25040338709144344,All_Algorithms_Comparison_Results3.mat
DN-NSGA-II,IGDX,MMF11,21,0.2503345056976163,All_Algorithms_Comparison_Results3.mat
DN-NSGA-II,IGDX,MMF11,22,0.25073685470884083,All_Algorithms_Comparison_Results3.mat
DN-NSGA-II,IGDX,MMF11,23,0.2509761133271102,All_Algorithms_Comparison_Results3.mat
DN-NSGA-II,IGDX,MMF11,24,0.25049678899254774,All_Algorithms_Comparison_Results3.mat
DN-NSGA-II,IGDX,MMF11,25,0.2508498847454144,All_Algorithms_Comparison_Results3.mat
DN-NSGA-II,IGDX,MMF11,26,0.2504020055485119,All_Algorithms_Comparison_Results3.mat
DN-NSGA-II,IGDX,MMF11,27,0.25034084197168943,All_Algorithms_Comparison_Results3.mat
DN-NSGA-II,IGDX,MMF11,28,0.2503200779423424,All_Algorithms_Comparison_Results3.mat
DN-NSGA-II,IGDX,MMF11,29,0.25059980452082253,All_Algorithms_Comparison_Results3.mat
DN-NSGA-II,IGDX,MMF11,30,0.25091661937725895,All_Algorithms_Comparison_Results3.mat
DN-NSGA-II,IGDX,MMF11,31,0.2504167319509327,All_Algorithms_Comparison_Results3.mat
DN-NSGA-II,IGDX,MMF12,1,0.24671729395346467,All_Algorithms_Comparison_Results3.mat
DN-NSGA-II,IGDX,MMF12,2,0.24647705473112505,All_Algorithms_Comparison_Results3.mat
DN-NSGA-II,IGDX,MMF12,3,0.24731392797208196,All_Algorithms_Comparison_Results3.mat
DN-NSGA-II,IGDX,MMF12,4,0.2474256518996375,All_Algorithms_Comparison_Results3.mat
DN-NSGA-II,IGDX,MMF12,5,0.2472607779734927,All_Algorithms_Comparison_Results3.mat
DN-NSGA-II,IGDX,MMF12,6,0.24634576939491767,All_Algorithms_Comparison_Results3.mat
DN-NSGA-II,IGDX,MMF12,7,0.24670647267762244,All_Algorithms_Comparison_Results3.mat
DN-NSGA-II,IGDX,MMF12,8,0.2459279037484629,All_Algorithms_Comparison_Results3.mat
DN-NSGA-II,IGDX,MMF12,9,0.2470191138495955,All_Algorithms_Comparison_Results3.mat
DN-NSGA-II,IGDX,MMF12,10,0.24593847682421996,All_Algorithms_Comparison_Results3.mat
DN-NSGA-II,IGDX,MMF12,11,0.24712661927821106,All_Algorithms_Comparison_Results3.mat
DN-NSGA-II,IGDX,MMF12,12,0.24692253738451603,All_Algorithms_Comparison_Results3.mat
DN-NSGA-II,IGDX,MMF12,13,0.24663216558245624,All_Algorithms_Comparison_Results3.mat
DN-NSGA-II,IGDX,MMF12,14,0.24622509273110602,All_Algorithms_Comparison_Results3.mat
DN-NSGA-II,IGDX,MMF12,15,0.24615741419515158,All_Algorithms_Comparison_Results3.mat
DN-NSGA-II,IGDX,MMF12,16,0.24641983139466234,All_Algorithms_Comparison_Results3.mat
DN-NSGA-II,IGDX,MMF12,17,0.24640594454338438,All_Algorithms_Comparison_Results3.mat
DN-NSGA-II,IGDX,MMF12,18,0.24641450742921925,All_Algorithms_Comparison_Results3.mat
DN-NSGA-II,IGDX,MMF12,19,0.24662056452725076,All_Algorithms_Comparison_Results3.mat
DN-NSGA-II,IGDX,MMF12,20,0.24651458257252146,All_Algorithms_Comparison_Results3.mat
DN-NSGA-II,IGDX,MMF12,21,0.24648288427730275,All_Algorithms_Comparison_Results3.mat
DN-NSGA-II,IGDX,MMF12,22,0.24691816550516013,All_Algorithms_Comparison_Results3.mat
DN-NSGA-II,IGDX,MMF12,23,0.24652745504555493,All_Algorithms_Comparison_Results3.mat
DN-NSGA-II,IGDX,MMF12,24,0.24679442720070177,All_Algorithms_Comparison_Results3.mat
DN-NSGA-II,IGDX,MMF12,25,0.2464612107157882,All_Algorithms_Comparison_Results3.mat
DN-NSGA-II,IGDX,MMF12,26,0.24661298719509767,All_Algorithms_Comparison_Results3.mat
DN-NSGA-II,IGDX,MMF12,27,0.24713128467223971,All_Algorithms_Comparison_Results3.mat
DN-NSGA-II,IGDX,MMF12,28,0.2463324196611494,All_Algorithms_Comparison_Results3.mat
DN-NSGA-II,IGDX,MMF12,29,0.24681408376159644,All_Algorithms_Comparison_Results3.mat
DN-NSGA-II,IGDX,MMF12,30,0.24680374068786298,All_Algorithms_Comparison_Results3.mat
DN-NSGA-II,IGDX,MMF12,31,0.247066264077455,All_Algorithms_Comparison_Results3.mat
DN-NSGA-II,IGDX,MMF13,1,0.29768193399322107,All_Algorithms_Comparison_Results3.mat
DN-NSGA-II,IGDX,MMF13,2,0.2924374248342656,All_Algorithms_Comparison_Results3.mat
DN-NSGA-II,IGDX,MMF13,3,0.28245269457291294,All_Algorithms_Comparison_Results3.mat
DN-NSGA-II,IGDX,MMF13,4,0.2800077163744097,All_Algorithms_Comparison_Results3.mat
DN-NSGA-II,IGDX,MMF13,5,0.27522298323040384,All_Algorithms_Comparison_Results3.mat
DN-NSGA-II,IGDX,MMF13,6,0.2806645016261964,All_Algorithms_Comparison_Results3.mat
DN-NSGA-II,IGDX,MMF13,7,0.2946460295660007,All_Algorithms_Comparison_Results3.mat
DN-NSGA-II,IGDX,MMF13,8,0.27328259909410796,All_Algorithms_Comparison_Results3.mat
DN-NSGA-II,IGDX,MMF13,9,0.2747144801103557,All_Algorithms_Comparison_Results3.mat
DN-NSGA-II,IGDX,MMF13,10,0.2889521381753645,All_Algorithms_Comparison_Results3.mat
DN-NSGA-II,IGDX,MMF13,11,0.2901141838822386,All_Algorithms_Comparison_Results3.mat
DN-NSGA-II,IGDX,MMF13,12,0.28881615571557634,All_Algorithms_Comparison_Results3.mat
DN-NSGA-II,IGDX,MMF13,13,0.29832751591440637,All_Algorithms_Comparison_Results3.mat
DN-NSGA-II,IGDX,MMF13,14,0.27696272993878,All_Algorithms_Comparison_Results3.mat
DN-NSGA-II,IGDX,MMF13,15,0.27868929863011216,All_Algorithms_Comparison_Results3.mat
DN-NSGA-II,IGDX,MMF13,16,0.2815053284213357,All_Algorithms_Comparison_Results3.mat
DN-NSGA-II,IGDX,MMF13,17,0.29307761175224145,All_Algorithms_Comparison_Results3.mat
DN-NSGA-II,IGDX,MMF13,18,0.2762730282892992,All_Algorithms_Comparison_Results3.mat
DN-NSGA-II,IGDX,MMF13,19,0.2778215573110396,All_Algorithms_Comparison_Results3.mat
DN-NSGA-II,IGDX,MMF13,20,0.285790995715572,All_Algorithms_Comparison_Results3.mat
DN-NSGA-II,IGDX,MMF13,21,0.2838702788798476,All_Algorithms_Comparison_Results3.mat
DN-NSGA-II,IGDX,MMF13,22,0.2852088821232924,All_Algorithms_Comparison_Results3.mat
DN-NSGA-II,IGDX,MMF13,23,0.28521520455581867,All_Algorithms_Comparison_Results3.mat
DN-NSGA-II,IGDX,MMF13,24,0.29515570254687784,All_Algorithms_Comparison_Results3.mat
DN-NSGA-II,IGDX,MMF13,25,0.2844911615753915,All_Algorithms_Comparison_Results3.mat
DN-NSGA-II,IGDX,MMF13,26,0.2935972414763822,All_Algorithms_Comparison_Results3.mat
DN-NSGA-II,IGDX,MMF13,27,0.2815781453570228,All_Algorithms_Comparison_Results3.mat
DN-NSGA-II,IGDX,MMF13,28,0.2845797352076063,All_Algorithms_Comparison_Results3.mat
DN-NSGA-II,IGDX,MMF13,29,0.27799406017958206,All_Algorithms_Comparison_Results3.mat
DN-NSGA-II,IGDX,MMF13,30,0.2921608924618399,All_Algorithms_Comparison_Results3.mat
DN-NSGA-II,IGDX,MMF13,31,0.28352296021964996,All_Algorithms_Comparison_Results3.mat
DN-NSGA-II,IGDX,MMF14,1,0.09985150587151587,All_Algorithms_Comparison_Results3.mat
DN-NSGA-II,IGDX,MMF14,2,0.09789844307012086,All_Algorithms_Comparison_Results3.mat
DN-NSGA-II,IGDX,MMF14,3,0.115063352799663,All_Algorithms_Comparison_Results3.mat
DN-NSGA-II,IGDX,MMF14,4,0.10080304533614289,All_Algorithms_Comparison_Results3.mat
DN-NSGA-II,IGDX,MMF14,5,0.09639657408968387,All_Algorithms_Comparison_Results3.mat
DN-NSGA-II,IGDX,MMF14,6,0.10745876124149445,All_Algorithms_Comparison_Results3.mat
DN-NSGA-II,IGDX,MMF14,7,0.10690521945292224,All_Algorithms_Comparison_Results3.mat
DN-NSGA-II,IGDX,MMF14,8,0.0960027981471633,All_Algorithms_Comparison_Results3.mat
DN-NSGA-II,IGDX,MMF14,9,0.12326685110000064,All_Algorithms_Comparison_Results3.mat
DN-NSGA-II,IGDX,MMF14,10,0.09884547249491067,All_Algorithms_Comparison_Results3.mat
DN-NSGA-II,IGDX,MMF14,11,0.11622143076746465,All_Algorithms_Comparison_Results3.mat
DN-NSGA-II,IGDX,MMF14,12,0.11222941193940153,All_Algorithms_Comparison_Results3.mat
DN-NSGA-II,IGDX,MMF14,13,0.10149982521223913,All_Algorithms_Comparison_Results3.mat
DN-NSGA-II,IGDX,MMF14,14,0.1013276763958631,All_Algorithms_Comparison_Results3.mat
DN-NSGA-II,IGDX,MMF14,15,0.11251960631623383,All_Algorithms_Comparison_Results3.mat
DN-NSGA-II,IGDX,MMF14,16,0.10658900651654848,All_Algorithms_Comparison_Results3.mat
DN-NSGA-II,IGDX,MMF14,17,0.09725375870725238,All_Algorithms_Comparison_Results3.mat
DN-NSGA-II,IGDX,MMF14,18,0.1001008867977747,All_Algorithms_Comparison_Results3.mat
DN-NSGA-II,IGDX,MMF14,19,0.09729883238592796,All_Algorithms_Comparison_Results3.mat
DN-NSGA-II,IGDX,MMF14,20,0.09610915336283192,All_Algorithms_Comparison_Results3.mat
DN-NSGA-II,IGDX,MMF14,21,0.09126608724146988,All_Algorithms_Comparison_Results3.mat
DN-NSGA-II,IGDX,MMF14,22,0.09656772591464143,All_Algorithms_Comparison_Results3.mat
DN-NSGA-II,IGDX,MMF14,23,0.11270190388265489,All_Algorithms_Comparison_Results3.mat
DN-NSGA-II,IGDX,MMF14,24,0.10473399343502249,All_Algorithms_Comparison_Results3.mat
DN-NSGA-II,IGDX,MMF14,25,0.10958872653523288,All_Algorithms_Comparison_Results3.mat
DN-NSGA-II,IGDX,MMF14,26,0.09322928533969572,All_Algorithms_Comparison_Results3.mat
DN-NSGA-II,IGDX,MMF14,27,0.10388988260487499,All_Algorithms_Comparison_Results3.mat
DN-NSGA-II,IGDX,MMF14,28,0.11140496384193693,All_Algorithms_Comparison_Results3.mat
DN-NSGA-II,IGDX,MMF14,29,0.11004410663941722,All_Algorithms_Comparison_Results3.mat
DN-NSGA-II,IGDX,MMF14,30,0.0979445802968365,All_Algorithms_Comparison_Results3.mat
DN-NSGA-II,IGDX,MMF14,31,0.11294738835764315,All_Algorithms_Comparison_Results3.mat
DN-NSGA-II,IGDX,MMF15,1,0.23540615915205068,All_Algorithms_Comparison_Results3.mat
DN-NSGA-II,IGDX,MMF15,2,0.24429028941231923,All_Algorithms_Comparison_Results3.mat
DN-NSGA-II,IGDX,MMF15,3,0.2401346898861285,All_Algorithms_Comparison_Results3.mat
DN-NSGA-II,IGDX,MMF15,4,0.23075583200506294,All_Algorithms_Comparison_Results3.mat
DN-NSGA-II,IGDX,MMF15,5,0.22809469208333766,All_Algorithms_Comparison_Results3.mat
DN-NSGA-II,IGDX,MMF15,6,0.26925974157633575,All_Algorithms_Comparison_Results3.mat
DN-NSGA-II,IGDX,MMF15,7,0.2534456984198625,All_Algorithms_Comparison_Results3.mat
DN-NSGA-II,IGDX,MMF15,8,0.24087870859521207,All_Algorithms_Comparison_Results3.mat
DN-NSGA-II,IGDX,MMF15,9,0.2435671500257723,All_Algorithms_Comparison_Results3.mat
DN-NSGA-II,IGDX,MMF15,10,0.22850570063988326,All_Algorithms_Comparison_Results3.mat
DN-NSGA-II,IGDX,MMF15,11,0.2385090373508245,All_Algorithms_Comparison_Results3.mat
DN-NSGA-II,IGDX,MMF15,12,0.25484729662185834,All_Algorithms_Comparison_Results3.mat
DN-NSGA-II,IGDX,MMF15,13,0.2274320556255414,All_Algorithms_Comparison_Results3.mat
DN-NSGA-II,IGDX,MMF15,14,0.180773508788296,All_Algorithms_Comparison_Results3.mat
DN-NSGA-II,IGDX,MMF15,15,0.22998872116764704,All_Algorithms_Comparison_Results3.mat
DN-NSGA-II,IGDX,MMF15,16,0.2452887053958123,All_Algorithms_Comparison_Results3.mat
DN-NSGA-II,IGDX,MMF15,17,0.265593303915936,All_Algorithms_Comparison_Results3.mat
DN-NSGA-II,IGDX,MMF15,18,0.2771647784864902,All_Algorithms_Comparison_Results3.mat
DN-NSGA-II,IGDX,MMF15,19,0.24835605040108413,All_Algorithms_Comparison_Results3.mat
DN-NSGA-II,IGDX,MMF15,20,0.23504519078728836,All_Algorithms_Comparison_Results3.mat
DN-NSGA-II,IGDX,MMF15,21,0.2396715959014835,All_Algorithms_Comparison_Results3.mat
DN-NSGA-II,IGDX,MMF15,22,0.2323873593560209,All_Algorithms_Comparison_Results3.mat
DN-NSGA-II,IGDX,MMF15,23,0.2734517907405113,All_Algorithms_Comparison_Results3.mat
DN-NSGA-II,IGDX,MMF15,24,0.2671862430571199,All_Algorithms_Comparison_Results3.mat
DN-NSGA-II,IGDX,MMF15,25,0.2539372789258919,All_Algorithms_Comparison_Results3.mat
DN-NSGA-II,IGDX,MMF15,26,0.2720587266972355,All_Algorithms_Comparison_Results3.mat
DN-NSGA-II,IGDX,MMF15,27,0.24536323522540815,All_Algorithms_Comparison_Results3.mat
DN-NSGA-II,IGDX,MMF15,28,0.24932332755235406,All_Algorithms_Comparison_Results3.mat
DN-NSGA-II,IGDX,MMF15,29,0.2738213689956575,All_Algorithms_Comparison_Results3.mat
DN-NSGA-II,IGDX,MMF15,30,0.27860745081482857,All_Algorithms_Comparison_Results3.mat
DN-NSGA-II,IGDX,MMF15,31,0.23340434596712456,All_Algorithms_Comparison_Results3.mat
DN-NSGA-II,IGDX,MMF1_z,1,0.06036215351371947,All_Algorithms_Comparison_Results3.mat
DN-NSGA-II,IGDX,MMF1_z,2,0.0656732141617908,All_Algorithms_Comparison_Results3.mat
DN-NSGA-II,IGDX,MMF1_z,3,0.06408861460999841,All_Algorithms_Comparison_Results3.mat
DN-NSGA-II,IGDX,MMF1_z,4,0.06551358474614719,All_Algorithms_Comparison_Results3.mat
DN-NSGA-II,IGDX,MMF1_z,5,0.043115630962044696,All_Algorithms_Comparison_Results3.mat
DN-NSGA-II,IGDX,MMF1_z,6,0.08634092698758492,All_Algorithms_Comparison_Results3.mat
DN-NSGA-II,IGDX,MMF1_z,7,0.07057861009404245,All_Algorithms_Comparison_Results3.mat
DN-NSGA-II,IGDX,MMF1_z,8,0.05918900639021134,All_Algorithms_Comparison_Results3.mat
DN-NSGA-II,IGDX,MMF1_z,9,0.08741549150701246,All_Algorithms_Comparison_Results3.mat
DN-NSGA-II,IGDX,MMF1_z,10,0.08540510842046235,All_Algorithms_Comparison_Results3.mat
DN-NSGA-II,IGDX,MMF1_z,11,0.11402152127311099,All_Algorithms_Comparison_Results3.mat
DN-NSGA-II,IGDX,MMF1_z,12,0.09834824259058983,All_Algorithms_Comparison_Results3.mat
DN-NSGA-II,IGDX,MMF1_z,13,0.06531469450473762,All_Algorithms_Comparison_Results3.mat
DN-NSGA-II,IGDX,MMF1_z,14,0.05939554824841272,All_Algorithms_Comparison_Results3.mat
DN-NSGA-II,IGDX,MMF1_z,15,0.04868007151462896,All_Algorithms_Comparison_Results3.mat
DN-NSGA-II,IGDX,MMF1_z,16,0.058299206794305336,All_Algorithms_Comparison_Results3.mat
DN-NSGA-II,IGDX,MMF1_z,17,0.054545234470897694,All_Algorithms_Comparison_Results3.mat
DN-NSGA-II,IGDX,MMF1_z,18,0.06634017241998497,All_Algorithms_Comparison_Results3.mat
DN-NSGA-II,IGDX,MMF1_z,19,0.07353962868934412,All_Algorithms_Comparison_Results3.mat
DN-NSGA-II,IGDX,MMF1_z,20,0.10237435388972692,All_Algorithms_Comparison_Results3.mat
DN-NSGA-II,IGDX,MMF1_z,21,0.06912246164525718,All_Algorithms_Comparison_Results3.mat
DN-NSGA-II,IGDX,MMF1_z,22,0.06866915668372064,All_Algorithms_Comparison_Results3.mat
DN-NSGA-II,IGDX,MMF1_z,23,0.07932555025807538,All_Algorithms_Comparison_Results3.mat
DN-NSGA-II,IGDX,MMF1_z,24,0.08473052889133782,All_Algorithms_Comparison_Results3.mat
DN-NSGA-II,IGDX,MMF1_z,25,0.0732027834174715,All_Algorithms_Comparison_Results3.mat
DN-NSGA-II,IGDX,MMF1_z,26,0.05263744865756077,All_Algorithms_Comparison_Results3.mat
DN-NSGA-II,IGDX,MMF1_z,27,0.06813867839226523,All_Algorithms_Comparison_Results3.mat
DN-NSGA-II,IGDX,MMF1_z,28,0.04818897082328437,All_Algorithms_Comparison_Results3.mat
DN-NSGA-II,IGDX,MMF1_z,29,0.0858696990485001,All_Algorithms_Comparison_Results3.mat
DN-NSGA-II,IGDX,MMF1_z,30,0.0657116281940011,All_Algorithms_Comparison_Results3.mat
DN-NSGA-II,IGDX,MMF1_z,31,0.06929565980298678,All_Algorithms_Comparison_Results3.mat
DN-NSGA-II,IGDX,MMF1_e,1,2.437708221338077,All_Algorithms_Comparison_Results3.mat
DN-NSGA-II,IGDX,MMF1_e,2,0.6080464091238116,All_Algorithms_Comparison_Results3.mat
DN-NSGA-II,IGDX,MMF1_e,3,0.6957279025993738,All_Algorithms_Comparison_Results3.mat
DN-NSGA-II,IGDX,MMF1_e,4,0.7004965105825138,All_Algorithms_Comparison_Results3.mat
DN-NSGA-II,IGDX,MMF1_e,5,1.1925033666105695,All_Algorithms_Comparison_Results3.mat
DN-NSGA-II,IGDX,MMF1_e,6,1.1902723204838146,All_Algorithms_Comparison_Results3.mat
DN-NSGA-II,IGDX,MMF1_e,7,0.7994087052596823,All_Algorithms_Comparison_Results3.mat
DN-NSGA-II,IGDX,MMF1_e,8,0.8396056148224854,All_Algorithms_Comparison_Results3.mat
DN-NSGA-II,IGDX,MMF1_e,9,0.7031956491359611,All_Algorithms_Comparison_Results3.mat
DN-NSGA-II,IGDX,MMF1_e,10,0.8547366078695418,All_Algorithms_Comparison_Results3.mat
DN-NSGA-II,IGDX,MMF1_e,11,1.3820147446013877,All_Algorithms_Comparison_Results3.mat
DN-NSGA-II,IGDX,MMF1_e,12,1.1988230326162261,All_Algorithms_Comparison_Results3.mat
DN-NSGA-II,IGDX,MMF1_e,13,2.554307133284342,All_Algorithms_Comparison_Results3.mat
DN-NSGA-II,IGDX,MMF1_e,14,0.5580944437599553,All_Algorithms_Comparison_Results3.mat
DN-NSGA-II,IGDX,MMF1_e,15,2.357363800018987,All_Algorithms_Comparison_Results3.mat
DN-NSGA-II,IGDX,MMF1_e,16,0.690274433421761,All_Algorithms_Comparison_Results3.mat
DN-NSGA-II,IGDX,MMF1_e,17,1.0951970949706022,All_Algorithms_Comparison_Results3.mat
DN-NSGA-II,IGDX,MMF1_e,18,0.7549745280386282,All_Algorithms_Comparison_Results3.mat
DN-NSGA-II,IGDX,MMF1_e,19,1.2334660768679988,All_Algorithms_Comparison_Results3.mat
DN-NSGA-II,IGDX,MMF1_e,20,2.401672881477864,All_Algorithms_Comparison_Results3.mat
DN-NSGA-II,IGDX,MMF1_e,21,0.762153951855933,All_Algorithms_Comparison_Results3.mat
DN-NSGA-II,IGDX,MMF1_e,22,0.9280580204795382,All_Algorithms_Comparison_Results3.mat
DN-NSGA-II,IGDX,MMF1_e,23,0.9591114095343057,All_Algorithms_Comparison_Results3.mat
DN-NSGA-II,IGDX,MMF1_e,24,0.9278934346501367,All_Algorithms_Comparison_Results3.mat
DN-NSGA-II,IGDX,MMF1_e,25,0.5978050251397363,All_Algorithms_Comparison_Results3.mat
DN-NSGA-II,IGDX,MMF1_e,26,0.9398600039127516,All_Algorithms_Comparison_Results3.mat
DN-NSGA-II,IGDX,MMF1_e,27,0.8409939863939768,All_Algorithms_Comparison_Results3.mat
DN-NSGA-II,IGDX,MMF1_e,28,0.46571226721909204,All_Algorithms_Comparison_Results3.mat
DN-NSGA-II,IGDX,MMF1_e,29,0.7154740604061189,All_Algorithms_Comparison_Results3.mat
DN-NSGA-II,IGDX,MMF1_e,30,1.0796247070179477,All_Algorithms_Comparison_Results3.mat
DN-NSGA-II,IGDX,MMF1_e,31,0.7483870107475536,All_Algorithms_Comparison_Results3.mat
DN-NSGA-II,IGDX,MMF14_a,1,0.12709811249971695,All_Algorithms_Comparison_Results3.mat
DN-NSGA-II,IGDX,MMF14_a,2,0.16801915215989663,All_Algorithms_Comparison_Results3.mat
DN-NSGA-II,IGDX,MMF14_a,3,0.1402824252136077,All_Algorithms_Comparison_Results3.mat
DN-NSGA-II,IGDX,MMF14_a,4,0.15388748680102013,All_Algorithms_Comparison_Results3.mat
DN-NSGA-II,IGDX,MMF14_a,5,0.13134436750014924,All_Algorithms_Comparison_Results3.mat
DN-NSGA-II,IGDX,MMF14_a,6,0.142606542501304,All_Algorithms_Comparison_Results3.mat
DN-NSGA-II,IGDX,MMF14_a,7,0.12473408339642462,All_Algorithms_Comparison_Results3.mat
DN-NSGA-II,IGDX,MMF14_a,8,0.13668887985104042,All_Algorithms_Comparison_Results3.mat
DN-NSGA-II,IGDX,MMF14_a,9,0.11872785536549814,All_Algorithms_Comparison_Results3.mat
DN-NSGA-II,IGDX,MMF14_a,10,0.13873267125020333,All_Algorithms_Comparison_Results3.mat
DN-NSGA-II,IGDX,MMF14_a,11,0.1499526704087922,All_Algorithms_Comparison_Results3.mat
DN-NSGA-II,IGDX,MMF14_a,12,0.14927984801877725,All_Algorithms_Comparison_Results3.mat
DN-NSGA-II,IGDX,MMF14_a,13,0.15259753034313686,All_Algorithms_Comparison_Results3.mat
DN-NSGA-II,IGDX,MMF14_a,14,0.1224761490747293,All_Algorithms_Comparison_Results3.mat
DN-NSGA-II,IGDX,MMF14_a,15,0.12191607070734933,All_Algorithms_Comparison_Results3.mat
DN-NSGA-II,IGDX,MMF14_a,16,0.1248941935203904,All_Algorithms_Comparison_Results3.mat
DN-NSGA-II,IGDX,MMF14_a,17,0.13052392552226413,All_Algorithms_Comparison_Results3.mat
DN-NSGA-II,IGDX,MMF14_a,18,0.13864468622684728,All_Algorithms_Comparison_Results3.mat
DN-NSGA-II,IGDX,MMF14_a,19,0.11619011056715677,All_Algorithms_Comparison_Results3.mat
DN-NSGA-II,IGDX,MMF14_a,20,0.12209020209481655,All_Algorithms_Comparison_Results3.mat
DN-NSGA-II,IGDX,MMF14_a,21,0.1049056189632236,All_Algorithms_Comparison_Results3.mat
DN-NSGA-II,IGDX,MMF14_a,22,0.12315563926891882,All_Algorithms_Comparison_Results3.mat
DN-NSGA-II,IGDX,MMF14_a,23,0.12497671456746268,All_Algorithms_Comparison_Results3.mat
DN-NSGA-II,IGDX,MMF14_a,24,0.1309304939165658,All_Algorithms_Comparison_Results3.mat
DN-NSGA-II,IGDX,MMF14_a,25,0.13755585131065523,All_Algorithms_Comparison_Results3.mat
DN-NSGA-II,IGDX,MMF14_a,26,0.133378981737544,All_Algorithms_Comparison_Results3.mat
DN-NSGA-II,IGDX,MMF14_a,27,0.12133982365579382,All_Algorithms_Comparison_Results3.mat
DN-NSGA-II,IGDX,MMF14_a,28,0.12620759756455982,All_Algorithms_Comparison_Results3.mat
DN-NSGA-II,IGDX,MMF14_a,29,0.12729289141068723,All_Algorithms_Comparison_Results3.mat
DN-NSGA-II,IGDX,MMF14_a,30,0.1515236510251148,All_Algorithms_Comparison_Results3.mat
DN-NSGA-II,IGDX,MMF14_a,31,0.12308919697078431,All_Algorithms_Comparison_Results3.mat
DN-NSGA-II,IGDX,MMF15_a,1,0.18981261534874938,All_Algorithms_Comparison_Results3.mat
DN-NSGA-II,IGDX,MMF15_a,2,0.22070107468027314,All_Algorithms_Comparison_Results3.mat
DN-NSGA-II,IGDX,MMF15_a,3,0.1771624452056962,All_Algorithms_Comparison_Results3.mat
DN-NSGA-II,IGDX,MMF15_a,4,0.21608121441876765,All_Algorithms_Comparison_Results3.mat
DN-NSGA-II,IGDX,MMF15_a,5,0.23203930120752994,All_Algorithms_Comparison_Results3.mat
DN-NSGA-II,IGDX,MMF15_a,6,0.19286234565030444,All_Algorithms_Comparison_Results3.mat
DN-NSGA-II,IGDX,MMF15_a,7,0.20728096299507642,All_Algorithms_Comparison_Results3.mat
DN-NSGA-II,IGDX,MMF15_a,8,0.21162260459080484,All_Algorithms_Comparison_Results3.mat
DN-NSGA-II,IGDX,MMF15_a,9,0.18083262435009353,All_Algorithms_Comparison_Results3.mat
DN-NSGA-II,IGDX,MMF15_a,10,0.24406971932057125,All_Algorithms_Comparison_Results3.mat
DN-NSGA-II,IGDX,MMF15_a,11,0.21826131955086803,All_Algorithms_Comparison_Results3.mat
DN-NSGA-II,IGDX,MMF15_a,12,0.17708600995383256,All_Algorithms_Comparison_Results3.mat
DN-NSGA-II,IGDX,MMF15_a,13,0.2144581846720434,All_Algorithms_Comparison_Results3.mat
DN-NSGA-II,IGDX,MMF15_a,14,0.187970161975877,All_Algorithms_Comparison_Results3.mat
DN-NSGA-II,IGDX,MMF15_a,15,0.23607136895790223,All_Algorithms_Comparison_Results3.mat
DN-NSGA-II,IGDX,MMF15_a,16,0.20820950407503014,All_Algorithms_Comparison_Results3.mat
DN-NSGA-II,IGDX,MMF15_a,17,0.20975490802512992,All_Algorithms_Comparison_Results3.mat
DN-NSGA-II,IGDX,MMF15_a,18,0.23572002993206376,All_Algorithms_Comparison_Results3.mat
DN-NSGA-II,IGDX,MMF15_a,19,0.2020483095741398,All_Algorithms_Comparison_Results3.mat
DN-NSGA-II,IGDX,MMF15_a,20,0.2012570827795778,All_Algorithms_Comparison_Results3.mat
DN-NSGA-II,IGDX,MMF15_a,21,0.22775213639121308,All_Algorithms_Comparison_Results3.mat
DN-NSGA-II,IGDX,MMF15_a,22,0.21926628961187816,All_Algorithms_Comparison_Results3.mat
DN-NSGA-II,IGDX,MMF15_a,23,0.18876988273758183,All_Algorithms_Comparison_Results3.mat
DN-NSGA-II,IGDX,MMF15_a,24,0.2141517159323104,All_Algorithms_Comparison_Results3.mat
DN-NSGA-II,IGDX,MMF15_a,25,0.22472874347160451,All_Algorithms_Comparison_Results3.mat
DN-NSGA-II,IGDX,MMF15_a,26,0.2159344853067787,All_Algorithms_Comparison_Results3.mat
DN-NSGA-II,IGDX,MMF15_a,27,0.24362735897602605,All_Algorithms_Comparison_Results3.mat
DN-NSGA-II,IGDX,MMF15_a,28,0.19297910921999353,All_Algorithms_Comparison_Results3.mat
DN-NSGA-II,IGDX,MMF15_a,29,0.23513809710020547,All_Algorithms_Comparison_Results3.mat
DN-NSGA-II,IGDX,MMF15_a,30,0.21091988084164023,All_Algorithms_Comparison_Results3.mat
DN-NSGA-II,IGDX,MMF15_a,31,0.20773030004656617,All_Algorithms_Comparison_Results3.mat
DN-NSGA-II,IGDX,SYM_PART_simple,1,4.086120764048922,All_Algorithms_Comparison_Results3.mat
DN-NSGA-II,IGDX,SYM_PART_simple,2,3.131651328562898,All_Algorithms_Comparison_Results3.mat
DN-NSGA-II,IGDX,SYM_PART_simple,3,4.4026450139658655,All_Algorithms_Comparison_Results3.mat
DN-NSGA-II,IGDX,SYM_PART_simple,4,4.018063286949248,All_Algorithms_Comparison_Results3.mat
DN-NSGA-II,IGDX,SYM_PART_simple,5,5.666120701288381,All_Algorithms_Comparison_Results3.mat
DN-NSGA-II,IGDX,SYM_PART_simple,6,5.783055479777926,All_Algorithms_Comparison_Results3.mat
DN-NSGA-II,IGDX,SYM_PART_simple,7,5.296946977677945,All_Algorithms_Comparison_Results3.mat
DN-NSGA-II,IGDX,SYM_PART_simple,8,2.2455390088367304,All_Algorithms_Comparison_Results3.mat
DN-NSGA-II,IGDX,SYM_PART_simple,9,4.086973647815131,All_Algorithms_Comparison_Results3.mat
DN-NSGA-II,IGDX,SYM_PART_simple,10,5.723029878058013,All_Algorithms_Comparison_Results3.mat
DN-NSGA-II,IGDX,SYM_PART_simple,11,4.419074801594152,All_Algorithms_Comparison_Results3.mat
DN-NSGA-II,IGDX,SYM_PART_simple,12,5.273908642724506,All_Algorithms_Comparison_Results3.mat
DN-NSGA-II,IGDX,SYM_PART_simple,13,4.253426637233189,All_Algorithms_Comparison_Results3.mat
DN-NSGA-II,IGDX,SYM_PART_simple,14,6.259923831577069,All_Algorithms_Comparison_Results3.mat
DN-NSGA-II,IGDX,SYM_PART_simple,15,6.614486012293585,All_Algorithms_Comparison_Results3.mat
DN-NSGA-II,IGDX,SYM_PART_simple,16,5.224903558514377,All_Algorithms_Comparison_Results3.mat
DN-NSGA-II,IGDX,SYM_PART_simple,17,4.3160787842074955,All_Algorithms_Comparison_Results3.mat
DN-NSGA-II,IGDX,SYM_PART_simple,18,5.393692616448221,All_Algorithms_Comparison_Results3.mat
DN-NSGA-II,IGDX,SYM_PART_simple,19,4.183198540762105,All_Algorithms_Comparison_Results3.mat
DN-NSGA-II,IGDX,SYM_PART_simple,20,7.88115978572816,All_Algorithms_Comparison_Results3.mat
DN-NSGA-II,IGDX,SYM_PART_simple,21,5.474502022058151,All_Algorithms_Comparison_Results3.mat
DN-NSGA-II,IGDX,SYM_PART_simple,22,4.2791578432775,All_Algorithms_Comparison_Results3.mat
DN-NSGA-II,IGDX,SYM_PART_simple,23,3.00529189598888,All_Algorithms_Comparison_Results3.mat
DN-NSGA-II,IGDX,SYM_PART_simple,24,6.909376633976939,All_Algorithms_Comparison_Results3.mat
DN-NSGA-II,IGDX,SYM_PART_simple,25,4.203952185926433,All_Algorithms_Comparison_Results3.mat
DN-NSGA-II,IGDX,SYM_PART_simple,26,3.9915579186008063,All_Algorithms_Comparison_Results3.mat
DN-NSGA-II,IGDX,SYM_PART_simple,27,4.025708924821838,All_Algorithms_Comparison_Results3.mat
DN-NSGA-II,IGDX,SYM_PART_simple,28,6.259998809724167,All_Algorithms_Comparison_Results3.mat
DN-NSGA-II,IGDX,SYM_PART_simple,29,4.250586370996748,All_Algorithms_Comparison_Results3.mat
DN-NSGA-II,IGDX,SYM_PART_simple,30,7.633984066538844,All_Algorithms_Comparison_Results3.mat
DN-NSGA-II,IGDX,SYM_PART_simple,31,5.813459300145665,All_Algorithms_Comparison_Results3.mat
DN-NSGA-II,IGDX,SYM_PART_rotated,1,3.0762071828119524,All_Algorithms_Comparison_Results3.mat
DN-NSGA-II,IGDX,SYM_PART_rotated,2,5.5761160551499405,All_Algorithms_Comparison_Results3.mat
DN-NSGA-II,IGDX,SYM_PART_rotated,3,5.664626518883292,All_Algorithms_Comparison_Results3.mat
DN-NSGA-II,IGDX,SYM_PART_rotated,4,3.105844265557131,All_Algorithms_Comparison_Results3.mat
DN-NSGA-II,IGDX,SYM_PART_rotated,5,5.710155469914513,All_Algorithms_Comparison_Results3.mat
DN-NSGA-II,IGDX,SYM_PART_rotated,6,5.844500096952346,All_Algorithms_Comparison_Results3.mat
DN-NSGA-II,IGDX,SYM_PART_rotated,7,4.211003991437389,All_Algorithms_Comparison_Results3.mat
DN-NSGA-II,IGDX,SYM_PART_rotated,8,6.262135811961903,All_Algorithms_Comparison_Results3.mat
DN-NSGA-II,IGDX,SYM_PART_rotated,9,3.084587128017405,All_Algorithms_Comparison_Results3.mat
DN-NSGA-II,IGDX,SYM_PART_rotated,10,4.013997192499366,All_Algorithms_Comparison_Results3.mat
DN-NSGA-II,IGDX,SYM_PART_rotated,11,5.762222055052955,All_Algorithms_Comparison_Results3.mat
DN-NSGA-II,IGDX,SYM_PART_rotated,12,7.873778476174748,All_Algorithms_Comparison_Results3.mat
DN-NSGA-II,IGDX,SYM_PART_rotated,13,3.0426528915815565,All_Algorithms_Comparison_Results3.mat
DN-NSGA-II,IGDX,SYM_PART_rotated,14,5.0218974451683485,All_Algorithms_Comparison_Results3.mat
DN-NSGA-II,IGDX,SYM_PART_rotated,15,2.0313631797095835,All_Algorithms_Comparison_Results3.mat
DN-NSGA-II,IGDX,SYM_PART_rotated,16,5.221604422884517,All_Algorithms_Comparison_Results3.mat
DN-NSGA-II,IGDX,SYM_PART_rotated,17,3.1694932071000914,All_Algorithms_Comparison_Results3.mat
DN-NSGA-II,IGDX,SYM_PART_rotated,18,4.021524365478669,All_Algorithms_Comparison_Results3.mat
DN-NSGA-II,IGDX,SYM_PART_rotated,19,5.239811878177842,All_Algorithms_Comparison_Results3.mat
DN-NSGA-II,IGDX,SYM_PART_rotated,20,3.144307611757105,All_Algorithms_Comparison_Results3.mat
DN-NSGA-II,IGDX,SYM_PART_rotated,21,4.518784388426069,All_Algorithms_Comparison_Results3.mat
DN-NSGA-II,IGDX,SYM_PART_rotated,22,3.2887732386609443,All_Algorithms_Comparison_Results3.mat
DN-NSGA-II,IGDX,SYM_PART_rotated,23,5.0271640508497475,All_Algorithms_Comparison_Results3.mat
DN-NSGA-II,IGDX,SYM_PART_rotated,24,3.079840388707774,All_Algorithms_Comparison_Results3.mat
DN-NSGA-II,IGDX,SYM_PART_rotated,25,2.266938887539574,All_Algorithms_Comparison_Results3.mat
DN-NSGA-II,IGDX,SYM_PART_rotated,26,1.2656384443054218,All_Algorithms_Comparison_Results3.mat
DN-NSGA-II,IGDX,SYM_PART_rotated,27,4.080953074289847,All_Algorithms_Comparison_Results3.mat
DN-NSGA-II,IGDX,SYM_PART_rotated,28,4.332489718138024,All_Algorithms_Comparison_Results3.mat
DN-NSGA-II,IGDX,SYM_PART_rotated,29,3.144712634230637,All_Algorithms_Comparison_Results3.mat
DN-NSGA-II,IGDX,SYM_PART_rotated,30,4.036431129539862,All_Algorithms_Comparison_Results3.mat
DN-NSGA-II,IGDX,SYM_PART_rotated,31,2.1489978977487416,All_Algorithms_Comparison_Results3.mat
DN-NSGA-II,IGDX,Omni_test,1,1.5129075181293217,All_Algorithms_Comparison_Results3.mat
DN-NSGA-II,IGDX,Omni_test,2,1.4137080559398696,All_Algorithms_Comparison_Results3.mat
DN-NSGA-II,IGDX,Omni_test,3,1.244375765112355,All_Algorithms_Comparison_Results3.mat
DN-NSGA-II,IGDX,Omni_test,4,1.3643681084536976,All_Algorithms_Comparison_Results3.mat
DN-NSGA-II,IGDX,Omni_test,5,1.3368323004751397,All_Algorithms_Comparison_Results3.mat
DN-NSGA-II,IGDX,Omni_test,6,1.4626605358895424,All_Algorithms_Comparison_Results3.mat
DN-NSGA-II,IGDX,Omni_test,7,1.4367615574639958,All_Algorithms_Comparison_Results3.mat
DN-NSGA-II,IGDX,Omni_test,8,1.6134390228573599,All_Algorithms_Comparison_Results3.mat
DN-NSGA-II,IGDX,Omni_test,9,1.4336147468820886,All_Algorithms_Comparison_Results3.mat
DN-NSGA-II,IGDX,Omni_test,10,1.3225726247361718,All_Algorithms_Comparison_Results3.mat
DN-NSGA-II,IGDX,Omni_test,11,1.3055979873244512,All_Algorithms_Comparison_Results3.mat
DN-NSGA-II,IGDX,Omni_test,12,1.162789998749401,All_Algorithms_Comparison_Results3.mat
DN-NSGA-II,IGDX,Omni_test,13,1.2008212722897214,All_Algorithms_Comparison_Results3.mat
DN-NSGA-II,IGDX,Omni_test,14,1.853071494763347,All_Algorithms_Comparison_Results3.mat
DN-NSGA-II,IGDX,Omni_test,15,1.4995955768479712,All_Algorithms_Comparison_Results3.mat
DN-NSGA-II,IGDX,Omni_test,16,1.5540170642863573,All_Algorithms_Comparison_Results3.mat
DN-NSGA-II,IGDX,Omni_test,17,1.491530561823709,All_Algorithms_Comparison_Results3.mat
DN-NSGA-II,IGDX,Omni_test,18,1.3403814281401123,All_Algorithms_Comparison_Results3.mat
DN-NSGA-II,IGDX,Omni_test,19,1.2605847805978998,All_Algorithms_Comparison_Results3.mat
DN-NSGA-II,IGDX,Omni_test,20,1.3697071958152036,All_Algorithms_Comparison_Results3.mat
DN-NSGA-II,IGDX,Omni_test,21,1.5597856695239414,All_Algorithms_Comparison_Results3.mat
DN-NSGA-II,IGDX,Omni_test,22,1.2222401636443245,All_Algorithms_Comparison_Results3.mat
DN-NSGA-II,IGDX,Omni_test,23,1.6132718013002483,All_Algorithms_Comparison_Results3.mat
DN-NSGA-II,IGDX,Omni_test,24,1.321942387855497,All_Algorithms_Comparison_Results3.mat
DN-NSGA-II,IGDX,Omni_test,25,1.428686219189396,All_Algorithms_Comparison_Results3.mat
DN-NSGA-II,IGDX,Omni_test,26,1.7481893421840127,All_Algorithms_Comparison_Results3.mat
DN-NSGA-II,IGDX,Omni_test,27,1.3712539212837838,All_Algorithms_Comparison_Results3.mat
DN-NSGA-II,IGDX,Omni_test,28,1.4389489225948253,All_Algorithms_Comparison_Results3.mat
DN-NSGA-II,IGDX,Omni_test,29,1.4045002142717242,All_Algorithms_Comparison_Results3.mat
DN-NSGA-II,IGDX,Omni_test,30,1.97248634805318,All_Algorithms_Comparison_Results3.mat
DN-NSGA-II,IGDX,Omni_test,31,1.5247256382198233,All_Algorithms_Comparison_Results3.mat
DN-NSGA-II,IGDF,MMF1,1,0.0038063603959826563,All_Algorithms_Comparison_Results3.mat
DN-NSGA-II,IGDF,MMF1,2,0.003641573723171322,All_Algorithms_Comparison_Results3.mat
DN-NSGA-II,IGDF,MMF1,3,0.003919355563791894,All_Algorithms_Comparison_Results3.mat
DN-NSGA-II,IGDF,MMF1,4,0.0034718141173073693,All_Algorithms_Comparison_Results3.mat
DN-NSGA-II,IGDF,MMF1,5,0.0037291719894091357,All_Algorithms_Comparison_Results3.mat
DN-NSGA-II,IGDF,MMF1,6,0.003363447973969869,All_Algorithms_Comparison_Results3.mat
DN-NSGA-II,IGDF,MMF1,7,0.0035375344205140435,All_Algorithms_Comparison_Results3.mat
DN-NSGA-II,IGDF,MMF1,8,0.006484922200250717,All_Algorithms_Comparison_Results3.mat
DN-NSGA-II,IGDF,MMF1,9,0.003534084219080601,All_Algorithms_Comparison_Results3.mat
DN-NSGA-II,IGDF,MMF1,10,0.0036464609649821933,All_Algorithms_Comparison_Results3.mat
DN-NSGA-II,IGDF,MMF1,11,0.0033547685804412196,All_Algorithms_Comparison_Results3.mat
DN-NSGA-II,IGDF,MMF1,12,0.003551211132701455,All_Algorithms_Comparison_Results3.mat
DN-NSGA-II,IGDF,MMF1,13,0.003754105622392645,All_Algorithms_Comparison_Results3.mat
DN-NSGA-II,IGDF,MMF1,14,0.003909930797345555,All_Algorithms_Comparison_Results3.mat
DN-NSGA-II,IGDF,MMF1,15,0.003530508043780443,All_Algorithms_Comparison_Results3.mat
DN-NSGA-II,IGDF,MMF1,16,0.0034262037163097087,All_Algorithms_Comparison_Results3.mat
DN-NSGA-II,IGDF,MMF1,17,0.003703570153004654,All_Algorithms_Comparison_Results3.mat
DN-NSGA-II,IGDF,MMF1,18,0.003874500949090504,All_Algorithms_Comparison_Results3.mat
DN-NSGA-II,IGDF,MMF1,19,0.003764549525572076,All_Algorithms_Comparison_Results3.mat
DN-NSGA-II,IGDF,MMF1,20,0.0034951277499653886,All_Algorithms_Comparison_Results3.mat
DN-NSGA-II,IGDF,MMF1,21,0.003717420216268181,All_Algorithms_Comparison_Results3.mat
DN-NSGA-II,IGDF,MMF1,22,0.0034726015555012315,All_Algorithms_Comparison_Results3.mat
DN-NSGA-II,IGDF,MMF1,23,0.004819755843261686,All_Algorithms_Comparison_Results3.mat
DN-NSGA-II,IGDF,MMF1,24,0.0035089996554566686,All_Algorithms_Comparison_Results3.mat
DN-NSGA-II,IGDF,MMF1,25,0.0036634792006909043,All_Algorithms_Comparison_Results3.mat
DN-NSGA-II,IGDF,MMF1,26,0.003624853054747844,All_Algorithms_Comparison_Results3.mat
DN-NSGA-II,IGDF,MMF1,27,0.0034073747533783973,All_Algorithms_Comparison_Results3.mat
DN-NSGA-II,IGDF,MMF1,28,0.0037370275319263246,All_Algorithms_Comparison_Results3.mat
DN-NSGA-II,IGDF,MMF1,29,0.0037739254848870142,All_Algorithms_Comparison_Results3.mat
DN-NSGA-II,IGDF,MMF1,30,0.003744844623930089,All_Algorithms_Comparison_Results3.mat
DN-NSGA-II,IGDF,MMF1,31,0.0038601055208250085,All_Algorithms_Comparison_Results3.mat
DN-NSGA-II,IGDF,MMF2,1,0.009779839506902503,All_Algorithms_Comparison_Results3.mat
DN-NSGA-II,IGDF,MMF2,2,0.0040973505885714065,All_Algorithms_Comparison_Results3.mat
DN-NSGA-II,IGDF,MMF2,3,0.007706180440170863,All_Algorithms_Comparison_Results3.mat
DN-NSGA-II,IGDF,MMF2,4,0.009213428026818283,All_Algorithms_Comparison_Results3.mat
DN-NSGA-II,IGDF,MMF2,5,0.006438925381691576,All_Algorithms_Comparison_Results3.mat
DN-NSGA-II,IGDF,MMF2,6,0.01000435654314086,All_Algorithms_Comparison_Results3.mat
DN-NSGA-II,IGDF,MMF2,7,0.015987856793036243,All_Algorithms_Comparison_Results3.mat
DN-NSGA-II,IGDF,MMF2,8,0.004845373532401473,All_Algorithms_Comparison_Results3.mat
DN-NSGA-II,IGDF,MMF2,9,0.005106941055645451,All_Algorithms_Comparison_Results3.mat
DN-NSGA-II,IGDF,MMF2,10,0.0031050301260813207,All_Algorithms_Comparison_Results3.mat
DN-NSGA-II,IGDF,MMF2,11,0.0049725998078795275,All_Algorithms_Comparison_Results3.mat
DN-NSGA-II,IGDF,MMF2,12,0.005375589367457091,All_Algorithms_Comparison_Results3.mat
DN-NSGA-II,IGDF,MMF2,13,0.013345093628043559,All_Algorithms_Comparison_Results3.mat
DN-NSGA-II,IGDF,MMF2,14,0.009944451772555858,All_Algorithms_Comparison_Results3.mat
DN-NSGA-II,IGDF,MMF2,15,0.010298051947666758,All_Algorithms_Comparison_Results3.mat
DN-NSGA-II,IGDF,MMF2,16,0.016196796199452385,All_Algorithms_Comparison_Results3.mat
DN-NSGA-II,IGDF,MMF2,17,0.023525163742016922,All_Algorithms_Comparison_Results3.mat
DN-NSGA-II,IGDF,MMF2,18,0.022159021007716957,All_Algorithms_Comparison_Results3.mat
DN-NSGA-II,IGDF,MMF2,19,0.011942816968628226,All_Algorithms_Comparison_Results3.mat
DN-NSGA-II,IGDF,MMF2,20,0.014118985383193831,All_Algorithms_Comparison_Results3.mat
DN-NSGA-II,IGDF,MMF2,21,0.003923224418747822,All_Algorithms_Comparison_Results3.mat
DN-NSGA-II,IGDF,MMF2,22,0.003599502564986416,All_Algorithms_Comparison_Results3.mat
DN-NSGA-II,IGDF,MMF2,23,0.003369128601624811,All_Algorithms_Comparison_Results3.mat
DN-NSGA-II,IGDF,MMF2,24,0.00553754447126864,All_Algorithms_Comparison_Results3.mat
DN-NSGA-II,IGDF,MMF2,25,0.008316733867121215,All_Algorithms_Comparison_Results3.mat
DN-NSGA-II,IGDF,MMF2,26,0.00400058015143923,All_Algorithms_Comparison_Results3.mat
DN-NSGA-II,IGDF,MMF2,27,0.03844856140788565,All_Algorithms_Comparison_Results3.mat
DN-NSGA-II,IGDF,MMF2,28,0.009559869142841692,All_Algorithms_Comparison_Results3.mat
DN-NSGA-II,IGDF,MMF2,29,0.006320782888302459,All_Algorithms_Comparison_Results3.mat
DN-NSGA-II,IGDF,MMF2,30,0.03325823544112252,All_Algorithms_Comparison_Results3.mat
DN-NSGA-II,IGDF,MMF2,31,0.07119218140067772,All_Algorithms_Comparison_Results3.mat
DN-NSGA-II,IGDF,MMF3,1,0.0041649421435744904,All_Algorithms_Comparison_Results3.mat
DN-NSGA-II,IGDF,MMF3,2,0.006069861406267188,All_Algorithms_Comparison_Results3.mat
DN-NSGA-II,IGDF,MMF3,3,0.0038792985646855078,All_Algorithms_Comparison_Results3.mat
DN-NSGA-II,IGDF,MMF3,4,0.006890304410979622,All_Algorithms_Comparison_Results3.mat
DN-NSGA-II,IGDF,MMF3,5,0.0071256533723912455,All_Algorithms_Comparison_Results3.mat
DN-NSGA-II,IGDF,MMF3,6,0.006584313217149167,All_Algorithms_Comparison_Results3.mat
DN-NSGA-II,IGDF,MMF3,7,0.041506988891031146,All_Algorithms_Comparison_Results3.mat
DN-NSGA-II,IGDF,MMF3,8,0.005223829779251606,All_Algorithms_Comparison_Results3.mat
DN-NSGA-II,IGDF,MMF3,9,0.008940151913974258,All_Algorithms_Comparison_Results3.mat
DN-NSGA-II,IGDF,MMF3,10,0.006360662393117461,All_Algorithms_Comparison_Results3.mat
DN-NSGA-II,IGDF,MMF3,11,0.0037329867090556434,All_Algorithms_Comparison_Results3.mat
DN-NSGA-II,IGDF,MMF3,12,0.004312041220653945,All_Algorithms_Comparison_Results3.mat
DN-NSGA-II,IGDF,MMF3,13,0.01690016483595072,All_Algorithms_Comparison_Results3.mat
DN-NSGA-II,IGDF,MMF3,14,0.015217824950823211,All_Algorithms_Comparison_Results3.mat
DN-NSGA-II,IGDF,MMF3,15,0.00961236753546061,All_Algorithms_Comparison_Results3.mat
DN-NSGA-II,IGDF,MMF3,16,0.0081739401222728,All_Algorithms_Comparison_Results3.mat
DN-NSGA-II,IGDF,MMF3,17,0.006918474131839494,All_Algorithms_Comparison_Results3.mat
DN-NSGA-II,IGDF,MMF3,18,0.004982105660230721,All_Algorithms_Comparison_Results3.mat
DN-NSGA-II,IGDF,MMF3,19,0.03242936523442596,All_Algorithms_Comparison_Results3.mat
DN-NSGA-II,IGDF,MMF3,20,0.005343932683490205,All_Algorithms_Comparison_Results3.mat
DN-NSGA-II,IGDF,MMF3,21,0.013296154836590553,All_Algorithms_Comparison_Results3.mat
DN-NSGA-II,IGDF,MMF3,22,0.013373379576100606,All_Algorithms_Comparison_Results3.mat
DN-NSGA-II,IGDF,MMF3,23,0.005590062700058896,All_Algorithms_Comparison_Results3.mat
DN-NSGA-II,IGDF,MMF3,24,0.016977288878916936,All_Algorithms_Comparison_Results3.mat
DN-NSGA-II,IGDF,MMF3,25,0.0031104025681582058,All_Algorithms_Comparison_Results3.mat
DN-NSGA-II,IGDF,MMF3,26,0.009816027881663041,All_Algorithms_Comparison_Results3.mat
DN-NSGA-II,IGDF,MMF3,27,0.09016863618980189,All_Algorithms_Comparison_Results3.mat
DN-NSGA-II,IGDF,MMF3,28,0.0064671961685879445,All_Algorithms_Comparison_Results3.mat
DN-NSGA-II,IGDF,MMF3,29,0.008531864294950656,All_Algorithms_Comparison_Results3.mat
DN-NSGA-II,IGDF,MMF3,30,0.003004954406587141,All_Algorithms_Comparison_Results3.mat
DN-NSGA-II,IGDF,MMF3,31,0.024301529758952136,All_Algorithms_Comparison_Results3.mat
DN-NSGA-II,IGDF,MMF4,1,0.0034177453835459127,All_Algorithms_Comparison_Results3.mat
DN-NSGA-II,IGDF,MMF4,2,0.0031036318944528286,All_Algorithms_Comparison_Results3.mat
DN-NSGA-II,IGDF,MMF4,3,0.0029783928698029287,All_Algorithms_Comparison_Results3.mat
DN-NSGA-II,IGDF,MMF4,4,0.0029079021649603626,All_Algorithms_Comparison_Results3.mat
DN-NSGA-II,IGDF,MMF4,5,0.00337276840634432,All_Algorithms_Comparison_Results3.mat
DN-NSGA-II,IGDF,MMF4,6,0.0034052913846739185,All_Algorithms_Comparison_Results3.mat
DN-NSGA-II,IGDF,MMF4,7,0.0031893236924794323,All_Algorithms_Comparison_Results3.mat
DN-NSGA-II,IGDF,MMF4,8,0.002921060150760035,All_Algorithms_Comparison_Results3.mat
DN-NSGA-II,IGDF,MMF4,9,0.0032872599422781226,All_Algorithms_Comparison_Results3.mat
DN-NSGA-II,IGDF,MMF4,10,0.0035951763805618093,All_Algorithms_Comparison_Results3.mat
DN-NSGA-II,IGDF,MMF4,11,0.003346984769862631,All_Algorithms_Comparison_Results3.mat
DN-NSGA-II,IGDF,MMF4,12,0.0032557340231898963,All_Algorithms_Comparison_Results3.mat
DN-NSGA-II,IGDF,MMF4,13,0.0035798103456965956,All_Algorithms_Comparison_Results3.mat
DN-NSGA-II,IGDF,MMF4,14,0.003093563490140119,All_Algorithms_Comparison_Results3.mat
DN-NSGA-II,IGDF,MMF4,15,0.003199878058389907,All_Algorithms_Comparison_Results3.mat
DN-NSGA-II,IGDF,MMF4,16,0.0031554670347085107,All_Algorithms_Comparison_Results3.mat
DN-NSGA-II,IGDF,MMF4,17,0.0033252264970218574,All_Algorithms_Comparison_Results3.mat
DN-NSGA-II,IGDF,MMF4,18,0.003289074848743935,All_Algorithms_Comparison_Results3.mat
DN-NSGA-II,IGDF,MMF4,19,0.003349923991866883,All_Algorithms_Comparison_Results3.mat
DN-NSGA-II,IGDF,MMF4,20,0.002884661179248999,All_Algorithms_Comparison_Results3.mat
DN-NSGA-II,IGDF,MMF4,21,0.002771176696302573,All_Algorithms_Comparison_Results3.mat
DN-NSGA-II,IGDF,MMF4,22,0.0030863641612707228,All_Algorithms_Comparison_Results3.mat
DN-NSGA-II,IGDF,MMF4,23,0.003518587498243057,All_Algorithms_Comparison_Results3.mat
DN-NSGA-II,IGDF,MMF4,24,0.003648052318081388,All_Algorithms_Comparison_Results3.mat
DN-NSGA-II,IGDF,MMF4,25,0.0032488362530820325,All_Algorithms_Comparison_Results3.mat
DN-NSGA-II,IGDF,MMF4,26,0.0031553977221044248,All_Algorithms_Comparison_Results3.mat
DN-NSGA-II,IGDF,MMF4,27,0.003486506683116703,All_Algorithms_Comparison_Results3.mat
DN-NSGA-II,IGDF,MMF4,28,0.0033544687700775644,All_Algorithms_Comparison_Results3.mat
DN-NSGA-II,IGDF,MMF4,29,0.002861487536460236,All_Algorithms_Comparison_Results3.mat
DN-NSGA-II,IGDF,MMF4,30,0.003032154923459733,All_Algorithms_Comparison_Results3.mat
DN-NSGA-II,IGDF,MMF4,31,0.002880219039744122,All_Algorithms_Comparison_Results3.mat
DN-NSGA-II,IGDF,MMF5,1,0.003508761220132275,All_Algorithms_Comparison_Results3.mat
DN-NSGA-II,IGDF,MMF5,2,0.003437170802965937,All_Algorithms_Comparison_Results3.mat
DN-NSGA-II,IGDF,MMF5,3,0.003186512141645179,All_Algorithms_Comparison_Results3.mat
DN-NSGA-II,IGDF,MMF5,4,0.003200980202909208,All_Algorithms_Comparison_Results3.mat
DN-NSGA-II,IGDF,MMF5,5,0.002982865017180482,All_Algorithms_Comparison_Results3.mat
DN-NSGA-II,IGDF,MMF5,6,0.0032528256886387354,All_Algorithms_Comparison_Results3.mat
DN-NSGA-II,IGDF,MMF5,7,0.003367277683880817,All_Algorithms_Comparison_Results3.mat
DN-NSGA-II,IGDF,MMF5,8,0.0033632342180080345,All_Algorithms_Comparison_Results3.mat
DN-NSGA-II,IGDF,MMF5,9,0.003315399450369996,All_Algorithms_Comparison_Results3.mat
DN-NSGA-II,IGDF,MMF5,10,0.003324115793465536,All_Algorithms_Comparison_Results3.mat
DN-NSGA-II,IGDF,MMF5,11,0.0035110982514639454,All_Algorithms_Comparison_Results3.mat
DN-NSGA-II,IGDF,MMF5,12,0.0033124610673604593,All_Algorithms_Comparison_Results3.mat
DN-NSGA-II,IGDF,MMF5,13,0.0034365973790443575,All_Algorithms_Comparison_Results3.mat
DN-NSGA-II,IGDF,MMF5,14,0.0033499698503158077,All_Algorithms_Comparison_Results3.mat
DN-NSGA-II,IGDF,MMF5,15,0.0038777809268401254,All_Algorithms_Comparison_Results3.mat
DN-NSGA-II,IGDF,MMF5,16,0.003457838604356336,All_Algorithms_Comparison_Results3.mat
DN-NSGA-II,IGDF,MMF5,17,0.0031025833675297036,All_Algorithms_Comparison_Results3.mat
DN-NSGA-II,IGDF,MMF5,18,0.003391027634152531,All_Algorithms_Comparison_Results3.mat
DN-NSGA-II,IGDF,MMF5,19,0.0033770169623384906,All_Algorithms_Comparison_Results3.mat
DN-NSGA-II,IGDF,MMF5,20,0.00410484952927737,All_Algorithms_Comparison_Results3.mat
DN-NSGA-II,IGDF,MMF5,21,0.0031474649798882083,All_Algorithms_Comparison_Results3.mat
DN-NSGA-II,IGDF,MMF5,22,0.0033084594482771456,All_Algorithms_Comparison_Results3.mat
DN-NSGA-II,IGDF,MMF5,23,0.003288747681287023,All_Algorithms_Comparison_Results3.mat
DN-NSGA-II,IGDF,MMF5,24,0.003173565249948716,All_Algorithms_Comparison_Results3.mat
DN-NSGA-II,IGDF,MMF5,25,0.0035280997147908266,All_Algorithms_Comparison_Results3.mat
DN-NSGA-II,IGDF,MMF5,26,0.003455053056858823,All_Algorithms_Comparison_Results3.mat
DN-NSGA-II,IGDF,MMF5,27,0.003746857904697607,All_Algorithms_Comparison_Results3.mat
DN-NSGA-II,IGDF,MMF5,28,0.0035130674010362345,All_Algorithms_Comparison_Results3.mat
DN-NSGA-II,IGDF,MMF5,29,0.0034829018759071962,All_Algorithms_Comparison_Results3.mat
DN-NSGA-II,IGDF,MMF5,30,0.003504687464287079,All_Algorithms_Comparison_Results3.mat
DN-NSGA-II,IGDF,MMF5,31,0.003293189448573699,All_Algorithms_Comparison_Results3.mat
DN-NSGA-II,IGDF,MMF6,1,0.0034066436007952256,All_Algorithms_Comparison_Results3.mat
DN-NSGA-II,IGDF,MMF6,2,0.0032463930679285883,All_Algorithms_Comparison_Results3.mat
DN-NSGA-II,IGDF,MMF6,3,0.0036134466708579948,All_Algorithms_Comparison_Results3.mat
DN-NSGA-II,IGDF,MMF6,4,0.003933886402555248,All_Algorithms_Comparison_Results3.mat
DN-NSGA-II,IGDF,MMF6,5,0.003249200097948417,All_Algorithms_Comparison_Results3.mat
DN-NSGA-II,IGDF,MMF6,6,0.003777412982593459,All_Algorithms_Comparison_Results3.mat
DN-NSGA-II,IGDF,MMF6,7,0.0035649251274991983,All_Algorithms_Comparison_Results3.mat
DN-NSGA-II,IGDF,MMF6,8,0.003435086904315366,All_Algorithms_Comparison_Results3.mat
DN-NSGA-II,IGDF,MMF6,9,0.0033999869479387226,All_Algorithms_Comparison_Results3.mat
DN-NSGA-II,IGDF,MMF6,10,0.003281608551562286,All_Algorithms_Comparison_Results3.mat
DN-NSGA-II,IGDF,MMF6,11,0.003662229849547237,All_Algorithms_Comparison_Results3.mat
DN-NSGA-II,IGDF,MMF6,12,0.0034746342819444954,All_Algorithms_Comparison_Results3.mat
DN-NSGA-II,IGDF,MMF6,13,0.0035248651778881563,All_Algorithms_Comparison_Results3.mat
DN-NSGA-II,IGDF,MMF6,14,0.0033374242295267876,All_Algorithms_Comparison_Results3.mat
DN-NSGA-II,IGDF,MMF6,15,0.0038274748508628116,All_Algorithms_Comparison_Results3.mat
DN-NSGA-II,IGDF,MMF6,16,0.00341905631023144,All_Algorithms_Comparison_Results3.mat
DN-NSGA-II,IGDF,MMF6,17,0.003647543341227343,All_Algorithms_Comparison_Results3.mat
DN-NSGA-II,IGDF,MMF6,18,0.0035539712422980436,All_Algorithms_Comparison_Results3.mat
DN-NSGA-II,IGDF,MMF6,19,0.003283811500879272,All_Algorithms_Comparison_Results3.mat
DN-NSGA-II,IGDF,MMF6,20,0.003568869979074922,All_Algorithms_Comparison_Results3.mat
DN-NSGA-II,IGDF,MMF6,21,0.003441689316029747,All_Algorithms_Comparison_Results3.mat
DN-NSGA-II,IGDF,MMF6,22,0.003130202390849203,All_Algorithms_Comparison_Results3.mat
DN-NSGA-II,IGDF,MMF6,23,0.003332528828243885,All_Algorithms_Comparison_Results3.mat
DN-NSGA-II,IGDF,MMF6,24,0.0032044034670300515,All_Algorithms_Comparison_Results3.mat
DN-NSGA-II,IGDF,MMF6,25,0.0032543092460070866,All_Algorithms_Comparison_Results3.mat
DN-NSGA-II,IGDF,MMF6,26,0.003308148289643642,All_Algorithms_Comparison_Results3.mat
DN-NSGA-II,IGDF,MMF6,27,0.0032345567529242767,All_Algorithms_Comparison_Results3.mat
DN-NSGA-II,IGDF,MMF6,28,0.003450998308507306,All_Algorithms_Comparison_Results3.mat
DN-NSGA-II,IGDF,MMF6,29,0.003513036194483575,All_Algorithms_Comparison_Results3.mat
DN-NSGA-II,IGDF,MMF6,30,0.003254844630094261,All_Algorithms_Comparison_Results3.mat
DN-NSGA-II,IGDF,MMF6,31,0.003363800932621806,All_Algorithms_Comparison_Results3.mat
DN-NSGA-II,IGDF,MMF7,1,0.003818199515338061,All_Algorithms_Comparison_Results3.mat
DN-NSGA-II,IGDF,MMF7,2,0.0036668926209401918,All_Algorithms_Comparison_Results3.mat
DN-NSGA-II,IGDF,MMF7,3,0.004390459332520294,All_Algorithms_Comparison_Results3.mat
DN-NSGA-II,IGDF,MMF7,4,0.0035963829245756725,All_Algorithms_Comparison_Results3.mat
DN-NSGA-II,IGDF,MMF7,5,0.0041901387041486165,All_Algorithms_Comparison_Results3.mat
DN-NSGA-II,IGDF,MMF7,6,0.003755561488176906,All_Algorithms_Comparison_Results3.mat
DN-NSGA-II,IGDF,MMF7,7,0.004434867886272345,All_Algorithms_Comparison_Results3.mat
DN-NSGA-II,IGDF,MMF7,8,0.0038435681093330902,All_Algorithms_Comparison_Results3.mat
DN-NSGA-II,IGDF,MMF7,9,0.0041910796738500065,All_Algorithms_Comparison_Results3.mat
DN-NSGA-II,IGDF,MMF7,10,0.0038949664643062125,All_Algorithms_Comparison_Results3.mat
DN-NSGA-II,IGDF,MMF7,11,0.003720136771702158,All_Algorithms_Comparison_Results3.mat
DN-NSGA-II,IGDF,MMF7,12,0.004085178023135577,All_Algorithms_Comparison_Results3.mat
DN-NSGA-II,IGDF,MMF7,13,0.0039974911925658545,All_Algorithms_Comparison_Results3.mat
DN-NSGA-II,IGDF,MMF7,14,0.00376527294847708,All_Algorithms_Comparison_Results3.mat
DN-NSGA-II,IGDF,MMF7,15,0.0036707978493224747,All_Algorithms_Comparison_Results3.mat
DN-NSGA-II,IGDF,MMF7,16,0.003955965503178379,All_Algorithms_Comparison_Results3.mat
DN-NSGA-II,IGDF,MMF7,17,0.004159611357334276,All_Algorithms_Comparison_Results3.mat
DN-NSGA-II,IGDF,MMF7,18,0.0038322788670773667,All_Algorithms_Comparison_Results3.mat
DN-NSGA-II,IGDF,MMF7,19,0.003530126934003094,All_Algorithms_Comparison_Results3.mat
DN-NSGA-II,IGDF,MMF7,20,0.0035205229202331153,All_Algorithms_Comparison_Results3.mat
DN-NSGA-II,IGDF,MMF7,21,0.0035595357239744073,All_Algorithms_Comparison_Results3.mat
DN-NSGA-II,IGDF,MMF7,22,0.0038218316029701303,All_Algorithms_Comparison_Results3.mat
DN-NSGA-II,IGDF,MMF7,23,0.0037586972776862963,All_Algorithms_Comparison_Results3.mat
DN-NSGA-II,IGDF,MMF7,24,0.003874680358272453,All_Algorithms_Comparison_Results3.mat
DN-NSGA-II,IGDF,MMF7,25,0.003852675121274739,All_Algorithms_Comparison_Results3.mat
DN-NSGA-II,IGDF,MMF7,26,0.004439220824128702,All_Algorithms_Comparison_Results3.mat
DN-NSGA-II,IGDF,MMF7,27,0.004115065315493303,All_Algorithms_Comparison_Results3.mat
DN-NSGA-II,IGDF,MMF7,28,0.004087652208185661,All_Algorithms_Comparison_Results3.mat
DN-NSGA-II,IGDF,MMF7,29,0.003909720766782336,All_Algorithms_Comparison_Results3.mat
DN-NSGA-II,IGDF,MMF7,30,0.004039022677023693,All_Algorithms_Comparison_Results3.mat
DN-NSGA-II,IGDF,MMF7,31,0.00450183381048371,All_Algorithms_Comparison_Results3.mat
DN-NSGA-II,IGDF,MMF8,1,0.003820828775740159,All_Algorithms_Comparison_Results3.mat
DN-NSGA-II,IGDF,MMF8,2,0.004287963000308323,All_Algorithms_Comparison_Results3.mat
DN-NSGA-II,IGDF,MMF8,3,0.0034133844786342444,All_Algorithms_Comparison_Results3.mat
DN-NSGA-II,IGDF,MMF8,4,0.004835181480035323,All_Algorithms_Comparison_Results3.mat
DN-NSGA-II,IGDF,MMF8,5,0.004183814813644196,All_Algorithms_Comparison_Results3.mat
DN-NSGA-II,IGDF,MMF8,6,0.0031301289610026675,All_Algorithms_Comparison_Results3.mat
DN-NSGA-II,IGDF,MMF8,7,0.0038633646552951933,All_Algorithms_Comparison_Results3.mat
DN-NSGA-II,IGDF,MMF8,8,0.0040919565920161105,All_Algorithms_Comparison_Results3.mat
DN-NSGA-II,IGDF,MMF8,9,0.003924920394539052,All_Algorithms_Comparison_Results3.mat
DN-NSGA-II,IGDF,MMF8,10,0.003687522855153461,All_Algorithms_Comparison_Results3.mat
DN-NSGA-II,IGDF,MMF8,11,0.003932382354625263,All_Algorithms_Comparison_Results3.mat
DN-NSGA-II,IGDF,MMF8,12,0.00373713917678695,All_Algorithms_Comparison_Results3.mat
DN-NSGA-II,IGDF,MMF8,13,0.003511079153482631,All_Algorithms_Comparison_Results3.mat
DN-NSGA-II,IGDF,MMF8,14,0.003605574052599685,All_Algorithms_Comparison_Results3.mat
DN-NSGA-II,IGDF,MMF8,15,0.0039618860973160775,All_Algorithms_Comparison_Results3.mat
DN-NSGA-II,IGDF,MMF8,16,0.0035750823382412404,All_Algorithms_Comparison_Results3.mat
DN-NSGA-II,IGDF,MMF8,17,0.0037122370287842738,All_Algorithms_Comparison_Results3.mat
DN-NSGA-II,IGDF,MMF8,18,0.0034473367158128782,All_Algorithms_Comparison_Results3.mat
DN-NSGA-II,IGDF,MMF8,19,0.0033542618802504193,All_Algorithms_Comparison_Results3.mat
DN-NSGA-II,IGDF,MMF8,20,0.0035921175810819683,All_Algorithms_Comparison_Results3.mat
DN-NSGA-II,IGDF,MMF8,21,0.0036171757807276017,All_Algorithms_Comparison_Results3.mat
DN-NSGA-II,IGDF,MMF8,22,0.0036999850172910044,All_Algorithms_Comparison_Results3.mat
DN-NSGA-II,IGDF,MMF8,23,0.0038213555958046225,All_Algorithms_Comparison_Results3.mat
DN-NSGA-II,IGDF,MMF8,24,0.003653144420570929,All_Algorithms_Comparison_Results3.mat
DN-NSGA-II,IGDF,MMF8,25,0.0035632920536265568,All_Algorithms_Comparison_Results3.mat
DN-NSGA-II,IGDF,MMF8,26,0.003749497747223637,All_Algorithms_Comparison_Results3.mat
DN-NSGA-II,IGDF,MMF8,27,0.003435339434950262,All_Algorithms_Comparison_Results3.mat
DN-NSGA-II,IGDF,MMF8,28,0.0036626904771085845,All_Algorithms_Comparison_Results3.mat
DN-NSGA-II,IGDF,MMF8,29,0.003609230276453268,All_Algorithms_Comparison_Results3.mat
DN-NSGA-II,IGDF,MMF8,30,0.00361005652045281,All_Algorithms_Comparison_Results3.mat
DN-NSGA-II,IGDF,MMF8,31,0.0037683779695618174,All_Algorithms_Comparison_Results3.mat
DN-NSGA-II,IGDF,MMF9,1,0.01673988070365358,All_Algorithms_Comparison_Results3.mat
DN-NSGA-II,IGDF,MMF9,2,0.01243411628838126,All_Algorithms_Comparison_Results3.mat
DN-NSGA-II,IGDF,MMF9,3,0.012847154046450492,All_Algorithms_Comparison_Results3.mat
DN-NSGA-II,IGDF,MMF9,4,0.014910163485777492,All_Algorithms_Comparison_Results3.mat
DN-NSGA-II,IGDF,MMF9,5,0.015706023297021487,All_Algorithms_Comparison_Results3.mat
DN-NSGA-II,IGDF,MMF9,6,0.016944578869819534,All_Algorithms_Comparison_Results3.mat
DN-NSGA-II,IGDF,MMF9,7,0.013349488922415291,All_Algorithms_Comparison_Results3.mat
DN-NSGA-II,IGDF,MMF9,8,0.014738683778560942,All_Algorithms_Comparison_Results3.mat
DN-NSGA-II,IGDF,MMF9,9,0.012784206196134936,All_Algorithms_Comparison_Results3.mat
DN-NSGA-II,IGDF,MMF9,10,0.014449058657780078,All_Algorithms_Comparison_Results3.mat
DN-NSGA-II,IGDF,MMF9,11,0.012904908382795184,All_Algorithms_Comparison_Results3.mat
DN-NSGA-II,IGDF,MMF9,12,0.012770488983795656,All_Algorithms_Comparison_Results3.mat
DN-NSGA-II,IGDF,MMF9,13,0.01754340459025332,All_Algorithms_Comparison_Results3.mat
DN-NSGA-II,IGDF,MMF9,14,0.014221209258801524,All_Algorithms_Comparison_Results3.mat
DN-NSGA-II,IGDF,MMF9,15,0.012990266781137794,All_Algorithms_Comparison_Results3.mat
DN-NSGA-II,IGDF,MMF9,16,0.016119279443188965,All_Algorithms_Comparison_Results3.mat
DN-NSGA-II,IGDF,MMF9,17,0.01566871633417674,All_Algorithms_Comparison_Results3.mat
DN-NSGA-II,IGDF,MMF9,18,0.015012675746216035,All_Algorithms_Comparison_Results3.mat
DN-NSGA-II,IGDF,MMF9,19,0.012655351795305605,All_Algorithms_Comparison_Results3.mat
DN-NSGA-II,IGDF,MMF9,20,0.011554281839701912,All_Algorithms_Comparison_Results3.mat
DN-NSGA-II,IGDF,MMF9,21,0.014470435650869447,All_Algorithms_Comparison_Results3.mat
DN-NSGA-II,IGDF,MMF9,22,0.018048260992440154,All_Algorithms_Comparison_Results3.mat
DN-NSGA-II,IGDF,MMF9,23,0.013801095194050216,All_Algorithms_Comparison_Results3.mat
DN-NSGA-II,IGDF,MMF9,24,0.015294232454099572,All_Algorithms_Comparison_Results3.mat
DN-NSGA-II,IGDF,MMF9,25,0.015304587884213083,All_Algorithms_Comparison_Results3.mat
DN-NSGA-II,IGDF,MMF9,26,0.012052636637464295,All_Algorithms_Comparison_Results3.mat
DN-NSGA-II,IGDF,MMF9,27,0.016635904082351806,All_Algorithms_Comparison_Results3.mat
DN-NSGA-II,IGDF,MMF9,28,0.014443869420847254,All_Algorithms_Comparison_Results3.mat
DN-NSGA-II,IGDF,MMF9,29,0.016422689315426106,All_Algorithms_Comparison_Results3.mat
DN-NSGA-II,IGDF,MMF9,30,0.013352647105183312,All_Algorithms_Comparison_Results3.mat
DN-NSGA-II,IGDF,MMF9,31,0.015951829177095957,All_Algorithms_Comparison_Results3.mat
DN-NSGA-II,IGDF,MMF10,1,0.15887802019505037,All_Algorithms_Comparison_Results3.mat
DN-NSGA-II,IGDF,MMF10,2,0.21887214868374394,All_Algorithms_Comparison_Results3.mat
DN-NSGA-II,IGDF,MMF10,3,0.19885726805865112,All_Algorithms_Comparison_Results3.mat
DN-NSGA-II,IGDF,MMF10,4,0.19744812220156727,All_Algorithms_Comparison_Results3.mat
DN-NSGA-II,IGDF,MMF10,5,0.14062270420051334,All_Algorithms_Comparison_Results3.mat
DN-NSGA-II,IGDF,MMF10,6,0.19822811812739233,All_Algorithms_Comparison_Results3.mat
DN-NSGA-II,IGDF,MMF10,7,0.23478461707774984,All_Algorithms_Comparison_Results3.mat
DN-NSGA-II,IGDF,MMF10,8,0.1965717548898971,All_Algorithms_Comparison_Results3.mat
DN-NSGA-II,IGDF,MMF10,9,0.196115776932061,All_Algorithms_Comparison_Results3.mat
DN-NSGA-II,IGDF,MMF10,10,0.18365532168086582,All_Algorithms_Comparison_Results3.mat
DN-NSGA-II,IGDF,MMF10,11,0.15497929391643264,All_Algorithms_Comparison_Results3.mat
DN-NSGA-II,IGDF,MMF10,12,0.11594393924907344,All_Algorithms_Comparison_Results3.mat
DN-NSGA-II,IGDF,MMF10,13,0.19616124473352742,All_Algorithms_Comparison_Results3.mat
DN-NSGA-II,IGDF,MMF10,14,0.19749186376311656,All_Algorithms_Comparison_Results3.mat
DN-NSGA-II,IGDF,MMF10,15,0.19805070205385783,All_Algorithms_Comparison_Results3.mat
DN-NSGA-II,IGDF,MMF10,16,0.13944671230914107,All_Algorithms_Comparison_Results3.mat
DN-NSGA-II,IGDF,MMF10,17,0.1957227210383532,All_Algorithms_Comparison_Results3.mat
DN-NSGA-II,IGDF,MMF10,18,0.1012585590483891,All_Algorithms_Comparison_Results3.mat
DN-NSGA-II,IGDF,MMF10,19,0.2012612170045277,All_Algorithms_Comparison_Results3.mat
DN-NSGA-II,IGDF,MMF10,20,0.24022724784270305,All_Algorithms_Comparison_Results3.mat
DN-NSGA-II,IGDF,MMF10,21,0.19812463808172842,All_Algorithms_Comparison_Results3.mat
DN-NSGA-II,IGDF,MMF10,22,0.19733721080450284,All_Algorithms_Comparison_Results3.mat
DN-NSGA-II,IGDF,MMF10,23,0.19587166641546383,All_Algorithms_Comparison_Results3.mat
DN-NSGA-II,IGDF,MMF10,24,0.1961701738630839,All_Algorithms_Comparison_Results3.mat
DN-NSGA-II,IGDF,MMF10,25,0.20505248169470938,All_Algorithms_Comparison_Results3.mat
DN-NSGA-II,IGDF,MMF10,26,0.14778920989238087,All_Algorithms_Comparison_Results3.mat
DN-NSGA-II,IGDF,MMF10,27,0.197768220037768,All_Algorithms_Comparison_Results3.mat
DN-NSGA-II,IGDF,MMF10,28,0.17758617240554136,All_Algorithms_Comparison_Results3.mat
DN-NSGA-II,IGDF,MMF10,29,0.19697321649346664,All_Algorithms_Comparison_Results3.mat
DN-NSGA-II,IGDF,MMF10,30,0.20448494485752142,All_Algorithms_Comparison_Results3.mat
DN-NSGA-II,IGDF,MMF10,31,0.1972532862872822,All_Algorithms_Comparison_Results3.mat
DN-NSGA-II,IGDF,MMF11,1,0.09585561256938675,All_Algorithms_Comparison_Results3.mat
DN-NSGA-II,IGDF,MMF11,2,0.09751519264216524,All_Algorithms_Comparison_Results3.mat
DN-NSGA-II,IGDF,MMF11,3,0.09777020108590442,All_Algorithms_Comparison_Results3.mat
DN-NSGA-II,IGDF,MMF11,4,0.09712415833596875,All_Algorithms_Comparison_Results3.mat
DN-NSGA-II,IGDF,MMF11,5,0.0968244829689648,All_Algorithms_Comparison_Results3.mat
DN-NSGA-II,IGDF,MMF11,6,0.0959655980458758,All_Algorithms_Comparison_Results3.mat
DN-NSGA-II,IGDF,MMF11,7,0.0981303627991729,All_Algorithms_Comparison_Results3.mat
DN-NSGA-II,IGDF,MMF11,8,0.09716072448335378,All_Algorithms_Comparison_Results3.mat
DN-NSGA-II,IGDF,MMF11,9,0.0978223418737908,All_Algorithms_Comparison_Results3.mat
DN-NSGA-II,IGDF,MMF11,10,0.09608391654077948,All_Algorithms_Comparison_Results3.mat
DN-NSGA-II,IGDF,MMF11,11,0.09521888858578455,All_Algorithms_Comparison_Results3.mat
DN-NSGA-II,IGDF,MMF11,12,0.09784678333034892,All_Algorithms_Comparison_Results3.mat
DN-NSGA-II,IGDF,MMF11,13,0.09798056698896916,All_Algorithms_Comparison_Results3.mat
DN-NSGA-II,IGDF,MMF11,14,0.09812571197260313,All_Algorithms_Comparison_Results3.mat
DN-NSGA-II,IGDF,MMF11,15,0.09680509016253636,All_Algorithms_Comparison_Results3.mat
DN-NSGA-II,IGDF,MMF11,16,0.09741486023564778,All_Algorithms_Comparison_Results3.mat
DN-NSGA-II,IGDF,MMF11,17,0.09659337240020145,All_Algorithms_Comparison_Results3.mat
DN-NSGA-II,IGDF,MMF11,18,0.09830362911281548,All_Algorithms_Comparison_Results3.mat
DN-NSGA-II,IGDF,MMF11,19,0.1004013891636914,All_Algorithms_Comparison_Results3.mat
DN-NSGA-II,IGDF,MMF11,20,0.09696722849681887,All_Algorithms_Comparison_Results3.mat
DN-NSGA-II,IGDF,MMF11,21,0.09543430217285241,All_Algorithms_Comparison_Results3.mat
DN-NSGA-II,IGDF,MMF11,22,0.09986010002509142,All_Algorithms_Comparison_Results3.mat
DN-NSGA-II,IGDF,MMF11,23,0.09633750583968358,All_Algorithms_Comparison_Results3.mat
DN-NSGA-II,IGDF,MMF11,24,0.09676829524021809,All_Algorithms_Comparison_Results3.mat
DN-NSGA-II,IGDF,MMF11,25,0.09815328445769919,All_Algorithms_Comparison_Results3.mat
DN-NSGA-II,IGDF,MMF11,26,0.0984671866230148,All_Algorithms_Comparison_Results3.mat
DN-NSGA-II,IGDF,MMF11,27,0.0965256659756343,All_Algorithms_Comparison_Results3.mat
DN-NSGA-II,IGDF,MMF11,28,0.09763085234103715,All_Algorithms_Comparison_Results3.mat
DN-NSGA-II,IGDF,MMF11,29,0.09657308848341087,All_Algorithms_Comparison_Results3.mat
DN-NSGA-II,IGDF,MMF11,30,0.09736813490151792,All_Algorithms_Comparison_Results3.mat
DN-NSGA-II,IGDF,MMF11,31,0.09715772570986456,All_Algorithms_Comparison_Results3.mat
DN-NSGA-II,IGDF,MMF12,1,0.08372515653279972,All_Algorithms_Comparison_Results3.mat
DN-NSGA-II,IGDF,MMF12,2,0.08335034261572957,All_Algorithms_Comparison_Results3.mat
DN-NSGA-II,IGDF,MMF12,3,0.08324398662157627,All_Algorithms_Comparison_Results3.mat
DN-NSGA-II,IGDF,MMF12,4,0.08301871541315457,All_Algorithms_Comparison_Results3.mat
DN-NSGA-II,IGDF,MMF12,5,0.08310178358911041,All_Algorithms_Comparison_Results3.mat
DN-NSGA-II,IGDF,MMF12,6,0.08318114596877105,All_Algorithms_Comparison_Results3.mat
DN-NSGA-II,IGDF,MMF12,7,0.08310929625731373,All_Algorithms_Comparison_Results3.mat
DN-NSGA-II,IGDF,MMF12,8,0.08307884535553008,All_Algorithms_Comparison_Results3.mat
DN-NSGA-II,IGDF,MMF12,9,0.08315706410223656,All_Algorithms_Comparison_Results3.mat
DN-NSGA-II,IGDF,MMF12,10,0.083087602927925,All_Algorithms_Comparison_Results3.mat
DN-NSGA-II,IGDF,MMF12,11,0.08303529156877704,All_Algorithms_Comparison_Results3.mat
DN-NSGA-II,IGDF,MMF12,12,0.08306340439789707,All_Algorithms_Comparison_Results3.mat
DN-NSGA-II,IGDF,MMF12,13,0.08323010253721312,All_Algorithms_Comparison_Results3.mat
DN-NSGA-II,IGDF,MMF12,14,0.0833472350128717,All_Algorithms_Comparison_Results3.mat
DN-NSGA-II,IGDF,MMF12,15,0.0830360329900171,All_Algorithms_Comparison_Results3.mat
DN-NSGA-II,IGDF,MMF12,16,0.08308031531581726,All_Algorithms_Comparison_Results3.mat
DN-NSGA-II,IGDF,MMF12,17,0.08316183060179548,All_Algorithms_Comparison_Results3.mat
DN-NSGA-II,IGDF,MMF12,18,0.08344170505132648,All_Algorithms_Comparison_Results3.mat
DN-NSGA-II,IGDF,MMF12,19,0.08309469174384414,All_Algorithms_Comparison_Results3.mat
DN-NSGA-II,IGDF,MMF12,20,0.08311883761283463,All_Algorithms_Comparison_Results3.mat
DN-NSGA-II,IGDF,MMF12,21,0.08298346078503109,All_Algorithms_Comparison_Results3.mat
DN-NSGA-II,IGDF,MMF12,22,0.08328294548911373,All_Algorithms_Comparison_Results3.mat
DN-NSGA-II,IGDF,MMF12,23,0.08309163162633972,All_Algorithms_Comparison_Results3.mat
DN-NSGA-II,IGDF,MMF12,24,0.08321906150121493,All_Algorithms_Comparison_Results3.mat
DN-NSGA-II,IGDF,MMF12,25,0.08321760734570126,All_Algorithms_Comparison_Results3.mat
DN-NSGA-II,IGDF,MMF12,26,0.0832275171118608,All_Algorithms_Comparison_Results3.mat
DN-NSGA-II,IGDF,MMF12,27,0.08342686797752909,All_Algorithms_Comparison_Results3.mat
DN-NSGA-II,IGDF,MMF12,28,0.0831033384653888,All_Algorithms_Comparison_Results3.mat
DN-NSGA-II,IGDF,MMF12,29,0.0832772061552917,All_Algorithms_Comparison_Results3.mat
DN-NSGA-II,IGDF,MMF12,30,0.0830163172138495,All_Algorithms_Comparison_Results3.mat
DN-NSGA-II,IGDF,MMF12,31,0.08319760325697059,All_Algorithms_Comparison_Results3.mat
DN-NSGA-II,IGDF,MMF13,1,0.157861031185376,All_Algorithms_Comparison_Results3.mat
DN-NSGA-II,IGDF,MMF13,2,0.14977202074932164,All_Algorithms_Comparison_Results3.mat
DN-NSGA-II,IGDF,MMF13,3,0.1515723546154205,All_Algorithms_Comparison_Results3.mat
DN-NSGA-II,IGDF,MMF13,4,0.15697295356747687,All_Algorithms_Comparison_Results3.mat
DN-NSGA-II,IGDF,MMF13,5,0.1561513425036147,All_Algorithms_Comparison_Results3.mat
DN-NSGA-II,IGDF,MMF13,6,0.15899174285416648,All_Algorithms_Comparison_Results3.mat
DN-NSGA-II,IGDF,MMF13,7,0.1521690163758276,All_Algorithms_Comparison_Results3.mat
DN-NSGA-II,IGDF,MMF13,8,0.1568436792993314,All_Algorithms_Comparison_Results3.mat
DN-NSGA-II,IGDF,MMF13,9,0.15038789131411784,All_Algorithms_Comparison_Results3.mat
DN-NSGA-II,IGDF,MMF13,10,0.1500577647482044,All_Algorithms_Comparison_Results3.mat
DN-NSGA-II,IGDF,MMF13,11,0.1488149472465384,All_Algorithms_Comparison_Results3.mat
DN-NSGA-II,IGDF,MMF13,12,0.14998990141354757,All_Algorithms_Comparison_Results3.mat
DN-NSGA-II,IGDF,MMF13,13,0.1466076914311192,All_Algorithms_Comparison_Results3.mat
DN-NSGA-II,IGDF,MMF13,14,0.15233778093179612,All_Algorithms_Comparison_Results3.mat
DN-NSGA-II,IGDF,MMF13,15,0.15243477011974793,All_Algorithms_Comparison_Results3.mat
DN-NSGA-II,IGDF,MMF13,16,0.14998380201070247,All_Algorithms_Comparison_Results3.mat
DN-NSGA-II,IGDF,MMF13,17,0.1532870326715348,All_Algorithms_Comparison_Results3.mat
DN-NSGA-II,IGDF,MMF13,18,0.15222105426893104,All_Algorithms_Comparison_Results3.mat
DN-NSGA-II,IGDF,MMF13,19,0.14894645557461564,All_Algorithms_Comparison_Results3.mat
DN-NSGA-II,IGDF,MMF13,20,0.15195458136122386,All_Algorithms_Comparison_Results3.mat
DN-NSGA-II,IGDF,MMF13,21,0.14925666515281338,All_Algorithms_Comparison_Results3.mat
DN-NSGA-II,IGDF,MMF13,22,0.1485423047077764,All_Algorithms_Comparison_Results3.mat
DN-NSGA-II,IGDF,MMF13,23,0.149204423814763,All_Algorithms_Comparison_Results3.mat
DN-NSGA-II,IGDF,MMF13,24,0.15125832464884825,All_Algorithms_Comparison_Results3.mat
DN-NSGA-II,IGDF,MMF13,25,0.15064347991176485,All_Algorithms_Comparison_Results3.mat
DN-NSGA-II,IGDF,MMF13,26,0.15325077721816346,All_Algorithms_Comparison_Results3.mat
DN-NSGA-II,IGDF,MMF13,27,0.1512463805208111,All_Algorithms_Comparison_Results3.mat
DN-NSGA-II,IGDF,MMF13,28,0.1551077869476522,All_Algorithms_Comparison_Results3.mat
DN-NSGA-II,IGDF,MMF13,29,0.1514057516589886,All_Algorithms_Comparison_Results3.mat
DN-NSGA-II,IGDF,MMF13,30,0.15206114274613092,All_Algorithms_Comparison_Results3.mat
DN-NSGA-II,IGDF,MMF13,31,0.1498268580540463,All_Algorithms_Comparison_Results3.mat
DN-NSGA-II,IGDF,MMF14,1,0.11366141706609983,All_Algorithms_Comparison_Results3.mat
DN-NSGA-II,IGDF,MMF14,2,0.09995355285307841,All_Algorithms_Comparison_Results3.mat
DN-NSGA-II,IGDF,MMF14,3,0.12342312163287052,All_Algorithms_Comparison_Results3.mat
DN-NSGA-II,IGDF,MMF14,4,0.12162835572027952,All_Algorithms_Comparison_Results3.mat
DN-NSGA-II,IGDF,MMF14,5,0.09821922570115273,All_Algorithms_Comparison_Results3.mat
DN-NSGA-II,IGDF,MMF14,6,0.1036334279121207,All_Algorithms_Comparison_Results3.mat
DN-NSGA-II,IGDF,MMF14,7,0.12631923616817786,All_Algorithms_Comparison_Results3.mat
DN-NSGA-II,IGDF,MMF14,8,0.12019756122275414,All_Algorithms_Comparison_Results3.mat
DN-NSGA-II,IGDF,MMF14,9,0.10650353726700099,All_Algorithms_Comparison_Results3.mat
DN-NSGA-II,IGDF,MMF14,10,0.11004025847969483,All_Algorithms_Comparison_Results3.mat
DN-NSGA-II,IGDF,MMF14,11,0.10387307422343602,All_Algorithms_Comparison_Results3.mat
DN-NSGA-II,IGDF,MMF14,12,0.11999250500922108,All_Algorithms_Comparison_Results3.mat
DN-NSGA-II,IGDF,MMF14,13,0.10598218496575085,All_Algorithms_Comparison_Results3.mat
DN-NSGA-II,IGDF,MMF14,14,0.11502153182735993,All_Algorithms_Comparison_Results3.mat
DN-NSGA-II,IGDF,MMF14,15,0.11642560249631842,All_Algorithms_Comparison_Results3.mat
DN-NSGA-II,IGDF,MMF14,16,0.11785056166022725,All_Algorithms_Comparison_Results3.mat
DN-NSGA-II,IGDF,MMF14,17,0.10450337512730211,All_Algorithms_Comparison_Results3.mat
DN-NSGA-II,IGDF,MMF14,18,0.10957555252916518,All_Algorithms_Comparison_Results3.mat
DN-NSGA-II,IGDF,MMF14,19,0.11322746161652303,All_Algorithms_Comparison_Results3.mat
DN-NSGA-II,IGDF,MMF14,20,0.10540736624744378,All_Algorithms_Comparison_Results3.mat
DN-NSGA-II,IGDF,MMF14,21,0.11623876591256917,All_Algorithms_Comparison_Results3.mat
DN-NSGA-II,IGDF,MMF14,22,0.10518314750780373,All_Algorithms_Comparison_Results3.mat
DN-NSGA-II,IGDF,MMF14,23,0.11331234273588275,All_Algorithms_Comparison_Results3.mat
DN-NSGA-II,IGDF,MMF14,24,0.11005509790429806,All_Algorithms_Comparison_Results3.mat
DN-NSGA-II,IGDF,MMF14,25,0.10916408905606605,All_Algorithms_Comparison_Results3.mat
DN-NSGA-II,IGDF,MMF14,26,0.11778541638906767,All_Algorithms_Comparison_Results3.mat
DN-NSGA-II,IGDF,MMF14,27,0.11012744865536177,All_Algorithms_Comparison_Results3.mat
DN-NSGA-II,IGDF,MMF14,28,0.11663003656277776,All_Algorithms_Comparison_Results3.mat
DN-NSGA-II,IGDF,MMF14,29,0.12899539569524784,All_Algorithms_Comparison_Results3.mat
DN-NSGA-II,IGDF,MMF14,30,0.10802637041636858,All_Algorithms_Comparison_Results3.mat
DN-NSGA-II,IGDF,MMF14,31,0.1204112237425187,All_Algorithms_Comparison_Results3.mat
DN-NSGA-II,IGDF,MMF15,1,0.21560213650171217,All_Algorithms_Comparison_Results3.mat
DN-NSGA-II,IGDF,MMF15,2,0.21067091695636608,All_Algorithms_Comparison_Results3.mat
DN-NSGA-II,IGDF,MMF15,3,0.2146606330900987,All_Algorithms_Comparison_Results3.mat
DN-NSGA-II,IGDF,MMF15,4,0.20937029701545834,All_Algorithms_Comparison_Results3.mat
DN-NSGA-II,IGDF,MMF15,5,0.20707283478737226,All_Algorithms_Comparison_Results3.mat
DN-NSGA-II,IGDF,MMF15,6,0.2087792036694054,All_Algorithms_Comparison_Results3.mat
DN-NSGA-II,IGDF,MMF15,7,0.2075785624449407,All_Algorithms_Comparison_Results3.mat
DN-NSGA-II,IGDF,MMF15,8,0.2168981337788987,All_Algorithms_Comparison_Results3.mat
DN-NSGA-II,IGDF,MMF15,9,0.23754597105134206,All_Algorithms_Comparison_Results3.mat
DN-NSGA-II,IGDF,MMF15,10,0.20224781528583616,All_Algorithms_Comparison_Results3.mat
DN-NSGA-II,IGDF,MMF15,11,0.22134677132856082,All_Algorithms_Comparison_Results3.mat
DN-NSGA-II,IGDF,MMF15,12,0.20767713094658874,All_Algorithms_Comparison_Results3.mat
DN-NSGA-II,IGDF,MMF15,13,0.21098915755524958,All_Algorithms_Comparison_Results3.mat
DN-NSGA-II,IGDF,MMF15,14,0.21949672919863625,All_Algorithms_Comparison_Results3.mat
DN-NSGA-II,IGDF,MMF15,15,0.21718909377989148,All_Algorithms_Comparison_Results3.mat
DN-NSGA-II,IGDF,MMF15,16,0.225580416613512,All_Algorithms_Comparison_Results3.mat
DN-NSGA-II,IGDF,MMF15,17,0.22135470970599416,All_Algorithms_Comparison_Results3.mat
DN-NSGA-II,IGDF,MMF15,18,0.20919081389634883,All_Algorithms_Comparison_Results3.mat
DN-NSGA-II,IGDF,MMF15,19,0.21329782874667025,All_Algorithms_Comparison_Results3.mat
DN-NSGA-II,IGDF,MMF15,20,0.21287152891263658,All_Algorithms_Comparison_Results3.mat
DN-NSGA-II,IGDF,MMF15,21,0.23585095586694146,All_Algorithms_Comparison_Results3.mat
DN-NSGA-II,IGDF,MMF15,22,0.20274076862425786,All_Algorithms_Comparison_Results3.mat
DN-NSGA-II,IGDF,MMF15,23,0.2256544726060004,All_Algorithms_Comparison_Results3.mat
DN-NSGA-II,IGDF,MMF15,24,0.22781647703809543,All_Algorithms_Comparison_Results3.mat
DN-NSGA-II,IGDF,MMF15,25,0.20739605586994003,All_Algorithms_Comparison_Results3.mat
DN-NSGA-II,IGDF,MMF15,26,0.21808872935539816,All_Algorithms_Comparison_Results3.mat
DN-NSGA-II,IGDF,MMF15,27,0.20004713993399004,All_Algorithms_Comparison_Results3.mat
DN-NSGA-II,IGDF,MMF15,28,0.210557871564274,All_Algorithms_Comparison_Results3.mat
DN-NSGA-II,IGDF,MMF15,29,0.21787245605546915,All_Algorithms_Comparison_Results3.mat
DN-NSGA-II,IGDF,MMF15,30,0.2207549376130782,All_Algorithms_Comparison_Results3.mat
DN-NSGA-II,IGDF,MMF15,31,0.20100479816834863,All_Algorithms_Comparison_Results3.mat
DN-NSGA-II,IGDF,MMF1_z,1,0.0028714445569246877,All_Algorithms_Comparison_Results3.mat
DN-NSGA-II,IGDF,MMF1_z,2,0.003060910817184427,All_Algorithms_Comparison_Results3.mat
DN-NSGA-II,IGDF,MMF1_z,3,0.004162958915299458,All_Algorithms_Comparison_Results3.mat
DN-NSGA-II,IGDF,MMF1_z,4,0.0038502047000993317,All_Algorithms_Comparison_Results3.mat
DN-NSGA-II,IGDF,MMF1_z,5,0.003370215566138865,All_Algorithms_Comparison_Results3.mat
DN-NSGA-II,IGDF,MMF1_z,6,0.004020602393694183,All_Algorithms_Comparison_Results3.mat
DN-NSGA-II,IGDF,MMF1_z,7,0.0032907559694362208,All_Algorithms_Comparison_Results3.mat
DN-NSGA-II,IGDF,MMF1_z,8,0.0036173393085595896,All_Algorithms_Comparison_Results3.mat
DN-NSGA-II,IGDF,MMF1_z,9,0.003605434776564724,All_Algorithms_Comparison_Results3.mat
DN-NSGA-II,IGDF,MMF1_z,10,0.003185729206138755,All_Algorithms_Comparison_Results3.mat
DN-NSGA-II,IGDF,MMF1_z,11,0.0033975772661573546,All_Algorithms_Comparison_Results3.mat
DN-NSGA-II,IGDF,MMF1_z,12,0.003933125625155124,All_Algorithms_Comparison_Results3.mat
DN-NSGA-II,IGDF,MMF1_z,13,0.003113948911629035,All_Algorithms_Comparison_Results3.mat
DN-NSGA-II,IGDF,MMF1_z,14,0.003454527176424316,All_Algorithms_Comparison_Results3.mat
DN-NSGA-II,IGDF,MMF1_z,15,0.0031198609407101265,All_Algorithms_Comparison_Results3.mat
DN-NSGA-II,IGDF,MMF1_z,16,0.00325676784315886,All_Algorithms_Comparison_Results3.mat
DN-NSGA-II,IGDF,MMF1_z,17,0.0033588062751116164,All_Algorithms_Comparison_Results3.mat
DN-NSGA-II,IGDF,MMF1_z,18,0.003637182432398489,All_Algorithms_Comparison_Results3.mat
DN-NSGA-II,IGDF,MMF1_z,19,0.003664672776089438,All_Algorithms_Comparison_Results3.mat
DN-NSGA-II,IGDF,MMF1_z,20,0.003375949217950238,All_Algorithms_Comparison_Results3.mat
DN-NSGA-II,IGDF,MMF1_z,21,0.003228360830671039,All_Algorithms_Comparison_Results3.mat
DN-NSGA-II,IGDF,MMF1_z,22,0.003000442393917462,All_Algorithms_Comparison_Results3.mat
DN-NSGA-II,IGDF,MMF1_z,23,0.004225461705058906,All_Algorithms_Comparison_Results3.mat
DN-NSGA-II,IGDF,MMF1_z,24,0.0036364457405228595,All_Algorithms_Comparison_Results3.mat
DN-NSGA-II,IGDF,MMF1_z,25,0.0029999747669091246,All_Algorithms_Comparison_Results3.mat
DN-NSGA-II,IGDF,MMF1_z,26,0.003237142723111117,All_Algorithms_Comparison_Results3.mat
DN-NSGA-II,IGDF,MMF1_z,27,0.0033927023660615245,All_Algorithms_Comparison_Results3.mat
DN-NSGA-II,IGDF,MMF1_z,28,0.0034059243665649015,All_Algorithms_Comparison_Results3.mat
DN-NSGA-II,IGDF,MMF1_z,29,0.0032938764835024905,All_Algorithms_Comparison_Results3.mat
DN-NSGA-II,IGDF,MMF1_z,30,0.003367393248690465,All_Algorithms_Comparison_Results3.mat
DN-NSGA-II,IGDF,MMF1_z,31,0.0035027296489897287,All_Algorithms_Comparison_Results3.mat
DN-NSGA-II,IGDF,MMF1_e,1,0.01062975122609428,All_Algorithms_Comparison_Results3.mat
DN-NSGA-II,IGDF,MMF1_e,2,0.0037816116015214614,All_Algorithms_Comparison_Results3.mat
DN-NSGA-II,IGDF,MMF1_e,3,0.008913767747734294,All_Algorithms_Comparison_Results3.mat
DN-NSGA-II,IGDF,MMF1_e,4,0.02006927857796277,All_Algorithms_Comparison_Results3.mat
DN-NSGA-II,IGDF,MMF1_e,5,0.008849441548180405,All_Algorithms_Comparison_Results3.mat
DN-NSGA-II,IGDF,MMF1_e,6,0.005931908860974946,All_Algorithms_Comparison_Results3.mat
DN-NSGA-II,IGDF,MMF1_e,7,0.0033642301456651468,All_Algorithms_Comparison_Results3.mat
DN-NSGA-II,IGDF,MMF1_e,8,0.020613269076976578,All_Algorithms_Comparison_Results3.mat
DN-NSGA-II,IGDF,MMF1_e,9,0.009647675444249118,All_Algorithms_Comparison_Results3.mat
DN-NSGA-II,IGDF,MMF1_e,10,0.0037644503062143025,All_Algorithms_Comparison_Results3.mat
DN-NSGA-II,IGDF,MMF1_e,11,0.027013271521008395,All_Algorithms_Comparison_Results3.mat
DN-NSGA-II,IGDF,MMF1_e,12,0.007195660908855147,All_Algorithms_Comparison_Results3.mat
DN-NSGA-II,IGDF,MMF1_e,13,0.01561148233708141,All_Algorithms_Comparison_Results3.mat
DN-NSGA-II,IGDF,MMF1_e,14,0.004018178717369343,All_Algorithms_Comparison_Results3.mat
DN-NSGA-II,IGDF,MMF1_e,15,0.0060617575791267345,All_Algorithms_Comparison_Results3.mat
DN-NSGA-II,IGDF,MMF1_e,16,0.008415489274076813,All_Algorithms_Comparison_Results3.mat
DN-NSGA-II,IGDF,MMF1_e,17,0.009508915628244989,All_Algorithms_Comparison_Results3.mat
DN-NSGA-II,IGDF,MMF1_e,18,0.013487787676017453,All_Algorithms_Comparison_Results3.mat
DN-NSGA-II,IGDF,MMF1_e,19,0.017178494160722577,All_Algorithms_Comparison_Results3.mat
DN-NSGA-II,IGDF,MMF1_e,20,0.007060006851726324,All_Algorithms_Comparison_Results3.mat
DN-NSGA-II,IGDF,MMF1_e,21,0.003522690140407234,All_Algorithms_Comparison_Results3.mat
DN-NSGA-II,IGDF,MMF1_e,22,0.01456027527817188,All_Algorithms_Comparison_Results3.mat
DN-NSGA-II,IGDF,MMF1_e,23,0.029104616296130644,All_Algorithms_Comparison_Results3.mat
DN-NSGA-II,IGDF,MMF1_e,24,0.05893071710970349,All_Algorithms_Comparison_Results3.mat
DN-NSGA-II,IGDF,MMF1_e,25,0.007514569000001054,All_Algorithms_Comparison_Results3.mat
DN-NSGA-II,IGDF,MMF1_e,26,0.01224763863538838,All_Algorithms_Comparison_Results3.mat
DN-NSGA-II,IGDF,MMF1_e,27,0.030109733450643997,All_Algorithms_Comparison_Results3.mat
DN-NSGA-II,IGDF,MMF1_e,28,0.013423144341576421,All_Algorithms_Comparison_Results3.mat
DN-NSGA-II,IGDF,MMF1_e,29,0.017566331124932725,All_Algorithms_Comparison_Results3.mat
DN-NSGA-II,IGDF,MMF1_e,30,0.009015535933864066,All_Algorithms_Comparison_Results3.mat
DN-NSGA-II,IGDF,MMF1_e,31,0.006838839484993312,All_Algorithms_Comparison_Results3.mat
DN-NSGA-II,IGDF,MMF14_a,1,0.12002424187094182,All_Algorithms_Comparison_Results3.mat
DN-NSGA-II,IGDF,MMF14_a,2,0.13294128611471942,All_Algorithms_Comparison_Results3.mat
DN-NSGA-II,IGDF,MMF14_a,3,0.13438133988867776,All_Algorithms_Comparison_Results3.mat
DN-NSGA-II,IGDF,MMF14_a,4,0.12489183622807681,All_Algorithms_Comparison_Results3.mat
DN-NSGA-II,IGDF,MMF14_a,5,0.13452191689599674,All_Algorithms_Comparison_Results3.mat
DN-NSGA-II,IGDF,MMF14_a,6,0.12074478370922188,All_Algorithms_Comparison_Results3.mat
DN-NSGA-II,IGDF,MMF14_a,7,0.12119608025092025,All_Algorithms_Comparison_Results3.mat
DN-NSGA-II,IGDF,MMF14_a,8,0.12994619671121513,All_Algorithms_Comparison_Results3.mat
DN-NSGA-II,IGDF,MMF14_a,9,0.11734735719495051,All_Algorithms_Comparison_Results3.mat
DN-NSGA-II,IGDF,MMF14_a,10,0.12184103242295982,All_Algorithms_Comparison_Results3.mat
DN-NSGA-II,IGDF,MMF14_a,11,0.14977989907815212,All_Algorithms_Comparison_Results3.mat
DN-NSGA-II,IGDF,MMF14_a,12,0.13073911852257916,All_Algorithms_Comparison_Results3.mat
DN-NSGA-II,IGDF,MMF14_a,13,0.11767617069222269,All_Algorithms_Comparison_Results3.mat
DN-NSGA-II,IGDF,MMF14_a,14,0.11301184709429057,All_Algorithms_Comparison_Results3.mat
DN-NSGA-II,IGDF,MMF14_a,15,0.11586547155261391,All_Algorithms_Comparison_Results3.mat
DN-NSGA-II,IGDF,MMF14_a,16,0.13297551972598848,All_Algorithms_Comparison_Results3.mat
DN-NSGA-II,IGDF,MMF14_a,17,0.13514870696951004,All_Algorithms_Comparison_Results3.mat
DN-NSGA-II,IGDF,MMF14_a,18,0.14827717733435186,All_Algorithms_Comparison_Results3.mat
DN-NSGA-II,IGDF,MMF14_a,19,0.10652854634333246,All_Algorithms_Comparison_Results3.mat
DN-NSGA-II,IGDF,MMF14_a,20,0.11707956167850196,All_Algorithms_Comparison_Results3.mat
DN-NSGA-II,IGDF,MMF14_a,21,0.11131910853693029,All_Algorithms_Comparison_Results3.mat
DN-NSGA-II,IGDF,MMF14_a,22,0.12446924662705548,All_Algorithms_Comparison_Results3.mat
DN-NSGA-II,IGDF,MMF14_a,23,0.12270254181909017,All_Algorithms_Comparison_Results3.mat
DN-NSGA-II,IGDF,MMF14_a,24,0.12878969861520723,All_Algorithms_Comparison_Results3.mat
DN-NSGA-II,IGDF,MMF14_a,25,0.14261912559754308,All_Algorithms_Comparison_Results3.mat
DN-NSGA-II,IGDF,MMF14_a,26,0.11211510028081205,All_Algorithms_Comparison_Results3.mat
DN-NSGA-II,IGDF,MMF14_a,27,0.12118020459510945,All_Algorithms_Comparison_Results3.mat
DN-NSGA-II,IGDF,MMF14_a,28,0.13499616790236527,All_Algorithms_Comparison_Results3.mat
DN-NSGA-II,IGDF,MMF14_a,29,0.12081873324810168,All_Algorithms_Comparison_Results3.mat
DN-NSGA-II,IGDF,MMF14_a,30,0.1431901453357267,All_Algorithms_Comparison_Results3.mat
DN-NSGA-II,IGDF,MMF14_a,31,0.118666979673688,All_Algorithms_Comparison_Results3.mat
DN-NSGA-II,IGDF,MMF15_a,1,0.23013250377310893,All_Algorithms_Comparison_Results3.mat
DN-NSGA-II,IGDF,MMF15_a,2,0.23130602202568962,All_Algorithms_Comparison_Results3.mat
DN-NSGA-II,IGDF,MMF15_a,3,0.22020473480192726,All_Algorithms_Comparison_Results3.mat
DN-NSGA-II,IGDF,MMF15_a,4,0.2233994683615094,All_Algorithms_Comparison_Results3.mat
DN-NSGA-II,IGDF,MMF15_a,5,0.22379204768854097,All_Algorithms_Comparison_Results3.mat
DN-NSGA-II,IGDF,MMF15_a,6,0.23512207218475106,All_Algorithms_Comparison_Results3.mat
DN-NSGA-II,IGDF,MMF15_a,7,0.2183354485627207,All_Algorithms_Comparison_Results3.mat
DN-NSGA-II,IGDF,MMF15_a,8,0.23157236345316456,All_Algorithms_Comparison_Results3.mat
DN-NSGA-II,IGDF,MMF15_a,9,0.22018048631766524,All_Algorithms_Comparison_Results3.mat
DN-NSGA-II,IGDF,MMF15_a,10,0.22512407664618422,All_Algorithms_Comparison_Results3.mat
DN-NSGA-II,IGDF,MMF15_a,11,0.24543425785537779,All_Algorithms_Comparison_Results3.mat
DN-NSGA-II,IGDF,MMF15_a,12,0.21339508910778204,All_Algorithms_Comparison_Results3.mat
DN-NSGA-II,IGDF,MMF15_a,13,0.2504696122673131,All_Algorithms_Comparison_Results3.mat
DN-NSGA-II,IGDF,MMF15_a,14,0.2251484557426932,All_Algorithms_Comparison_Results3.mat
DN-NSGA-II,IGDF,MMF15_a,15,0.22426096939014334,All_Algorithms_Comparison_Results3.mat
DN-NSGA-II,IGDF,MMF15_a,16,0.26630181836102856,All_Algorithms_Comparison_Results3.mat
DN-NSGA-II,IGDF,MMF15_a,17,0.2446693803492813,All_Algorithms_Comparison_Results3.mat
DN-NSGA-II,IGDF,MMF15_a,18,0.2254615735636044,All_Algorithms_Comparison_Results3.mat
DN-NSGA-II,IGDF,MMF15_a,19,0.22101505328186727,All_Algorithms_Comparison_Results3.mat
DN-NSGA-II,IGDF,MMF15_a,20,0.24438553341195884,All_Algorithms_Comparison_Results3.mat
DN-NSGA-II,IGDF,MMF15_a,21,0.24335793852571697,All_Algorithms_Comparison_Results3.mat
DN-NSGA-II,IGDF,MMF15_a,22,0.2149354927092391,All_Algorithms_Comparison_Results3.mat
DN-NSGA-II,IGDF,MMF15_a,23,0.2267494071433743,All_Algorithms_Comparison_Results3.mat
DN-NSGA-II,IGDF,MMF15_a,24,0.21309609974859378,All_Algorithms_Comparison_Results3.mat
DN-NSGA-II,IGDF,MMF15_a,25,0.2353963210112733,All_Algorithms_Comparison_Results3.mat
DN-NSGA-II,IGDF,MMF15_a,26,0.24388044422373606,All_Algorithms_Comparison_Results3.mat
DN-NSGA-II,IGDF,MMF15_a,27,0.24705172580371454,All_Algorithms_Comparison_Results3.mat
DN-NSGA-II,IGDF,MMF15_a,28,0.22611160893042073,All_Algorithms_Comparison_Results3.mat
DN-NSGA-II,IGDF,MMF15_a,29,0.22755779937624274,All_Algorithms_Comparison_Results3.mat
DN-NSGA-II,IGDF,MMF15_a,30,0.22321409419389157,All_Algorithms_Comparison_Results3.mat
DN-NSGA-II,IGDF,MMF15_a,31,0.23838784110168007,All_Algorithms_Comparison_Results3.mat
DN-NSGA-II,IGDF,SYM_PART_simple,1,0.012249889064784681,All_Algorithms_Comparison_Results3.mat
DN-NSGA-II,IGDF,SYM_PART_simple,2,0.013072459909002776,All_Algorithms_Comparison_Results3.mat
DN-NSGA-II,IGDF,SYM_PART_simple,3,0.012613767729686169,All_Algorithms_Comparison_Results3.mat
DN-NSGA-II,IGDF,SYM_PART_simple,4,0.011628542867504308,All_Algorithms_Comparison_Results3.mat
DN-NSGA-II,IGDF,SYM_PART_simple,5,0.012915716601725986,All_Algorithms_Comparison_Results3.mat
DN-NSGA-II,IGDF,SYM_PART_simple,6,0.010384430350361412,All_Algorithms_Comparison_Results3.mat
DN-NSGA-II,IGDF,SYM_PART_simple,7,0.010610548284359362,All_Algorithms_Comparison_Results3.mat
DN-NSGA-II,IGDF,SYM_PART_simple,8,0.015282486252849566,All_Algorithms_Comparison_Results3.mat
DN-NSGA-II,IGDF,SYM_PART_simple,9,0.009375270264269753,All_Algorithms_Comparison_Results3.mat
DN-NSGA-II,IGDF,SYM_PART_simple,10,0.01350101607772443,All_Algorithms_Comparison_Results3.mat
DN-NSGA-II,IGDF,SYM_PART_simple,11,0.012640424270634195,All_Algorithms_Comparison_Results3.mat
DN-NSGA-II,IGDF,SYM_PART_simple,12,0.011497488298689261,All_Algorithms_Comparison_Results3.mat
DN-NSGA-II,IGDF,SYM_PART_simple,13,0.01189834593026584,All_Algorithms_Comparison_Results3.mat
DN-NSGA-II,IGDF,SYM_PART_simple,14,0.013145039430584598,All_Algorithms_Comparison_Results3.mat
DN-NSGA-II,IGDF,SYM_PART_simple,15,0.01198613418106824,All_Algorithms_Comparison_Results3.mat
DN-NSGA-II,IGDF,SYM_PART_simple,16,0.01294937461939895,All_Algorithms_Comparison_Results3.mat
DN-NSGA-II,IGDF,SYM_PART_simple,17,0.01345412327967901,All_Algorithms_Comparison_Results3.mat
DN-NSGA-II,IGDF,SYM_PART_simple,18,0.015113441101216195,All_Algorithms_Comparison_Results3.mat
DN-NSGA-II,IGDF,SYM_PART_simple,19,0.011226468838108678,All_Algorithms_Comparison_Results3.mat
DN-NSGA-II,IGDF,SYM_PART_simple,20,0.012878856773711747,All_Algorithms_Comparison_Results3.mat
DN-NSGA-II,IGDF,SYM_PART_simple,21,0.0147614649096205,All_Algorithms_Comparison_Results3.mat
DN-NSGA-II,IGDF,SYM_PART_simple,22,0.013433841004277344,All_Algorithms_Comparison_Results3.mat
DN-NSGA-II,IGDF,SYM_PART_simple,23,0.01256518340472401,All_Algorithms_Comparison_Results3.mat
DN-NSGA-II,IGDF,SYM_PART_simple,24,0.010661796633113233,All_Algorithms_Comparison_Results3.mat
DN-NSGA-II,IGDF,SYM_PART_simple,25,0.010018811790635854,All_Algorithms_Comparison_Results3.mat
DN-NSGA-II,IGDF,SYM_PART_simple,26,0.015435043063168794,All_Algorithms_Comparison_Results3.mat
DN-NSGA-II,IGDF,SYM_PART_simple,27,0.01209189765004838,All_Algorithms_Comparison_Results3.mat
DN-NSGA-II,IGDF,SYM_PART_simple,28,0.014066529501313839,All_Algorithms_Comparison_Results3.mat
DN-NSGA-II,IGDF,SYM_PART_simple,29,0.011907299581474467,All_Algorithms_Comparison_Results3.mat
DN-NSGA-II,IGDF,SYM_PART_simple,30,0.012561968966407247,All_Algorithms_Comparison_Results3.mat
DN-NSGA-II,IGDF,SYM_PART_simple,31,0.011415033100119092,All_Algorithms_Comparison_Results3.mat
DN-NSGA-II,IGDF,SYM_PART_rotated,1,0.015617637434003667,All_Algorithms_Comparison_Results3.mat
DN-NSGA-II,IGDF,SYM_PART_rotated,2,0.012889929510478149,All_Algorithms_Comparison_Results3.mat
DN-NSGA-II,IGDF,SYM_PART_rotated,3,0.011608516753122494,All_Algorithms_Comparison_Results3.mat
DN-NSGA-II,IGDF,SYM_PART_rotated,4,0.01694098168426812,All_Algorithms_Comparison_Results3.mat
DN-NSGA-II,IGDF,SYM_PART_rotated,5,0.012687468470159991,All_Algorithms_Comparison_Results3.mat
DN-NSGA-II,IGDF,SYM_PART_rotated,6,0.016238229116224766,All_Algorithms_Comparison_Results3.mat
DN-NSGA-II,IGDF,SYM_PART_rotated,7,0.014402046890026885,All_Algorithms_Comparison_Results3.mat
DN-NSGA-II,IGDF,SYM_PART_rotated,8,0.015837387299295683,All_Algorithms_Comparison_Results3.mat
DN-NSGA-II,IGDF,SYM_PART_rotated,9,0.01736392478007214,All_Algorithms_Comparison_Results3.mat
DN-NSGA-II,IGDF,SYM_PART_rotated,10,0.015469581722293877,All_Algorithms_Comparison_Results3.mat
DN-NSGA-II,IGDF,SYM_PART_rotated,11,0.01619839986865259,All_Algorithms_Comparison_Results3.mat
DN-NSGA-II,IGDF,SYM_PART_rotated,12,0.017567508613450748,All_Algorithms_Comparison_Results3.mat
DN-NSGA-II,IGDF,SYM_PART_rotated,13,0.015004988130915624,All_Algorithms_Comparison_Results3.mat
DN-NSGA-II,IGDF,SYM_PART_rotated,14,0.015732818302990646,All_Algorithms_Comparison_Results3.mat
DN-NSGA-II,IGDF,SYM_PART_rotated,15,0.014629965004911009,All_Algorithms_Comparison_Results3.mat
DN-NSGA-II,IGDF,SYM_PART_rotated,16,0.016672731249193887,All_Algorithms_Comparison_Results3.mat
DN-NSGA-II,IGDF,SYM_PART_rotated,17,0.016949975880703298,All_Algorithms_Comparison_Results3.mat
DN-NSGA-II,IGDF,SYM_PART_rotated,18,0.013770497911502078,All_Algorithms_Comparison_Results3.mat
DN-NSGA-II,IGDF,SYM_PART_rotated,19,0.01421237778007931,All_Algorithms_Comparison_Results3.mat
DN-NSGA-II,IGDF,SYM_PART_rotated,20,0.017011202718887793,All_Algorithms_Comparison_Results3.mat
DN-NSGA-II,IGDF,SYM_PART_rotated,21,0.016163117680481676,All_Algorithms_Comparison_Results3.mat
DN-NSGA-II,IGDF,SYM_PART_rotated,22,0.015053132516243305,All_Algorithms_Comparison_Results3.mat
DN-NSGA-II,IGDF,SYM_PART_rotated,23,0.013693259341748172,All_Algorithms_Comparison_Results3.mat
DN-NSGA-II,IGDF,SYM_PART_rotated,24,0.01587020152416877,All_Algorithms_Comparison_Results3.mat
DN-NSGA-II,IGDF,SYM_PART_rotated,25,0.014944288188280459,All_Algorithms_Comparison_Results3.mat
DN-NSGA-II,IGDF,SYM_PART_rotated,26,0.016791483362308596,All_Algorithms_Comparison_Results3.mat
DN-NSGA-II,IGDF,SYM_PART_rotated,27,0.015068360334993952,All_Algorithms_Comparison_Results3.mat
DN-NSGA-II,IGDF,SYM_PART_rotated,28,0.013498167582624709,All_Algorithms_Comparison_Results3.mat
DN-NSGA-II,IGDF,SYM_PART_rotated,29,0.015351603731088974,All_Algorithms_Comparison_Results3.mat
DN-NSGA-II,IGDF,SYM_PART_rotated,30,0.014023897017118007,All_Algorithms_Comparison_Results3.mat
DN-NSGA-II,IGDF,SYM_PART_rotated,31,0.013845997805831638,All_Algorithms_Comparison_Results3.mat
DN-NSGA-II,IGDF,Omni_test,1,0.007818999688648536,All_Algorithms_Comparison_Results3.mat
DN-NSGA-II,IGDF,Omni_test,2,0.007489416982799108,All_Algorithms_Comparison_Results3.mat
DN-NSGA-II,IGDF,Omni_test,3,0.007769986526885296,All_Algorithms_Comparison_Results3.mat
DN-NSGA-II,IGDF,Omni_test,4,0.008105855300632611,All_Algorithms_Comparison_Results3.mat
DN-NSGA-II,IGDF,Omni_test,5,0.00788770904517741,All_Algorithms_Comparison_Results3.mat
DN-NSGA-II,IGDF,Omni_test,6,0.007810667937422791,All_Algorithms_Comparison_Results3.mat
DN-NSGA-II,IGDF,Omni_test,7,0.007898838529662134,All_Algorithms_Comparison_Results3.mat
DN-NSGA-II,IGDF,Omni_test,8,0.007898157762526212,All_Algorithms_Comparison_Results3.mat
DN-NSGA-II,IGDF,Omni_test,9,0.007834193586038056,All_Algorithms_Comparison_Results3.mat
DN-NSGA-II,IGDF,Omni_test,10,0.007458630296195823,All_Algorithms_Comparison_Results3.mat
DN-NSGA-II,IGDF,Omni_test,11,0.007803102784411546,All_Algorithms_Comparison_Results3.mat
DN-NSGA-II,IGDF,Omni_test,12,0.007627868119891581,All_Algorithms_Comparison_Results3.mat
DN-NSGA-II,IGDF,Omni_test,13,0.007692039423074772,All_Algorithms_Comparison_Results3.mat
DN-NSGA-II,IGDF,Omni_test,14,0.007159982929699081,All_Algorithms_Comparison_Results3.mat
DN-NSGA-II,IGDF,Omni_test,15,0.008296972039384481,All_Algorithms_Comparison_Results3.mat
DN-NSGA-II,IGDF,Omni_test,16,0.007647346502924906,All_Algorithms_Comparison_Results3.mat
DN-NSGA-II,IGDF,Omni_test,17,0.007749552251060254,All_Algorithms_Comparison_Results3.mat
DN-NSGA-II,IGDF,Omni_test,18,0.007564722292466247,All_Algorithms_Comparison_Results3.mat
DN-NSGA-II,IGDF,Omni_test,19,0.007092533815631953,All_Algorithms_Comparison_Results3.mat
DN-NSGA-II,IGDF,Omni_test,20,0.007844278518950892,All_Algorithms_Comparison_Results3.mat
DN-NSGA-II,IGDF,Omni_test,21,0.007299676398812496,All_Algorithms_Comparison_Results3.mat
DN-NSGA-II,IGDF,Omni_test,22,0.008267472094142638,All_Algorithms_Comparison_Results3.mat
DN-NSGA-II,IGDF,Omni_test,23,0.007583571449069349,All_Algorithms_Comparison_Results3.mat
DN-NSGA-II,IGDF,Omni_test,24,0.008014847594954305,All_Algorithms_Comparison_Results3.mat
DN-NSGA-II,IGDF,Omni_test,25,0.00871275059072981,All_Algorithms_Comparison_Results3.mat
DN-NSGA-II,IGDF,Omni_test,26,0.008124357371295672,All_Algorithms_Comparison_Results3.mat
DN-NSGA-II,IGDF,Omni_test,27,0.007970853015048573,All_Algorithms_Comparison_Results3.mat
DN-NSGA-II,IGDF,Omni_test,28,0.007893202108010188,All_Algorithms_Comparison_Results3.mat
DN-NSGA-II,IGDF,Omni_test,29,0.00840355161437766,All_Algorithms_Comparison_Results3.mat
DN-NSGA-II,IGDF,Omni_test,30,0.008273997318723986,All_Algorithms_Comparison_Results3.mat
DN-NSGA-II,IGDF,Omni_test,31,0.007510770637516645,All_Algorithms_Comparison_Results3.mat
SPD-DN-NSGA-II,rPSP,MMF1,1,0.05156963380643369,All_Algorithms_Comparison_Results3.mat
SPD-DN-NSGA-II,rPSP,MMF1,2,0.049934156116516325,All_Algorithms_Comparison_Results3.mat
SPD-DN-NSGA-II,rPSP,MMF1,3,0.05150443750108123,All_Algorithms_Comparison_Results3.mat
SPD-DN-NSGA-II,rPSP,MMF1,4,0.04947767133057788,All_Algorithms_Comparison_Results3.mat
SPD-DN-NSGA-II,rPSP,MMF1,5,0.04988836530106888,All_Algorithms_Comparison_Results3.mat
SPD-DN-NSGA-II,rPSP,MMF1,6,0.051059248583936644,All_Algorithms_Comparison_Results3.mat
SPD-DN-NSGA-II,rPSP,MMF1,7,0.053103227005292394,All_Algorithms_Comparison_Results3.mat
SPD-DN-NSGA-II,rPSP,MMF1,8,0.04881395081851488,All_Algorithms_Comparison_Results3.mat
SPD-DN-NSGA-II,rPSP,MMF1,9,0.04615657383390188,All_Algorithms_Comparison_Results3.mat
SPD-DN-NSGA-II,rPSP,MMF1,10,0.049384453982308944,All_Algorithms_Comparison_Results3.mat
SPD-DN-NSGA-II,rPSP,MMF1,11,0.05293221031067026,All_Algorithms_Comparison_Results3.mat
SPD-DN-NSGA-II,rPSP,MMF1,12,0.05060722083963648,All_Algorithms_Comparison_Results3.mat
SPD-DN-NSGA-II,rPSP,MMF1,13,0.04921289791128929,All_Algorithms_Comparison_Results3.mat
SPD-DN-NSGA-II,rPSP,MMF1,14,0.05057064989269668,All_Algorithms_Comparison_Results3.mat
SPD-DN-NSGA-II,rPSP,MMF1,15,0.04312892366535526,All_Algorithms_Comparison_Results3.mat
SPD-DN-NSGA-II,rPSP,MMF1,16,0.0509098426861815,All_Algorithms_Comparison_Results3.mat
SPD-DN-NSGA-II,rPSP,MMF1,17,0.055700724636496515,All_Algorithms_Comparison_Results3.mat
SPD-DN-NSGA-II,rPSP,MMF1,18,0.05482437850365136,All_Algorithms_Comparison_Results3.mat
SPD-DN-NSGA-II,rPSP,MMF1,19,0.050137661270465185,All_Algorithms_Comparison_Results3.mat
SPD-DN-NSGA-II,rPSP,MMF1,20,0.05088098110347608,All_Algorithms_Comparison_Results3.mat
SPD-DN-NSGA-II,rPSP,MMF1,21,0.04945731336072461,All_Algorithms_Comparison_Results3.mat
SPD-DN-NSGA-II,rPSP,MMF1,22,0.045516801354012565,All_Algorithms_Comparison_Results3.mat
SPD-DN-NSGA-II,rPSP,MMF1,23,0.05297189703556269,All_Algorithms_Comparison_Results3.mat
SPD-DN-NSGA-II,rPSP,MMF1,24,0.04979521073353952,All_Algorithms_Comparison_Results3.mat
SPD-DN-NSGA-II,rPSP,MMF1,25,0.04980963928274828,All_Algorithms_Comparison_Results3.mat
SPD-DN-NSGA-II,rPSP,MMF1,26,0.04930509441365291,All_Algorithms_Comparison_Results3.mat
SPD-DN-NSGA-II,rPSP,MMF1,27,0.048007126357497196,All_Algorithms_Comparison_Results3.mat
SPD-DN-NSGA-II,rPSP,MMF1,28,0.048800445869429644,All_Algorithms_Comparison_Results3.mat
SPD-DN-NSGA-II,rPSP,MMF1,29,0.08042913954704035,All_Algorithms_Comparison_Results3.mat
SPD-DN-NSGA-II,rPSP,MMF1,30,0.05394542122906551,All_Algorithms_Comparison_Results3.mat
SPD-DN-NSGA-II,rPSP,MMF1,31,0.048900552001501,All_Algorithms_Comparison_Results3.mat
SPD-DN-NSGA-II,rPSP,MMF2,1,0.03559053471658476,All_Algorithms_Comparison_Results3.mat
SPD-DN-NSGA-II,rPSP,MMF2,2,0.023118862009660682,All_Algorithms_Comparison_Results3.mat
SPD-DN-NSGA-II,rPSP,MMF2,3,0.04750151285150527,All_Algorithms_Comparison_Results3.mat
SPD-DN-NSGA-II,rPSP,MMF2,4,0.027425741487655707,All_Algorithms_Comparison_Results3.mat
SPD-DN-NSGA-II,rPSP,MMF2,5,0.023007592270733526,All_Algorithms_Comparison_Results3.mat
SPD-DN-NSGA-II,rPSP,MMF2,6,0.05392722617326468,All_Algorithms_Comparison_Results3.mat
SPD-DN-NSGA-II,rPSP,MMF2,7,0.031091957749676224,All_Algorithms_Comparison_Results3.mat
SPD-DN-NSGA-II,rPSP,MMF2,8,0.038847618280769984,All_Algorithms_Comparison_Results3.mat
SPD-DN-NSGA-II,rPSP,MMF2,9,0.04551483094460114,All_Algorithms_Comparison_Results3.mat
SPD-DN-NSGA-II,rPSP,MMF2,10,0.02515454080556887,All_Algorithms_Comparison_Results3.mat
SPD-DN-NSGA-II,rPSP,MMF2,11,0.029374905256303253,All_Algorithms_Comparison_Results3.mat
SPD-DN-NSGA-II,rPSP,MMF2,12,0.02004249399768004,All_Algorithms_Comparison_Results3.mat
SPD-DN-NSGA-II,rPSP,MMF2,13,0.03665342604716097,All_Algorithms_Comparison_Results3.mat
SPD-DN-NSGA-II,rPSP,MMF2,14,0.021245058710660042,All_Algorithms_Comparison_Results3.mat
SPD-DN-NSGA-II,rPSP,MMF2,15,0.03459372342899765,All_Algorithms_Comparison_Results3.mat
SPD-DN-NSGA-II,rPSP,MMF2,16,0.02958894856671531,All_Algorithms_Comparison_Results3.mat
SPD-DN-NSGA-II,rPSP,MMF2,17,0.06213664352905567,All_Algorithms_Comparison_Results3.mat
SPD-DN-NSGA-II,rPSP,MMF2,18,0.033559030524871386,All_Algorithms_Comparison_Results3.mat
SPD-DN-NSGA-II,rPSP,MMF2,19,0.04321806960352068,All_Algorithms_Comparison_Results3.mat
SPD-DN-NSGA-II,rPSP,MMF2,20,0.08697143959044723,All_Algorithms_Comparison_Results3.mat
SPD-DN-NSGA-II,rPSP,MMF2,21,0.038998337146587084,All_Algorithms_Comparison_Results3.mat
SPD-DN-NSGA-II,rPSP,MMF2,22,0.0343560758907924,All_Algorithms_Comparison_Results3.mat
SPD-DN-NSGA-II,rPSP,MMF2,23,0.04417902337552841,All_Algorithms_Comparison_Results3.mat
SPD-DN-NSGA-II,rPSP,MMF2,24,0.028223533718439747,All_Algorithms_Comparison_Results3.mat
SPD-DN-NSGA-II,rPSP,MMF2,25,0.07133078437245087,All_Algorithms_Comparison_Results3.mat
SPD-DN-NSGA-II,rPSP,MMF2,26,0.02702168103340344,All_Algorithms_Comparison_Results3.mat
SPD-DN-NSGA-II,rPSP,MMF2,27,0.0329310451798768,All_Algorithms_Comparison_Results3.mat
SPD-DN-NSGA-II,rPSP,MMF2,28,0.024424831071045042,All_Algorithms_Comparison_Results3.mat
SPD-DN-NSGA-II,rPSP,MMF2,29,0.032605026683874126,All_Algorithms_Comparison_Results3.mat
SPD-DN-NSGA-II,rPSP,MMF2,30,0.024688785032915602,All_Algorithms_Comparison_Results3.mat
SPD-DN-NSGA-II,rPSP,MMF2,31,0.06492037236546494,All_Algorithms_Comparison_Results3.mat
SPD-DN-NSGA-II,rPSP,MMF3,1,0.029372499491805804,All_Algorithms_Comparison_Results3.mat
SPD-DN-NSGA-II,rPSP,MMF3,2,0.025529762146174764,All_Algorithms_Comparison_Results3.mat
SPD-DN-NSGA-II,rPSP,MMF3,3,0.07035881309798887,All_Algorithms_Comparison_Results3.mat
SPD-DN-NSGA-II,rPSP,MMF3,4,0.03131222599389631,All_Algorithms_Comparison_Results3.mat
SPD-DN-NSGA-II,rPSP,MMF3,5,0.051309697148509754,All_Algorithms_Comparison_Results3.mat
SPD-DN-NSGA-II,rPSP,MMF3,6,0.01976312232180456,All_Algorithms_Comparison_Results3.mat
SPD-DN-NSGA-II,rPSP,MMF3,7,0.025434274511629468,All_Algorithms_Comparison_Results3.mat
SPD-DN-NSGA-II,rPSP,MMF3,8,0.04941344831873977,All_Algorithms_Comparison_Results3.mat
SPD-DN-NSGA-II,rPSP,MMF3,9,0.12651187021282004,All_Algorithms_Comparison_Results3.mat
SPD-DN-NSGA-II,rPSP,MMF3,10,0.04474487880841403,All_Algorithms_Comparison_Results3.mat
SPD-DN-NSGA-II,rPSP,MMF3,11,0.020666443302046505,All_Algorithms_Comparison_Results3.mat
SPD-DN-NSGA-II,rPSP,MMF3,12,0.03262405946333516,All_Algorithms_Comparison_Results3.mat
SPD-DN-NSGA-II,rPSP,MMF3,13,0.04622995902641115,All_Algorithms_Comparison_Results3.mat
SPD-DN-NSGA-II,rPSP,MMF3,14,0.018122449491353877,All_Algorithms_Comparison_Results3.mat
SPD-DN-NSGA-II,rPSP,MMF3,15,0.09207025187714678,All_Algorithms_Comparison_Results3.mat
SPD-DN-NSGA-II,rPSP,MMF3,16,0.03711817468107772,All_Algorithms_Comparison_Results3.mat
SPD-DN-NSGA-II,rPSP,MMF3,17,0.1368379018413756,All_Algorithms_Comparison_Results3.mat
SPD-DN-NSGA-II,rPSP,MMF3,18,0.03130195661488539,All_Algorithms_Comparison_Results3.mat
SPD-DN-NSGA-II,rPSP,MMF3,19,0.025293854134389095,All_Algorithms_Comparison_Results3.mat
SPD-DN-NSGA-II,rPSP,MMF3,20,0.055796852065703194,All_Algorithms_Comparison_Results3.mat
SPD-DN-NSGA-II,rPSP,MMF3,21,0.06797724268594044,All_Algorithms_Comparison_Results3.mat
SPD-DN-NSGA-II,rPSP,MMF3,22,0.03762936573236314,All_Algorithms_Comparison_Results3.mat
SPD-DN-NSGA-II,rPSP,MMF3,23,0.04310417256816946,All_Algorithms_Comparison_Results3.mat
SPD-DN-NSGA-II,rPSP,MMF3,24,0.0387956278120487,All_Algorithms_Comparison_Results3.mat
SPD-DN-NSGA-II,rPSP,MMF3,25,0.032567228578755325,All_Algorithms_Comparison_Results3.mat
SPD-DN-NSGA-II,rPSP,MMF3,26,0.027312010782557516,All_Algorithms_Comparison_Results3.mat
SPD-DN-NSGA-II,rPSP,MMF3,27,0.017427157455358194,All_Algorithms_Comparison_Results3.mat
SPD-DN-NSGA-II,rPSP,MMF3,28,0.04101193497343706,All_Algorithms_Comparison_Results3.mat
SPD-DN-NSGA-II,rPSP,MMF3,29,0.11024126771317774,All_Algorithms_Comparison_Results3.mat
SPD-DN-NSGA-II,rPSP,MMF3,30,0.059828852375699126,All_Algorithms_Comparison_Results3.mat
SPD-DN-NSGA-II,rPSP,MMF3,31,0.040693590743092554,All_Algorithms_Comparison_Results3.mat
SPD-DN-NSGA-II,rPSP,MMF4,1,0.033198542195393414,All_Algorithms_Comparison_Results3.mat
SPD-DN-NSGA-II,rPSP,MMF4,2,0.04057967892749017,All_Algorithms_Comparison_Results3.mat
SPD-DN-NSGA-II,rPSP,MMF4,3,0.0435251477173954,All_Algorithms_Comparison_Results3.mat
SPD-DN-NSGA-II,rPSP,MMF4,4,0.034125679190525414,All_Algorithms_Comparison_Results3.mat
SPD-DN-NSGA-II,rPSP,MMF4,5,0.03649456592956774,All_Algorithms_Comparison_Results3.mat
SPD-DN-NSGA-II,rPSP,MMF4,6,0.03487104003866335,All_Algorithms_Comparison_Results3.mat
SPD-DN-NSGA-II,rPSP,MMF4,7,0.03352201027231187,All_Algorithms_Comparison_Results3.mat
SPD-DN-NSGA-II,rPSP,MMF4,8,0.044841223991796256,All_Algorithms_Comparison_Results3.mat
SPD-DN-NSGA-II,rPSP,MMF4,9,0.041070694132167865,All_Algorithms_Comparison_Results3.mat
SPD-DN-NSGA-II,rPSP,MMF4,10,0.05365400420352187,All_Algorithms_Comparison_Results3.mat
SPD-DN-NSGA-II,rPSP,MMF4,11,0.07521578647318142,All_Algorithms_Comparison_Results3.mat
SPD-DN-NSGA-II,rPSP,MMF4,12,0.03995742158509686,All_Algorithms_Comparison_Results3.mat
SPD-DN-NSGA-II,rPSP,MMF4,13,0.07697642934682217,All_Algorithms_Comparison_Results3.mat
SPD-DN-NSGA-II,rPSP,MMF4,14,0.04019715594280508,All_Algorithms_Comparison_Results3.mat
SPD-DN-NSGA-II,rPSP,MMF4,15,0.03958263461024045,All_Algorithms_Comparison_Results3.mat
SPD-DN-NSGA-II,rPSP,MMF4,16,0.0496923880841766,All_Algorithms_Comparison_Results3.mat
SPD-DN-NSGA-II,rPSP,MMF4,17,0.04612820759527429,All_Algorithms_Comparison_Results3.mat
SPD-DN-NSGA-II,rPSP,MMF4,18,0.05149461059867577,All_Algorithms_Comparison_Results3.mat
SPD-DN-NSGA-II,rPSP,MMF4,19,0.05443213336166504,All_Algorithms_Comparison_Results3.mat
SPD-DN-NSGA-II,rPSP,MMF4,20,0.0650667326795274,All_Algorithms_Comparison_Results3.mat
SPD-DN-NSGA-II,rPSP,MMF4,21,0.0675473727210234,All_Algorithms_Comparison_Results3.mat
SPD-DN-NSGA-II,rPSP,MMF4,22,0.04760514566414535,All_Algorithms_Comparison_Results3.mat
SPD-DN-NSGA-II,rPSP,MMF4,23,0.041684131443570076,All_Algorithms_Comparison_Results3.mat
SPD-DN-NSGA-II,rPSP,MMF4,24,0.04569197393646595,All_Algorithms_Comparison_Results3.mat
SPD-DN-NSGA-II,rPSP,MMF4,25,0.03863575611612605,All_Algorithms_Comparison_Results3.mat
SPD-DN-NSGA-II,rPSP,MMF4,26,0.03977947424874476,All_Algorithms_Comparison_Results3.mat
SPD-DN-NSGA-II,rPSP,MMF4,27,0.05435045123803761,All_Algorithms_Comparison_Results3.mat
SPD-DN-NSGA-II,rPSP,MMF4,28,0.055317120506180366,All_Algorithms_Comparison_Results3.mat
SPD-DN-NSGA-II,rPSP,MMF4,29,0.03662331362287482,All_Algorithms_Comparison_Results3.mat
SPD-DN-NSGA-II,rPSP,MMF4,30,0.05421740810491351,All_Algorithms_Comparison_Results3.mat
SPD-DN-NSGA-II,rPSP,MMF4,31,0.0357461044677714,All_Algorithms_Comparison_Results3.mat
SPD-DN-NSGA-II,rPSP,MMF5,1,0.10006390572261357,All_Algorithms_Comparison_Results3.mat
SPD-DN-NSGA-II,rPSP,MMF5,2,0.10558247460460794,All_Algorithms_Comparison_Results3.mat
SPD-DN-NSGA-II,rPSP,MMF5,3,0.10166479120125074,All_Algorithms_Comparison_Results3.mat
SPD-DN-NSGA-II,rPSP,MMF5,4,0.1018977495813576,All_Algorithms_Comparison_Results3.mat
SPD-DN-NSGA-II,rPSP,MMF5,5,0.10057042983608927,All_Algorithms_Comparison_Results3.mat
SPD-DN-NSGA-II,rPSP,MMF5,6,0.09923191266367416,All_Algorithms_Comparison_Results3.mat
SPD-DN-NSGA-II,rPSP,MMF5,7,0.10594929489368102,All_Algorithms_Comparison_Results3.mat
SPD-DN-NSGA-II,rPSP,MMF5,8,0.10855400324014185,All_Algorithms_Comparison_Results3.mat
SPD-DN-NSGA-II,rPSP,MMF5,9,0.10785202508963342,All_Algorithms_Comparison_Results3.mat
SPD-DN-NSGA-II,rPSP,MMF5,10,0.11459132660652852,All_Algorithms_Comparison_Results3.mat
SPD-DN-NSGA-II,rPSP,MMF5,11,0.11849848552497638,All_Algorithms_Comparison_Results3.mat
SPD-DN-NSGA-II,rPSP,MMF5,12,0.09082567326626938,All_Algorithms_Comparison_Results3.mat
SPD-DN-NSGA-II,rPSP,MMF5,13,0.09855647356603232,All_Algorithms_Comparison_Results3.mat
SPD-DN-NSGA-II,rPSP,MMF5,14,0.101108515219257,All_Algorithms_Comparison_Results3.mat
SPD-DN-NSGA-II,rPSP,MMF5,15,0.10088608135363802,All_Algorithms_Comparison_Results3.mat
SPD-DN-NSGA-II,rPSP,MMF5,16,0.09797616664394179,All_Algorithms_Comparison_Results3.mat
SPD-DN-NSGA-II,rPSP,MMF5,17,0.10937707663520602,All_Algorithms_Comparison_Results3.mat
SPD-DN-NSGA-II,rPSP,MMF5,18,0.10781070493410908,All_Algorithms_Comparison_Results3.mat
SPD-DN-NSGA-II,rPSP,MMF5,19,0.1077075737624043,All_Algorithms_Comparison_Results3.mat
SPD-DN-NSGA-II,rPSP,MMF5,20,0.10341232208923307,All_Algorithms_Comparison_Results3.mat
SPD-DN-NSGA-II,rPSP,MMF5,21,0.09905793796369969,All_Algorithms_Comparison_Results3.mat
SPD-DN-NSGA-II,rPSP,MMF5,22,0.1099696750181642,All_Algorithms_Comparison_Results3.mat
SPD-DN-NSGA-II,rPSP,MMF5,23,0.10211052613995403,All_Algorithms_Comparison_Results3.mat
SPD-DN-NSGA-II,rPSP,MMF5,24,0.10068982264949954,All_Algorithms_Comparison_Results3.mat
SPD-DN-NSGA-II,rPSP,MMF5,25,0.10356636887034527,All_Algorithms_Comparison_Results3.mat
SPD-DN-NSGA-II,rPSP,MMF5,26,0.11125878580766146,All_Algorithms_Comparison_Results3.mat
SPD-DN-NSGA-II,rPSP,MMF5,27,0.10477302542542898,All_Algorithms_Comparison_Results3.mat
SPD-DN-NSGA-II,rPSP,MMF5,28,0.18456616354011193,All_Algorithms_Comparison_Results3.mat
SPD-DN-NSGA-II,rPSP,MMF5,29,0.1057053774789254,All_Algorithms_Comparison_Results3.mat
SPD-DN-NSGA-II,rPSP,MMF5,30,0.10043096870237649,All_Algorithms_Comparison_Results3.mat
SPD-DN-NSGA-II,rPSP,MMF5,31,0.10269257990249973,All_Algorithms_Comparison_Results3.mat
SPD-DN-NSGA-II,rPSP,MMF6,1,0.09489018802802833,All_Algorithms_Comparison_Results3.mat
SPD-DN-NSGA-II,rPSP,MMF6,2,0.08544805145982964,All_Algorithms_Comparison_Results3.mat
SPD-DN-NSGA-II,rPSP,MMF6,3,0.10818189887059655,All_Algorithms_Comparison_Results3.mat
SPD-DN-NSGA-II,rPSP,MMF6,4,0.08236356023453585,All_Algorithms_Comparison_Results3.mat
SPD-DN-NSGA-II,rPSP,MMF6,5,0.08575713180094431,All_Algorithms_Comparison_Results3.mat
SPD-DN-NSGA-II,rPSP,MMF6,6,0.09028397920298158,All_Algorithms_Comparison_Results3.mat
SPD-DN-NSGA-II,rPSP,MMF6,7,0.09343789648508144,All_Algorithms_Comparison_Results3.mat
SPD-DN-NSGA-II,rPSP,MMF6,8,0.10014047772227445,All_Algorithms_Comparison_Results3.mat
SPD-DN-NSGA-II,rPSP,MMF6,9,0.08363287250242897,All_Algorithms_Comparison_Results3.mat
SPD-DN-NSGA-II,rPSP,MMF6,10,0.07821267097785149,All_Algorithms_Comparison_Results3.mat
SPD-DN-NSGA-II,rPSP,MMF6,11,0.09049325996406737,All_Algorithms_Comparison_Results3.mat
SPD-DN-NSGA-II,rPSP,MMF6,12,0.08580875351555516,All_Algorithms_Comparison_Results3.mat
SPD-DN-NSGA-II,rPSP,MMF6,13,0.0867369104182662,All_Algorithms_Comparison_Results3.mat
SPD-DN-NSGA-II,rPSP,MMF6,14,0.08693748720331392,All_Algorithms_Comparison_Results3.mat
SPD-DN-NSGA-II,rPSP,MMF6,15,0.07860688368793413,All_Algorithms_Comparison_Results3.mat
SPD-DN-NSGA-II,rPSP,MMF6,16,0.08587506532992695,All_Algorithms_Comparison_Results3.mat
SPD-DN-NSGA-II,rPSP,MMF6,17,0.09653346606418649,All_Algorithms_Comparison_Results3.mat
SPD-DN-NSGA-II,rPSP,MMF6,18,0.08464613615486963,All_Algorithms_Comparison_Results3.mat
SPD-DN-NSGA-II,rPSP,MMF6,19,0.09518338729653102,All_Algorithms_Comparison_Results3.mat
SPD-DN-NSGA-II,rPSP,MMF6,20,0.08854482108062225,All_Algorithms_Comparison_Results3.mat
SPD-DN-NSGA-II,rPSP,MMF6,21,0.08321014284579721,All_Algorithms_Comparison_Results3.mat
SPD-DN-NSGA-II,rPSP,MMF6,22,0.08418980469147211,All_Algorithms_Comparison_Results3.mat
SPD-DN-NSGA-II,rPSP,MMF6,23,0.0833715187226042,All_Algorithms_Comparison_Results3.mat
SPD-DN-NSGA-II,rPSP,MMF6,24,0.08926194229936316,All_Algorithms_Comparison_Results3.mat
SPD-DN-NSGA-II,rPSP,MMF6,25,0.08587578120972916,All_Algorithms_Comparison_Results3.mat
SPD-DN-NSGA-II,rPSP,MMF6,26,0.09169002553982135,All_Algorithms_Comparison_Results3.mat
SPD-DN-NSGA-II,rPSP,MMF6,27,0.08427661521878134,All_Algorithms_Comparison_Results3.mat
SPD-DN-NSGA-II,rPSP,MMF6,28,0.0893465860937698,All_Algorithms_Comparison_Results3.mat
SPD-DN-NSGA-II,rPSP,MMF6,29,0.08531135794175117,All_Algorithms_Comparison_Results3.mat
SPD-DN-NSGA-II,rPSP,MMF6,30,0.08879631458978803,All_Algorithms_Comparison_Results3.mat
SPD-DN-NSGA-II,rPSP,MMF6,31,0.08944638765101141,All_Algorithms_Comparison_Results3.mat
SPD-DN-NSGA-II,rPSP,MMF7,1,0.027102706140644865,All_Algorithms_Comparison_Results3.mat
SPD-DN-NSGA-II,rPSP,MMF7,2,0.028797870284994708,All_Algorithms_Comparison_Results3.mat
SPD-DN-NSGA-II,rPSP,MMF7,3,0.0276005332033148,All_Algorithms_Comparison_Results3.mat
SPD-DN-NSGA-II,rPSP,MMF7,4,0.028839645900004984,All_Algorithms_Comparison_Results3.mat
SPD-DN-NSGA-II,rPSP,MMF7,5,0.027555072788171146,All_Algorithms_Comparison_Results3.mat
SPD-DN-NSGA-II,rPSP,MMF7,6,0.07142112231783168,All_Algorithms_Comparison_Results3.mat
SPD-DN-NSGA-II,rPSP,MMF7,7,0.05751531818945486,All_Algorithms_Comparison_Results3.mat
SPD-DN-NSGA-II,rPSP,MMF7,8,0.026204131079377167,All_Algorithms_Comparison_Results3.mat
SPD-DN-NSGA-II,rPSP,MMF7,9,0.02867851161425266,All_Algorithms_Comparison_Results3.mat
SPD-DN-NSGA-II,rPSP,MMF7,10,0.026101390858050095,All_Algorithms_Comparison_Results3.mat
SPD-DN-NSGA-II,rPSP,MMF7,11,0.02846042943252811,All_Algorithms_Comparison_Results3.mat
SPD-DN-NSGA-II,rPSP,MMF7,12,0.028128990272308637,All_Algorithms_Comparison_Results3.mat
SPD-DN-NSGA-II,rPSP,MMF7,13,0.027402789716238687,All_Algorithms_Comparison_Results3.mat
SPD-DN-NSGA-II,rPSP,MMF7,14,0.026760048944819818,All_Algorithms_Comparison_Results3.mat
SPD-DN-NSGA-II,rPSP,MMF7,15,0.06867262801278688,All_Algorithms_Comparison_Results3.mat
SPD-DN-NSGA-II,rPSP,MMF7,16,0.027842722820184764,All_Algorithms_Comparison_Results3.mat
SPD-DN-NSGA-II,rPSP,MMF7,17,0.028371041685342678,All_Algorithms_Comparison_Results3.mat
SPD-DN-NSGA-II,rPSP,MMF7,18,0.027859128528988843,All_Algorithms_Comparison_Results3.mat
SPD-DN-NSGA-II,rPSP,MMF7,19,0.026462524150285462,All_Algorithms_Comparison_Results3.mat
SPD-DN-NSGA-II,rPSP,MMF7,20,0.023723641033233957,All_Algorithms_Comparison_Results3.mat
SPD-DN-NSGA-II,rPSP,MMF7,21,0.02452974826416296,All_Algorithms_Comparison_Results3.mat
SPD-DN-NSGA-II,rPSP,MMF7,22,0.027549254491025865,All_Algorithms_Comparison_Results3.mat
SPD-DN-NSGA-II,rPSP,MMF7,23,0.029917386192539194,All_Algorithms_Comparison_Results3.mat
SPD-DN-NSGA-II,rPSP,MMF7,24,0.02787908273083184,All_Algorithms_Comparison_Results3.mat
SPD-DN-NSGA-II,rPSP,MMF7,25,0.028714589067450415,All_Algorithms_Comparison_Results3.mat
SPD-DN-NSGA-II,rPSP,MMF7,26,0.025363305573032992,All_Algorithms_Comparison_Results3.mat
SPD-DN-NSGA-II,rPSP,MMF7,27,0.027457653438080997,All_Algorithms_Comparison_Results3.mat
SPD-DN-NSGA-II,rPSP,MMF7,28,0.02978896992632986,All_Algorithms_Comparison_Results3.mat
SPD-DN-NSGA-II,rPSP,MMF7,29,0.033477507570961684,All_Algorithms_Comparison_Results3.mat
SPD-DN-NSGA-II,rPSP,MMF7,30,0.027441967471288017,All_Algorithms_Comparison_Results3.mat
SPD-DN-NSGA-II,rPSP,MMF7,31,0.02665609398367589,All_Algorithms_Comparison_Results3.mat
SPD-DN-NSGA-II,rPSP,MMF8,1,0.13844598811289635,All_Algorithms_Comparison_Results3.mat
SPD-DN-NSGA-II,rPSP,MMF8,2,0.14216021182046115,All_Algorithms_Comparison_Results3.mat
SPD-DN-NSGA-II,rPSP,MMF8,3,0.1454040082626521,All_Algorithms_Comparison_Results3.mat
SPD-DN-NSGA-II,rPSP,MMF8,4,0.07152777470226902,All_Algorithms_Comparison_Results3.mat
SPD-DN-NSGA-II,rPSP,MMF8,5,0.11641863160565341,All_Algorithms_Comparison_Results3.mat
SPD-DN-NSGA-II,rPSP,MMF8,6,0.10996076779078474,All_Algorithms_Comparison_Results3.mat
SPD-DN-NSGA-II,rPSP,MMF8,7,0.11647566803410508,All_Algorithms_Comparison_Results3.mat
SPD-DN-NSGA-II,rPSP,MMF8,8,0.12394148677531577,All_Algorithms_Comparison_Results3.mat
SPD-DN-NSGA-II,rPSP,MMF8,9,0.11113540129176287,All_Algorithms_Comparison_Results3.mat
SPD-DN-NSGA-II,rPSP,MMF8,10,0.09426414771194816,All_Algorithms_Comparison_Results3.mat
SPD-DN-NSGA-II,rPSP,MMF8,11,0.11552502329018735,All_Algorithms_Comparison_Results3.mat
SPD-DN-NSGA-II,rPSP,MMF8,12,0.10664180487598596,All_Algorithms_Comparison_Results3.mat
SPD-DN-NSGA-II,rPSP,MMF8,13,0.09734746239108814,All_Algorithms_Comparison_Results3.mat
SPD-DN-NSGA-II,rPSP,MMF8,14,0.2695459668469406,All_Algorithms_Comparison_Results3.mat
SPD-DN-NSGA-II,rPSP,MMF8,15,0.11297157796553815,All_Algorithms_Comparison_Results3.mat
SPD-DN-NSGA-II,rPSP,MMF8,16,0.10580541507054554,All_Algorithms_Comparison_Results3.mat
SPD-DN-NSGA-II,rPSP,MMF8,17,0.12951830943645756,All_Algorithms_Comparison_Results3.mat
SPD-DN-NSGA-II,rPSP,MMF8,18,0.14025752663740293,All_Algorithms_Comparison_Results3.mat
SPD-DN-NSGA-II,rPSP,MMF8,19,0.07506167618638485,All_Algorithms_Comparison_Results3.mat
SPD-DN-NSGA-II,rPSP,MMF8,20,0.09861473028422153,All_Algorithms_Comparison_Results3.mat
SPD-DN-NSGA-II,rPSP,MMF8,21,0.12906284490044145,All_Algorithms_Comparison_Results3.mat
SPD-DN-NSGA-II,rPSP,MMF8,22,0.1310867180549543,All_Algorithms_Comparison_Results3.mat
SPD-DN-NSGA-II,rPSP,MMF8,23,0.1158520669467169,All_Algorithms_Comparison_Results3.mat
SPD-DN-NSGA-II,rPSP,MMF8,24,0.1283175844125194,All_Algorithms_Comparison_Results3.mat
SPD-DN-NSGA-II,rPSP,MMF8,25,0.09376736201543762,All_Algorithms_Comparison_Results3.mat
SPD-DN-NSGA-II,rPSP,MMF8,26,0.16361868156028375,All_Algorithms_Comparison_Results3.mat
SPD-DN-NSGA-II,rPSP,MMF8,27,0.09017024957745012,All_Algorithms_Comparison_Results3.mat
SPD-DN-NSGA-II,rPSP,MMF8,28,0.10023311020237946,All_Algorithms_Comparison_Results3.mat
SPD-DN-NSGA-II,rPSP,MMF8,29,0.14482259733092004,All_Algorithms_Comparison_Results3.mat
SPD-DN-NSGA-II,rPSP,MMF8,30,0.1077396774513665,All_Algorithms_Comparison_Results3.mat
SPD-DN-NSGA-II,rPSP,MMF8,31,0.10658916254451661,All_Algorithms_Comparison_Results3.mat
SPD-DN-NSGA-II,rPSP,MMF9,1,0.02073991852330771,All_Algorithms_Comparison_Results3.mat
SPD-DN-NSGA-II,rPSP,MMF9,2,0.008619873614732699,All_Algorithms_Comparison_Results3.mat
SPD-DN-NSGA-II,rPSP,MMF9,3,0.007500688268018966,All_Algorithms_Comparison_Results3.mat
SPD-DN-NSGA-II,rPSP,MMF9,4,0.009350386752534644,All_Algorithms_Comparison_Results3.mat
SPD-DN-NSGA-II,rPSP,MMF9,5,0.008824583176389133,All_Algorithms_Comparison_Results3.mat
SPD-DN-NSGA-II,rPSP,MMF9,6,0.009085786430369797,All_Algorithms_Comparison_Results3.mat
SPD-DN-NSGA-II,rPSP,MMF9,7,0.00971804841286173,All_Algorithms_Comparison_Results3.mat
SPD-DN-NSGA-II,rPSP,MMF9,8,0.00986825672860655,All_Algorithms_Comparison_Results3.mat
SPD-DN-NSGA-II,rPSP,MMF9,9,0.00882930742796879,All_Algorithms_Comparison_Results3.mat
SPD-DN-NSGA-II,rPSP,MMF9,10,0.007731436664426261,All_Algorithms_Comparison_Results3.mat
SPD-DN-NSGA-II,rPSP,MMF9,11,0.010876948634326136,All_Algorithms_Comparison_Results3.mat
SPD-DN-NSGA-II,rPSP,MMF9,12,0.0066832769925008915,All_Algorithms_Comparison_Results3.mat
SPD-DN-NSGA-II,rPSP,MMF9,13,0.014715757501931876,All_Algorithms_Comparison_Results3.mat
SPD-DN-NSGA-II,rPSP,MMF9,14,0.007632765197552307,All_Algorithms_Comparison_Results3.mat
SPD-DN-NSGA-II,rPSP,MMF9,15,0.008166407195834087,All_Algorithms_Comparison_Results3.mat
SPD-DN-NSGA-II,rPSP,MMF9,16,0.008504221770445913,All_Algorithms_Comparison_Results3.mat
SPD-DN-NSGA-II,rPSP,MMF9,17,0.007006627214789178,All_Algorithms_Comparison_Results3.mat
SPD-DN-NSGA-II,rPSP,MMF9,18,0.011705267877146128,All_Algorithms_Comparison_Results3.mat
SPD-DN-NSGA-II,rPSP,MMF9,19,0.007963130414215053,All_Algorithms_Comparison_Results3.mat
SPD-DN-NSGA-II,rPSP,MMF9,20,0.008508373687200714,All_Algorithms_Comparison_Results3.mat
SPD-DN-NSGA-II,rPSP,MMF9,21,0.007417072860972831,All_Algorithms_Comparison_Results3.mat
SPD-DN-NSGA-II,rPSP,MMF9,22,0.006966762895724863,All_Algorithms_Comparison_Results3.mat
SPD-DN-NSGA-II,rPSP,MMF9,23,0.008621264737001628,All_Algorithms_Comparison_Results3.mat
SPD-DN-NSGA-II,rPSP,MMF9,24,0.02800095713810017,All_Algorithms_Comparison_Results3.mat
SPD-DN-NSGA-II,rPSP,MMF9,25,0.006683294187545995,All_Algorithms_Comparison_Results3.mat
SPD-DN-NSGA-II,rPSP,MMF9,26,0.006993544121775518,All_Algorithms_Comparison_Results3.mat
SPD-DN-NSGA-II,rPSP,MMF9,27,0.0075417771070781,All_Algorithms_Comparison_Results3.mat
SPD-DN-NSGA-II,rPSP,MMF9,28,0.021370101124528643,All_Algorithms_Comparison_Results3.mat
SPD-DN-NSGA-II,rPSP,MMF9,29,0.008122682822142537,All_Algorithms_Comparison_Results3.mat
SPD-DN-NSGA-II,rPSP,MMF9,30,0.007154461062251337,All_Algorithms_Comparison_Results3.mat
SPD-DN-NSGA-II,rPSP,MMF9,31,0.0072921595296677475,All_Algorithms_Comparison_Results3.mat
SPD-DN-NSGA-II,rPSP,MMF10,1,5.43904906967268,All_Algorithms_Comparison_Results3.mat
SPD-DN-NSGA-II,rPSP,MMF10,2,6.752550452067093,All_Algorithms_Comparison_Results3.mat
SPD-DN-NSGA-II,rPSP,MMF10,3,5.45818532052315,All_Algorithms_Comparison_Results3.mat
SPD-DN-NSGA-II,rPSP,MMF10,4,5.650076085878045,All_Algorithms_Comparison_Results3.mat
SPD-DN-NSGA-II,rPSP,MMF10,5,5.686998979424023,All_Algorithms_Comparison_Results3.mat
SPD-DN-NSGA-II,rPSP,MMF10,6,5.4667040351916585,All_Algorithms_Comparison_Results3.mat
SPD-DN-NSGA-II,rPSP,MMF10,7,5.471914861528513,All_Algorithms_Comparison_Results3.mat
SPD-DN-NSGA-II,rPSP,MMF10,8,5.910996314699596,All_Algorithms_Comparison_Results3.mat
SPD-DN-NSGA-II,rPSP,MMF10,9,5.60711392149634,All_Algorithms_Comparison_Results3.mat
SPD-DN-NSGA-II,rPSP,MMF10,10,5.479390900375747,All_Algorithms_Comparison_Results3.mat
SPD-DN-NSGA-II,rPSP,MMF10,11,3.2778255555783335,All_Algorithms_Comparison_Results3.mat
SPD-DN-NSGA-II,rPSP,MMF10,12,3.632903781159973,All_Algorithms_Comparison_Results3.mat
SPD-DN-NSGA-II,rPSP,MMF10,13,5.364404709975454,All_Algorithms_Comparison_Results3.mat
SPD-DN-NSGA-II,rPSP,MMF10,14,5.503312565443766,All_Algorithms_Comparison_Results3.mat
SPD-DN-NSGA-II,rPSP,MMF10,15,5.861910202684914,All_Algorithms_Comparison_Results3.mat
SPD-DN-NSGA-II,rPSP,MMF10,16,5.684009996922832,All_Algorithms_Comparison_Results3.mat
SPD-DN-NSGA-II,rPSP,MMF10,17,0.041427673444014046,All_Algorithms_Comparison_Results3.mat
SPD-DN-NSGA-II,rPSP,MMF10,18,5.790299100537745,All_Algorithms_Comparison_Results3.mat
SPD-DN-NSGA-II,rPSP,MMF10,19,5.512642336968836,All_Algorithms_Comparison_Results3.mat
SPD-DN-NSGA-II,rPSP,MMF10,20,5.258353806745776,All_Algorithms_Comparison_Results3.mat
SPD-DN-NSGA-II,rPSP,MMF10,21,5.111829781443002,All_Algorithms_Comparison_Results3.mat
SPD-DN-NSGA-II,rPSP,MMF10,22,4.817962021300999,All_Algorithms_Comparison_Results3.mat
SPD-DN-NSGA-II,rPSP,MMF10,23,5.56991352607692,All_Algorithms_Comparison_Results3.mat
SPD-DN-NSGA-II,rPSP,MMF10,24,5.2770709713780075,All_Algorithms_Comparison_Results3.mat
SPD-DN-NSGA-II,rPSP,MMF10,25,5.588183201899998,All_Algorithms_Comparison_Results3.mat
SPD-DN-NSGA-II,rPSP,MMF10,26,3.805968522446937,All_Algorithms_Comparison_Results3.mat
SPD-DN-NSGA-II,rPSP,MMF10,27,5.640963068607163,All_Algorithms_Comparison_Results3.mat
SPD-DN-NSGA-II,rPSP,MMF10,28,5.227086237136929,All_Algorithms_Comparison_Results3.mat
SPD-DN-NSGA-II,rPSP,MMF10,29,6.286677495081373,All_Algorithms_Comparison_Results3.mat
SPD-DN-NSGA-II,rPSP,MMF10,30,5.3164412352216415,All_Algorithms_Comparison_Results3.mat
SPD-DN-NSGA-II,rPSP,MMF10,31,5.492240613954894,All_Algorithms_Comparison_Results3.mat
SPD-DN-NSGA-II,rPSP,MMF11,1,1.5504302229459315,All_Algorithms_Comparison_Results3.mat
SPD-DN-NSGA-II,rPSP,MMF11,2,1.3424106354844243,All_Algorithms_Comparison_Results3.mat
SPD-DN-NSGA-II,rPSP,MMF11,3,1.2009919057287282,All_Algorithms_Comparison_Results3.mat
SPD-DN-NSGA-II,rPSP,MMF11,4,1.6005955642174712,All_Algorithms_Comparison_Results3.mat
SPD-DN-NSGA-II,rPSP,MMF11,5,1.4893936070829537,All_Algorithms_Comparison_Results3.mat
SPD-DN-NSGA-II,rPSP,MMF11,6,1.5506970654693726,All_Algorithms_Comparison_Results3.mat
SPD-DN-NSGA-II,rPSP,MMF11,7,1.4914242902932737,All_Algorithms_Comparison_Results3.mat
SPD-DN-NSGA-II,rPSP,MMF11,8,1.6658589372461308,All_Algorithms_Comparison_Results3.mat
SPD-DN-NSGA-II,rPSP,MMF11,9,1.482073726930454,All_Algorithms_Comparison_Results3.mat
SPD-DN-NSGA-II,rPSP,MMF11,10,1.6445239766922488,All_Algorithms_Comparison_Results3.mat
SPD-DN-NSGA-II,rPSP,MMF11,11,1.4961091423947073,All_Algorithms_Comparison_Results3.mat
SPD-DN-NSGA-II,rPSP,MMF11,12,1.4521279066776782,All_Algorithms_Comparison_Results3.mat
SPD-DN-NSGA-II,rPSP,MMF11,13,0.8708444814666132,All_Algorithms_Comparison_Results3.mat
SPD-DN-NSGA-II,rPSP,MMF11,14,1.526773516195654,All_Algorithms_Comparison_Results3.mat
SPD-DN-NSGA-II,rPSP,MMF11,15,1.4915986657353233,All_Algorithms_Comparison_Results3.mat
SPD-DN-NSGA-II,rPSP,MMF11,16,1.496807838676146,All_Algorithms_Comparison_Results3.mat
SPD-DN-NSGA-II,rPSP,MMF11,17,1.5464846837942363,All_Algorithms_Comparison_Results3.mat
SPD-DN-NSGA-II,rPSP,MMF11,18,1.6415426416666197,All_Algorithms_Comparison_Results3.mat
SPD-DN-NSGA-II,rPSP,MMF11,19,1.5634604561034673,All_Algorithms_Comparison_Results3.mat
SPD-DN-NSGA-II,rPSP,MMF11,20,1.5211597635838652,All_Algorithms_Comparison_Results3.mat
SPD-DN-NSGA-II,rPSP,MMF11,21,1.546330606274118,All_Algorithms_Comparison_Results3.mat
SPD-DN-NSGA-II,rPSP,MMF11,22,1.3977631065595448,All_Algorithms_Comparison_Results3.mat
SPD-DN-NSGA-II,rPSP,MMF11,23,0.9529165692360951,All_Algorithms_Comparison_Results3.mat
SPD-DN-NSGA-II,rPSP,MMF11,24,1.4791544289373302,All_Algorithms_Comparison_Results3.mat
SPD-DN-NSGA-II,rPSP,MMF11,25,1.4660005941445848,All_Algorithms_Comparison_Results3.mat
SPD-DN-NSGA-II,rPSP,MMF11,26,1.6876880219926187,All_Algorithms_Comparison_Results3.mat
SPD-DN-NSGA-II,rPSP,MMF11,27,1.6125784465443291,All_Algorithms_Comparison_Results3.mat
SPD-DN-NSGA-II,rPSP,MMF11,28,1.4863879805493048,All_Algorithms_Comparison_Results3.mat
SPD-DN-NSGA-II,rPSP,MMF11,29,1.345476526429091,All_Algorithms_Comparison_Results3.mat
SPD-DN-NSGA-II,rPSP,MMF11,30,1.4285843566248928,All_Algorithms_Comparison_Results3.mat
SPD-DN-NSGA-II,rPSP,MMF11,31,1.47867552680468,All_Algorithms_Comparison_Results3.mat
SPD-DN-NSGA-II,rPSP,MMF12,1,1.9378771125466725,All_Algorithms_Comparison_Results3.mat
SPD-DN-NSGA-II,rPSP,MMF12,2,1.7893284343962612,All_Algorithms_Comparison_Results3.mat
SPD-DN-NSGA-II,rPSP,MMF12,3,1.9688672772630327,All_Algorithms_Comparison_Results3.mat
SPD-DN-NSGA-II,rPSP,MMF12,4,1.849533826642231,All_Algorithms_Comparison_Results3.mat
SPD-DN-NSGA-II,rPSP,MMF12,5,2.1208142228049027,All_Algorithms_Comparison_Results3.mat
SPD-DN-NSGA-II,rPSP,MMF12,6,2.018474444268635,All_Algorithms_Comparison_Results3.mat
SPD-DN-NSGA-II,rPSP,MMF12,7,1.9272087824824602,All_Algorithms_Comparison_Results3.mat
SPD-DN-NSGA-II,rPSP,MMF12,8,1.8713655831153904,All_Algorithms_Comparison_Results3.mat
SPD-DN-NSGA-II,rPSP,MMF12,9,1.9374628163258736,All_Algorithms_Comparison_Results3.mat
SPD-DN-NSGA-II,rPSP,MMF12,10,2.074121163061693,All_Algorithms_Comparison_Results3.mat
SPD-DN-NSGA-II,rPSP,MMF12,11,2.009643029191077,All_Algorithms_Comparison_Results3.mat
SPD-DN-NSGA-II,rPSP,MMF12,12,1.927680869193892,All_Algorithms_Comparison_Results3.mat
SPD-DN-NSGA-II,rPSP,MMF12,13,1.989120617733884,All_Algorithms_Comparison_Results3.mat
SPD-DN-NSGA-II,rPSP,MMF12,14,1.8241055305591993,All_Algorithms_Comparison_Results3.mat
SPD-DN-NSGA-II,rPSP,MMF12,15,2.11681074400441,All_Algorithms_Comparison_Results3.mat
SPD-DN-NSGA-II,rPSP,MMF12,16,1.9585761969147901,All_Algorithms_Comparison_Results3.mat
SPD-DN-NSGA-II,rPSP,MMF12,17,2.1925846715261126,All_Algorithms_Comparison_Results3.mat
SPD-DN-NSGA-II,rPSP,MMF12,18,2.0657472224696405,All_Algorithms_Comparison_Results3.mat
SPD-DN-NSGA-II,rPSP,MMF12,19,1.9194253075342547,All_Algorithms_Comparison_Results3.mat
SPD-DN-NSGA-II,rPSP,MMF12,20,1.9607642093234157,All_Algorithms_Comparison_Results3.mat
SPD-DN-NSGA-II,rPSP,MMF12,21,1.8902170262327744,All_Algorithms_Comparison_Results3.mat
SPD-DN-NSGA-II,rPSP,MMF12,22,1.9673787842251298,All_Algorithms_Comparison_Results3.mat
SPD-DN-NSGA-II,rPSP,MMF12,23,2.1026632008491504,All_Algorithms_Comparison_Results3.mat
SPD-DN-NSGA-II,rPSP,MMF12,24,2.0665350278653762,All_Algorithms_Comparison_Results3.mat
SPD-DN-NSGA-II,rPSP,MMF12,25,1.8969110361737236,All_Algorithms_Comparison_Results3.mat
SPD-DN-NSGA-II,rPSP,MMF12,26,1.4692374390950458,All_Algorithms_Comparison_Results3.mat
SPD-DN-NSGA-II,rPSP,MMF12,27,2.0516826262613224,All_Algorithms_Comparison_Results3.mat
SPD-DN-NSGA-II,rPSP,MMF12,28,1.93171793514118,All_Algorithms_Comparison_Results3.mat
SPD-DN-NSGA-II,rPSP,MMF12,29,1.892020978671361,All_Algorithms_Comparison_Results3.mat
SPD-DN-NSGA-II,rPSP,MMF12,30,2.067821498807947,All_Algorithms_Comparison_Results3.mat
SPD-DN-NSGA-II,rPSP,MMF12,31,1.3669915154171446,All_Algorithms_Comparison_Results3.mat
SPD-DN-NSGA-II,rPSP,MMF13,1,0.5420422208069975,All_Algorithms_Comparison_Results3.mat
SPD-DN-NSGA-II,rPSP,MMF13,2,0.5309718185727702,All_Algorithms_Comparison_Results3.mat
SPD-DN-NSGA-II,rPSP,MMF13,3,0.5414800609441496,All_Algorithms_Comparison_Results3.mat
SPD-DN-NSGA-II,rPSP,MMF13,4,0.5426956003769626,All_Algorithms_Comparison_Results3.mat
SPD-DN-NSGA-II,rPSP,MMF13,5,0.5399442246078089,All_Algorithms_Comparison_Results3.mat
SPD-DN-NSGA-II,rPSP,MMF13,6,0.5409719487141833,All_Algorithms_Comparison_Results3.mat
SPD-DN-NSGA-II,rPSP,MMF13,7,0.5408723342541206,All_Algorithms_Comparison_Results3.mat
SPD-DN-NSGA-II,rPSP,MMF13,8,0.3239564046570905,All_Algorithms_Comparison_Results3.mat
SPD-DN-NSGA-II,rPSP,MMF13,9,0.2759303127061662,All_Algorithms_Comparison_Results3.mat
SPD-DN-NSGA-II,rPSP,MMF13,10,0.543046997722269,All_Algorithms_Comparison_Results3.mat
SPD-DN-NSGA-II,rPSP,MMF13,11,0.5481847798331793,All_Algorithms_Comparison_Results3.mat
SPD-DN-NSGA-II,rPSP,MMF13,12,0.546918215121331,All_Algorithms_Comparison_Results3.mat
SPD-DN-NSGA-II,rPSP,MMF13,13,0.5439756550007613,All_Algorithms_Comparison_Results3.mat
SPD-DN-NSGA-II,rPSP,MMF13,14,0.5409747544169717,All_Algorithms_Comparison_Results3.mat
SPD-DN-NSGA-II,rPSP,MMF13,15,0.5394917969528421,All_Algorithms_Comparison_Results3.mat
SPD-DN-NSGA-II,rPSP,MMF13,16,0.553567808654517,All_Algorithms_Comparison_Results3.mat
SPD-DN-NSGA-II,rPSP,MMF13,17,0.5482310435149036,All_Algorithms_Comparison_Results3.mat
SPD-DN-NSGA-II,rPSP,MMF13,18,0.5475715607847467,All_Algorithms_Comparison_Results3.mat
SPD-DN-NSGA-II,rPSP,MMF13,19,0.542225034323639,All_Algorithms_Comparison_Results3.mat
SPD-DN-NSGA-II,rPSP,MMF13,20,0.5394961988104502,All_Algorithms_Comparison_Results3.mat
SPD-DN-NSGA-II,rPSP,MMF13,21,0.5394784004111071,All_Algorithms_Comparison_Results3.mat
SPD-DN-NSGA-II,rPSP,MMF13,22,0.5470502875750463,All_Algorithms_Comparison_Results3.mat
SPD-DN-NSGA-II,rPSP,MMF13,23,0.5335782728152108,All_Algorithms_Comparison_Results3.mat
SPD-DN-NSGA-II,rPSP,MMF13,24,0.5417471562307171,All_Algorithms_Comparison_Results3.mat
SPD-DN-NSGA-II,rPSP,MMF13,25,0.54208393845799,All_Algorithms_Comparison_Results3.mat
SPD-DN-NSGA-II,rPSP,MMF13,26,0.5394502594577862,All_Algorithms_Comparison_Results3.mat
SPD-DN-NSGA-II,rPSP,MMF13,27,0.3599774568268344,All_Algorithms_Comparison_Results3.mat
SPD-DN-NSGA-II,rPSP,MMF13,28,0.531560193937242,All_Algorithms_Comparison_Results3.mat
SPD-DN-NSGA-II,rPSP,MMF13,29,0.3009306302542249,All_Algorithms_Comparison_Results3.mat
SPD-DN-NSGA-II,rPSP,MMF13,30,0.5454338143256576,All_Algorithms_Comparison_Results3.mat
SPD-DN-NSGA-II,rPSP,MMF13,31,0.5403262985299843,All_Algorithms_Comparison_Results3.mat
SPD-DN-NSGA-II,rPSP,MMF14,1,0.07687028292917855,All_Algorithms_Comparison_Results3.mat
SPD-DN-NSGA-II,rPSP,MMF14,2,0.06927366307506792,All_Algorithms_Comparison_Results3.mat
SPD-DN-NSGA-II,rPSP,MMF14,3,0.0708023734350865,All_Algorithms_Comparison_Results3.mat
SPD-DN-NSGA-II,rPSP,MMF14,4,0.07747256806332141,All_Algorithms_Comparison_Results3.mat
SPD-DN-NSGA-II,rPSP,MMF14,5,0.061070492383693636,All_Algorithms_Comparison_Results3.mat
SPD-DN-NSGA-II,rPSP,MMF14,6,0.08086708123400665,All_Algorithms_Comparison_Results3.mat
SPD-DN-NSGA-II,rPSP,MMF14,7,0.07314258256303853,All_Algorithms_Comparison_Results3.mat
SPD-DN-NSGA-II,rPSP,MMF14,8,0.08039994282182922,All_Algorithms_Comparison_Results3.mat
SPD-DN-NSGA-II,rPSP,MMF14,9,0.07319262242572361,All_Algorithms_Comparison_Results3.mat
SPD-DN-NSGA-II,rPSP,MMF14,10,0.0705143424723104,All_Algorithms_Comparison_Results3.mat
SPD-DN-NSGA-II,rPSP,MMF14,11,0.06928719561536685,All_Algorithms_Comparison_Results3.mat
SPD-DN-NSGA-II,rPSP,MMF14,12,0.0654473373270868,All_Algorithms_Comparison_Results3.mat
SPD-DN-NSGA-II,rPSP,MMF14,13,0.07524819140318567,All_Algorithms_Comparison_Results3.mat
SPD-DN-NSGA-II,rPSP,MMF14,14,0.07205391637596414,All_Algorithms_Comparison_Results3.mat
SPD-DN-NSGA-II,rPSP,MMF14,15,0.08110887710740963,All_Algorithms_Comparison_Results3.mat
SPD-DN-NSGA-II,rPSP,MMF14,16,0.07526261013339593,All_Algorithms_Comparison_Results3.mat
SPD-DN-NSGA-II,rPSP,MMF14,17,0.07077548802182833,All_Algorithms_Comparison_Results3.mat
SPD-DN-NSGA-II,rPSP,MMF14,18,0.07336170375875523,All_Algorithms_Comparison_Results3.mat
SPD-DN-NSGA-II,rPSP,MMF14,19,0.07009393918575643,All_Algorithms_Comparison_Results3.mat
SPD-DN-NSGA-II,rPSP,MMF14,20,0.08445400858443963,All_Algorithms_Comparison_Results3.mat
SPD-DN-NSGA-II,rPSP,MMF14,21,0.06676831529006903,All_Algorithms_Comparison_Results3.mat
SPD-DN-NSGA-II,rPSP,MMF14,22,0.0723941187473946,All_Algorithms_Comparison_Results3.mat
SPD-DN-NSGA-II,rPSP,MMF14,23,0.07769231221763596,All_Algorithms_Comparison_Results3.mat
SPD-DN-NSGA-II,rPSP,MMF14,24,0.07227805411566746,All_Algorithms_Comparison_Results3.mat
SPD-DN-NSGA-II,rPSP,MMF14,25,0.07126639920994154,All_Algorithms_Comparison_Results3.mat
SPD-DN-NSGA-II,rPSP,MMF14,26,0.07140219351366807,All_Algorithms_Comparison_Results3.mat
SPD-DN-NSGA-II,rPSP,MMF14,27,0.06715602548741961,All_Algorithms_Comparison_Results3.mat
SPD-DN-NSGA-II,rPSP,MMF14,28,0.0684965186493395,All_Algorithms_Comparison_Results3.mat
SPD-DN-NSGA-II,rPSP,MMF14,29,0.071293148781738,All_Algorithms_Comparison_Results3.mat
SPD-DN-NSGA-II,rPSP,MMF14,30,0.0691529807321017,All_Algorithms_Comparison_Results3.mat
SPD-DN-NSGA-II,rPSP,MMF14,31,0.07073785444054684,All_Algorithms_Comparison_Results3.mat
SPD-DN-NSGA-II,rPSP,MMF15,1,0.5595208920798902,All_Algorithms_Comparison_Results3.mat
SPD-DN-NSGA-II,rPSP,MMF15,2,0.5473311854984916,All_Algorithms_Comparison_Results3.mat
SPD-DN-NSGA-II,rPSP,MMF15,3,0.4705565283279961,All_Algorithms_Comparison_Results3.mat
SPD-DN-NSGA-II,rPSP,MMF15,4,0.5264868702178397,All_Algorithms_Comparison_Results3.mat
SPD-DN-NSGA-II,rPSP,MMF15,5,0.5601009390073153,All_Algorithms_Comparison_Results3.mat
SPD-DN-NSGA-II,rPSP,MMF15,6,0.45578756118405167,All_Algorithms_Comparison_Results3.mat
SPD-DN-NSGA-II,rPSP,MMF15,7,0.481586620320177,All_Algorithms_Comparison_Results3.mat
SPD-DN-NSGA-II,rPSP,MMF15,8,0.5362719507002509,All_Algorithms_Comparison_Results3.mat
SPD-DN-NSGA-II,rPSP,MMF15,9,0.5385610284195682,All_Algorithms_Comparison_Results3.mat
SPD-DN-NSGA-II,rPSP,MMF15,10,0.5329710803765129,All_Algorithms_Comparison_Results3.mat
SPD-DN-NSGA-II,rPSP,MMF15,11,0.3538481164853886,All_Algorithms_Comparison_Results3.mat
SPD-DN-NSGA-II,rPSP,MMF15,12,0.5637541094103387,All_Algorithms_Comparison_Results3.mat
SPD-DN-NSGA-II,rPSP,MMF15,13,0.527176907254204,All_Algorithms_Comparison_Results3.mat
SPD-DN-NSGA-II,rPSP,MMF15,14,0.43369859926302845,All_Algorithms_Comparison_Results3.mat
SPD-DN-NSGA-II,rPSP,MMF15,15,0.5459521949938494,All_Algorithms_Comparison_Results3.mat
SPD-DN-NSGA-II,rPSP,MMF15,16,0.5596686184441806,All_Algorithms_Comparison_Results3.mat
SPD-DN-NSGA-II,rPSP,MMF15,17,0.5389664226904975,All_Algorithms_Comparison_Results3.mat
SPD-DN-NSGA-II,rPSP,MMF15,18,0.5593210863203085,All_Algorithms_Comparison_Results3.mat
SPD-DN-NSGA-II,rPSP,MMF15,19,0.5255207784763439,All_Algorithms_Comparison_Results3.mat
SPD-DN-NSGA-II,rPSP,MMF15,20,0.5277138820508397,All_Algorithms_Comparison_Results3.mat
SPD-DN-NSGA-II,rPSP,MMF15,21,0.4894122560842805,All_Algorithms_Comparison_Results3.mat
SPD-DN-NSGA-II,rPSP,MMF15,22,0.49873570854266785,All_Algorithms_Comparison_Results3.mat
SPD-DN-NSGA-II,rPSP,MMF15,23,0.5577666004210735,All_Algorithms_Comparison_Results3.mat
SPD-DN-NSGA-II,rPSP,MMF15,24,0.5778595402579416,All_Algorithms_Comparison_Results3.mat
SPD-DN-NSGA-II,rPSP,MMF15,25,0.5103282471390163,All_Algorithms_Comparison_Results3.mat
SPD-DN-NSGA-II,rPSP,MMF15,26,0.5200295995153656,All_Algorithms_Comparison_Results3.mat
SPD-DN-NSGA-II,rPSP,MMF15,27,0.5325734041472705,All_Algorithms_Comparison_Results3.mat
SPD-DN-NSGA-II,rPSP,MMF15,28,0.533232302418231,All_Algorithms_Comparison_Results3.mat
SPD-DN-NSGA-II,rPSP,MMF15,29,0.34691779622308433,All_Algorithms_Comparison_Results3.mat
SPD-DN-NSGA-II,rPSP,MMF15,30,0.5450721073558037,All_Algorithms_Comparison_Results3.mat
SPD-DN-NSGA-II,rPSP,MMF15,31,0.3915040323343293,All_Algorithms_Comparison_Results3.mat
SPD-DN-NSGA-II,rPSP,MMF1_z,1,0.04227295818460063,All_Algorithms_Comparison_Results3.mat
SPD-DN-NSGA-II,rPSP,MMF1_z,2,0.03805889049250533,All_Algorithms_Comparison_Results3.mat
SPD-DN-NSGA-II,rPSP,MMF1_z,3,0.044608678350881385,All_Algorithms_Comparison_Results3.mat
SPD-DN-NSGA-II,rPSP,MMF1_z,4,0.037388747555142404,All_Algorithms_Comparison_Results3.mat
SPD-DN-NSGA-II,rPSP,MMF1_z,5,0.0400491740104552,All_Algorithms_Comparison_Results3.mat
SPD-DN-NSGA-II,rPSP,MMF1_z,6,0.04369942594515913,All_Algorithms_Comparison_Results3.mat
SPD-DN-NSGA-II,rPSP,MMF1_z,7,0.04708584109259752,All_Algorithms_Comparison_Results3.mat
SPD-DN-NSGA-II,rPSP,MMF1_z,8,0.03689163805816446,All_Algorithms_Comparison_Results3.mat
SPD-DN-NSGA-II,rPSP,MMF1_z,9,0.04248107189516824,All_Algorithms_Comparison_Results3.mat
SPD-DN-NSGA-II,rPSP,MMF1_z,10,0.0372999425959351,All_Algorithms_Comparison_Results3.mat
SPD-DN-NSGA-II,rPSP,MMF1_z,11,0.0373047248776206,All_Algorithms_Comparison_Results3.mat
SPD-DN-NSGA-II,rPSP,MMF1_z,12,0.061970437094221495,All_Algorithms_Comparison_Results3.mat
SPD-DN-NSGA-II,rPSP,MMF1_z,13,0.04184319440768959,All_Algorithms_Comparison_Results3.mat
SPD-DN-NSGA-II,rPSP,MMF1_z,14,0.04503381588065382,All_Algorithms_Comparison_Results3.mat
SPD-DN-NSGA-II,rPSP,MMF1_z,15,0.04660826520693289,All_Algorithms_Comparison_Results3.mat
SPD-DN-NSGA-II,rPSP,MMF1_z,16,0.03797981428148157,All_Algorithms_Comparison_Results3.mat
SPD-DN-NSGA-II,rPSP,MMF1_z,17,0.04421016373159443,All_Algorithms_Comparison_Results3.mat
SPD-DN-NSGA-II,rPSP,MMF1_z,18,0.036931719801917465,All_Algorithms_Comparison_Results3.mat
SPD-DN-NSGA-II,rPSP,MMF1_z,19,0.04078184845933043,All_Algorithms_Comparison_Results3.mat
SPD-DN-NSGA-II,rPSP,MMF1_z,20,0.0378120928784688,All_Algorithms_Comparison_Results3.mat
SPD-DN-NSGA-II,rPSP,MMF1_z,21,0.03411337979327591,All_Algorithms_Comparison_Results3.mat
SPD-DN-NSGA-II,rPSP,MMF1_z,22,0.03886288780702701,All_Algorithms_Comparison_Results3.mat
SPD-DN-NSGA-II,rPSP,MMF1_z,23,0.03899484696174912,All_Algorithms_Comparison_Results3.mat
SPD-DN-NSGA-II,rPSP,MMF1_z,24,0.047371378703603965,All_Algorithms_Comparison_Results3.mat
SPD-DN-NSGA-II,rPSP,MMF1_z,25,0.03807609558497923,All_Algorithms_Comparison_Results3.mat
SPD-DN-NSGA-II,rPSP,MMF1_z,26,0.04461709374268608,All_Algorithms_Comparison_Results3.mat
SPD-DN-NSGA-II,rPSP,MMF1_z,27,0.03576988440877596,All_Algorithms_Comparison_Results3.mat
SPD-DN-NSGA-II,rPSP,MMF1_z,28,0.04621960838734889,All_Algorithms_Comparison_Results3.mat
SPD-DN-NSGA-II,rPSP,MMF1_z,29,0.035294853580192,All_Algorithms_Comparison_Results3.mat
SPD-DN-NSGA-II,rPSP,MMF1_z,30,0.03766457162172655,All_Algorithms_Comparison_Results3.mat
SPD-DN-NSGA-II,rPSP,MMF1_z,31,0.04093278956690646,All_Algorithms_Comparison_Results3.mat
SPD-DN-NSGA-II,rPSP,MMF1_e,1,0.8072061659906796,All_Algorithms_Comparison_Results3.mat
SPD-DN-NSGA-II,rPSP,MMF1_e,2,1.3881226252739285,All_Algorithms_Comparison_Results3.mat
SPD-DN-NSGA-II,rPSP,MMF1_e,3,1.536005654905701,All_Algorithms_Comparison_Results3.mat
SPD-DN-NSGA-II,rPSP,MMF1_e,4,1.0237181626157643,All_Algorithms_Comparison_Results3.mat
SPD-DN-NSGA-II,rPSP,MMF1_e,5,2.1127261930168486,All_Algorithms_Comparison_Results3.mat
SPD-DN-NSGA-II,rPSP,MMF1_e,6,2.369095934498419,All_Algorithms_Comparison_Results3.mat
SPD-DN-NSGA-II,rPSP,MMF1_e,7,1.141139134557021,All_Algorithms_Comparison_Results3.mat
SPD-DN-NSGA-II,rPSP,MMF1_e,8,0.9558341435796391,All_Algorithms_Comparison_Results3.mat
SPD-DN-NSGA-II,rPSP,MMF1_e,9,4.490825251668751,All_Algorithms_Comparison_Results3.mat
SPD-DN-NSGA-II,rPSP,MMF1_e,10,2.9368878634163518,All_Algorithms_Comparison_Results3.mat
SPD-DN-NSGA-II,rPSP,MMF1_e,11,3.87420127379047,All_Algorithms_Comparison_Results3.mat
SPD-DN-NSGA-II,rPSP,MMF1_e,12,0.9129688244102732,All_Algorithms_Comparison_Results3.mat
SPD-DN-NSGA-II,rPSP,MMF1_e,13,3.9309802701784995,All_Algorithms_Comparison_Results3.mat
SPD-DN-NSGA-II,rPSP,MMF1_e,14,1.666048137599988,All_Algorithms_Comparison_Results3.mat
SPD-DN-NSGA-II,rPSP,MMF1_e,15,0.5464653973025002,All_Algorithms_Comparison_Results3.mat
SPD-DN-NSGA-II,rPSP,MMF1_e,16,1.042573969812734,All_Algorithms_Comparison_Results3.mat
SPD-DN-NSGA-II,rPSP,MMF1_e,17,3.7369872092441723,All_Algorithms_Comparison_Results3.mat
SPD-DN-NSGA-II,rPSP,MMF1_e,18,0.7018932562904585,All_Algorithms_Comparison_Results3.mat
SPD-DN-NSGA-II,rPSP,MMF1_e,19,0.42463031785729843,All_Algorithms_Comparison_Results3.mat
SPD-DN-NSGA-II,rPSP,MMF1_e,20,1.1481940470290424,All_Algorithms_Comparison_Results3.mat
SPD-DN-NSGA-II,rPSP,MMF1_e,21,1.4589894584945529,All_Algorithms_Comparison_Results3.mat
SPD-DN-NSGA-II,rPSP,MMF1_e,22,0.9107205277281508,All_Algorithms_Comparison_Results3.mat
SPD-DN-NSGA-II,rPSP,MMF1_e,23,1.2275800306258755,All_Algorithms_Comparison_Results3.mat
SPD-DN-NSGA-II,rPSP,MMF1_e,24,3.3741629496239565,All_Algorithms_Comparison_Results3.mat
SPD-DN-NSGA-II,rPSP,MMF1_e,25,0.675682889162365,All_Algorithms_Comparison_Results3.mat
SPD-DN-NSGA-II,rPSP,MMF1_e,26,0.9136535369025763,All_Algorithms_Comparison_Results3.mat
SPD-DN-NSGA-II,rPSP,MMF1_e,27,4.35171204821471,All_Algorithms_Comparison_Results3.mat
SPD-DN-NSGA-II,rPSP,MMF1_e,28,2.009881076609964,All_Algorithms_Comparison_Results3.mat
SPD-DN-NSGA-II,rPSP,MMF1_e,29,0.6928151230381371,All_Algorithms_Comparison_Results3.mat
SPD-DN-NSGA-II,rPSP,MMF1_e,30,0.9850612532893543,All_Algorithms_Comparison_Results3.mat
SPD-DN-NSGA-II,rPSP,MMF1_e,31,1.498081156742294,All_Algorithms_Comparison_Results3.mat
SPD-DN-NSGA-II,rPSP,MMF14_a,1,0.09228018009655825,All_Algorithms_Comparison_Results3.mat
SPD-DN-NSGA-II,rPSP,MMF14_a,2,0.09797897513951338,All_Algorithms_Comparison_Results3.mat
SPD-DN-NSGA-II,rPSP,MMF14_a,3,0.09154590550866486,All_Algorithms_Comparison_Results3.mat
SPD-DN-NSGA-II,rPSP,MMF14_a,4,0.08160339652711283,All_Algorithms_Comparison_Results3.mat
SPD-DN-NSGA-II,rPSP,MMF14_a,5,0.0885666352685991,All_Algorithms_Comparison_Results3.mat
SPD-DN-NSGA-II,rPSP,MMF14_a,6,0.09395268223794986,All_Algorithms_Comparison_Results3.mat
SPD-DN-NSGA-II,rPSP,MMF14_a,7,0.10005378990363774,All_Algorithms_Comparison_Results3.mat
SPD-DN-NSGA-II,rPSP,MMF14_a,8,0.11228819256476787,All_Algorithms_Comparison_Results3.mat
SPD-DN-NSGA-II,rPSP,MMF14_a,9,0.10187242750669688,All_Algorithms_Comparison_Results3.mat
SPD-DN-NSGA-II,rPSP,MMF14_a,10,0.1098005549072791,All_Algorithms_Comparison_Results3.mat
SPD-DN-NSGA-II,rPSP,MMF14_a,11,0.09855116719541375,All_Algorithms_Comparison_Results3.mat
SPD-DN-NSGA-II,rPSP,MMF14_a,12,0.08546457195645163,All_Algorithms_Comparison_Results3.mat
SPD-DN-NSGA-II,rPSP,MMF14_a,13,0.09458262646341206,All_Algorithms_Comparison_Results3.mat
SPD-DN-NSGA-II,rPSP,MMF14_a,14,0.0918533342331572,All_Algorithms_Comparison_Results3.mat
SPD-DN-NSGA-II,rPSP,MMF14_a,15,0.08967304895966714,All_Algorithms_Comparison_Results3.mat
SPD-DN-NSGA-II,rPSP,MMF14_a,16,0.0873223928070411,All_Algorithms_Comparison_Results3.mat
SPD-DN-NSGA-II,rPSP,MMF14_a,17,0.10671571189556872,All_Algorithms_Comparison_Results3.mat
SPD-DN-NSGA-II,rPSP,MMF14_a,18,0.09212099290854209,All_Algorithms_Comparison_Results3.mat
SPD-DN-NSGA-II,rPSP,MMF14_a,19,0.10330606641542829,All_Algorithms_Comparison_Results3.mat
SPD-DN-NSGA-II,rPSP,MMF14_a,20,0.10196568981651398,All_Algorithms_Comparison_Results3.mat
SPD-DN-NSGA-II,rPSP,MMF14_a,21,0.09060681050828921,All_Algorithms_Comparison_Results3.mat
SPD-DN-NSGA-II,rPSP,MMF14_a,22,0.09689164630029104,All_Algorithms_Comparison_Results3.mat
SPD-DN-NSGA-II,rPSP,MMF14_a,23,0.10561773748309942,All_Algorithms_Comparison_Results3.mat
SPD-DN-NSGA-II,rPSP,MMF14_a,24,0.09615131808472795,All_Algorithms_Comparison_Results3.mat
SPD-DN-NSGA-II,rPSP,MMF14_a,25,0.09976514551648347,All_Algorithms_Comparison_Results3.mat
SPD-DN-NSGA-II,rPSP,MMF14_a,26,0.08985741949074642,All_Algorithms_Comparison_Results3.mat
SPD-DN-NSGA-II,rPSP,MMF14_a,27,0.1008416468524416,All_Algorithms_Comparison_Results3.mat
SPD-DN-NSGA-II,rPSP,MMF14_a,28,0.08177552476716994,All_Algorithms_Comparison_Results3.mat
SPD-DN-NSGA-II,rPSP,MMF14_a,29,0.10617580736764992,All_Algorithms_Comparison_Results3.mat
SPD-DN-NSGA-II,rPSP,MMF14_a,30,0.09386708837211302,All_Algorithms_Comparison_Results3.mat
SPD-DN-NSGA-II,rPSP,MMF14_a,31,0.10070808826812762,All_Algorithms_Comparison_Results3.mat
SPD-DN-NSGA-II,rPSP,MMF15_a,1,0.23700279327119567,All_Algorithms_Comparison_Results3.mat
SPD-DN-NSGA-II,rPSP,MMF15_a,2,0.2776422626661094,All_Algorithms_Comparison_Results3.mat
SPD-DN-NSGA-II,rPSP,MMF15_a,3,0.2828549191541736,All_Algorithms_Comparison_Results3.mat
SPD-DN-NSGA-II,rPSP,MMF15_a,4,0.2452126030771199,All_Algorithms_Comparison_Results3.mat
SPD-DN-NSGA-II,rPSP,MMF15_a,5,0.2732679516211811,All_Algorithms_Comparison_Results3.mat
SPD-DN-NSGA-II,rPSP,MMF15_a,6,0.2465574726153744,All_Algorithms_Comparison_Results3.mat
SPD-DN-NSGA-II,rPSP,MMF15_a,7,0.11231202160579218,All_Algorithms_Comparison_Results3.mat
SPD-DN-NSGA-II,rPSP,MMF15_a,8,0.26998038005834146,All_Algorithms_Comparison_Results3.mat
SPD-DN-NSGA-II,rPSP,MMF15_a,9,0.2600300957447901,All_Algorithms_Comparison_Results3.mat
SPD-DN-NSGA-II,rPSP,MMF15_a,10,0.24602547450198586,All_Algorithms_Comparison_Results3.mat
SPD-DN-NSGA-II,rPSP,MMF15_a,11,0.2775271965813531,All_Algorithms_Comparison_Results3.mat
SPD-DN-NSGA-II,rPSP,MMF15_a,12,0.27400525262399184,All_Algorithms_Comparison_Results3.mat
SPD-DN-NSGA-II,rPSP,MMF15_a,13,0.2838725286862802,All_Algorithms_Comparison_Results3.mat
SPD-DN-NSGA-II,rPSP,MMF15_a,14,0.2841096581264943,All_Algorithms_Comparison_Results3.mat
SPD-DN-NSGA-II,rPSP,MMF15_a,15,0.19941177115527453,All_Algorithms_Comparison_Results3.mat
SPD-DN-NSGA-II,rPSP,MMF15_a,16,0.2768292835090433,All_Algorithms_Comparison_Results3.mat
SPD-DN-NSGA-II,rPSP,MMF15_a,17,0.2710522261192151,All_Algorithms_Comparison_Results3.mat
SPD-DN-NSGA-II,rPSP,MMF15_a,18,0.2800264196052025,All_Algorithms_Comparison_Results3.mat
SPD-DN-NSGA-II,rPSP,MMF15_a,19,0.2699120767889465,All_Algorithms_Comparison_Results3.mat
SPD-DN-NSGA-II,rPSP,MMF15_a,20,0.2761642243051689,All_Algorithms_Comparison_Results3.mat
SPD-DN-NSGA-II,rPSP,MMF15_a,21,0.27444320936232386,All_Algorithms_Comparison_Results3.mat
SPD-DN-NSGA-II,rPSP,MMF15_a,22,0.262425466215764,All_Algorithms_Comparison_Results3.mat
SPD-DN-NSGA-II,rPSP,MMF15_a,23,0.283270294409525,All_Algorithms_Comparison_Results3.mat
SPD-DN-NSGA-II,rPSP,MMF15_a,24,0.27714217208216274,All_Algorithms_Comparison_Results3.mat
SPD-DN-NSGA-II,rPSP,MMF15_a,25,0.27671162171507513,All_Algorithms_Comparison_Results3.mat
SPD-DN-NSGA-II,rPSP,MMF15_a,26,0.2798506355426941,All_Algorithms_Comparison_Results3.mat
SPD-DN-NSGA-II,rPSP,MMF15_a,27,0.2785270301417763,All_Algorithms_Comparison_Results3.mat
SPD-DN-NSGA-II,rPSP,MMF15_a,28,0.27359070963304727,All_Algorithms_Comparison_Results3.mat
SPD-DN-NSGA-II,rPSP,MMF15_a,29,0.2886287651263929,All_Algorithms_Comparison_Results3.mat
SPD-DN-NSGA-II,rPSP,MMF15_a,30,0.2726826217630848,All_Algorithms_Comparison_Results3.mat
SPD-DN-NSGA-II,rPSP,MMF15_a,31,0.22264306532481146,All_Algorithms_Comparison_Results3.mat
SPD-DN-NSGA-II,rPSP,SYM_PART_simple,1,0.06942582108694542,All_Algorithms_Comparison_Results3.mat
SPD-DN-NSGA-II,rPSP,SYM_PART_simple,2,0.08978445977945017,All_Algorithms_Comparison_Results3.mat
SPD-DN-NSGA-II,rPSP,SYM_PART_simple,3,0.08067989548653519,All_Algorithms_Comparison_Results3.mat
SPD-DN-NSGA-II,rPSP,SYM_PART_simple,4,0.0813918984261451,All_Algorithms_Comparison_Results3.mat
SPD-DN-NSGA-II,rPSP,SYM_PART_simple,5,0.09204691295409478,All_Algorithms_Comparison_Results3.mat
SPD-DN-NSGA-II,rPSP,SYM_PART_simple,6,0.11221428526270051,All_Algorithms_Comparison_Results3.mat
SPD-DN-NSGA-II,rPSP,SYM_PART_simple,7,0.07086062348685604,All_Algorithms_Comparison_Results3.mat
SPD-DN-NSGA-II,rPSP,SYM_PART_simple,8,0.07530771652666109,All_Algorithms_Comparison_Results3.mat
SPD-DN-NSGA-II,rPSP,SYM_PART_simple,9,0.0713928228504927,All_Algorithms_Comparison_Results3.mat
SPD-DN-NSGA-II,rPSP,SYM_PART_simple,10,0.07441355126869025,All_Algorithms_Comparison_Results3.mat
SPD-DN-NSGA-II,rPSP,SYM_PART_simple,11,0.12375941329931106,All_Algorithms_Comparison_Results3.mat
SPD-DN-NSGA-II,rPSP,SYM_PART_simple,12,0.07426532546855304,All_Algorithms_Comparison_Results3.mat
SPD-DN-NSGA-II,rPSP,SYM_PART_simple,13,0.07651730317305983,All_Algorithms_Comparison_Results3.mat
SPD-DN-NSGA-II,rPSP,SYM_PART_simple,14,0.08003839939610126,All_Algorithms_Comparison_Results3.mat
SPD-DN-NSGA-II,rPSP,SYM_PART_simple,15,0.07718442011299706,All_Algorithms_Comparison_Results3.mat
SPD-DN-NSGA-II,rPSP,SYM_PART_simple,16,0.07931430168268709,All_Algorithms_Comparison_Results3.mat
SPD-DN-NSGA-II,rPSP,SYM_PART_simple,17,0.07710619227786761,All_Algorithms_Comparison_Results3.mat
SPD-DN-NSGA-II,rPSP,SYM_PART_simple,18,0.07381948810524973,All_Algorithms_Comparison_Results3.mat
SPD-DN-NSGA-II,rPSP,SYM_PART_simple,19,0.06595058614756219,All_Algorithms_Comparison_Results3.mat
SPD-DN-NSGA-II,rPSP,SYM_PART_simple,20,0.09415599031420739,All_Algorithms_Comparison_Results3.mat
SPD-DN-NSGA-II,rPSP,SYM_PART_simple,21,0.07139860723090888,All_Algorithms_Comparison_Results3.mat
SPD-DN-NSGA-II,rPSP,SYM_PART_simple,22,0.06944161032429812,All_Algorithms_Comparison_Results3.mat
SPD-DN-NSGA-II,rPSP,SYM_PART_simple,23,0.07882833566844032,All_Algorithms_Comparison_Results3.mat
SPD-DN-NSGA-II,rPSP,SYM_PART_simple,24,0.09091790612629559,All_Algorithms_Comparison_Results3.mat
SPD-DN-NSGA-II,rPSP,SYM_PART_simple,25,0.07349645943431925,All_Algorithms_Comparison_Results3.mat
SPD-DN-NSGA-II,rPSP,SYM_PART_simple,26,0.06463552619652484,All_Algorithms_Comparison_Results3.mat
SPD-DN-NSGA-II,rPSP,SYM_PART_simple,27,0.08166131290218018,All_Algorithms_Comparison_Results3.mat
SPD-DN-NSGA-II,rPSP,SYM_PART_simple,28,0.07147696026367807,All_Algorithms_Comparison_Results3.mat
SPD-DN-NSGA-II,rPSP,SYM_PART_simple,29,0.06719216505014919,All_Algorithms_Comparison_Results3.mat
SPD-DN-NSGA-II,rPSP,SYM_PART_simple,30,0.07021520188456495,All_Algorithms_Comparison_Results3.mat
SPD-DN-NSGA-II,rPSP,SYM_PART_simple,31,0.12058056670044065,All_Algorithms_Comparison_Results3.mat
SPD-DN-NSGA-II,rPSP,SYM_PART_rotated,1,0.11241131696364186,All_Algorithms_Comparison_Results3.mat
SPD-DN-NSGA-II,rPSP,SYM_PART_rotated,2,0.10216035440144547,All_Algorithms_Comparison_Results3.mat
SPD-DN-NSGA-II,rPSP,SYM_PART_rotated,3,0.09920883018554093,All_Algorithms_Comparison_Results3.mat
SPD-DN-NSGA-II,rPSP,SYM_PART_rotated,4,0.15403225679965804,All_Algorithms_Comparison_Results3.mat
SPD-DN-NSGA-II,rPSP,SYM_PART_rotated,5,0.10579783514554893,All_Algorithms_Comparison_Results3.mat
SPD-DN-NSGA-II,rPSP,SYM_PART_rotated,6,4.027541791341889,All_Algorithms_Comparison_Results3.mat
SPD-DN-NSGA-II,rPSP,SYM_PART_rotated,7,1.0048939600868008,All_Algorithms_Comparison_Results3.mat
SPD-DN-NSGA-II,rPSP,SYM_PART_rotated,8,1.0019214380240309,All_Algorithms_Comparison_Results3.mat
SPD-DN-NSGA-II,rPSP,SYM_PART_rotated,9,0.9981156056960007,All_Algorithms_Comparison_Results3.mat
SPD-DN-NSGA-II,rPSP,SYM_PART_rotated,10,0.15230142781545095,All_Algorithms_Comparison_Results3.mat
SPD-DN-NSGA-II,rPSP,SYM_PART_rotated,11,0.28868691353197884,All_Algorithms_Comparison_Results3.mat
SPD-DN-NSGA-II,rPSP,SYM_PART_rotated,12,0.160742851050288,All_Algorithms_Comparison_Results3.mat
SPD-DN-NSGA-II,rPSP,SYM_PART_rotated,13,0.07184854837199178,All_Algorithms_Comparison_Results3.mat
SPD-DN-NSGA-II,rPSP,SYM_PART_rotated,14,0.09037824320746371,All_Algorithms_Comparison_Results3.mat
SPD-DN-NSGA-II,rPSP,SYM_PART_rotated,15,0.08107106398403807,All_Algorithms_Comparison_Results3.mat
SPD-DN-NSGA-II,rPSP,SYM_PART_rotated,16,0.9939775046072046,All_Algorithms_Comparison_Results3.mat
SPD-DN-NSGA-II,rPSP,SYM_PART_rotated,17,1.0487404008530645,All_Algorithms_Comparison_Results3.mat
SPD-DN-NSGA-II,rPSP,SYM_PART_rotated,18,0.11630700662580687,All_Algorithms_Comparison_Results3.mat
SPD-DN-NSGA-II,rPSP,SYM_PART_rotated,19,0.9869745941722329,All_Algorithms_Comparison_Results3.mat
SPD-DN-NSGA-II,rPSP,SYM_PART_rotated,20,1.0001147243370032,All_Algorithms_Comparison_Results3.mat
SPD-DN-NSGA-II,rPSP,SYM_PART_rotated,21,0.15911747540031254,All_Algorithms_Comparison_Results3.mat
SPD-DN-NSGA-II,rPSP,SYM_PART_rotated,22,1.0073619640716367,All_Algorithms_Comparison_Results3.mat
SPD-DN-NSGA-II,rPSP,SYM_PART_rotated,23,0.09354449199782983,All_Algorithms_Comparison_Results3.mat
SPD-DN-NSGA-II,rPSP,SYM_PART_rotated,24,1.012252785421472,All_Algorithms_Comparison_Results3.mat
SPD-DN-NSGA-II,rPSP,SYM_PART_rotated,25,0.1552290314691202,All_Algorithms_Comparison_Results3.mat
SPD-DN-NSGA-II,rPSP,SYM_PART_rotated,26,0.10664771012355065,All_Algorithms_Comparison_Results3.mat
SPD-DN-NSGA-II,rPSP,SYM_PART_rotated,27,1.0115751083676365,All_Algorithms_Comparison_Results3.mat
SPD-DN-NSGA-II,rPSP,SYM_PART_rotated,28,0.0994570932639831,All_Algorithms_Comparison_Results3.mat
SPD-DN-NSGA-II,rPSP,SYM_PART_rotated,29,0.23118161759842848,All_Algorithms_Comparison_Results3.mat
SPD-DN-NSGA-II,rPSP,SYM_PART_rotated,30,0.9985239162151275,All_Algorithms_Comparison_Results3.mat
SPD-DN-NSGA-II,rPSP,SYM_PART_rotated,31,0.08630954803044158,All_Algorithms_Comparison_Results3.mat
SPD-DN-NSGA-II,rPSP,Omni_test,1,0.3899977960141243,All_Algorithms_Comparison_Results3.mat
SPD-DN-NSGA-II,rPSP,Omni_test,2,0.16284467228634844,All_Algorithms_Comparison_Results3.mat
SPD-DN-NSGA-II,rPSP,Omni_test,3,0.16920606207735464,All_Algorithms_Comparison_Results3.mat
SPD-DN-NSGA-II,rPSP,Omni_test,4,0.1621071493853874,All_Algorithms_Comparison_Results3.mat
SPD-DN-NSGA-II,rPSP,Omni_test,5,0.17743066475285765,All_Algorithms_Comparison_Results3.mat
SPD-DN-NSGA-II,rPSP,Omni_test,6,0.09989659982844475,All_Algorithms_Comparison_Results3.mat
SPD-DN-NSGA-II,rPSP,Omni_test,7,0.1525686451882271,All_Algorithms_Comparison_Results3.mat
SPD-DN-NSGA-II,rPSP,Omni_test,8,0.25356229433231814,All_Algorithms_Comparison_Results3.mat
SPD-DN-NSGA-II,rPSP,Omni_test,9,0.1707429144500941,All_Algorithms_Comparison_Results3.mat
SPD-DN-NSGA-II,rPSP,Omni_test,10,0.24033074941203153,All_Algorithms_Comparison_Results3.mat
SPD-DN-NSGA-II,rPSP,Omni_test,11,0.11700527134869022,All_Algorithms_Comparison_Results3.mat
SPD-DN-NSGA-II,rPSP,Omni_test,12,0.0982399480097699,All_Algorithms_Comparison_Results3.mat
SPD-DN-NSGA-II,rPSP,Omni_test,13,0.17476473713340906,All_Algorithms_Comparison_Results3.mat
SPD-DN-NSGA-II,rPSP,Omni_test,14,0.4316276430297762,All_Algorithms_Comparison_Results3.mat
SPD-DN-NSGA-II,rPSP,Omni_test,15,0.18316859206044694,All_Algorithms_Comparison_Results3.mat
SPD-DN-NSGA-II,rPSP,Omni_test,16,0.09334665269842948,All_Algorithms_Comparison_Results3.mat
SPD-DN-NSGA-II,rPSP,Omni_test,17,0.19469519967577997,All_Algorithms_Comparison_Results3.mat
SPD-DN-NSGA-II,rPSP,Omni_test,18,0.18701738929561146,All_Algorithms_Comparison_Results3.mat
SPD-DN-NSGA-II,rPSP,Omni_test,19,0.23448107615935568,All_Algorithms_Comparison_Results3.mat
SPD-DN-NSGA-II,rPSP,Omni_test,20,0.13943076390903583,All_Algorithms_Comparison_Results3.mat
SPD-DN-NSGA-II,rPSP,Omni_test,21,0.2881491171822213,All_Algorithms_Comparison_Results3.mat
SPD-DN-NSGA-II,rPSP,Omni_test,22,0.11829422316903611,All_Algorithms_Comparison_Results3.mat
SPD-DN-NSGA-II,rPSP,Omni_test,23,0.19239508382151257,All_Algorithms_Comparison_Results3.mat
SPD-DN-NSGA-II,rPSP,Omni_test,24,0.10286582374441595,All_Algorithms_Comparison_Results3.mat
SPD-DN-NSGA-II,rPSP,Omni_test,25,0.109670808464513,All_Algorithms_Comparison_Results3.mat
SPD-DN-NSGA-II,rPSP,Omni_test,26,0.11203250989700227,All_Algorithms_Comparison_Results3.mat
SPD-DN-NSGA-II,rPSP,Omni_test,27,0.1599116324573251,All_Algorithms_Comparison_Results3.mat
SPD-DN-NSGA-II,rPSP,Omni_test,28,0.18713323243488317,All_Algorithms_Comparison_Results3.mat
SPD-DN-NSGA-II,rPSP,Omni_test,29,0.16743090452202608,All_Algorithms_Comparison_Results3.mat
SPD-DN-NSGA-II,rPSP,Omni_test,30,0.25162914463789743,All_Algorithms_Comparison_Results3.mat
SPD-DN-NSGA-II,rPSP,Omni_test,31,0.10235298568116395,All_Algorithms_Comparison_Results3.mat
SPD-DN-NSGA-II,rHV,MMF1,1,1.1479301754175633,All_Algorithms_Comparison_Results3.mat
SPD-DN-NSGA-II,rHV,MMF1,2,1.148083881609918,All_Algorithms_Comparison_Results3.mat
SPD-DN-NSGA-II,rHV,MMF1,3,1.147942436506378,All_Algorithms_Comparison_Results3.mat
SPD-DN-NSGA-II,rHV,MMF1,4,1.147430073232972,All_Algorithms_Comparison_Results3.mat
SPD-DN-NSGA-II,rHV,MMF1,5,1.1476292477730048,All_Algorithms_Comparison_Results3.mat
SPD-DN-NSGA-II,rHV,MMF1,6,1.1487246011937298,All_Algorithms_Comparison_Results3.mat
SPD-DN-NSGA-II,rHV,MMF1,7,1.1487578029255006,All_Algorithms_Comparison_Results3.mat
SPD-DN-NSGA-II,rHV,MMF1,8,1.147757509233101,All_Algorithms_Comparison_Results3.mat
SPD-DN-NSGA-II,rHV,MMF1,9,1.1473567993308789,All_Algorithms_Comparison_Results3.mat
SPD-DN-NSGA-II,rHV,MMF1,10,1.1471799188958487,All_Algorithms_Comparison_Results3.mat
SPD-DN-NSGA-II,rHV,MMF1,11,1.147909771467561,All_Algorithms_Comparison_Results3.mat
SPD-DN-NSGA-II,rHV,MMF1,12,1.1473771246809186,All_Algorithms_Comparison_Results3.mat
SPD-DN-NSGA-II,rHV,MMF1,13,1.1472807704497803,All_Algorithms_Comparison_Results3.mat
SPD-DN-NSGA-II,rHV,MMF1,14,1.1479683305876218,All_Algorithms_Comparison_Results3.mat
SPD-DN-NSGA-II,rHV,MMF1,15,1.1493914257821076,All_Algorithms_Comparison_Results3.mat
SPD-DN-NSGA-II,rHV,MMF1,16,1.1475414745261219,All_Algorithms_Comparison_Results3.mat
SPD-DN-NSGA-II,rHV,MMF1,17,1.1506157861422959,All_Algorithms_Comparison_Results3.mat
SPD-DN-NSGA-II,rHV,MMF1,18,1.147524798017606,All_Algorithms_Comparison_Results3.mat
SPD-DN-NSGA-II,rHV,MMF1,19,1.1489928294897374,All_Algorithms_Comparison_Results3.mat
SPD-DN-NSGA-II,rHV,MMF1,20,1.1476571992321989,All_Algorithms_Comparison_Results3.mat
SPD-DN-NSGA-II,rHV,MMF1,21,1.1470141824206437,All_Algorithms_Comparison_Results3.mat
SPD-DN-NSGA-II,rHV,MMF1,22,1.1482331937931158,All_Algorithms_Comparison_Results3.mat
SPD-DN-NSGA-II,rHV,MMF1,23,1.1481352306633041,All_Algorithms_Comparison_Results3.mat
SPD-DN-NSGA-II,rHV,MMF1,24,1.1477674507762177,All_Algorithms_Comparison_Results3.mat
SPD-DN-NSGA-II,rHV,MMF1,25,1.147543457795497,All_Algorithms_Comparison_Results3.mat
SPD-DN-NSGA-II,rHV,MMF1,26,1.1479141859463,All_Algorithms_Comparison_Results3.mat
SPD-DN-NSGA-II,rHV,MMF1,27,1.1476864801070934,All_Algorithms_Comparison_Results3.mat
SPD-DN-NSGA-II,rHV,MMF1,28,1.1484697333486427,All_Algorithms_Comparison_Results3.mat
SPD-DN-NSGA-II,rHV,MMF1,29,1.160577309469714,All_Algorithms_Comparison_Results3.mat
SPD-DN-NSGA-II,rHV,MMF1,30,1.1477542861562662,All_Algorithms_Comparison_Results3.mat
SPD-DN-NSGA-II,rHV,MMF1,31,1.1475533423309396,All_Algorithms_Comparison_Results3.mat
SPD-DN-NSGA-II,rHV,MMF2,1,1.1572204390626086,All_Algorithms_Comparison_Results3.mat
SPD-DN-NSGA-II,rHV,MMF2,2,1.148143725224952,All_Algorithms_Comparison_Results3.mat
SPD-DN-NSGA-II,rHV,MMF2,3,1.1573382991445773,All_Algorithms_Comparison_Results3.mat
SPD-DN-NSGA-II,rHV,MMF2,4,1.152306216260465,All_Algorithms_Comparison_Results3.mat
SPD-DN-NSGA-II,rHV,MMF2,5,1.1579890713584775,All_Algorithms_Comparison_Results3.mat
SPD-DN-NSGA-II,rHV,MMF2,6,1.1538021532967953,All_Algorithms_Comparison_Results3.mat
SPD-DN-NSGA-II,rHV,MMF2,7,1.1521103431070179,All_Algorithms_Comparison_Results3.mat
SPD-DN-NSGA-II,rHV,MMF2,8,1.155435424725312,All_Algorithms_Comparison_Results3.mat
SPD-DN-NSGA-II,rHV,MMF2,9,1.1620851643691714,All_Algorithms_Comparison_Results3.mat
SPD-DN-NSGA-II,rHV,MMF2,10,1.1604420601874141,All_Algorithms_Comparison_Results3.mat
SPD-DN-NSGA-II,rHV,MMF2,11,1.1571573695833541,All_Algorithms_Comparison_Results3.mat
SPD-DN-NSGA-II,rHV,MMF2,12,1.1542549724715556,All_Algorithms_Comparison_Results3.mat
SPD-DN-NSGA-II,rHV,MMF2,13,1.1561129088153177,All_Algorithms_Comparison_Results3.mat
SPD-DN-NSGA-II,rHV,MMF2,14,1.1600693568744793,All_Algorithms_Comparison_Results3.mat
SPD-DN-NSGA-II,rHV,MMF2,15,1.152964775235678,All_Algorithms_Comparison_Results3.mat
SPD-DN-NSGA-II,rHV,MMF2,16,1.1516222156529674,All_Algorithms_Comparison_Results3.mat
SPD-DN-NSGA-II,rHV,MMF2,17,1.157956699043802,All_Algorithms_Comparison_Results3.mat
SPD-DN-NSGA-II,rHV,MMF2,18,1.152295556136314,All_Algorithms_Comparison_Results3.mat
SPD-DN-NSGA-II,rHV,MMF2,19,1.1511375016748147,All_Algorithms_Comparison_Results3.mat
SPD-DN-NSGA-II,rHV,MMF2,20,1.1587965782167002,All_Algorithms_Comparison_Results3.mat
SPD-DN-NSGA-II,rHV,MMF2,21,1.1739591111514769,All_Algorithms_Comparison_Results3.mat
SPD-DN-NSGA-II,rHV,MMF2,22,1.1634343235734241,All_Algorithms_Comparison_Results3.mat
SPD-DN-NSGA-II,rHV,MMF2,23,1.1562147481319782,All_Algorithms_Comparison_Results3.mat
SPD-DN-NSGA-II,rHV,MMF2,24,1.1586589486815135,All_Algorithms_Comparison_Results3.mat
SPD-DN-NSGA-II,rHV,MMF2,25,1.1531941941336177,All_Algorithms_Comparison_Results3.mat
SPD-DN-NSGA-II,rHV,MMF2,26,1.1561661652914705,All_Algorithms_Comparison_Results3.mat
SPD-DN-NSGA-II,rHV,MMF2,27,1.1566887634899068,All_Algorithms_Comparison_Results3.mat
SPD-DN-NSGA-II,rHV,MMF2,28,1.1551892264644261,All_Algorithms_Comparison_Results3.mat
SPD-DN-NSGA-II,rHV,MMF2,29,1.159912620318776,All_Algorithms_Comparison_Results3.mat
SPD-DN-NSGA-II,rHV,MMF2,30,1.1534537393849287,All_Algorithms_Comparison_Results3.mat
SPD-DN-NSGA-II,rHV,MMF2,31,1.1607301557249126,All_Algorithms_Comparison_Results3.mat
SPD-DN-NSGA-II,rHV,MMF3,1,1.1747205253548128,All_Algorithms_Comparison_Results3.mat
SPD-DN-NSGA-II,rHV,MMF3,2,1.1497487392806782,All_Algorithms_Comparison_Results3.mat
SPD-DN-NSGA-II,rHV,MMF3,3,1.1501602813182654,All_Algorithms_Comparison_Results3.mat
SPD-DN-NSGA-II,rHV,MMF3,4,1.1622176172098249,All_Algorithms_Comparison_Results3.mat
SPD-DN-NSGA-II,rHV,MMF3,5,1.152162127901944,All_Algorithms_Comparison_Results3.mat
SPD-DN-NSGA-II,rHV,MMF3,6,1.1575618471355682,All_Algorithms_Comparison_Results3.mat
SPD-DN-NSGA-II,rHV,MMF3,7,1.156893072582163,All_Algorithms_Comparison_Results3.mat
SPD-DN-NSGA-II,rHV,MMF3,8,1.1538360054247194,All_Algorithms_Comparison_Results3.mat
SPD-DN-NSGA-II,rHV,MMF3,9,1.153195169950411,All_Algorithms_Comparison_Results3.mat
SPD-DN-NSGA-II,rHV,MMF3,10,1.1520948150105066,All_Algorithms_Comparison_Results3.mat
SPD-DN-NSGA-II,rHV,MMF3,11,1.151689677068356,All_Algorithms_Comparison_Results3.mat
SPD-DN-NSGA-II,rHV,MMF3,12,1.1506730668036553,All_Algorithms_Comparison_Results3.mat
SPD-DN-NSGA-II,rHV,MMF3,13,1.1660322020774578,All_Algorithms_Comparison_Results3.mat
SPD-DN-NSGA-II,rHV,MMF3,14,1.158244551584394,All_Algorithms_Comparison_Results3.mat
SPD-DN-NSGA-II,rHV,MMF3,15,1.1518561480443539,All_Algorithms_Comparison_Results3.mat
SPD-DN-NSGA-II,rHV,MMF3,16,1.156955230321931,All_Algorithms_Comparison_Results3.mat
SPD-DN-NSGA-II,rHV,MMF3,17,1.1602888944362844,All_Algorithms_Comparison_Results3.mat
SPD-DN-NSGA-II,rHV,MMF3,18,1.1513246573791736,All_Algorithms_Comparison_Results3.mat
SPD-DN-NSGA-II,rHV,MMF3,19,1.1520794932272314,All_Algorithms_Comparison_Results3.mat
SPD-DN-NSGA-II,rHV,MMF3,20,1.1724421676728751,All_Algorithms_Comparison_Results3.mat
SPD-DN-NSGA-II,rHV,MMF3,21,1.159137518789043,All_Algorithms_Comparison_Results3.mat
SPD-DN-NSGA-II,rHV,MMF3,22,1.1599749948746887,All_Algorithms_Comparison_Results3.mat
SPD-DN-NSGA-II,rHV,MMF3,23,1.1746672950792274,All_Algorithms_Comparison_Results3.mat
SPD-DN-NSGA-II,rHV,MMF3,24,1.155667985153461,All_Algorithms_Comparison_Results3.mat
SPD-DN-NSGA-II,rHV,MMF3,25,1.1606659195570896,All_Algorithms_Comparison_Results3.mat
SPD-DN-NSGA-II,rHV,MMF3,26,1.1535635606959078,All_Algorithms_Comparison_Results3.mat
SPD-DN-NSGA-II,rHV,MMF3,27,1.15231006826396,All_Algorithms_Comparison_Results3.mat
SPD-DN-NSGA-II,rHV,MMF3,28,1.1534519712783695,All_Algorithms_Comparison_Results3.mat
SPD-DN-NSGA-II,rHV,MMF3,29,1.1474664892805686,All_Algorithms_Comparison_Results3.mat
SPD-DN-NSGA-II,rHV,MMF3,30,1.1644805314968052,All_Algorithms_Comparison_Results3.mat
SPD-DN-NSGA-II,rHV,MMF3,31,1.1584016671782318,All_Algorithms_Comparison_Results3.mat
SPD-DN-NSGA-II,rHV,MMF4,1,1.8572189382307478,All_Algorithms_Comparison_Results3.mat
SPD-DN-NSGA-II,rHV,MMF4,2,1.8564582185418936,All_Algorithms_Comparison_Results3.mat
SPD-DN-NSGA-II,rHV,MMF4,3,1.8246067949152822,All_Algorithms_Comparison_Results3.mat
SPD-DN-NSGA-II,rHV,MMF4,4,1.85637943113668,All_Algorithms_Comparison_Results3.mat
SPD-DN-NSGA-II,rHV,MMF4,5,1.8582708722366592,All_Algorithms_Comparison_Results3.mat
SPD-DN-NSGA-II,rHV,MMF4,6,1.856695400713245,All_Algorithms_Comparison_Results3.mat
SPD-DN-NSGA-II,rHV,MMF4,7,1.8593690180851996,All_Algorithms_Comparison_Results3.mat
SPD-DN-NSGA-II,rHV,MMF4,8,1.857935808926162,All_Algorithms_Comparison_Results3.mat
SPD-DN-NSGA-II,rHV,MMF4,9,1.8571989297558749,All_Algorithms_Comparison_Results3.mat
SPD-DN-NSGA-II,rHV,MMF4,10,1.8583051674381346,All_Algorithms_Comparison_Results3.mat
SPD-DN-NSGA-II,rHV,MMF4,11,1.806733282805614,All_Algorithms_Comparison_Results3.mat
SPD-DN-NSGA-II,rHV,MMF4,12,1.8592508292865806,All_Algorithms_Comparison_Results3.mat
SPD-DN-NSGA-II,rHV,MMF4,13,1.8573942362237414,All_Algorithms_Comparison_Results3.mat
SPD-DN-NSGA-II,rHV,MMF4,14,1.8582599777189384,All_Algorithms_Comparison_Results3.mat
SPD-DN-NSGA-II,rHV,MMF4,15,1.8569898567288587,All_Algorithms_Comparison_Results3.mat
SPD-DN-NSGA-II,rHV,MMF4,16,1.8595053804848696,All_Algorithms_Comparison_Results3.mat
SPD-DN-NSGA-II,rHV,MMF4,17,1.8574966379366793,All_Algorithms_Comparison_Results3.mat
SPD-DN-NSGA-II,rHV,MMF4,18,1.8566360355295037,All_Algorithms_Comparison_Results3.mat
SPD-DN-NSGA-II,rHV,MMF4,19,1.857529349951136,All_Algorithms_Comparison_Results3.mat
SPD-DN-NSGA-II,rHV,MMF4,20,1.8584386541774416,All_Algorithms_Comparison_Results3.mat
SPD-DN-NSGA-II,rHV,MMF4,21,1.8962208969496492,All_Algorithms_Comparison_Results3.mat
SPD-DN-NSGA-II,rHV,MMF4,22,1.8580389070578878,All_Algorithms_Comparison_Results3.mat
SPD-DN-NSGA-II,rHV,MMF4,23,1.85746232569998,All_Algorithms_Comparison_Results3.mat
SPD-DN-NSGA-II,rHV,MMF4,24,1.830531136919517,All_Algorithms_Comparison_Results3.mat
SPD-DN-NSGA-II,rHV,MMF4,25,1.8573455097219125,All_Algorithms_Comparison_Results3.mat
SPD-DN-NSGA-II,rHV,MMF4,26,1.8592573325379753,All_Algorithms_Comparison_Results3.mat
SPD-DN-NSGA-II,rHV,MMF4,27,1.8571050521820829,All_Algorithms_Comparison_Results3.mat
SPD-DN-NSGA-II,rHV,MMF4,28,1.8574714931959015,All_Algorithms_Comparison_Results3.mat
SPD-DN-NSGA-II,rHV,MMF4,29,1.8576812771917033,All_Algorithms_Comparison_Results3.mat
SPD-DN-NSGA-II,rHV,MMF4,30,1.8582255615724368,All_Algorithms_Comparison_Results3.mat
SPD-DN-NSGA-II,rHV,MMF4,31,1.8569905125822808,All_Algorithms_Comparison_Results3.mat
SPD-DN-NSGA-II,rHV,MMF5,1,1.14756988290962,All_Algorithms_Comparison_Results3.mat
SPD-DN-NSGA-II,rHV,MMF5,2,1.1470356152067946,All_Algorithms_Comparison_Results3.mat
SPD-DN-NSGA-II,rHV,MMF5,3,1.1472924041048376,All_Algorithms_Comparison_Results3.mat
SPD-DN-NSGA-II,rHV,MMF5,4,1.1458578357768923,All_Algorithms_Comparison_Results3.mat
SPD-DN-NSGA-II,rHV,MMF5,5,1.1482636400377533,All_Algorithms_Comparison_Results3.mat
SPD-DN-NSGA-II,rHV,MMF5,6,1.147021110974706,All_Algorithms_Comparison_Results3.mat
SPD-DN-NSGA-II,rHV,MMF5,7,1.1474058219582906,All_Algorithms_Comparison_Results3.mat
SPD-DN-NSGA-II,rHV,MMF5,8,1.1467848093518196,All_Algorithms_Comparison_Results3.mat
SPD-DN-NSGA-II,rHV,MMF5,9,1.1477132325320536,All_Algorithms_Comparison_Results3.mat
SPD-DN-NSGA-II,rHV,MMF5,10,1.1478880203996398,All_Algorithms_Comparison_Results3.mat
SPD-DN-NSGA-II,rHV,MMF5,11,1.1466950987639968,All_Algorithms_Comparison_Results3.mat
SPD-DN-NSGA-II,rHV,MMF5,12,1.1429151656056586,All_Algorithms_Comparison_Results3.mat
SPD-DN-NSGA-II,rHV,MMF5,13,1.147812445662485,All_Algorithms_Comparison_Results3.mat
SPD-DN-NSGA-II,rHV,MMF5,14,1.1467623347147418,All_Algorithms_Comparison_Results3.mat
SPD-DN-NSGA-II,rHV,MMF5,15,1.1472566007804728,All_Algorithms_Comparison_Results3.mat
SPD-DN-NSGA-II,rHV,MMF5,16,1.1478149473018204,All_Algorithms_Comparison_Results3.mat
SPD-DN-NSGA-II,rHV,MMF5,17,1.1494595524042261,All_Algorithms_Comparison_Results3.mat
SPD-DN-NSGA-II,rHV,MMF5,18,1.1508661945021086,All_Algorithms_Comparison_Results3.mat
SPD-DN-NSGA-II,rHV,MMF5,19,1.14712622148009,All_Algorithms_Comparison_Results3.mat
SPD-DN-NSGA-II,rHV,MMF5,20,1.1483895801611288,All_Algorithms_Comparison_Results3.mat
SPD-DN-NSGA-II,rHV,MMF5,21,1.1469296202120964,All_Algorithms_Comparison_Results3.mat
SPD-DN-NSGA-II,rHV,MMF5,22,1.1471466418941516,All_Algorithms_Comparison_Results3.mat
SPD-DN-NSGA-II,rHV,MMF5,23,1.14676218760185,All_Algorithms_Comparison_Results3.mat
SPD-DN-NSGA-II,rHV,MMF5,24,1.1488049276491115,All_Algorithms_Comparison_Results3.mat
SPD-DN-NSGA-II,rHV,MMF5,25,1.1478460882527148,All_Algorithms_Comparison_Results3.mat
SPD-DN-NSGA-II,rHV,MMF5,26,1.1480797445083157,All_Algorithms_Comparison_Results3.mat
SPD-DN-NSGA-II,rHV,MMF5,27,1.1470078073775323,All_Algorithms_Comparison_Results3.mat
SPD-DN-NSGA-II,rHV,MMF5,28,1.1280863844092137,All_Algorithms_Comparison_Results3.mat
SPD-DN-NSGA-II,rHV,MMF5,29,1.147365231527961,All_Algorithms_Comparison_Results3.mat
SPD-DN-NSGA-II,rHV,MMF5,30,1.1474202064258063,All_Algorithms_Comparison_Results3.mat
SPD-DN-NSGA-II,rHV,MMF5,31,1.1472897695721942,All_Algorithms_Comparison_Results3.mat
SPD-DN-NSGA-II,rHV,MMF6,1,1.1480107829553572,All_Algorithms_Comparison_Results3.mat
SPD-DN-NSGA-II,rHV,MMF6,2,1.1490577736245888,All_Algorithms_Comparison_Results3.mat
SPD-DN-NSGA-II,rHV,MMF6,3,1.1477171423270824,All_Algorithms_Comparison_Results3.mat
SPD-DN-NSGA-II,rHV,MMF6,4,1.1509677508380798,All_Algorithms_Comparison_Results3.mat
SPD-DN-NSGA-II,rHV,MMF6,5,1.1505364677363699,All_Algorithms_Comparison_Results3.mat
SPD-DN-NSGA-II,rHV,MMF6,6,1.1475528958008996,All_Algorithms_Comparison_Results3.mat
SPD-DN-NSGA-II,rHV,MMF6,7,1.1473486170161082,All_Algorithms_Comparison_Results3.mat
SPD-DN-NSGA-II,rHV,MMF6,8,1.1469894299532326,All_Algorithms_Comparison_Results3.mat
SPD-DN-NSGA-II,rHV,MMF6,9,1.1479990598041767,All_Algorithms_Comparison_Results3.mat
SPD-DN-NSGA-II,rHV,MMF6,10,1.1477791826536416,All_Algorithms_Comparison_Results3.mat
SPD-DN-NSGA-II,rHV,MMF6,11,1.1470665319583124,All_Algorithms_Comparison_Results3.mat
SPD-DN-NSGA-II,rHV,MMF6,12,1.1479916496875175,All_Algorithms_Comparison_Results3.mat
SPD-DN-NSGA-II,rHV,MMF6,13,1.1472069192352763,All_Algorithms_Comparison_Results3.mat
SPD-DN-NSGA-II,rHV,MMF6,14,1.14483825812082,All_Algorithms_Comparison_Results3.mat
SPD-DN-NSGA-II,rHV,MMF6,15,1.1476131147880133,All_Algorithms_Comparison_Results3.mat
SPD-DN-NSGA-II,rHV,MMF6,16,1.1477867398243422,All_Algorithms_Comparison_Results3.mat
SPD-DN-NSGA-II,rHV,MMF6,17,1.1477707815595586,All_Algorithms_Comparison_Results3.mat
SPD-DN-NSGA-II,rHV,MMF6,18,1.1490196727302469,All_Algorithms_Comparison_Results3.mat
SPD-DN-NSGA-II,rHV,MMF6,19,1.1472753388916233,All_Algorithms_Comparison_Results3.mat
SPD-DN-NSGA-II,rHV,MMF6,20,1.1478760795420226,All_Algorithms_Comparison_Results3.mat
SPD-DN-NSGA-II,rHV,MMF6,21,1.1483008410423143,All_Algorithms_Comparison_Results3.mat
SPD-DN-NSGA-II,rHV,MMF6,22,1.1487891071548486,All_Algorithms_Comparison_Results3.mat
SPD-DN-NSGA-II,rHV,MMF6,23,1.1478108327662586,All_Algorithms_Comparison_Results3.mat
SPD-DN-NSGA-II,rHV,MMF6,24,1.147292626563844,All_Algorithms_Comparison_Results3.mat
SPD-DN-NSGA-II,rHV,MMF6,25,1.1484307246709098,All_Algorithms_Comparison_Results3.mat
SPD-DN-NSGA-II,rHV,MMF6,26,1.1478216049992818,All_Algorithms_Comparison_Results3.mat
SPD-DN-NSGA-II,rHV,MMF6,27,1.1493133615071003,All_Algorithms_Comparison_Results3.mat
SPD-DN-NSGA-II,rHV,MMF6,28,1.142386883231453,All_Algorithms_Comparison_Results3.mat
SPD-DN-NSGA-II,rHV,MMF6,29,1.157465508221665,All_Algorithms_Comparison_Results3.mat
SPD-DN-NSGA-II,rHV,MMF6,30,1.1474159322531732,All_Algorithms_Comparison_Results3.mat
SPD-DN-NSGA-II,rHV,MMF6,31,1.150169687342278,All_Algorithms_Comparison_Results3.mat
SPD-DN-NSGA-II,rHV,MMF7,1,1.1489820391029046,All_Algorithms_Comparison_Results3.mat
SPD-DN-NSGA-II,rHV,MMF7,2,1.149489942152859,All_Algorithms_Comparison_Results3.mat
SPD-DN-NSGA-II,rHV,MMF7,3,1.1559978267616944,All_Algorithms_Comparison_Results3.mat
SPD-DN-NSGA-II,rHV,MMF7,4,1.1518384250293179,All_Algorithms_Comparison_Results3.mat
SPD-DN-NSGA-II,rHV,MMF7,5,1.153334202996941,All_Algorithms_Comparison_Results3.mat
SPD-DN-NSGA-II,rHV,MMF7,6,1.2651807617588526,All_Algorithms_Comparison_Results3.mat
SPD-DN-NSGA-II,rHV,MMF7,7,1.1615502813137721,All_Algorithms_Comparison_Results3.mat
SPD-DN-NSGA-II,rHV,MMF7,8,1.150172971212822,All_Algorithms_Comparison_Results3.mat
SPD-DN-NSGA-II,rHV,MMF7,9,1.1619468447777013,All_Algorithms_Comparison_Results3.mat
SPD-DN-NSGA-II,rHV,MMF7,10,1.1556559666115405,All_Algorithms_Comparison_Results3.mat
SPD-DN-NSGA-II,rHV,MMF7,11,1.1591382894406317,All_Algorithms_Comparison_Results3.mat
SPD-DN-NSGA-II,rHV,MMF7,12,1.1540476673349709,All_Algorithms_Comparison_Results3.mat
SPD-DN-NSGA-II,rHV,MMF7,13,1.1552807588558902,All_Algorithms_Comparison_Results3.mat
SPD-DN-NSGA-II,rHV,MMF7,14,1.1606202396292369,All_Algorithms_Comparison_Results3.mat
SPD-DN-NSGA-II,rHV,MMF7,15,1.1831012764006066,All_Algorithms_Comparison_Results3.mat
SPD-DN-NSGA-II,rHV,MMF7,16,1.1485534605023733,All_Algorithms_Comparison_Results3.mat
SPD-DN-NSGA-II,rHV,MMF7,17,1.1497961552560736,All_Algorithms_Comparison_Results3.mat
SPD-DN-NSGA-II,rHV,MMF7,18,1.1592068557940234,All_Algorithms_Comparison_Results3.mat
SPD-DN-NSGA-II,rHV,MMF7,19,1.1536774731920307,All_Algorithms_Comparison_Results3.mat
SPD-DN-NSGA-II,rHV,MMF7,20,1.1486832498311663,All_Algorithms_Comparison_Results3.mat
SPD-DN-NSGA-II,rHV,MMF7,21,1.1477142891625516,All_Algorithms_Comparison_Results3.mat
SPD-DN-NSGA-II,rHV,MMF7,22,1.1649327756269365,All_Algorithms_Comparison_Results3.mat
SPD-DN-NSGA-II,rHV,MMF7,23,1.1477769763521375,All_Algorithms_Comparison_Results3.mat
SPD-DN-NSGA-II,rHV,MMF7,24,1.1479971108419056,All_Algorithms_Comparison_Results3.mat
SPD-DN-NSGA-II,rHV,MMF7,25,1.1489817397879867,All_Algorithms_Comparison_Results3.mat
SPD-DN-NSGA-II,rHV,MMF7,26,1.1517917359386687,All_Algorithms_Comparison_Results3.mat
SPD-DN-NSGA-II,rHV,MMF7,27,1.1546232672887975,All_Algorithms_Comparison_Results3.mat
SPD-DN-NSGA-II,rHV,MMF7,28,1.1488708347721366,All_Algorithms_Comparison_Results3.mat
SPD-DN-NSGA-II,rHV,MMF7,29,1.1619525071412522,All_Algorithms_Comparison_Results3.mat
SPD-DN-NSGA-II,rHV,MMF7,30,1.149077372795023,All_Algorithms_Comparison_Results3.mat
SPD-DN-NSGA-II,rHV,MMF7,31,1.1539136747904126,All_Algorithms_Comparison_Results3.mat
SPD-DN-NSGA-II,rHV,MMF8,1,2.3796338595665514,All_Algorithms_Comparison_Results3.mat
SPD-DN-NSGA-II,rHV,MMF8,2,2.381260319072856,All_Algorithms_Comparison_Results3.mat
SPD-DN-NSGA-II,rHV,MMF8,3,2.379669913356936,All_Algorithms_Comparison_Results3.mat
SPD-DN-NSGA-II,rHV,MMF8,4,2.375852991359977,All_Algorithms_Comparison_Results3.mat
SPD-DN-NSGA-II,rHV,MMF8,5,2.37785974150327,All_Algorithms_Comparison_Results3.mat
SPD-DN-NSGA-II,rHV,MMF8,6,2.381127838722306,All_Algorithms_Comparison_Results3.mat
SPD-DN-NSGA-II,rHV,MMF8,7,2.37786792994926,All_Algorithms_Comparison_Results3.mat
SPD-DN-NSGA-II,rHV,MMF8,8,2.381217412676236,All_Algorithms_Comparison_Results3.mat
SPD-DN-NSGA-II,rHV,MMF8,9,2.3774678456309437,All_Algorithms_Comparison_Results3.mat
SPD-DN-NSGA-II,rHV,MMF8,10,2.3895876363125597,All_Algorithms_Comparison_Results3.mat
SPD-DN-NSGA-II,rHV,MMF8,11,2.382410530799473,All_Algorithms_Comparison_Results3.mat
SPD-DN-NSGA-II,rHV,MMF8,12,2.3919303110557766,All_Algorithms_Comparison_Results3.mat
SPD-DN-NSGA-II,rHV,MMF8,13,2.3782488389191463,All_Algorithms_Comparison_Results3.mat
SPD-DN-NSGA-II,rHV,MMF8,14,2.378772106117386,All_Algorithms_Comparison_Results3.mat
SPD-DN-NSGA-II,rHV,MMF8,15,2.3809932390533493,All_Algorithms_Comparison_Results3.mat
SPD-DN-NSGA-II,rHV,MMF8,16,2.3841300360712476,All_Algorithms_Comparison_Results3.mat
SPD-DN-NSGA-II,rHV,MMF8,17,2.3820859091819906,All_Algorithms_Comparison_Results3.mat
SPD-DN-NSGA-II,rHV,MMF8,18,2.3808894171435098,All_Algorithms_Comparison_Results3.mat
SPD-DN-NSGA-II,rHV,MMF8,19,2.378578017585038,All_Algorithms_Comparison_Results3.mat
SPD-DN-NSGA-II,rHV,MMF8,20,2.3818036599724604,All_Algorithms_Comparison_Results3.mat
SPD-DN-NSGA-II,rHV,MMF8,21,2.3807607502425254,All_Algorithms_Comparison_Results3.mat
SPD-DN-NSGA-II,rHV,MMF8,22,2.3805864552070974,All_Algorithms_Comparison_Results3.mat
SPD-DN-NSGA-II,rHV,MMF8,23,2.3779680247040034,All_Algorithms_Comparison_Results3.mat
SPD-DN-NSGA-II,rHV,MMF8,24,2.379034672571813,All_Algorithms_Comparison_Results3.mat
SPD-DN-NSGA-II,rHV,MMF8,25,2.3766030071425646,All_Algorithms_Comparison_Results3.mat
SPD-DN-NSGA-II,rHV,MMF8,26,2.3822784424584023,All_Algorithms_Comparison_Results3.mat
SPD-DN-NSGA-II,rHV,MMF8,27,2.3788967747514964,All_Algorithms_Comparison_Results3.mat
SPD-DN-NSGA-II,rHV,MMF8,28,2.381690786765379,All_Algorithms_Comparison_Results3.mat
SPD-DN-NSGA-II,rHV,MMF8,29,2.380270247729083,All_Algorithms_Comparison_Results3.mat
SPD-DN-NSGA-II,rHV,MMF8,30,2.3759196529795363,All_Algorithms_Comparison_Results3.mat
SPD-DN-NSGA-II,rHV,MMF8,31,2.3782185116155516,All_Algorithms_Comparison_Results3.mat
SPD-DN-NSGA-II,rHV,MMF9,1,0.1470711812052345,All_Algorithms_Comparison_Results3.mat
SPD-DN-NSGA-II,rHV,MMF9,2,0.10334485700023202,All_Algorithms_Comparison_Results3.mat
SPD-DN-NSGA-II,rHV,MMF9,3,0.1033581724414084,All_Algorithms_Comparison_Results3.mat
SPD-DN-NSGA-II,rHV,MMF9,4,0.10333746834342665,All_Algorithms_Comparison_Results3.mat
SPD-DN-NSGA-II,rHV,MMF9,5,0.1033592863981986,All_Algorithms_Comparison_Results3.mat
SPD-DN-NSGA-II,rHV,MMF9,6,0.1033126444395398,All_Algorithms_Comparison_Results3.mat
SPD-DN-NSGA-II,rHV,MMF9,7,0.10337032466797294,All_Algorithms_Comparison_Results3.mat
SPD-DN-NSGA-II,rHV,MMF9,8,0.10333483969049669,All_Algorithms_Comparison_Results3.mat
SPD-DN-NSGA-II,rHV,MMF9,9,0.10335760992168092,All_Algorithms_Comparison_Results3.mat
SPD-DN-NSGA-II,rHV,MMF9,10,0.10337519498991891,All_Algorithms_Comparison_Results3.mat
SPD-DN-NSGA-II,rHV,MMF9,11,0.10337062459661804,All_Algorithms_Comparison_Results3.mat
SPD-DN-NSGA-II,rHV,MMF9,12,0.10338975941899205,All_Algorithms_Comparison_Results3.mat
SPD-DN-NSGA-II,rHV,MMF9,13,0.09447006502631625,All_Algorithms_Comparison_Results3.mat
SPD-DN-NSGA-II,rHV,MMF9,14,0.10337205987879262,All_Algorithms_Comparison_Results3.mat
SPD-DN-NSGA-II,rHV,MMF9,15,0.10338624640036506,All_Algorithms_Comparison_Results3.mat
SPD-DN-NSGA-II,rHV,MMF9,16,0.10337606597864102,All_Algorithms_Comparison_Results3.mat
SPD-DN-NSGA-II,rHV,MMF9,17,0.1033368894865405,All_Algorithms_Comparison_Results3.mat
SPD-DN-NSGA-II,rHV,MMF9,18,0.10338986656766341,All_Algorithms_Comparison_Results3.mat
SPD-DN-NSGA-II,rHV,MMF9,19,0.10335872495216979,All_Algorithms_Comparison_Results3.mat
SPD-DN-NSGA-II,rHV,MMF9,20,0.103346057748208,All_Algorithms_Comparison_Results3.mat
SPD-DN-NSGA-II,rHV,MMF9,21,0.10330615449157277,All_Algorithms_Comparison_Results3.mat
SPD-DN-NSGA-II,rHV,MMF9,22,0.10338493430485855,All_Algorithms_Comparison_Results3.mat
SPD-DN-NSGA-II,rHV,MMF9,23,0.10331791649139267,All_Algorithms_Comparison_Results3.mat
SPD-DN-NSGA-II,rHV,MMF9,24,0.09373699529639422,All_Algorithms_Comparison_Results3.mat
SPD-DN-NSGA-II,rHV,MMF9,25,0.10337451694578029,All_Algorithms_Comparison_Results3.mat
SPD-DN-NSGA-II,rHV,MMF9,26,0.10339327532345682,All_Algorithms_Comparison_Results3.mat
SPD-DN-NSGA-II,rHV,MMF9,27,0.10336593794882734,All_Algorithms_Comparison_Results3.mat
SPD-DN-NSGA-II,rHV,MMF9,28,0.09688208707811545,All_Algorithms_Comparison_Results3.mat
SPD-DN-NSGA-II,rHV,MMF9,29,0.10333657465596838,All_Algorithms_Comparison_Results3.mat
SPD-DN-NSGA-II,rHV,MMF9,30,0.10333561543834488,All_Algorithms_Comparison_Results3.mat
SPD-DN-NSGA-II,rHV,MMF9,31,0.10335765127364206,All_Algorithms_Comparison_Results3.mat
SPD-DN-NSGA-II,rHV,MMF10,1,0.07776540947827007,All_Algorithms_Comparison_Results3.mat
SPD-DN-NSGA-II,rHV,MMF10,2,0.07773856701827934,All_Algorithms_Comparison_Results3.mat
SPD-DN-NSGA-II,rHV,MMF10,3,0.07774393750063527,All_Algorithms_Comparison_Results3.mat
SPD-DN-NSGA-II,rHV,MMF10,4,0.07775358890204571,All_Algorithms_Comparison_Results3.mat
SPD-DN-NSGA-II,rHV,MMF10,5,0.07774969958968966,All_Algorithms_Comparison_Results3.mat
SPD-DN-NSGA-II,rHV,MMF10,6,0.0777635153255475,All_Algorithms_Comparison_Results3.mat
SPD-DN-NSGA-II,rHV,MMF10,7,0.07775493361618997,All_Algorithms_Comparison_Results3.mat
SPD-DN-NSGA-II,rHV,MMF10,8,0.07774208387607434,All_Algorithms_Comparison_Results3.mat
SPD-DN-NSGA-II,rHV,MMF10,9,0.07775555611208505,All_Algorithms_Comparison_Results3.mat
SPD-DN-NSGA-II,rHV,MMF10,10,0.07775487548557893,All_Algorithms_Comparison_Results3.mat
SPD-DN-NSGA-II,rHV,MMF10,11,0.07301433974892912,All_Algorithms_Comparison_Results3.mat
SPD-DN-NSGA-II,rHV,MMF10,12,0.07163307457781184,All_Algorithms_Comparison_Results3.mat
SPD-DN-NSGA-II,rHV,MMF10,13,0.0777538772326379,All_Algorithms_Comparison_Results3.mat
SPD-DN-NSGA-II,rHV,MMF10,14,0.0777647601869256,All_Algorithms_Comparison_Results3.mat
SPD-DN-NSGA-II,rHV,MMF10,15,0.07775338334209247,All_Algorithms_Comparison_Results3.mat
SPD-DN-NSGA-II,rHV,MMF10,16,0.07775671919152537,All_Algorithms_Comparison_Results3.mat
SPD-DN-NSGA-II,rHV,MMF10,17,0.07410172947103662,All_Algorithms_Comparison_Results3.mat
SPD-DN-NSGA-II,rHV,MMF10,18,0.07059206378026772,All_Algorithms_Comparison_Results3.mat
SPD-DN-NSGA-II,rHV,MMF10,19,0.0777522973373514,All_Algorithms_Comparison_Results3.mat
SPD-DN-NSGA-II,rHV,MMF10,20,0.07779884848915235,All_Algorithms_Comparison_Results3.mat
SPD-DN-NSGA-II,rHV,MMF10,21,0.07778013543375298,All_Algorithms_Comparison_Results3.mat
SPD-DN-NSGA-II,rHV,MMF10,22,0.07774934365114362,All_Algorithms_Comparison_Results3.mat
SPD-DN-NSGA-II,rHV,MMF10,23,0.07776074612549137,All_Algorithms_Comparison_Results3.mat
SPD-DN-NSGA-II,rHV,MMF10,24,0.0777671618770613,All_Algorithms_Comparison_Results3.mat
SPD-DN-NSGA-II,rHV,MMF10,25,0.07776625924700287,All_Algorithms_Comparison_Results3.mat
SPD-DN-NSGA-II,rHV,MMF10,26,0.0705676188598522,All_Algorithms_Comparison_Results3.mat
SPD-DN-NSGA-II,rHV,MMF10,27,0.07776008740247121,All_Algorithms_Comparison_Results3.mat
SPD-DN-NSGA-II,rHV,MMF10,28,0.07776305907217718,All_Algorithms_Comparison_Results3.mat
SPD-DN-NSGA-II,rHV,MMF10,29,0.07773543739061127,All_Algorithms_Comparison_Results3.mat
SPD-DN-NSGA-II,rHV,MMF10,30,0.07774194513830453,All_Algorithms_Comparison_Results3.mat
SPD-DN-NSGA-II,rHV,MMF10,31,0.0777528447528356,All_Algorithms_Comparison_Results3.mat
SPD-DN-NSGA-II,rHV,MMF11,1,0.06893619516876505,All_Algorithms_Comparison_Results3.mat
SPD-DN-NSGA-II,rHV,MMF11,2,0.06368588502272196,All_Algorithms_Comparison_Results3.mat
SPD-DN-NSGA-II,rHV,MMF11,3,0.06896257459089548,All_Algorithms_Comparison_Results3.mat
SPD-DN-NSGA-II,rHV,MMF11,4,0.06896744633372515,All_Algorithms_Comparison_Results3.mat
SPD-DN-NSGA-II,rHV,MMF11,5,0.06897254690098613,All_Algorithms_Comparison_Results3.mat
SPD-DN-NSGA-II,rHV,MMF11,6,0.06894860000720729,All_Algorithms_Comparison_Results3.mat
SPD-DN-NSGA-II,rHV,MMF11,7,0.06894180613509734,All_Algorithms_Comparison_Results3.mat
SPD-DN-NSGA-II,rHV,MMF11,8,0.06893884967897246,All_Algorithms_Comparison_Results3.mat
SPD-DN-NSGA-II,rHV,MMF11,9,0.06894378399198457,All_Algorithms_Comparison_Results3.mat
SPD-DN-NSGA-II,rHV,MMF11,10,0.0689354909963506,All_Algorithms_Comparison_Results3.mat
SPD-DN-NSGA-II,rHV,MMF11,11,0.06898115152531821,All_Algorithms_Comparison_Results3.mat
SPD-DN-NSGA-II,rHV,MMF11,12,0.06893660498210222,All_Algorithms_Comparison_Results3.mat
SPD-DN-NSGA-II,rHV,MMF11,13,0.06236518669514051,All_Algorithms_Comparison_Results3.mat
SPD-DN-NSGA-II,rHV,MMF11,14,0.06894769978984054,All_Algorithms_Comparison_Results3.mat
SPD-DN-NSGA-II,rHV,MMF11,15,0.06894166916708389,All_Algorithms_Comparison_Results3.mat
SPD-DN-NSGA-II,rHV,MMF11,16,0.06895150977207502,All_Algorithms_Comparison_Results3.mat
SPD-DN-NSGA-II,rHV,MMF11,17,0.06894854148484442,All_Algorithms_Comparison_Results3.mat
SPD-DN-NSGA-II,rHV,MMF11,18,0.06893479233597186,All_Algorithms_Comparison_Results3.mat
SPD-DN-NSGA-II,rHV,MMF11,19,0.06894265844621641,All_Algorithms_Comparison_Results3.mat
SPD-DN-NSGA-II,rHV,MMF11,20,0.0689464742811772,All_Algorithms_Comparison_Results3.mat
SPD-DN-NSGA-II,rHV,MMF11,21,0.06893414654999193,All_Algorithms_Comparison_Results3.mat
SPD-DN-NSGA-II,rHV,MMF11,22,0.06896714492069782,All_Algorithms_Comparison_Results3.mat
SPD-DN-NSGA-II,rHV,MMF11,23,0.06283141922616955,All_Algorithms_Comparison_Results3.mat
SPD-DN-NSGA-II,rHV,MMF11,24,0.06894413789236237,All_Algorithms_Comparison_Results3.mat
SPD-DN-NSGA-II,rHV,MMF11,25,0.06896725071919062,All_Algorithms_Comparison_Results3.mat
SPD-DN-NSGA-II,rHV,MMF11,26,0.068935180395639,All_Algorithms_Comparison_Results3.mat
SPD-DN-NSGA-II,rHV,MMF11,27,0.06892989064803583,All_Algorithms_Comparison_Results3.mat
SPD-DN-NSGA-II,rHV,MMF11,28,0.06894504407117118,All_Algorithms_Comparison_Results3.mat
SPD-DN-NSGA-II,rHV,MMF11,29,0.0689619793317204,All_Algorithms_Comparison_Results3.mat
SPD-DN-NSGA-II,rHV,MMF11,30,0.06895475620391228,All_Algorithms_Comparison_Results3.mat
SPD-DN-NSGA-II,rHV,MMF11,31,0.06896121805959891,All_Algorithms_Comparison_Results3.mat
SPD-DN-NSGA-II,rHV,MMF12,1,0.6357210981751918,All_Algorithms_Comparison_Results3.mat
SPD-DN-NSGA-II,rHV,MMF12,2,0.6357147750119065,All_Algorithms_Comparison_Results3.mat
SPD-DN-NSGA-II,rHV,MMF12,3,0.6357409545159312,All_Algorithms_Comparison_Results3.mat
SPD-DN-NSGA-II,rHV,MMF12,4,0.6356902259915069,All_Algorithms_Comparison_Results3.mat
SPD-DN-NSGA-II,rHV,MMF12,5,0.6356715094688272,All_Algorithms_Comparison_Results3.mat
SPD-DN-NSGA-II,rHV,MMF12,6,0.6357043265935501,All_Algorithms_Comparison_Results3.mat
SPD-DN-NSGA-II,rHV,MMF12,7,0.6357419526996403,All_Algorithms_Comparison_Results3.mat
SPD-DN-NSGA-II,rHV,MMF12,8,0.6357816454384784,All_Algorithms_Comparison_Results3.mat
SPD-DN-NSGA-II,rHV,MMF12,9,0.6357068372365557,All_Algorithms_Comparison_Results3.mat
SPD-DN-NSGA-II,rHV,MMF12,10,0.6356532448976844,All_Algorithms_Comparison_Results3.mat
SPD-DN-NSGA-II,rHV,MMF12,11,0.6357775593249175,All_Algorithms_Comparison_Results3.mat
SPD-DN-NSGA-II,rHV,MMF12,12,0.6357408201043631,All_Algorithms_Comparison_Results3.mat
SPD-DN-NSGA-II,rHV,MMF12,13,0.6356952145083399,All_Algorithms_Comparison_Results3.mat
SPD-DN-NSGA-II,rHV,MMF12,14,0.6357076521433941,All_Algorithms_Comparison_Results3.mat
SPD-DN-NSGA-II,rHV,MMF12,15,0.6357716920589841,All_Algorithms_Comparison_Results3.mat
SPD-DN-NSGA-II,rHV,MMF12,16,0.6356895649442424,All_Algorithms_Comparison_Results3.mat
SPD-DN-NSGA-II,rHV,MMF12,17,0.6357022541980374,All_Algorithms_Comparison_Results3.mat
SPD-DN-NSGA-II,rHV,MMF12,18,0.6357402433770328,All_Algorithms_Comparison_Results3.mat
SPD-DN-NSGA-II,rHV,MMF12,19,0.6357387097210481,All_Algorithms_Comparison_Results3.mat
SPD-DN-NSGA-II,rHV,MMF12,20,0.6357748466500125,All_Algorithms_Comparison_Results3.mat
SPD-DN-NSGA-II,rHV,MMF12,21,0.6357027975078056,All_Algorithms_Comparison_Results3.mat
SPD-DN-NSGA-II,rHV,MMF12,22,0.6358170186240385,All_Algorithms_Comparison_Results3.mat
SPD-DN-NSGA-II,rHV,MMF12,23,0.6357273108318303,All_Algorithms_Comparison_Results3.mat
SPD-DN-NSGA-II,rHV,MMF12,24,0.6357503169980468,All_Algorithms_Comparison_Results3.mat
SPD-DN-NSGA-II,rHV,MMF12,25,0.6357877057414905,All_Algorithms_Comparison_Results3.mat
SPD-DN-NSGA-II,rHV,MMF12,26,0.6381406576577779,All_Algorithms_Comparison_Results3.mat
SPD-DN-NSGA-II,rHV,MMF12,27,0.6357127036457528,All_Algorithms_Comparison_Results3.mat
SPD-DN-NSGA-II,rHV,MMF12,28,0.6358387972374997,All_Algorithms_Comparison_Results3.mat
SPD-DN-NSGA-II,rHV,MMF12,29,0.6357553049056913,All_Algorithms_Comparison_Results3.mat
SPD-DN-NSGA-II,rHV,MMF12,30,0.6356960645923189,All_Algorithms_Comparison_Results3.mat
SPD-DN-NSGA-II,rHV,MMF12,31,0.4931668149259389,All_Algorithms_Comparison_Results3.mat
SPD-DN-NSGA-II,rHV,MMF13,1,0.054239812962872544,All_Algorithms_Comparison_Results3.mat
SPD-DN-NSGA-II,rHV,MMF13,2,0.05425663277266493,All_Algorithms_Comparison_Results3.mat
SPD-DN-NSGA-II,rHV,MMF13,3,0.05424694470316532,All_Algorithms_Comparison_Results3.mat
SPD-DN-NSGA-II,rHV,MMF13,4,0.05425979128852262,All_Algorithms_Comparison_Results3.mat
SPD-DN-NSGA-II,rHV,MMF13,5,0.05424755261946899,All_Algorithms_Comparison_Results3.mat
SPD-DN-NSGA-II,rHV,MMF13,6,0.05425586559085901,All_Algorithms_Comparison_Results3.mat
SPD-DN-NSGA-II,rHV,MMF13,7,0.054245351929129625,All_Algorithms_Comparison_Results3.mat
SPD-DN-NSGA-II,rHV,MMF13,8,0.05020635481586506,All_Algorithms_Comparison_Results3.mat
SPD-DN-NSGA-II,rHV,MMF13,9,0.05038075956043451,All_Algorithms_Comparison_Results3.mat
SPD-DN-NSGA-II,rHV,MMF13,10,0.054244531834911756,All_Algorithms_Comparison_Results3.mat
SPD-DN-NSGA-II,rHV,MMF13,11,0.0542478735822316,All_Algorithms_Comparison_Results3.mat
SPD-DN-NSGA-II,rHV,MMF13,12,0.054243240385602236,All_Algorithms_Comparison_Results3.mat
SPD-DN-NSGA-II,rHV,MMF13,13,0.054249108344430606,All_Algorithms_Comparison_Results3.mat
SPD-DN-NSGA-II,rHV,MMF13,14,0.054251056050406095,All_Algorithms_Comparison_Results3.mat
SPD-DN-NSGA-II,rHV,MMF13,15,0.054240866112817025,All_Algorithms_Comparison_Results3.mat
SPD-DN-NSGA-II,rHV,MMF13,16,0.054244968328000305,All_Algorithms_Comparison_Results3.mat
SPD-DN-NSGA-II,rHV,MMF13,17,0.05424988725328209,All_Algorithms_Comparison_Results3.mat
SPD-DN-NSGA-II,rHV,MMF13,18,0.054244123926682375,All_Algorithms_Comparison_Results3.mat
SPD-DN-NSGA-II,rHV,MMF13,19,0.05425502777929414,All_Algorithms_Comparison_Results3.mat
SPD-DN-NSGA-II,rHV,MMF13,20,0.054244678806924726,All_Algorithms_Comparison_Results3.mat
SPD-DN-NSGA-II,rHV,MMF13,21,0.05425265949550655,All_Algorithms_Comparison_Results3.mat
SPD-DN-NSGA-II,rHV,MMF13,22,0.054246975092939666,All_Algorithms_Comparison_Results3.mat
SPD-DN-NSGA-II,rHV,MMF13,23,0.05424938339090312,All_Algorithms_Comparison_Results3.mat
SPD-DN-NSGA-II,rHV,MMF13,24,0.05425582098863353,All_Algorithms_Comparison_Results3.mat
SPD-DN-NSGA-II,rHV,MMF13,25,0.05425477931833171,All_Algorithms_Comparison_Results3.mat
SPD-DN-NSGA-II,rHV,MMF13,26,0.05425007172156877,All_Algorithms_Comparison_Results3.mat
SPD-DN-NSGA-II,rHV,MMF13,27,0.05007909449709599,All_Algorithms_Comparison_Results3.mat
SPD-DN-NSGA-II,rHV,MMF13,28,0.05424352175339405,All_Algorithms_Comparison_Results3.mat
SPD-DN-NSGA-II,rHV,MMF13,29,0.05022746028243593,All_Algorithms_Comparison_Results3.mat
SPD-DN-NSGA-II,rHV,MMF13,30,0.054247782319144615,All_Algorithms_Comparison_Results3.mat
SPD-DN-NSGA-II,rHV,MMF13,31,0.05425332137749154,All_Algorithms_Comparison_Results3.mat
SPD-DN-NSGA-II,rHV,MMF14,1,0.32257941423451486,All_Algorithms_Comparison_Results3.mat
SPD-DN-NSGA-II,rHV,MMF14,2,0.33494432333780316,All_Algorithms_Comparison_Results3.mat
SPD-DN-NSGA-II,rHV,MMF14,3,0.31503115190035574,All_Algorithms_Comparison_Results3.mat
SPD-DN-NSGA-II,rHV,MMF14,4,0.3211324627581271,All_Algorithms_Comparison_Results3.mat
SPD-DN-NSGA-II,rHV,MMF14,5,0.31944454190670607,All_Algorithms_Comparison_Results3.mat
SPD-DN-NSGA-II,rHV,MMF14,6,0.3385374548179854,All_Algorithms_Comparison_Results3.mat
SPD-DN-NSGA-II,rHV,MMF14,7,0.3192417135380175,All_Algorithms_Comparison_Results3.mat
SPD-DN-NSGA-II,rHV,MMF14,8,0.32162412059264806,All_Algorithms_Comparison_Results3.mat
SPD-DN-NSGA-II,rHV,MMF14,9,0.3099897421730065,All_Algorithms_Comparison_Results3.mat
SPD-DN-NSGA-II,rHV,MMF14,10,0.31771849817433395,All_Algorithms_Comparison_Results3.mat
SPD-DN-NSGA-II,rHV,MMF14,11,0.3147959041661202,All_Algorithms_Comparison_Results3.mat
SPD-DN-NSGA-II,rHV,MMF14,12,0.32050215991066205,All_Algorithms_Comparison_Results3.mat
SPD-DN-NSGA-II,rHV,MMF14,13,0.32618301337247146,All_Algorithms_Comparison_Results3.mat
SPD-DN-NSGA-II,rHV,MMF14,14,0.32625411278291017,All_Algorithms_Comparison_Results3.mat
SPD-DN-NSGA-II,rHV,MMF14,15,0.32423806403530037,All_Algorithms_Comparison_Results3.mat
SPD-DN-NSGA-II,rHV,MMF14,16,0.30775176687174066,All_Algorithms_Comparison_Results3.mat
SPD-DN-NSGA-II,rHV,MMF14,17,0.32670942714799994,All_Algorithms_Comparison_Results3.mat
SPD-DN-NSGA-II,rHV,MMF14,18,0.32610709405721816,All_Algorithms_Comparison_Results3.mat
SPD-DN-NSGA-II,rHV,MMF14,19,0.3202148484570561,All_Algorithms_Comparison_Results3.mat
SPD-DN-NSGA-II,rHV,MMF14,20,0.32003539745041976,All_Algorithms_Comparison_Results3.mat
SPD-DN-NSGA-II,rHV,MMF14,21,0.32598851028832154,All_Algorithms_Comparison_Results3.mat
SPD-DN-NSGA-II,rHV,MMF14,22,0.3212367739556525,All_Algorithms_Comparison_Results3.mat
SPD-DN-NSGA-II,rHV,MMF14,23,0.32384264221881887,All_Algorithms_Comparison_Results3.mat
SPD-DN-NSGA-II,rHV,MMF14,24,0.3236574225162147,All_Algorithms_Comparison_Results3.mat
SPD-DN-NSGA-II,rHV,MMF14,25,0.31027347897976343,All_Algorithms_Comparison_Results3.mat
SPD-DN-NSGA-II,rHV,MMF14,26,0.3227416289087362,All_Algorithms_Comparison_Results3.mat
SPD-DN-NSGA-II,rHV,MMF14,27,0.3195525960236131,All_Algorithms_Comparison_Results3.mat
SPD-DN-NSGA-II,rHV,MMF14,28,0.31280486928873125,All_Algorithms_Comparison_Results3.mat
SPD-DN-NSGA-II,rHV,MMF14,29,0.29889253078745315,All_Algorithms_Comparison_Results3.mat
SPD-DN-NSGA-II,rHV,MMF14,30,0.32168333485315104,All_Algorithms_Comparison_Results3.mat
SPD-DN-NSGA-II,rHV,MMF14,31,0.32664238644089205,All_Algorithms_Comparison_Results3.mat
SPD-DN-NSGA-II,rHV,MMF15,1,0.223487842846457,All_Algorithms_Comparison_Results3.mat
SPD-DN-NSGA-II,rHV,MMF15,2,0.23023920794347089,All_Algorithms_Comparison_Results3.mat
SPD-DN-NSGA-II,rHV,MMF15,3,0.22412554424312733,All_Algorithms_Comparison_Results3.mat
SPD-DN-NSGA-II,rHV,MMF15,4,0.22406789428640625,All_Algorithms_Comparison_Results3.mat
SPD-DN-NSGA-II,rHV,MMF15,5,0.2263385223374093,All_Algorithms_Comparison_Results3.mat
SPD-DN-NSGA-II,rHV,MMF15,6,0.22595813370943746,All_Algorithms_Comparison_Results3.mat
SPD-DN-NSGA-II,rHV,MMF15,7,0.22462082341856193,All_Algorithms_Comparison_Results3.mat
SPD-DN-NSGA-II,rHV,MMF15,8,0.22544647701165305,All_Algorithms_Comparison_Results3.mat
SPD-DN-NSGA-II,rHV,MMF15,9,0.22931772726092842,All_Algorithms_Comparison_Results3.mat
SPD-DN-NSGA-II,rHV,MMF15,10,0.21742938759215136,All_Algorithms_Comparison_Results3.mat
SPD-DN-NSGA-II,rHV,MMF15,11,0.23084199928048077,All_Algorithms_Comparison_Results3.mat
SPD-DN-NSGA-II,rHV,MMF15,12,0.22097530205376323,All_Algorithms_Comparison_Results3.mat
SPD-DN-NSGA-II,rHV,MMF15,13,0.23155094163885862,All_Algorithms_Comparison_Results3.mat
SPD-DN-NSGA-II,rHV,MMF15,14,0.23328494135783487,All_Algorithms_Comparison_Results3.mat
SPD-DN-NSGA-II,rHV,MMF15,15,0.219793355036697,All_Algorithms_Comparison_Results3.mat
SPD-DN-NSGA-II,rHV,MMF15,16,0.23848689090690833,All_Algorithms_Comparison_Results3.mat
SPD-DN-NSGA-II,rHV,MMF15,17,0.22569039683909164,All_Algorithms_Comparison_Results3.mat
SPD-DN-NSGA-II,rHV,MMF15,18,0.21485390032716592,All_Algorithms_Comparison_Results3.mat
SPD-DN-NSGA-II,rHV,MMF15,19,0.23232058598966224,All_Algorithms_Comparison_Results3.mat
SPD-DN-NSGA-II,rHV,MMF15,20,0.22350752514057026,All_Algorithms_Comparison_Results3.mat
SPD-DN-NSGA-II,rHV,MMF15,21,0.23194768190689224,All_Algorithms_Comparison_Results3.mat
SPD-DN-NSGA-II,rHV,MMF15,22,0.22558381950727224,All_Algorithms_Comparison_Results3.mat
SPD-DN-NSGA-II,rHV,MMF15,23,0.22672316063874592,All_Algorithms_Comparison_Results3.mat
SPD-DN-NSGA-II,rHV,MMF15,24,0.2203566182829473,All_Algorithms_Comparison_Results3.mat
SPD-DN-NSGA-II,rHV,MMF15,25,0.23281133412583654,All_Algorithms_Comparison_Results3.mat
SPD-DN-NSGA-II,rHV,MMF15,26,0.22319152829093786,All_Algorithms_Comparison_Results3.mat
SPD-DN-NSGA-II,rHV,MMF15,27,0.21974630480792348,All_Algorithms_Comparison_Results3.mat
SPD-DN-NSGA-II,rHV,MMF15,28,0.22688272082087252,All_Algorithms_Comparison_Results3.mat
SPD-DN-NSGA-II,rHV,MMF15,29,0.22618985910118308,All_Algorithms_Comparison_Results3.mat
SPD-DN-NSGA-II,rHV,MMF15,30,0.22539842867981627,All_Algorithms_Comparison_Results3.mat
SPD-DN-NSGA-II,rHV,MMF15,31,0.22230721927334895,All_Algorithms_Comparison_Results3.mat
SPD-DN-NSGA-II,rHV,MMF1_z,1,1.146839892661635,All_Algorithms_Comparison_Results3.mat
SPD-DN-NSGA-II,rHV,MMF1_z,2,1.1474398137230883,All_Algorithms_Comparison_Results3.mat
SPD-DN-NSGA-II,rHV,MMF1_z,3,1.1473650902560528,All_Algorithms_Comparison_Results3.mat
SPD-DN-NSGA-II,rHV,MMF1_z,4,1.1475409369345708,All_Algorithms_Comparison_Results3.mat
SPD-DN-NSGA-II,rHV,MMF1_z,5,1.1478356250099258,All_Algorithms_Comparison_Results3.mat
SPD-DN-NSGA-II,rHV,MMF1_z,6,1.1474507058575734,All_Algorithms_Comparison_Results3.mat
SPD-DN-NSGA-II,rHV,MMF1_z,7,1.1473625283095439,All_Algorithms_Comparison_Results3.mat
SPD-DN-NSGA-II,rHV,MMF1_z,8,1.1492058966487082,All_Algorithms_Comparison_Results3.mat
SPD-DN-NSGA-II,rHV,MMF1_z,9,1.1471796061354553,All_Algorithms_Comparison_Results3.mat
SPD-DN-NSGA-II,rHV,MMF1_z,10,1.1471575727737136,All_Algorithms_Comparison_Results3.mat
SPD-DN-NSGA-II,rHV,MMF1_z,11,1.1470786875286383,All_Algorithms_Comparison_Results3.mat
SPD-DN-NSGA-II,rHV,MMF1_z,12,1.13103567514247,All_Algorithms_Comparison_Results3.mat
SPD-DN-NSGA-II,rHV,MMF1_z,13,1.1476750953947352,All_Algorithms_Comparison_Results3.mat
SPD-DN-NSGA-II,rHV,MMF1_z,14,1.1474923465512616,All_Algorithms_Comparison_Results3.mat
SPD-DN-NSGA-II,rHV,MMF1_z,15,1.1478423277907142,All_Algorithms_Comparison_Results3.mat
SPD-DN-NSGA-II,rHV,MMF1_z,16,1.1475252595491767,All_Algorithms_Comparison_Results3.mat
SPD-DN-NSGA-II,rHV,MMF1_z,17,1.148720450870124,All_Algorithms_Comparison_Results3.mat
SPD-DN-NSGA-II,rHV,MMF1_z,18,1.1473892438007856,All_Algorithms_Comparison_Results3.mat
SPD-DN-NSGA-II,rHV,MMF1_z,19,1.143582860310089,All_Algorithms_Comparison_Results3.mat
SPD-DN-NSGA-II,rHV,MMF1_z,20,1.1472023705552017,All_Algorithms_Comparison_Results3.mat
SPD-DN-NSGA-II,rHV,MMF1_z,21,1.147015095465656,All_Algorithms_Comparison_Results3.mat
SPD-DN-NSGA-II,rHV,MMF1_z,22,1.1461214466132186,All_Algorithms_Comparison_Results3.mat
SPD-DN-NSGA-II,rHV,MMF1_z,23,1.1537240776647897,All_Algorithms_Comparison_Results3.mat
SPD-DN-NSGA-II,rHV,MMF1_z,24,1.1473882541519196,All_Algorithms_Comparison_Results3.mat
SPD-DN-NSGA-II,rHV,MMF1_z,25,1.148254434420515,All_Algorithms_Comparison_Results3.mat
SPD-DN-NSGA-II,rHV,MMF1_z,26,1.1471946726077495,All_Algorithms_Comparison_Results3.mat
SPD-DN-NSGA-II,rHV,MMF1_z,27,1.147717496786256,All_Algorithms_Comparison_Results3.mat
SPD-DN-NSGA-II,rHV,MMF1_z,28,1.1457584349523124,All_Algorithms_Comparison_Results3.mat
SPD-DN-NSGA-II,rHV,MMF1_z,29,1.1475221219663798,All_Algorithms_Comparison_Results3.mat
SPD-DN-NSGA-II,rHV,MMF1_z,30,1.1482515306715086,All_Algorithms_Comparison_Results3.mat
SPD-DN-NSGA-II,rHV,MMF1_z,31,1.147479436865853,All_Algorithms_Comparison_Results3.mat
SPD-DN-NSGA-II,rHV,MMF1_e,1,1.1478392156376394,All_Algorithms_Comparison_Results3.mat
SPD-DN-NSGA-II,rHV,MMF1_e,2,1.3086717446244875,All_Algorithms_Comparison_Results3.mat
SPD-DN-NSGA-II,rHV,MMF1_e,3,1.1697520004891289,All_Algorithms_Comparison_Results3.mat
SPD-DN-NSGA-II,rHV,MMF1_e,4,4.747222706701872,All_Algorithms_Comparison_Results3.mat
SPD-DN-NSGA-II,rHV,MMF1_e,5,1.1625790055889575,All_Algorithms_Comparison_Results3.mat
SPD-DN-NSGA-II,rHV,MMF1_e,6,1.147386408327028,All_Algorithms_Comparison_Results3.mat
SPD-DN-NSGA-II,rHV,MMF1_e,7,1.1561299678648536,All_Algorithms_Comparison_Results3.mat
SPD-DN-NSGA-II,rHV,MMF1_e,8,1.1493911921211077,All_Algorithms_Comparison_Results3.mat
SPD-DN-NSGA-II,rHV,MMF1_e,9,1.172329746005884,All_Algorithms_Comparison_Results3.mat
SPD-DN-NSGA-II,rHV,MMF1_e,10,1.1637765631361465,All_Algorithms_Comparison_Results3.mat
SPD-DN-NSGA-II,rHV,MMF1_e,11,1.1567409088914835,All_Algorithms_Comparison_Results3.mat
SPD-DN-NSGA-II,rHV,MMF1_e,12,1.2229196622759086,All_Algorithms_Comparison_Results3.mat
SPD-DN-NSGA-II,rHV,MMF1_e,13,1.1523341485784184,All_Algorithms_Comparison_Results3.mat
SPD-DN-NSGA-II,rHV,MMF1_e,14,1.1470328928138616,All_Algorithms_Comparison_Results3.mat
SPD-DN-NSGA-II,rHV,MMF1_e,15,1.330046345964338,All_Algorithms_Comparison_Results3.mat
SPD-DN-NSGA-II,rHV,MMF1_e,16,1.1677854905771097,All_Algorithms_Comparison_Results3.mat
SPD-DN-NSGA-II,rHV,MMF1_e,17,1.3212496136558851,All_Algorithms_Comparison_Results3.mat
SPD-DN-NSGA-II,rHV,MMF1_e,18,1.2320810456027667,All_Algorithms_Comparison_Results3.mat
SPD-DN-NSGA-II,rHV,MMF1_e,19,1.350651017249392,All_Algorithms_Comparison_Results3.mat
SPD-DN-NSGA-II,rHV,MMF1_e,20,1.157659254077429,All_Algorithms_Comparison_Results3.mat
SPD-DN-NSGA-II,rHV,MMF1_e,21,1.4255209120709726,All_Algorithms_Comparison_Results3.mat
SPD-DN-NSGA-II,rHV,MMF1_e,22,1.1775891316854248,All_Algorithms_Comparison_Results3.mat
SPD-DN-NSGA-II,rHV,MMF1_e,23,1.158471821911537,All_Algorithms_Comparison_Results3.mat
SPD-DN-NSGA-II,rHV,MMF1_e,24,1.1464845683812779,All_Algorithms_Comparison_Results3.mat
SPD-DN-NSGA-II,rHV,MMF1_e,25,1.1693536694498194,All_Algorithms_Comparison_Results3.mat
SPD-DN-NSGA-II,rHV,MMF1_e,26,1.1705125198587378,All_Algorithms_Comparison_Results3.mat
SPD-DN-NSGA-II,rHV,MMF1_e,27,1.161924598989782,All_Algorithms_Comparison_Results3.mat
SPD-DN-NSGA-II,rHV,MMF1_e,28,1.193060521760823,All_Algorithms_Comparison_Results3.mat
SPD-DN-NSGA-II,rHV,MMF1_e,29,1.1464663831792703,All_Algorithms_Comparison_Results3.mat
SPD-DN-NSGA-II,rHV,MMF1_e,30,1.1477060180330882,All_Algorithms_Comparison_Results3.mat
SPD-DN-NSGA-II,rHV,MMF1_e,31,1.2143329836138612,All_Algorithms_Comparison_Results3.mat
SPD-DN-NSGA-II,rHV,MMF14_a,1,0.3272363984932118,All_Algorithms_Comparison_Results3.mat
SPD-DN-NSGA-II,rHV,MMF14_a,2,0.3162907256704536,All_Algorithms_Comparison_Results3.mat
SPD-DN-NSGA-II,rHV,MMF14_a,3,0.31808368951416804,All_Algorithms_Comparison_Results3.mat
SPD-DN-NSGA-II,rHV,MMF14_a,4,0.31909340059710106,All_Algorithms_Comparison_Results3.mat
SPD-DN-NSGA-II,rHV,MMF14_a,5,0.30389489753954674,All_Algorithms_Comparison_Results3.mat
SPD-DN-NSGA-II,rHV,MMF14_a,6,0.2695442160126369,All_Algorithms_Comparison_Results3.mat
SPD-DN-NSGA-II,rHV,MMF14_a,7,0.3156759983722596,All_Algorithms_Comparison_Results3.mat
SPD-DN-NSGA-II,rHV,MMF14_a,8,0.3021383337381603,All_Algorithms_Comparison_Results3.mat
SPD-DN-NSGA-II,rHV,MMF14_a,9,0.3109926015120227,All_Algorithms_Comparison_Results3.mat
SPD-DN-NSGA-II,rHV,MMF14_a,10,0.3157753173377521,All_Algorithms_Comparison_Results3.mat
SPD-DN-NSGA-II,rHV,MMF14_a,11,0.3149831656117327,All_Algorithms_Comparison_Results3.mat
SPD-DN-NSGA-II,rHV,MMF14_a,12,0.3164674091884982,All_Algorithms_Comparison_Results3.mat
SPD-DN-NSGA-II,rHV,MMF14_a,13,0.31548780688110595,All_Algorithms_Comparison_Results3.mat
SPD-DN-NSGA-II,rHV,MMF14_a,14,0.31495612473954604,All_Algorithms_Comparison_Results3.mat
SPD-DN-NSGA-II,rHV,MMF14_a,15,0.31412819884186033,All_Algorithms_Comparison_Results3.mat
SPD-DN-NSGA-II,rHV,MMF14_a,16,0.3096594793393463,All_Algorithms_Comparison_Results3.mat
SPD-DN-NSGA-II,rHV,MMF14_a,17,0.3071108808981211,All_Algorithms_Comparison_Results3.mat
SPD-DN-NSGA-II,rHV,MMF14_a,18,0.3055813253161498,All_Algorithms_Comparison_Results3.mat
SPD-DN-NSGA-II,rHV,MMF14_a,19,0.308128080225407,All_Algorithms_Comparison_Results3.mat
SPD-DN-NSGA-II,rHV,MMF14_a,20,0.3181909523209375,All_Algorithms_Comparison_Results3.mat
SPD-DN-NSGA-II,rHV,MMF14_a,21,0.3214850840393344,All_Algorithms_Comparison_Results3.mat
SPD-DN-NSGA-II,rHV,MMF14_a,22,0.31217228917677275,All_Algorithms_Comparison_Results3.mat
SPD-DN-NSGA-II,rHV,MMF14_a,23,0.31107156363796445,All_Algorithms_Comparison_Results3.mat
SPD-DN-NSGA-II,rHV,MMF14_a,24,0.3259960643176579,All_Algorithms_Comparison_Results3.mat
SPD-DN-NSGA-II,rHV,MMF14_a,25,0.312105684224418,All_Algorithms_Comparison_Results3.mat
SPD-DN-NSGA-II,rHV,MMF14_a,26,0.3207907955943386,All_Algorithms_Comparison_Results3.mat
SPD-DN-NSGA-II,rHV,MMF14_a,27,0.3076764123279672,All_Algorithms_Comparison_Results3.mat
SPD-DN-NSGA-II,rHV,MMF14_a,28,0.3252069238131523,All_Algorithms_Comparison_Results3.mat
SPD-DN-NSGA-II,rHV,MMF14_a,29,0.3129149091303111,All_Algorithms_Comparison_Results3.mat
SPD-DN-NSGA-II,rHV,MMF14_a,30,0.323277642424939,All_Algorithms_Comparison_Results3.mat
SPD-DN-NSGA-II,rHV,MMF14_a,31,0.30106067872387426,All_Algorithms_Comparison_Results3.mat
SPD-DN-NSGA-II,rHV,MMF15_a,1,0.22265876832533682,All_Algorithms_Comparison_Results3.mat
SPD-DN-NSGA-II,rHV,MMF15_a,2,0.22488679025492656,All_Algorithms_Comparison_Results3.mat
SPD-DN-NSGA-II,rHV,MMF15_a,3,0.21593013071871428,All_Algorithms_Comparison_Results3.mat
SPD-DN-NSGA-II,rHV,MMF15_a,4,0.22838769432304973,All_Algorithms_Comparison_Results3.mat
SPD-DN-NSGA-II,rHV,MMF15_a,5,0.21667302517381845,All_Algorithms_Comparison_Results3.mat
SPD-DN-NSGA-II,rHV,MMF15_a,6,0.20627010502698584,All_Algorithms_Comparison_Results3.mat
SPD-DN-NSGA-II,rHV,MMF15_a,7,0.24304815911310285,All_Algorithms_Comparison_Results3.mat
SPD-DN-NSGA-II,rHV,MMF15_a,8,0.21451376524973922,All_Algorithms_Comparison_Results3.mat
SPD-DN-NSGA-II,rHV,MMF15_a,9,0.20677737956608003,All_Algorithms_Comparison_Results3.mat
SPD-DN-NSGA-II,rHV,MMF15_a,10,0.21487136901205742,All_Algorithms_Comparison_Results3.mat
SPD-DN-NSGA-II,rHV,MMF15_a,11,0.22637711677394823,All_Algorithms_Comparison_Results3.mat
SPD-DN-NSGA-II,rHV,MMF15_a,12,0.21629771584172236,All_Algorithms_Comparison_Results3.mat
SPD-DN-NSGA-II,rHV,MMF15_a,13,0.219350505703213,All_Algorithms_Comparison_Results3.mat
SPD-DN-NSGA-II,rHV,MMF15_a,14,0.22661980170138393,All_Algorithms_Comparison_Results3.mat
SPD-DN-NSGA-II,rHV,MMF15_a,15,0.2216382160169004,All_Algorithms_Comparison_Results3.mat
SPD-DN-NSGA-II,rHV,MMF15_a,16,0.22071184964082954,All_Algorithms_Comparison_Results3.mat
SPD-DN-NSGA-II,rHV,MMF15_a,17,0.21505670384288034,All_Algorithms_Comparison_Results3.mat
SPD-DN-NSGA-II,rHV,MMF15_a,18,0.2183481232718155,All_Algorithms_Comparison_Results3.mat
SPD-DN-NSGA-II,rHV,MMF15_a,19,0.22097981025496416,All_Algorithms_Comparison_Results3.mat
SPD-DN-NSGA-II,rHV,MMF15_a,20,0.21003279808743627,All_Algorithms_Comparison_Results3.mat
SPD-DN-NSGA-II,rHV,MMF15_a,21,0.22245595747613087,All_Algorithms_Comparison_Results3.mat
SPD-DN-NSGA-II,rHV,MMF15_a,22,0.21975141490540626,All_Algorithms_Comparison_Results3.mat
SPD-DN-NSGA-II,rHV,MMF15_a,23,0.22263346611167992,All_Algorithms_Comparison_Results3.mat
SPD-DN-NSGA-II,rHV,MMF15_a,24,0.22798705015664072,All_Algorithms_Comparison_Results3.mat
SPD-DN-NSGA-II,rHV,MMF15_a,25,0.22269158545999593,All_Algorithms_Comparison_Results3.mat
SPD-DN-NSGA-II,rHV,MMF15_a,26,0.21798879046833283,All_Algorithms_Comparison_Results3.mat
SPD-DN-NSGA-II,rHV,MMF15_a,27,0.2225527715948951,All_Algorithms_Comparison_Results3.mat
SPD-DN-NSGA-II,rHV,MMF15_a,28,0.2173544351998673,All_Algorithms_Comparison_Results3.mat
SPD-DN-NSGA-II,rHV,MMF15_a,29,0.21558677558308947,All_Algorithms_Comparison_Results3.mat
SPD-DN-NSGA-II,rHV,MMF15_a,30,0.22523455036437298,All_Algorithms_Comparison_Results3.mat
SPD-DN-NSGA-II,rHV,MMF15_a,31,0.2138835442302185,All_Algorithms_Comparison_Results3.mat
SPD-DN-NSGA-II,rHV,SYM_PART_simple,1,0.06008326990296938,All_Algorithms_Comparison_Results3.mat
SPD-DN-NSGA-II,rHV,SYM_PART_simple,2,0.060076457095486355,All_Algorithms_Comparison_Results3.mat
SPD-DN-NSGA-II,rHV,SYM_PART_simple,3,0.06009451634626838,All_Algorithms_Comparison_Results3.mat
SPD-DN-NSGA-II,rHV,SYM_PART_simple,4,0.06008550684884172,All_Algorithms_Comparison_Results3.mat
SPD-DN-NSGA-II,rHV,SYM_PART_simple,5,0.06009465829238279,All_Algorithms_Comparison_Results3.mat
SPD-DN-NSGA-II,rHV,SYM_PART_simple,6,0.06027552602478647,All_Algorithms_Comparison_Results3.mat
SPD-DN-NSGA-II,rHV,SYM_PART_simple,7,0.060091796534668764,All_Algorithms_Comparison_Results3.mat
SPD-DN-NSGA-II,rHV,SYM_PART_simple,8,0.06009460821270071,All_Algorithms_Comparison_Results3.mat
SPD-DN-NSGA-II,rHV,SYM_PART_simple,9,0.060087388206570475,All_Algorithms_Comparison_Results3.mat
SPD-DN-NSGA-II,rHV,SYM_PART_simple,10,0.06007710201361148,All_Algorithms_Comparison_Results3.mat
SPD-DN-NSGA-II,rHV,SYM_PART_simple,11,0.060080756479846474,All_Algorithms_Comparison_Results3.mat
SPD-DN-NSGA-II,rHV,SYM_PART_simple,12,0.06007459402662156,All_Algorithms_Comparison_Results3.mat
SPD-DN-NSGA-II,rHV,SYM_PART_simple,13,0.06009035444550497,All_Algorithms_Comparison_Results3.mat
SPD-DN-NSGA-II,rHV,SYM_PART_simple,14,0.060080617719209264,All_Algorithms_Comparison_Results3.mat
SPD-DN-NSGA-II,rHV,SYM_PART_simple,15,0.06008891673359887,All_Algorithms_Comparison_Results3.mat
SPD-DN-NSGA-II,rHV,SYM_PART_simple,16,0.06008014040647897,All_Algorithms_Comparison_Results3.mat
SPD-DN-NSGA-II,rHV,SYM_PART_simple,17,0.060093391464025245,All_Algorithms_Comparison_Results3.mat
SPD-DN-NSGA-II,rHV,SYM_PART_simple,18,0.06009277564618215,All_Algorithms_Comparison_Results3.mat
SPD-DN-NSGA-II,rHV,SYM_PART_simple,19,0.060077440169685165,All_Algorithms_Comparison_Results3.mat
SPD-DN-NSGA-II,rHV,SYM_PART_simple,20,0.06008191121623405,All_Algorithms_Comparison_Results3.mat
SPD-DN-NSGA-II,rHV,SYM_PART_simple,21,0.060093911909367186,All_Algorithms_Comparison_Results3.mat
SPD-DN-NSGA-II,rHV,SYM_PART_simple,22,0.060086626372091924,All_Algorithms_Comparison_Results3.mat
SPD-DN-NSGA-II,rHV,SYM_PART_simple,23,0.06008104906219812,All_Algorithms_Comparison_Results3.mat
SPD-DN-NSGA-II,rHV,SYM_PART_simple,24,0.06007498353065765,All_Algorithms_Comparison_Results3.mat
SPD-DN-NSGA-II,rHV,SYM_PART_simple,25,0.0600926248728095,All_Algorithms_Comparison_Results3.mat
SPD-DN-NSGA-II,rHV,SYM_PART_simple,26,0.06009628391959243,All_Algorithms_Comparison_Results3.mat
SPD-DN-NSGA-II,rHV,SYM_PART_simple,27,0.060090656649825075,All_Algorithms_Comparison_Results3.mat
SPD-DN-NSGA-II,rHV,SYM_PART_simple,28,0.060099246618100774,All_Algorithms_Comparison_Results3.mat
SPD-DN-NSGA-II,rHV,SYM_PART_simple,29,0.06009945603112085,All_Algorithms_Comparison_Results3.mat
SPD-DN-NSGA-II,rHV,SYM_PART_simple,30,0.060076409346822957,All_Algorithms_Comparison_Results3.mat
SPD-DN-NSGA-II,rHV,SYM_PART_simple,31,0.0604447326258134,All_Algorithms_Comparison_Results3.mat
SPD-DN-NSGA-II,rHV,SYM_PART_rotated,1,0.06010175399645438,All_Algorithms_Comparison_Results3.mat
SPD-DN-NSGA-II,rHV,SYM_PART_rotated,2,0.06010155230753123,All_Algorithms_Comparison_Results3.mat
SPD-DN-NSGA-II,rHV,SYM_PART_rotated,3,0.06009059419351951,All_Algorithms_Comparison_Results3.mat
SPD-DN-NSGA-II,rHV,SYM_PART_rotated,4,0.06010101838754408,All_Algorithms_Comparison_Results3.mat
SPD-DN-NSGA-II,rHV,SYM_PART_rotated,5,0.06016790600282128,All_Algorithms_Comparison_Results3.mat
SPD-DN-NSGA-II,rHV,SYM_PART_rotated,6,0.05165417362405321,All_Algorithms_Comparison_Results3.mat
SPD-DN-NSGA-II,rHV,SYM_PART_rotated,7,0.060110061895111325,All_Algorithms_Comparison_Results3.mat
SPD-DN-NSGA-II,rHV,SYM_PART_rotated,8,0.06012150512921134,All_Algorithms_Comparison_Results3.mat
SPD-DN-NSGA-II,rHV,SYM_PART_rotated,9,0.060100071637048405,All_Algorithms_Comparison_Results3.mat
SPD-DN-NSGA-II,rHV,SYM_PART_rotated,10,0.06010303643537074,All_Algorithms_Comparison_Results3.mat
SPD-DN-NSGA-II,rHV,SYM_PART_rotated,11,0.06193301737884827,All_Algorithms_Comparison_Results3.mat
SPD-DN-NSGA-II,rHV,SYM_PART_rotated,12,0.06010814395769231,All_Algorithms_Comparison_Results3.mat
SPD-DN-NSGA-II,rHV,SYM_PART_rotated,13,0.06010717705155079,All_Algorithms_Comparison_Results3.mat
SPD-DN-NSGA-II,rHV,SYM_PART_rotated,14,0.060096508447188814,All_Algorithms_Comparison_Results3.mat
SPD-DN-NSGA-II,rHV,SYM_PART_rotated,15,0.060118697846705905,All_Algorithms_Comparison_Results3.mat
SPD-DN-NSGA-II,rHV,SYM_PART_rotated,16,0.0601056353260411,All_Algorithms_Comparison_Results3.mat
SPD-DN-NSGA-II,rHV,SYM_PART_rotated,17,0.06009209197758216,All_Algorithms_Comparison_Results3.mat
SPD-DN-NSGA-II,rHV,SYM_PART_rotated,18,0.06011912623137631,All_Algorithms_Comparison_Results3.mat
SPD-DN-NSGA-II,rHV,SYM_PART_rotated,19,0.06008299968083812,All_Algorithms_Comparison_Results3.mat
SPD-DN-NSGA-II,rHV,SYM_PART_rotated,20,0.060108131536450754,All_Algorithms_Comparison_Results3.mat
SPD-DN-NSGA-II,rHV,SYM_PART_rotated,21,0.060114269901009966,All_Algorithms_Comparison_Results3.mat
SPD-DN-NSGA-II,rHV,SYM_PART_rotated,22,0.060105142347508765,All_Algorithms_Comparison_Results3.mat
SPD-DN-NSGA-II,rHV,SYM_PART_rotated,23,0.06011483005467368,All_Algorithms_Comparison_Results3.mat
SPD-DN-NSGA-II,rHV,SYM_PART_rotated,24,0.06009512563702601,All_Algorithms_Comparison_Results3.mat
SPD-DN-NSGA-II,rHV,SYM_PART_rotated,25,0.06010554397174063,All_Algorithms_Comparison_Results3.mat
SPD-DN-NSGA-II,rHV,SYM_PART_rotated,26,0.0601132711718497,All_Algorithms_Comparison_Results3.mat
SPD-DN-NSGA-II,rHV,SYM_PART_rotated,27,0.060100754169546404,All_Algorithms_Comparison_Results3.mat
SPD-DN-NSGA-II,rHV,SYM_PART_rotated,28,0.06010403197699852,All_Algorithms_Comparison_Results3.mat
SPD-DN-NSGA-II,rHV,SYM_PART_rotated,29,0.06036573318536877,All_Algorithms_Comparison_Results3.mat
SPD-DN-NSGA-II,rHV,SYM_PART_rotated,30,0.060188104303402656,All_Algorithms_Comparison_Results3.mat
SPD-DN-NSGA-II,rHV,SYM_PART_rotated,31,0.06010390726963425,All_Algorithms_Comparison_Results3.mat
SPD-DN-NSGA-II,rHV,Omni_test,1,0.018939907871307886,All_Algorithms_Comparison_Results3.mat
SPD-DN-NSGA-II,rHV,Omni_test,2,0.018940261261549466,All_Algorithms_Comparison_Results3.mat
SPD-DN-NSGA-II,rHV,Omni_test,3,0.018939409690770053,All_Algorithms_Comparison_Results3.mat
SPD-DN-NSGA-II,rHV,Omni_test,4,0.01893961577974551,All_Algorithms_Comparison_Results3.mat
SPD-DN-NSGA-II,rHV,Omni_test,5,0.018939945661686747,All_Algorithms_Comparison_Results3.mat
SPD-DN-NSGA-II,rHV,Omni_test,6,0.018940362460205827,All_Algorithms_Comparison_Results3.mat
SPD-DN-NSGA-II,rHV,Omni_test,7,0.018939997093195292,All_Algorithms_Comparison_Results3.mat
SPD-DN-NSGA-II,rHV,Omni_test,8,0.018939626809365614,All_Algorithms_Comparison_Results3.mat
SPD-DN-NSGA-II,rHV,Omni_test,9,0.018939849214966286,All_Algorithms_Comparison_Results3.mat
SPD-DN-NSGA-II,rHV,Omni_test,10,0.018940164746687502,All_Algorithms_Comparison_Results3.mat
SPD-DN-NSGA-II,rHV,Omni_test,11,0.01893966574841448,All_Algorithms_Comparison_Results3.mat
SPD-DN-NSGA-II,rHV,Omni_test,12,0.018939845056535173,All_Algorithms_Comparison_Results3.mat
SPD-DN-NSGA-II,rHV,Omni_test,13,0.018940049248978155,All_Algorithms_Comparison_Results3.mat
SPD-DN-NSGA-II,rHV,Omni_test,14,0.01893976476404028,All_Algorithms_Comparison_Results3.mat
SPD-DN-NSGA-II,rHV,Omni_test,15,0.018939321281899835,All_Algorithms_Comparison_Results3.mat
SPD-DN-NSGA-II,rHV,Omni_test,16,0.018940857950426968,All_Algorithms_Comparison_Results3.mat
SPD-DN-NSGA-II,rHV,Omni_test,17,0.018939683891306822,All_Algorithms_Comparison_Results3.mat
SPD-DN-NSGA-II,rHV,Omni_test,18,0.018940297320348704,All_Algorithms_Comparison_Results3.mat
SPD-DN-NSGA-II,rHV,Omni_test,19,0.018940534515766123,All_Algorithms_Comparison_Results3.mat
SPD-DN-NSGA-II,rHV,Omni_test,20,0.018939256781508908,All_Algorithms_Comparison_Results3.mat
SPD-DN-NSGA-II,rHV,Omni_test,21,0.01894062919254311,All_Algorithms_Comparison_Results3.mat
SPD-DN-NSGA-II,rHV,Omni_test,22,0.0189401540213936,All_Algorithms_Comparison_Results3.mat
SPD-DN-NSGA-II,rHV,Omni_test,23,0.01893998748518704,All_Algorithms_Comparison_Results3.mat
SPD-DN-NSGA-II,rHV,Omni_test,24,0.01893917150287739,All_Algorithms_Comparison_Results3.mat
SPD-DN-NSGA-II,rHV,Omni_test,25,0.01893998896504886,All_Algorithms_Comparison_Results3.mat
SPD-DN-NSGA-II,rHV,Omni_test,26,0.018940370011335618,All_Algorithms_Comparison_Results3.mat
SPD-DN-NSGA-II,rHV,Omni_test,27,0.018939758016306946,All_Algorithms_Comparison_Results3.mat
SPD-DN-NSGA-II,rHV,Omni_test,28,0.018940395991066988,All_Algorithms_Comparison_Results3.mat
SPD-DN-NSGA-II,rHV,Omni_test,29,0.018939579334364527,All_Algorithms_Comparison_Results3.mat
SPD-DN-NSGA-II,rHV,Omni_test,30,0.018939928066022273,All_Algorithms_Comparison_Results3.mat
SPD-DN-NSGA-II,rHV,Omni_test,31,0.018940777834807153,All_Algorithms_Comparison_Results3.mat
SPD-DN-NSGA-II,IGDX,MMF1,1,0.0515524256950968,All_Algorithms_Comparison_Results3.mat
SPD-DN-NSGA-II,IGDX,MMF1,2,0.049821517065249336,All_Algorithms_Comparison_Results3.mat
SPD-DN-NSGA-II,IGDX,MMF1,3,0.05140986797452232,All_Algorithms_Comparison_Results3.mat
SPD-DN-NSGA-II,IGDX,MMF1,4,0.04947223603138941,All_Algorithms_Comparison_Results3.mat
SPD-DN-NSGA-II,IGDX,MMF1,5,0.04974671044429526,All_Algorithms_Comparison_Results3.mat
SPD-DN-NSGA-II,IGDX,MMF1,6,0.050983614982893936,All_Algorithms_Comparison_Results3.mat
SPD-DN-NSGA-II,IGDX,MMF1,7,0.05273806076616825,All_Algorithms_Comparison_Results3.mat
SPD-DN-NSGA-II,IGDX,MMF1,8,0.04879984253665305,All_Algorithms_Comparison_Results3.mat
SPD-DN-NSGA-II,IGDX,MMF1,9,0.045419187837213375,All_Algorithms_Comparison_Results3.mat
SPD-DN-NSGA-II,IGDX,MMF1,10,0.04929234240506125,All_Algorithms_Comparison_Results3.mat
SPD-DN-NSGA-II,IGDX,MMF1,11,0.05264390406128044,All_Algorithms_Comparison_Results3.mat
SPD-DN-NSGA-II,IGDX,MMF1,12,0.05060004948747758,All_Algorithms_Comparison_Results3.mat
SPD-DN-NSGA-II,IGDX,MMF1,13,0.048893712348881735,All_Algorithms_Comparison_Results3.mat
SPD-DN-NSGA-II,IGDX,MMF1,14,0.05057008227298039,All_Algorithms_Comparison_Results3.mat
SPD-DN-NSGA-II,IGDX,MMF1,15,0.04310162939730772,All_Algorithms_Comparison_Results3.mat
SPD-DN-NSGA-II,IGDX,MMF1,16,0.050796043627295395,All_Algorithms_Comparison_Results3.mat
SPD-DN-NSGA-II,IGDX,MMF1,17,0.05570072463649651,All_Algorithms_Comparison_Results3.mat
SPD-DN-NSGA-II,IGDX,MMF1,18,0.054817482185335026,All_Algorithms_Comparison_Results3.mat
SPD-DN-NSGA-II,IGDX,MMF1,19,0.050089253498432164,All_Algorithms_Comparison_Results3.mat
SPD-DN-NSGA-II,IGDX,MMF1,20,0.050853390847710164,All_Algorithms_Comparison_Results3.mat
SPD-DN-NSGA-II,IGDX,MMF1,21,0.049394512342337986,All_Algorithms_Comparison_Results3.mat
SPD-DN-NSGA-II,IGDX,MMF1,22,0.04548934339573946,All_Algorithms_Comparison_Results3.mat
SPD-DN-NSGA-II,IGDX,MMF1,23,0.05275147677491209,All_Algorithms_Comparison_Results3.mat
SPD-DN-NSGA-II,IGDX,MMF1,24,0.04974013330283889,All_Algorithms_Comparison_Results3.mat
SPD-DN-NSGA-II,IGDX,MMF1,25,0.04980106496504332,All_Algorithms_Comparison_Results3.mat
SPD-DN-NSGA-II,IGDX,MMF1,26,0.04909130104586751,All_Algorithms_Comparison_Results3.mat
SPD-DN-NSGA-II,IGDX,MMF1,27,0.04799565790423195,All_Algorithms_Comparison_Results3.mat
SPD-DN-NSGA-II,IGDX,MMF1,28,0.04874989911744592,All_Algorithms_Comparison_Results3.mat
SPD-DN-NSGA-II,IGDX,MMF1,29,0.08042913954704035,All_Algorithms_Comparison_Results3.mat
SPD-DN-NSGA-II,IGDX,MMF1,30,0.053763862950567065,All_Algorithms_Comparison_Results3.mat
SPD-DN-NSGA-II,IGDX,MMF1,31,0.048776757960914165,All_Algorithms_Comparison_Results3.mat
SPD-DN-NSGA-II,IGDX,MMF2,1,0.03559053471658476,All_Algorithms_Comparison_Results3.mat
SPD-DN-NSGA-II,IGDX,MMF2,2,0.023118862009660682,All_Algorithms_Comparison_Results3.mat
SPD-DN-NSGA-II,IGDX,MMF2,3,0.04750151285150527,All_Algorithms_Comparison_Results3.mat
SPD-DN-NSGA-II,IGDX,MMF2,4,0.027425741487655707,All_Algorithms_Comparison_Results3.mat
SPD-DN-NSGA-II,IGDX,MMF2,5,0.023007592270733526,All_Algorithms_Comparison_Results3.mat
SPD-DN-NSGA-II,IGDX,MMF2,6,0.05392722617326468,All_Algorithms_Comparison_Results3.mat
SPD-DN-NSGA-II,IGDX,MMF2,7,0.031091957749676224,All_Algorithms_Comparison_Results3.mat
SPD-DN-NSGA-II,IGDX,MMF2,8,0.038847618280769984,All_Algorithms_Comparison_Results3.mat
SPD-DN-NSGA-II,IGDX,MMF2,9,0.04551483094460114,All_Algorithms_Comparison_Results3.mat
SPD-DN-NSGA-II,IGDX,MMF2,10,0.025154540805568875,All_Algorithms_Comparison_Results3.mat
SPD-DN-NSGA-II,IGDX,MMF2,11,0.029374905256303253,All_Algorithms_Comparison_Results3.mat
SPD-DN-NSGA-II,IGDX,MMF2,12,0.02004249399768004,All_Algorithms_Comparison_Results3.mat
SPD-DN-NSGA-II,IGDX,MMF2,13,0.03665342604716097,All_Algorithms_Comparison_Results3.mat
SPD-DN-NSGA-II,IGDX,MMF2,14,0.021245058710660042,All_Algorithms_Comparison_Results3.mat
SPD-DN-NSGA-II,IGDX,MMF2,15,0.03459372342899765,All_Algorithms_Comparison_Results3.mat
SPD-DN-NSGA-II,IGDX,MMF2,16,0.029588948566715314,All_Algorithms_Comparison_Results3.mat
SPD-DN-NSGA-II,IGDX,MMF2,17,0.06213664352905567,All_Algorithms_Comparison_Results3.mat
SPD-DN-NSGA-II,IGDX,MMF2,18,0.033559030524871386,All_Algorithms_Comparison_Results3.mat
SPD-DN-NSGA-II,IGDX,MMF2,19,0.04321806960352068,All_Algorithms_Comparison_Results3.mat
SPD-DN-NSGA-II,IGDX,MMF2,20,0.08697143959044723,All_Algorithms_Comparison_Results3.mat
SPD-DN-NSGA-II,IGDX,MMF2,21,0.038998337146587084,All_Algorithms_Comparison_Results3.mat
SPD-DN-NSGA-II,IGDX,MMF2,22,0.0343560758907924,All_Algorithms_Comparison_Results3.mat
SPD-DN-NSGA-II,IGDX,MMF2,23,0.04417902337552841,All_Algorithms_Comparison_Results3.mat
SPD-DN-NSGA-II,IGDX,MMF2,24,0.028223533718439747,All_Algorithms_Comparison_Results3.mat
SPD-DN-NSGA-II,IGDX,MMF2,25,0.07133078437245087,All_Algorithms_Comparison_Results3.mat
SPD-DN-NSGA-II,IGDX,MMF2,26,0.02702168103340344,All_Algorithms_Comparison_Results3.mat
SPD-DN-NSGA-II,IGDX,MMF2,27,0.0329310451798768,All_Algorithms_Comparison_Results3.mat
SPD-DN-NSGA-II,IGDX,MMF2,28,0.024424831071045042,All_Algorithms_Comparison_Results3.mat
SPD-DN-NSGA-II,IGDX,MMF2,29,0.032605026683874126,All_Algorithms_Comparison_Results3.mat
SPD-DN-NSGA-II,IGDX,MMF2,30,0.024688785032915602,All_Algorithms_Comparison_Results3.mat
SPD-DN-NSGA-II,IGDX,MMF2,31,0.06492037236546494,All_Algorithms_Comparison_Results3.mat
SPD-DN-NSGA-II,IGDX,MMF3,1,0.029372499491805808,All_Algorithms_Comparison_Results3.mat
SPD-DN-NSGA-II,IGDX,MMF3,2,0.025529762146174764,All_Algorithms_Comparison_Results3.mat
SPD-DN-NSGA-II,IGDX,MMF3,3,0.07035881309798887,All_Algorithms_Comparison_Results3.mat
SPD-DN-NSGA-II,IGDX,MMF3,4,0.03131222599389631,All_Algorithms_Comparison_Results3.mat
SPD-DN-NSGA-II,IGDX,MMF3,5,0.051309697148509754,All_Algorithms_Comparison_Results3.mat
SPD-DN-NSGA-II,IGDX,MMF3,6,0.01976312232180456,All_Algorithms_Comparison_Results3.mat
SPD-DN-NSGA-II,IGDX,MMF3,7,0.025434274511629468,All_Algorithms_Comparison_Results3.mat
SPD-DN-NSGA-II,IGDX,MMF3,8,0.04941344831873977,All_Algorithms_Comparison_Results3.mat
SPD-DN-NSGA-II,IGDX,MMF3,9,0.12651187021282004,All_Algorithms_Comparison_Results3.mat
SPD-DN-NSGA-II,IGDX,MMF3,10,0.04474487880841403,All_Algorithms_Comparison_Results3.mat
SPD-DN-NSGA-II,IGDX,MMF3,11,0.020666443302046505,All_Algorithms_Comparison_Results3.mat
SPD-DN-NSGA-II,IGDX,MMF3,12,0.03262405946333516,All_Algorithms_Comparison_Results3.mat
SPD-DN-NSGA-II,IGDX,MMF3,13,0.04622995902641115,All_Algorithms_Comparison_Results3.mat
SPD-DN-NSGA-II,IGDX,MMF3,14,0.018122449491353877,All_Algorithms_Comparison_Results3.mat
SPD-DN-NSGA-II,IGDX,MMF3,15,0.09207025187714678,All_Algorithms_Comparison_Results3.mat
SPD-DN-NSGA-II,IGDX,MMF3,16,0.03711817468107772,All_Algorithms_Comparison_Results3.mat
SPD-DN-NSGA-II,IGDX,MMF3,17,0.1368379018413756,All_Algorithms_Comparison_Results3.mat
SPD-DN-NSGA-II,IGDX,MMF3,18,0.03130195661488539,All_Algorithms_Comparison_Results3.mat
SPD-DN-NSGA-II,IGDX,MMF3,19,0.025293854134389095,All_Algorithms_Comparison_Results3.mat
SPD-DN-NSGA-II,IGDX,MMF3,20,0.0557968520657032,All_Algorithms_Comparison_Results3.mat
SPD-DN-NSGA-II,IGDX,MMF3,21,0.06797724268594044,All_Algorithms_Comparison_Results3.mat
SPD-DN-NSGA-II,IGDX,MMF3,22,0.03762936573236314,All_Algorithms_Comparison_Results3.mat
SPD-DN-NSGA-II,IGDX,MMF3,23,0.04310417256816946,All_Algorithms_Comparison_Results3.mat
SPD-DN-NSGA-II,IGDX,MMF3,24,0.0387956278120487,All_Algorithms_Comparison_Results3.mat
SPD-DN-NSGA-II,IGDX,MMF3,25,0.032567228578755325,All_Algorithms_Comparison_Results3.mat
SPD-DN-NSGA-II,IGDX,MMF3,26,0.027312010782557513,All_Algorithms_Comparison_Results3.mat
SPD-DN-NSGA-II,IGDX,MMF3,27,0.017427157455358194,All_Algorithms_Comparison_Results3.mat
SPD-DN-NSGA-II,IGDX,MMF3,28,0.04101193497343706,All_Algorithms_Comparison_Results3.mat
SPD-DN-NSGA-II,IGDX,MMF3,29,0.11024126771317774,All_Algorithms_Comparison_Results3.mat
SPD-DN-NSGA-II,IGDX,MMF3,30,0.059828852375699126,All_Algorithms_Comparison_Results3.mat
SPD-DN-NSGA-II,IGDX,MMF3,31,0.040693590743092554,All_Algorithms_Comparison_Results3.mat
SPD-DN-NSGA-II,IGDX,MMF4,1,0.033198542195393414,All_Algorithms_Comparison_Results3.mat
SPD-DN-NSGA-II,IGDX,MMF4,2,0.04057967892749017,All_Algorithms_Comparison_Results3.mat
SPD-DN-NSGA-II,IGDX,MMF4,3,0.0435251477173954,All_Algorithms_Comparison_Results3.mat
SPD-DN-NSGA-II,IGDX,MMF4,4,0.034125679190525414,All_Algorithms_Comparison_Results3.mat
SPD-DN-NSGA-II,IGDX,MMF4,5,0.03649456592956774,All_Algorithms_Comparison_Results3.mat
SPD-DN-NSGA-II,IGDX,MMF4,6,0.03487104003866335,All_Algorithms_Comparison_Results3.mat
SPD-DN-NSGA-II,IGDX,MMF4,7,0.03352201027231187,All_Algorithms_Comparison_Results3.mat
SPD-DN-NSGA-II,IGDX,MMF4,8,0.04484122399179625,All_Algorithms_Comparison_Results3.mat
SPD-DN-NSGA-II,IGDX,MMF4,9,0.041070694132167865,All_Algorithms_Comparison_Results3.mat
SPD-DN-NSGA-II,IGDX,MMF4,10,0.05365400420352187,All_Algorithms_Comparison_Results3.mat
SPD-DN-NSGA-II,IGDX,MMF4,11,0.07521578647318142,All_Algorithms_Comparison_Results3.mat
SPD-DN-NSGA-II,IGDX,MMF4,12,0.03995742158509686,All_Algorithms_Comparison_Results3.mat
SPD-DN-NSGA-II,IGDX,MMF4,13,0.07697642934682217,All_Algorithms_Comparison_Results3.mat
SPD-DN-NSGA-II,IGDX,MMF4,14,0.04019715594280508,All_Algorithms_Comparison_Results3.mat
SPD-DN-NSGA-II,IGDX,MMF4,15,0.03958263461024045,All_Algorithms_Comparison_Results3.mat
SPD-DN-NSGA-II,IGDX,MMF4,16,0.0496923880841766,All_Algorithms_Comparison_Results3.mat
SPD-DN-NSGA-II,IGDX,MMF4,17,0.04612820759527429,All_Algorithms_Comparison_Results3.mat
SPD-DN-NSGA-II,IGDX,MMF4,18,0.051494610598675765,All_Algorithms_Comparison_Results3.mat
SPD-DN-NSGA-II,IGDX,MMF4,19,0.05443213336166504,All_Algorithms_Comparison_Results3.mat
SPD-DN-NSGA-II,IGDX,MMF4,20,0.0650667326795274,All_Algorithms_Comparison_Results3.mat
SPD-DN-NSGA-II,IGDX,MMF4,21,0.0675473727210234,All_Algorithms_Comparison_Results3.mat
SPD-DN-NSGA-II,IGDX,MMF4,22,0.04760514566414535,All_Algorithms_Comparison_Results3.mat
SPD-DN-NSGA-II,IGDX,MMF4,23,0.041684131443570076,All_Algorithms_Comparison_Results3.mat
SPD-DN-NSGA-II,IGDX,MMF4,24,0.04569197393646595,All_Algorithms_Comparison_Results3.mat
SPD-DN-NSGA-II,IGDX,MMF4,25,0.03863575611612605,All_Algorithms_Comparison_Results3.mat
SPD-DN-NSGA-II,IGDX,MMF4,26,0.03977947424874476,All_Algorithms_Comparison_Results3.mat
SPD-DN-NSGA-II,IGDX,MMF4,27,0.05435045123803762,All_Algorithms_Comparison_Results3.mat
SPD-DN-NSGA-II,IGDX,MMF4,28,0.055317120506180366,All_Algorithms_Comparison_Results3.mat
SPD-DN-NSGA-II,IGDX,MMF4,29,0.03662331362287482,All_Algorithms_Comparison_Results3.mat
SPD-DN-NSGA-II,IGDX,MMF4,30,0.05421740810491351,All_Algorithms_Comparison_Results3.mat
SPD-DN-NSGA-II,IGDX,MMF4,31,0.0357461044677714,All_Algorithms_Comparison_Results3.mat
SPD-DN-NSGA-II,IGDX,MMF5,1,0.10004106265259997,All_Algorithms_Comparison_Results3.mat
SPD-DN-NSGA-II,IGDX,MMF5,2,0.10497932459556704,All_Algorithms_Comparison_Results3.mat
SPD-DN-NSGA-II,IGDX,MMF5,3,0.10163884697575483,All_Algorithms_Comparison_Results3.mat
SPD-DN-NSGA-II,IGDX,MMF5,4,0.1018977495813576,All_Algorithms_Comparison_Results3.mat
SPD-DN-NSGA-II,IGDX,MMF5,5,0.1002642698821478,All_Algorithms_Comparison_Results3.mat
SPD-DN-NSGA-II,IGDX,MMF5,6,0.0990991913798245,All_Algorithms_Comparison_Results3.mat
SPD-DN-NSGA-II,IGDX,MMF5,7,0.10559494294613264,All_Algorithms_Comparison_Results3.mat
SPD-DN-NSGA-II,IGDX,MMF5,8,0.10835689206192728,All_Algorithms_Comparison_Results3.mat
SPD-DN-NSGA-II,IGDX,MMF5,9,0.10778360896730863,All_Algorithms_Comparison_Results3.mat
SPD-DN-NSGA-II,IGDX,MMF5,10,0.11383170146157148,All_Algorithms_Comparison_Results3.mat
SPD-DN-NSGA-II,IGDX,MMF5,11,0.11834974523357054,All_Algorithms_Comparison_Results3.mat
SPD-DN-NSGA-II,IGDX,MMF5,12,0.0904369955199286,All_Algorithms_Comparison_Results3.mat
SPD-DN-NSGA-II,IGDX,MMF5,13,0.09845939898944973,All_Algorithms_Comparison_Results3.mat
SPD-DN-NSGA-II,IGDX,MMF5,14,0.10082851134433828,All_Algorithms_Comparison_Results3.mat
SPD-DN-NSGA-II,IGDX,MMF5,15,0.10087021592291653,All_Algorithms_Comparison_Results3.mat
SPD-DN-NSGA-II,IGDX,MMF5,16,0.09790193735213652,All_Algorithms_Comparison_Results3.mat
SPD-DN-NSGA-II,IGDX,MMF5,17,0.10882714952442785,All_Algorithms_Comparison_Results3.mat
SPD-DN-NSGA-II,IGDX,MMF5,18,0.10656350302528683,All_Algorithms_Comparison_Results3.mat
SPD-DN-NSGA-II,IGDX,MMF5,19,0.1075983984804376,All_Algorithms_Comparison_Results3.mat
SPD-DN-NSGA-II,IGDX,MMF5,20,0.10338152926843516,All_Algorithms_Comparison_Results3.mat
SPD-DN-NSGA-II,IGDX,MMF5,21,0.09901642935566303,All_Algorithms_Comparison_Results3.mat
SPD-DN-NSGA-II,IGDX,MMF5,22,0.10946991445031598,All_Algorithms_Comparison_Results3.mat
SPD-DN-NSGA-II,IGDX,MMF5,23,0.10178974323326827,All_Algorithms_Comparison_Results3.mat
SPD-DN-NSGA-II,IGDX,MMF5,24,0.1000885575420344,All_Algorithms_Comparison_Results3.mat
SPD-DN-NSGA-II,IGDX,MMF5,25,0.10288427600760963,All_Algorithms_Comparison_Results3.mat
SPD-DN-NSGA-II,IGDX,MMF5,26,0.11112895409867118,All_Algorithms_Comparison_Results3.mat
SPD-DN-NSGA-II,IGDX,MMF5,27,0.10414559665490486,All_Algorithms_Comparison_Results3.mat
SPD-DN-NSGA-II,IGDX,MMF5,28,0.18456616354011193,All_Algorithms_Comparison_Results3.mat
SPD-DN-NSGA-II,IGDX,MMF5,29,0.10516537832969712,All_Algorithms_Comparison_Results3.mat
SPD-DN-NSGA-II,IGDX,MMF5,30,0.100268525040925,All_Algorithms_Comparison_Results3.mat
SPD-DN-NSGA-II,IGDX,MMF5,31,0.10268280274407277,All_Algorithms_Comparison_Results3.mat
SPD-DN-NSGA-II,IGDX,MMF6,1,0.09482979050657173,All_Algorithms_Comparison_Results3.mat
SPD-DN-NSGA-II,IGDX,MMF6,2,0.08533114582218693,All_Algorithms_Comparison_Results3.mat
SPD-DN-NSGA-II,IGDX,MMF6,3,0.10797875286715315,All_Algorithms_Comparison_Results3.mat
SPD-DN-NSGA-II,IGDX,MMF6,4,0.08191192826418249,All_Algorithms_Comparison_Results3.mat
SPD-DN-NSGA-II,IGDX,MMF6,5,0.08542991785801235,All_Algorithms_Comparison_Results3.mat
SPD-DN-NSGA-II,IGDX,MMF6,6,0.08991264801845944,All_Algorithms_Comparison_Results3.mat
SPD-DN-NSGA-II,IGDX,MMF6,7,0.0934178829412648,All_Algorithms_Comparison_Results3.mat
SPD-DN-NSGA-II,IGDX,MMF6,8,0.1000711748604609,All_Algorithms_Comparison_Results3.mat
SPD-DN-NSGA-II,IGDX,MMF6,9,0.08362063068504351,All_Algorithms_Comparison_Results3.mat
SPD-DN-NSGA-II,IGDX,MMF6,10,0.07820381760626927,All_Algorithms_Comparison_Results3.mat
SPD-DN-NSGA-II,IGDX,MMF6,11,0.09048055424647931,All_Algorithms_Comparison_Results3.mat
SPD-DN-NSGA-II,IGDX,MMF6,12,0.08571648780730037,All_Algorithms_Comparison_Results3.mat
SPD-DN-NSGA-II,IGDX,MMF6,13,0.08669019544075633,All_Algorithms_Comparison_Results3.mat
SPD-DN-NSGA-II,IGDX,MMF6,14,0.08693748720331392,All_Algorithms_Comparison_Results3.mat
SPD-DN-NSGA-II,IGDX,MMF6,15,0.07838693934718204,All_Algorithms_Comparison_Results3.mat
SPD-DN-NSGA-II,IGDX,MMF6,16,0.08560341343913148,All_Algorithms_Comparison_Results3.mat
SPD-DN-NSGA-II,IGDX,MMF6,17,0.09644300845267391,All_Algorithms_Comparison_Results3.mat
SPD-DN-NSGA-II,IGDX,MMF6,18,0.08464613615486963,All_Algorithms_Comparison_Results3.mat
SPD-DN-NSGA-II,IGDX,MMF6,19,0.09511815077581579,All_Algorithms_Comparison_Results3.mat
SPD-DN-NSGA-II,IGDX,MMF6,20,0.08853767470586661,All_Algorithms_Comparison_Results3.mat
SPD-DN-NSGA-II,IGDX,MMF6,21,0.08320315641677511,All_Algorithms_Comparison_Results3.mat
SPD-DN-NSGA-II,IGDX,MMF6,22,0.0839777774755966,All_Algorithms_Comparison_Results3.mat
SPD-DN-NSGA-II,IGDX,MMF6,23,0.08306655255083246,All_Algorithms_Comparison_Results3.mat
SPD-DN-NSGA-II,IGDX,MMF6,24,0.08926194229936316,All_Algorithms_Comparison_Results3.mat
SPD-DN-NSGA-II,IGDX,MMF6,25,0.08586830492409718,All_Algorithms_Comparison_Results3.mat
SPD-DN-NSGA-II,IGDX,MMF6,26,0.09164506795849638,All_Algorithms_Comparison_Results3.mat
SPD-DN-NSGA-II,IGDX,MMF6,27,0.08419349621955587,All_Algorithms_Comparison_Results3.mat
SPD-DN-NSGA-II,IGDX,MMF6,28,0.0893465860937698,All_Algorithms_Comparison_Results3.mat
SPD-DN-NSGA-II,IGDX,MMF6,29,0.08523804281038895,All_Algorithms_Comparison_Results3.mat
SPD-DN-NSGA-II,IGDX,MMF6,30,0.08877751823132046,All_Algorithms_Comparison_Results3.mat
SPD-DN-NSGA-II,IGDX,MMF6,31,0.08944638765101141,All_Algorithms_Comparison_Results3.mat
SPD-DN-NSGA-II,IGDX,MMF7,1,0.027099537206804927,All_Algorithms_Comparison_Results3.mat
SPD-DN-NSGA-II,IGDX,MMF7,2,0.028722584817981553,All_Algorithms_Comparison_Results3.mat
SPD-DN-NSGA-II,IGDX,MMF7,3,0.02748847591888458,All_Algorithms_Comparison_Results3.mat
SPD-DN-NSGA-II,IGDX,MMF7,4,0.028790700502851898,All_Algorithms_Comparison_Results3.mat
SPD-DN-NSGA-II,IGDX,MMF7,5,0.027546099191850866,All_Algorithms_Comparison_Results3.mat
SPD-DN-NSGA-II,IGDX,MMF7,6,0.07142112231783168,All_Algorithms_Comparison_Results3.mat
SPD-DN-NSGA-II,IGDX,MMF7,7,0.05751531818945485,All_Algorithms_Comparison_Results3.mat
SPD-DN-NSGA-II,IGDX,MMF7,8,0.026199258947332285,All_Algorithms_Comparison_Results3.mat
SPD-DN-NSGA-II,IGDX,MMF7,9,0.02860210744553878,All_Algorithms_Comparison_Results3.mat
SPD-DN-NSGA-II,IGDX,MMF7,10,0.026010564972710495,All_Algorithms_Comparison_Results3.mat
SPD-DN-NSGA-II,IGDX,MMF7,11,0.028455315163390588,All_Algorithms_Comparison_Results3.mat
SPD-DN-NSGA-II,IGDX,MMF7,12,0.028022574141397402,All_Algorithms_Comparison_Results3.mat
SPD-DN-NSGA-II,IGDX,MMF7,13,0.027396641867381586,All_Algorithms_Comparison_Results3.mat
SPD-DN-NSGA-II,IGDX,MMF7,14,0.026688569402301136,All_Algorithms_Comparison_Results3.mat
SPD-DN-NSGA-II,IGDX,MMF7,15,0.06867262801278688,All_Algorithms_Comparison_Results3.mat
SPD-DN-NSGA-II,IGDX,MMF7,16,0.027824718570289658,All_Algorithms_Comparison_Results3.mat
SPD-DN-NSGA-II,IGDX,MMF7,17,0.02833234079387129,All_Algorithms_Comparison_Results3.mat
SPD-DN-NSGA-II,IGDX,MMF7,18,0.027815379712046884,All_Algorithms_Comparison_Results3.mat
SPD-DN-NSGA-II,IGDX,MMF7,19,0.026452597454366254,All_Algorithms_Comparison_Results3.mat
SPD-DN-NSGA-II,IGDX,MMF7,20,0.023720847602556185,All_Algorithms_Comparison_Results3.mat
SPD-DN-NSGA-II,IGDX,MMF7,21,0.024363952044639925,All_Algorithms_Comparison_Results3.mat
SPD-DN-NSGA-II,IGDX,MMF7,22,0.027529593933479715,All_Algorithms_Comparison_Results3.mat
SPD-DN-NSGA-II,IGDX,MMF7,23,0.02991051393701709,All_Algorithms_Comparison_Results3.mat
SPD-DN-NSGA-II,IGDX,MMF7,24,0.027835723765598883,All_Algorithms_Comparison_Results3.mat
SPD-DN-NSGA-II,IGDX,MMF7,25,0.028657448978422036,All_Algorithms_Comparison_Results3.mat
SPD-DN-NSGA-II,IGDX,MMF7,26,0.025354483210175784,All_Algorithms_Comparison_Results3.mat
SPD-DN-NSGA-II,IGDX,MMF7,27,0.027457653438080997,All_Algorithms_Comparison_Results3.mat
SPD-DN-NSGA-II,IGDX,MMF7,28,0.02977009826088538,All_Algorithms_Comparison_Results3.mat
SPD-DN-NSGA-II,IGDX,MMF7,29,0.033477507570961684,All_Algorithms_Comparison_Results3.mat
SPD-DN-NSGA-II,IGDX,MMF7,30,0.027431457153202717,All_Algorithms_Comparison_Results3.mat
SPD-DN-NSGA-II,IGDX,MMF7,31,0.02658189987578301,All_Algorithms_Comparison_Results3.mat
SPD-DN-NSGA-II,IGDX,MMF8,1,0.13747904501317085,All_Algorithms_Comparison_Results3.mat
SPD-DN-NSGA-II,IGDX,MMF8,2,0.1413042877513717,All_Algorithms_Comparison_Results3.mat
SPD-DN-NSGA-II,IGDX,MMF8,3,0.1443941081628349,All_Algorithms_Comparison_Results3.mat
SPD-DN-NSGA-II,IGDX,MMF8,4,0.07112782672593206,All_Algorithms_Comparison_Results3.mat
SPD-DN-NSGA-II,IGDX,MMF8,5,0.11553427825632703,All_Algorithms_Comparison_Results3.mat
SPD-DN-NSGA-II,IGDX,MMF8,6,0.10687821201502608,All_Algorithms_Comparison_Results3.mat
SPD-DN-NSGA-II,IGDX,MMF8,7,0.11424602335121792,All_Algorithms_Comparison_Results3.mat
SPD-DN-NSGA-II,IGDX,MMF8,8,0.12258581555961269,All_Algorithms_Comparison_Results3.mat
SPD-DN-NSGA-II,IGDX,MMF8,9,0.11085752764756178,All_Algorithms_Comparison_Results3.mat
SPD-DN-NSGA-II,IGDX,MMF8,10,0.09420111614383432,All_Algorithms_Comparison_Results3.mat
SPD-DN-NSGA-II,IGDX,MMF8,11,0.11524616258475978,All_Algorithms_Comparison_Results3.mat
SPD-DN-NSGA-II,IGDX,MMF8,12,0.10645053140585384,All_Algorithms_Comparison_Results3.mat
SPD-DN-NSGA-II,IGDX,MMF8,13,0.09641888138169935,All_Algorithms_Comparison_Results3.mat
SPD-DN-NSGA-II,IGDX,MMF8,14,0.25804470184467265,All_Algorithms_Comparison_Results3.mat
SPD-DN-NSGA-II,IGDX,MMF8,15,0.11282659678260755,All_Algorithms_Comparison_Results3.mat
SPD-DN-NSGA-II,IGDX,MMF8,16,0.10511849930931208,All_Algorithms_Comparison_Results3.mat
SPD-DN-NSGA-II,IGDX,MMF8,17,0.12836607698131863,All_Algorithms_Comparison_Results3.mat
SPD-DN-NSGA-II,IGDX,MMF8,18,0.13873108784984478,All_Algorithms_Comparison_Results3.mat
SPD-DN-NSGA-II,IGDX,MMF8,19,0.0744781306166972,All_Algorithms_Comparison_Results3.mat
SPD-DN-NSGA-II,IGDX,MMF8,20,0.09861473028422153,All_Algorithms_Comparison_Results3.mat
SPD-DN-NSGA-II,IGDX,MMF8,21,0.12610697798483458,All_Algorithms_Comparison_Results3.mat
SPD-DN-NSGA-II,IGDX,MMF8,22,0.12802941783268712,All_Algorithms_Comparison_Results3.mat
SPD-DN-NSGA-II,IGDX,MMF8,23,0.1135319485861642,All_Algorithms_Comparison_Results3.mat
SPD-DN-NSGA-II,IGDX,MMF8,24,0.12797085565481534,All_Algorithms_Comparison_Results3.mat
SPD-DN-NSGA-II,IGDX,MMF8,25,0.09322474612905114,All_Algorithms_Comparison_Results3.mat
SPD-DN-NSGA-II,IGDX,MMF8,26,0.16334891376154645,All_Algorithms_Comparison_Results3.mat
SPD-DN-NSGA-II,IGDX,MMF8,27,0.09008637633152138,All_Algorithms_Comparison_Results3.mat
SPD-DN-NSGA-II,IGDX,MMF8,28,0.10008895786779057,All_Algorithms_Comparison_Results3.mat
SPD-DN-NSGA-II,IGDX,MMF8,29,0.14433865270838195,All_Algorithms_Comparison_Results3.mat
SPD-DN-NSGA-II,IGDX,MMF8,30,0.10741566961643205,All_Algorithms_Comparison_Results3.mat
SPD-DN-NSGA-II,IGDX,MMF8,31,0.10491538689026242,All_Algorithms_Comparison_Results3.mat
SPD-DN-NSGA-II,IGDX,MMF9,1,0.02073991852330771,All_Algorithms_Comparison_Results3.mat
SPD-DN-NSGA-II,IGDX,MMF9,2,0.008619873614732699,All_Algorithms_Comparison_Results3.mat
SPD-DN-NSGA-II,IGDX,MMF9,3,0.007500688268018965,All_Algorithms_Comparison_Results3.mat
SPD-DN-NSGA-II,IGDX,MMF9,4,0.009350386752534644,All_Algorithms_Comparison_Results3.mat
SPD-DN-NSGA-II,IGDX,MMF9,5,0.008824583176389133,All_Algorithms_Comparison_Results3.mat
SPD-DN-NSGA-II,IGDX,MMF9,6,0.009085786430369797,All_Algorithms_Comparison_Results3.mat
SPD-DN-NSGA-II,IGDX,MMF9,7,0.00971804841286173,All_Algorithms_Comparison_Results3.mat
SPD-DN-NSGA-II,IGDX,MMF9,8,0.00986825672860655,All_Algorithms_Comparison_Results3.mat
SPD-DN-NSGA-II,IGDX,MMF9,9,0.00882930742796879,All_Algorithms_Comparison_Results3.mat
SPD-DN-NSGA-II,IGDX,MMF9,10,0.007731436664426261,All_Algorithms_Comparison_Results3.mat
SPD-DN-NSGA-II,IGDX,MMF9,11,0.010876948634326136,All_Algorithms_Comparison_Results3.mat
SPD-DN-NSGA-II,IGDX,MMF9,12,0.0066832769925008915,All_Algorithms_Comparison_Results3.mat
SPD-DN-NSGA-II,IGDX,MMF9,13,0.014715757501931876,All_Algorithms_Comparison_Results3.mat
SPD-DN-NSGA-II,IGDX,MMF9,14,0.007632765197552307,All_Algorithms_Comparison_Results3.mat
SPD-DN-NSGA-II,IGDX,MMF9,15,0.008166407195834087,All_Algorithms_Comparison_Results3.mat
SPD-DN-NSGA-II,IGDX,MMF9,16,0.008504221770445913,All_Algorithms_Comparison_Results3.mat
SPD-DN-NSGA-II,IGDX,MMF9,17,0.007006627214789178,All_Algorithms_Comparison_Results3.mat
SPD-DN-NSGA-II,IGDX,MMF9,18,0.011705267877146128,All_Algorithms_Comparison_Results3.mat
SPD-DN-NSGA-II,IGDX,MMF9,19,0.007963130414215053,All_Algorithms_Comparison_Results3.mat
SPD-DN-NSGA-II,IGDX,MMF9,20,0.008508373687200714,All_Algorithms_Comparison_Results3.mat
SPD-DN-NSGA-II,IGDX,MMF9,21,0.007417072860972831,All_Algorithms_Comparison_Results3.mat
SPD-DN-NSGA-II,IGDX,MMF9,22,0.006966762895724864,All_Algorithms_Comparison_Results3.mat
SPD-DN-NSGA-II,IGDX,MMF9,23,0.008621264737001628,All_Algorithms_Comparison_Results3.mat
SPD-DN-NSGA-II,IGDX,MMF9,24,0.02800095713810017,All_Algorithms_Comparison_Results3.mat
SPD-DN-NSGA-II,IGDX,MMF9,25,0.0066832941875459954,All_Algorithms_Comparison_Results3.mat
SPD-DN-NSGA-II,IGDX,MMF9,26,0.006993544121775518,All_Algorithms_Comparison_Results3.mat
SPD-DN-NSGA-II,IGDX,MMF9,27,0.0075417771070781,All_Algorithms_Comparison_Results3.mat
SPD-DN-NSGA-II,IGDX,MMF9,28,0.021370101124528643,All_Algorithms_Comparison_Results3.mat
SPD-DN-NSGA-II,IGDX,MMF9,29,0.008122682822142537,All_Algorithms_Comparison_Results3.mat
SPD-DN-NSGA-II,IGDX,MMF9,30,0.007154461062251336,All_Algorithms_Comparison_Results3.mat
SPD-DN-NSGA-II,IGDX,MMF9,31,0.0072921595296677475,All_Algorithms_Comparison_Results3.mat
SPD-DN-NSGA-II,IGDX,MMF10,1,0.20082147022328756,All_Algorithms_Comparison_Results3.mat
SPD-DN-NSGA-II,IGDX,MMF10,2,0.2008748033008915,All_Algorithms_Comparison_Results3.mat
SPD-DN-NSGA-II,IGDX,MMF10,3,0.20084853944610487,All_Algorithms_Comparison_Results3.mat
SPD-DN-NSGA-II,IGDX,MMF10,4,0.20093555333511431,All_Algorithms_Comparison_Results3.mat
SPD-DN-NSGA-II,IGDX,MMF10,5,0.2008340170570159,All_Algorithms_Comparison_Results3.mat
SPD-DN-NSGA-II,IGDX,MMF10,6,0.2008201367855786,All_Algorithms_Comparison_Results3.mat
SPD-DN-NSGA-II,IGDX,MMF10,7,0.2008675154319479,All_Algorithms_Comparison_Results3.mat
SPD-DN-NSGA-II,IGDX,MMF10,8,0.2008953978685229,All_Algorithms_Comparison_Results3.mat
SPD-DN-NSGA-II,IGDX,MMF10,9,0.20090753362700695,All_Algorithms_Comparison_Results3.mat
SPD-DN-NSGA-II,IGDX,MMF10,10,0.20087137364649596,All_Algorithms_Comparison_Results3.mat
SPD-DN-NSGA-II,IGDX,MMF10,11,0.20242947611153084,All_Algorithms_Comparison_Results3.mat
SPD-DN-NSGA-II,IGDX,MMF10,12,0.20189621744631595,All_Algorithms_Comparison_Results3.mat
SPD-DN-NSGA-II,IGDX,MMF10,13,0.20076120733085168,All_Algorithms_Comparison_Results3.mat
SPD-DN-NSGA-II,IGDX,MMF10,14,0.20083492275853573,All_Algorithms_Comparison_Results3.mat
SPD-DN-NSGA-II,IGDX,MMF10,15,0.20074468536140302,All_Algorithms_Comparison_Results3.mat
SPD-DN-NSGA-II,IGDX,MMF10,16,0.20078934157717745,All_Algorithms_Comparison_Results3.mat
SPD-DN-NSGA-II,IGDX,MMF10,17,0.041427673444014046,All_Algorithms_Comparison_Results3.mat
SPD-DN-NSGA-II,IGDX,MMF10,18,0.20143405393594896,All_Algorithms_Comparison_Results3.mat
SPD-DN-NSGA-II,IGDX,MMF10,19,0.20085590391218225,All_Algorithms_Comparison_Results3.mat
SPD-DN-NSGA-II,IGDX,MMF10,20,0.20082876535999603,All_Algorithms_Comparison_Results3.mat
SPD-DN-NSGA-II,IGDX,MMF10,21,0.20078448722393435,All_Algorithms_Comparison_Results3.mat
SPD-DN-NSGA-II,IGDX,MMF10,22,0.20083033509183437,All_Algorithms_Comparison_Results3.mat
SPD-DN-NSGA-II,IGDX,MMF10,23,0.20083614853926673,All_Algorithms_Comparison_Results3.mat
SPD-DN-NSGA-II,IGDX,MMF10,24,0.2008874034346885,All_Algorithms_Comparison_Results3.mat
SPD-DN-NSGA-II,IGDX,MMF10,25,0.20087769991845414,All_Algorithms_Comparison_Results3.mat
SPD-DN-NSGA-II,IGDX,MMF10,26,0.20132437585805743,All_Algorithms_Comparison_Results3.mat
SPD-DN-NSGA-II,IGDX,MMF10,27,0.20085857460791626,All_Algorithms_Comparison_Results3.mat
SPD-DN-NSGA-II,IGDX,MMF10,28,0.20088937772775817,All_Algorithms_Comparison_Results3.mat
SPD-DN-NSGA-II,IGDX,MMF10,29,0.20090075789886547,All_Algorithms_Comparison_Results3.mat
SPD-DN-NSGA-II,IGDX,MMF10,30,0.20092164018642747,All_Algorithms_Comparison_Results3.mat
SPD-DN-NSGA-II,IGDX,MMF10,31,0.20085216555384824,All_Algorithms_Comparison_Results3.mat
SPD-DN-NSGA-II,IGDX,MMF11,1,0.24982137780356437,All_Algorithms_Comparison_Results3.mat
SPD-DN-NSGA-II,IGDX,MMF11,2,0.2495698636099947,All_Algorithms_Comparison_Results3.mat
SPD-DN-NSGA-II,IGDX,MMF11,3,0.24873189855542743,All_Algorithms_Comparison_Results3.mat
SPD-DN-NSGA-II,IGDX,MMF11,4,0.24991261417969757,All_Algorithms_Comparison_Results3.mat
SPD-DN-NSGA-II,IGDX,MMF11,5,0.24963472468386247,All_Algorithms_Comparison_Results3.mat
SPD-DN-NSGA-II,IGDX,MMF11,6,0.2500253107575461,All_Algorithms_Comparison_Results3.mat
SPD-DN-NSGA-II,IGDX,MMF11,7,0.24943728281799754,All_Algorithms_Comparison_Results3.mat
SPD-DN-NSGA-II,IGDX,MMF11,8,0.24973829535016837,All_Algorithms_Comparison_Results3.mat
SPD-DN-NSGA-II,IGDX,MMF11,9,0.24984698025529656,All_Algorithms_Comparison_Results3.mat
SPD-DN-NSGA-II,IGDX,MMF11,10,0.25002315508299205,All_Algorithms_Comparison_Results3.mat
SPD-DN-NSGA-II,IGDX,MMF11,11,0.24937831668469707,All_Algorithms_Comparison_Results3.mat
SPD-DN-NSGA-II,IGDX,MMF11,12,0.24941727928291135,All_Algorithms_Comparison_Results3.mat
SPD-DN-NSGA-II,IGDX,MMF11,13,0.24055082685873927,All_Algorithms_Comparison_Results3.mat
SPD-DN-NSGA-II,IGDX,MMF11,14,0.2494337100832009,All_Algorithms_Comparison_Results3.mat
SPD-DN-NSGA-II,IGDX,MMF11,15,0.24961387035114188,All_Algorithms_Comparison_Results3.mat
SPD-DN-NSGA-II,IGDX,MMF11,16,0.24942847977982147,All_Algorithms_Comparison_Results3.mat
SPD-DN-NSGA-II,IGDX,MMF11,17,0.24955175654181871,All_Algorithms_Comparison_Results3.mat
SPD-DN-NSGA-II,IGDX,MMF11,18,0.24973659947843804,All_Algorithms_Comparison_Results3.mat
SPD-DN-NSGA-II,IGDX,MMF11,19,0.250141736864111,All_Algorithms_Comparison_Results3.mat
SPD-DN-NSGA-II,IGDX,MMF11,20,0.24964489905866885,All_Algorithms_Comparison_Results3.mat
SPD-DN-NSGA-II,IGDX,MMF11,21,0.24948918095264688,All_Algorithms_Comparison_Results3.mat
SPD-DN-NSGA-II,IGDX,MMF11,22,0.24951674698326684,All_Algorithms_Comparison_Results3.mat
SPD-DN-NSGA-II,IGDX,MMF11,23,0.24436542908842157,All_Algorithms_Comparison_Results3.mat
SPD-DN-NSGA-II,IGDX,MMF11,24,0.24955494680223386,All_Algorithms_Comparison_Results3.mat
SPD-DN-NSGA-II,IGDX,MMF11,25,0.2497348502238187,All_Algorithms_Comparison_Results3.mat
SPD-DN-NSGA-II,IGDX,MMF11,26,0.2502040141766514,All_Algorithms_Comparison_Results3.mat
SPD-DN-NSGA-II,IGDX,MMF11,27,0.24950426463999606,All_Algorithms_Comparison_Results3.mat
SPD-DN-NSGA-II,IGDX,MMF11,28,0.24962614436333577,All_Algorithms_Comparison_Results3.mat
SPD-DN-NSGA-II,IGDX,MMF11,29,0.24928559714403092,All_Algorithms_Comparison_Results3.mat
SPD-DN-NSGA-II,IGDX,MMF11,30,0.24902250608938606,All_Algorithms_Comparison_Results3.mat
SPD-DN-NSGA-II,IGDX,MMF11,31,0.24949544955088165,All_Algorithms_Comparison_Results3.mat
SPD-DN-NSGA-II,IGDX,MMF12,1,0.24530779702186284,All_Algorithms_Comparison_Results3.mat
SPD-DN-NSGA-II,IGDX,MMF12,2,0.24496897241737317,All_Algorithms_Comparison_Results3.mat
SPD-DN-NSGA-II,IGDX,MMF12,3,0.24568214914516018,All_Algorithms_Comparison_Results3.mat
SPD-DN-NSGA-II,IGDX,MMF12,4,0.2454279305028778,All_Algorithms_Comparison_Results3.mat
SPD-DN-NSGA-II,IGDX,MMF12,5,0.2454718160895092,All_Algorithms_Comparison_Results3.mat
SPD-DN-NSGA-II,IGDX,MMF12,6,0.2455332045612815,All_Algorithms_Comparison_Results3.mat
SPD-DN-NSGA-II,IGDX,MMF12,7,0.24503819051023637,All_Algorithms_Comparison_Results3.mat
SPD-DN-NSGA-II,IGDX,MMF12,8,0.24537042538944648,All_Algorithms_Comparison_Results3.mat
SPD-DN-NSGA-II,IGDX,MMF12,9,0.24565495535362064,All_Algorithms_Comparison_Results3.mat
SPD-DN-NSGA-II,IGDX,MMF12,10,0.24559297683602477,All_Algorithms_Comparison_Results3.mat
SPD-DN-NSGA-II,IGDX,MMF12,11,0.24537471906313768,All_Algorithms_Comparison_Results3.mat
SPD-DN-NSGA-II,IGDX,MMF12,12,0.24519722445242634,All_Algorithms_Comparison_Results3.mat
SPD-DN-NSGA-II,IGDX,MMF12,13,0.24542007959324244,All_Algorithms_Comparison_Results3.mat
SPD-DN-NSGA-II,IGDX,MMF12,14,0.24493788371548178,All_Algorithms_Comparison_Results3.mat
SPD-DN-NSGA-II,IGDX,MMF12,15,0.24550313812931865,All_Algorithms_Comparison_Results3.mat
SPD-DN-NSGA-II,IGDX,MMF12,16,0.2449659614803816,All_Algorithms_Comparison_Results3.mat
SPD-DN-NSGA-II,IGDX,MMF12,17,0.2458254888188883,All_Algorithms_Comparison_Results3.mat
SPD-DN-NSGA-II,IGDX,MMF12,18,0.24541277367195652,All_Algorithms_Comparison_Results3.mat
SPD-DN-NSGA-II,IGDX,MMF12,19,0.24563897895612333,All_Algorithms_Comparison_Results3.mat
SPD-DN-NSGA-II,IGDX,MMF12,20,0.24494882669172754,All_Algorithms_Comparison_Results3.mat
SPD-DN-NSGA-II,IGDX,MMF12,21,0.2454858023901211,All_Algorithms_Comparison_Results3.mat
SPD-DN-NSGA-II,IGDX,MMF12,22,0.24544547281207463,All_Algorithms_Comparison_Results3.mat
SPD-DN-NSGA-II,IGDX,MMF12,23,0.2456720453068051,All_Algorithms_Comparison_Results3.mat
SPD-DN-NSGA-II,IGDX,MMF12,24,0.24592508938399826,All_Algorithms_Comparison_Results3.mat
SPD-DN-NSGA-II,IGDX,MMF12,25,0.24567192278507288,All_Algorithms_Comparison_Results3.mat
SPD-DN-NSGA-II,IGDX,MMF12,26,0.24431558996287742,All_Algorithms_Comparison_Results3.mat
SPD-DN-NSGA-II,IGDX,MMF12,27,0.24552668850062048,All_Algorithms_Comparison_Results3.mat
SPD-DN-NSGA-II,IGDX,MMF12,28,0.24562864944014484,All_Algorithms_Comparison_Results3.mat
SPD-DN-NSGA-II,IGDX,MMF12,29,0.24553384192524583,All_Algorithms_Comparison_Results3.mat
SPD-DN-NSGA-II,IGDX,MMF12,30,0.2452462986057128,All_Algorithms_Comparison_Results3.mat
SPD-DN-NSGA-II,IGDX,MMF12,31,0.2506105675331144,All_Algorithms_Comparison_Results3.mat
SPD-DN-NSGA-II,IGDX,MMF13,1,0.25876797516323374,All_Algorithms_Comparison_Results3.mat
SPD-DN-NSGA-II,IGDX,MMF13,2,0.2586091398809404,All_Algorithms_Comparison_Results3.mat
SPD-DN-NSGA-II,IGDX,MMF13,3,0.26016771908339315,All_Algorithms_Comparison_Results3.mat
SPD-DN-NSGA-II,IGDX,MMF13,4,0.2617493160781243,All_Algorithms_Comparison_Results3.mat
SPD-DN-NSGA-II,IGDX,MMF13,5,0.2608798934260547,All_Algorithms_Comparison_Results3.mat
SPD-DN-NSGA-II,IGDX,MMF13,6,0.2611627981716202,All_Algorithms_Comparison_Results3.mat
SPD-DN-NSGA-II,IGDX,MMF13,7,0.258513249785073,All_Algorithms_Comparison_Results3.mat
SPD-DN-NSGA-II,IGDX,MMF13,8,0.2104485225753284,All_Algorithms_Comparison_Results3.mat
SPD-DN-NSGA-II,IGDX,MMF13,9,0.1896601180062865,All_Algorithms_Comparison_Results3.mat
SPD-DN-NSGA-II,IGDX,MMF13,10,0.2604998138348095,All_Algorithms_Comparison_Results3.mat
SPD-DN-NSGA-II,IGDX,MMF13,11,0.26070945562614106,All_Algorithms_Comparison_Results3.mat
SPD-DN-NSGA-II,IGDX,MMF13,12,0.26313171122145806,All_Algorithms_Comparison_Results3.mat
SPD-DN-NSGA-II,IGDX,MMF13,13,0.2616093789920641,All_Algorithms_Comparison_Results3.mat
SPD-DN-NSGA-II,IGDX,MMF13,14,0.2590567816935509,All_Algorithms_Comparison_Results3.mat
SPD-DN-NSGA-II,IGDX,MMF13,15,0.2584972567808306,All_Algorithms_Comparison_Results3.mat
SPD-DN-NSGA-II,IGDX,MMF13,16,0.26345674923418266,All_Algorithms_Comparison_Results3.mat
SPD-DN-NSGA-II,IGDX,MMF13,17,0.264788186277876,All_Algorithms_Comparison_Results3.mat
SPD-DN-NSGA-II,IGDX,MMF13,18,0.26184639620178823,All_Algorithms_Comparison_Results3.mat
SPD-DN-NSGA-II,IGDX,MMF13,19,0.25826432238533664,All_Algorithms_Comparison_Results3.mat
SPD-DN-NSGA-II,IGDX,MMF13,20,0.26021847000498044,All_Algorithms_Comparison_Results3.mat
SPD-DN-NSGA-II,IGDX,MMF13,21,0.2586276858220561,All_Algorithms_Comparison_Results3.mat
SPD-DN-NSGA-II,IGDX,MMF13,22,0.2610109207251329,All_Algorithms_Comparison_Results3.mat
SPD-DN-NSGA-II,IGDX,MMF13,23,0.2584773336903817,All_Algorithms_Comparison_Results3.mat
SPD-DN-NSGA-II,IGDX,MMF13,24,0.26109486106204416,All_Algorithms_Comparison_Results3.mat
SPD-DN-NSGA-II,IGDX,MMF13,25,0.259157107916121,All_Algorithms_Comparison_Results3.mat
SPD-DN-NSGA-II,IGDX,MMF13,26,0.25920094156243806,All_Algorithms_Comparison_Results3.mat
SPD-DN-NSGA-II,IGDX,MMF13,27,0.22768704831883324,All_Algorithms_Comparison_Results3.mat
SPD-DN-NSGA-II,IGDX,MMF13,28,0.25822900785360126,All_Algorithms_Comparison_Results3.mat
SPD-DN-NSGA-II,IGDX,MMF13,29,0.20031422161382215,All_Algorithms_Comparison_Results3.mat
SPD-DN-NSGA-II,IGDX,MMF13,30,0.26034002498062064,All_Algorithms_Comparison_Results3.mat
SPD-DN-NSGA-II,IGDX,MMF13,31,0.260247975012636,All_Algorithms_Comparison_Results3.mat
SPD-DN-NSGA-II,IGDX,MMF14,1,0.07687028292917855,All_Algorithms_Comparison_Results3.mat
SPD-DN-NSGA-II,IGDX,MMF14,2,0.06927366307506792,All_Algorithms_Comparison_Results3.mat
SPD-DN-NSGA-II,IGDX,MMF14,3,0.0708023734350865,All_Algorithms_Comparison_Results3.mat
SPD-DN-NSGA-II,IGDX,MMF14,4,0.07747256806332141,All_Algorithms_Comparison_Results3.mat
SPD-DN-NSGA-II,IGDX,MMF14,5,0.061070492383693636,All_Algorithms_Comparison_Results3.mat
SPD-DN-NSGA-II,IGDX,MMF14,6,0.08086708123400665,All_Algorithms_Comparison_Results3.mat
SPD-DN-NSGA-II,IGDX,MMF14,7,0.07314258256303853,All_Algorithms_Comparison_Results3.mat
SPD-DN-NSGA-II,IGDX,MMF14,8,0.08039994282182922,All_Algorithms_Comparison_Results3.mat
SPD-DN-NSGA-II,IGDX,MMF14,9,0.07319262242572361,All_Algorithms_Comparison_Results3.mat
SPD-DN-NSGA-II,IGDX,MMF14,10,0.0705143424723104,All_Algorithms_Comparison_Results3.mat
SPD-DN-NSGA-II,IGDX,MMF14,11,0.06928719561536685,All_Algorithms_Comparison_Results3.mat
SPD-DN-NSGA-II,IGDX,MMF14,12,0.0654473373270868,All_Algorithms_Comparison_Results3.mat
SPD-DN-NSGA-II,IGDX,MMF14,13,0.07524819140318567,All_Algorithms_Comparison_Results3.mat
SPD-DN-NSGA-II,IGDX,MMF14,14,0.07205391637596414,All_Algorithms_Comparison_Results3.mat
SPD-DN-NSGA-II,IGDX,MMF14,15,0.08110887710740963,All_Algorithms_Comparison_Results3.mat
SPD-DN-NSGA-II,IGDX,MMF14,16,0.07526261013339593,All_Algorithms_Comparison_Results3.mat
SPD-DN-NSGA-II,IGDX,MMF14,17,0.07077548802182833,All_Algorithms_Comparison_Results3.mat
SPD-DN-NSGA-II,IGDX,MMF14,18,0.07336170375875523,All_Algorithms_Comparison_Results3.mat
SPD-DN-NSGA-II,IGDX,MMF14,19,0.07009393918575643,All_Algorithms_Comparison_Results3.mat
SPD-DN-NSGA-II,IGDX,MMF14,20,0.08445400858443963,All_Algorithms_Comparison_Results3.mat
SPD-DN-NSGA-II,IGDX,MMF14,21,0.06676831529006903,All_Algorithms_Comparison_Results3.mat
SPD-DN-NSGA-II,IGDX,MMF14,22,0.0723941187473946,All_Algorithms_Comparison_Results3.mat
SPD-DN-NSGA-II,IGDX,MMF14,23,0.07769231221763596,All_Algorithms_Comparison_Results3.mat
SPD-DN-NSGA-II,IGDX,MMF14,24,0.07227805411566746,All_Algorithms_Comparison_Results3.mat
SPD-DN-NSGA-II,IGDX,MMF14,25,0.07126639920994154,All_Algorithms_Comparison_Results3.mat
SPD-DN-NSGA-II,IGDX,MMF14,26,0.07140219351366807,All_Algorithms_Comparison_Results3.mat
SPD-DN-NSGA-II,IGDX,MMF14,27,0.06715602548741961,All_Algorithms_Comparison_Results3.mat
SPD-DN-NSGA-II,IGDX,MMF14,28,0.0684965186493395,All_Algorithms_Comparison_Results3.mat
SPD-DN-NSGA-II,IGDX,MMF14,29,0.071293148781738,All_Algorithms_Comparison_Results3.mat
SPD-DN-NSGA-II,IGDX,MMF14,30,0.0691529807321017,All_Algorithms_Comparison_Results3.mat
SPD-DN-NSGA-II,IGDX,MMF14,31,0.07073785444054684,All_Algorithms_Comparison_Results3.mat
SPD-DN-NSGA-II,IGDX,MMF15,1,0.26393086508863783,All_Algorithms_Comparison_Results3.mat
SPD-DN-NSGA-II,IGDX,MMF15,2,0.2650931540876374,All_Algorithms_Comparison_Results3.mat
SPD-DN-NSGA-II,IGDX,MMF15,3,0.26460455728005244,All_Algorithms_Comparison_Results3.mat
SPD-DN-NSGA-II,IGDX,MMF15,4,0.26509243148997724,All_Algorithms_Comparison_Results3.mat
SPD-DN-NSGA-II,IGDX,MMF15,5,0.26665360149705697,All_Algorithms_Comparison_Results3.mat
SPD-DN-NSGA-II,IGDX,MMF15,6,0.2612331891775552,All_Algorithms_Comparison_Results3.mat
SPD-DN-NSGA-II,IGDX,MMF15,7,0.2607647258784715,All_Algorithms_Comparison_Results3.mat
SPD-DN-NSGA-II,IGDX,MMF15,8,0.27241428603793927,All_Algorithms_Comparison_Results3.mat
SPD-DN-NSGA-II,IGDX,MMF15,9,0.26558969150758815,All_Algorithms_Comparison_Results3.mat
SPD-DN-NSGA-II,IGDX,MMF15,10,0.2659143815331163,All_Algorithms_Comparison_Results3.mat
SPD-DN-NSGA-II,IGDX,MMF15,11,0.24175493594025266,All_Algorithms_Comparison_Results3.mat
SPD-DN-NSGA-II,IGDX,MMF15,12,0.26469190296140205,All_Algorithms_Comparison_Results3.mat
SPD-DN-NSGA-II,IGDX,MMF15,13,0.26654881653906515,All_Algorithms_Comparison_Results3.mat
SPD-DN-NSGA-II,IGDX,MMF15,14,0.26308048785956006,All_Algorithms_Comparison_Results3.mat
SPD-DN-NSGA-II,IGDX,MMF15,15,0.2628674007552121,All_Algorithms_Comparison_Results3.mat
SPD-DN-NSGA-II,IGDX,MMF15,16,0.27021825713973513,All_Algorithms_Comparison_Results3.mat
SPD-DN-NSGA-II,IGDX,MMF15,17,0.2672827459274069,All_Algorithms_Comparison_Results3.mat
SPD-DN-NSGA-II,IGDX,MMF15,18,0.2663407690219741,All_Algorithms_Comparison_Results3.mat
SPD-DN-NSGA-II,IGDX,MMF15,19,0.2698989834608927,All_Algorithms_Comparison_Results3.mat
SPD-DN-NSGA-II,IGDX,MMF15,20,0.2634705961965333,All_Algorithms_Comparison_Results3.mat
SPD-DN-NSGA-II,IGDX,MMF15,21,0.2647689562256948,All_Algorithms_Comparison_Results3.mat
SPD-DN-NSGA-II,IGDX,MMF15,22,0.2674718190043273,All_Algorithms_Comparison_Results3.mat
SPD-DN-NSGA-II,IGDX,MMF15,23,0.26853358696828616,All_Algorithms_Comparison_Results3.mat
SPD-DN-NSGA-II,IGDX,MMF15,24,0.268286666817367,All_Algorithms_Comparison_Results3.mat
SPD-DN-NSGA-II,IGDX,MMF15,25,0.2642845228644012,All_Algorithms_Comparison_Results3.mat
SPD-DN-NSGA-II,IGDX,MMF15,26,0.26483255706631825,All_Algorithms_Comparison_Results3.mat
SPD-DN-NSGA-II,IGDX,MMF15,27,0.2665731038818224,All_Algorithms_Comparison_Results3.mat
SPD-DN-NSGA-II,IGDX,MMF15,28,0.2663664839595974,All_Algorithms_Comparison_Results3.mat
SPD-DN-NSGA-II,IGDX,MMF15,29,0.23688051281280706,All_Algorithms_Comparison_Results3.mat
SPD-DN-NSGA-II,IGDX,MMF15,30,0.2682182694221065,All_Algorithms_Comparison_Results3.mat
SPD-DN-NSGA-II,IGDX,MMF15,31,0.25982746864902295,All_Algorithms_Comparison_Results3.mat
SPD-DN-NSGA-II,IGDX,MMF1_z,1,0.04206925240583031,All_Algorithms_Comparison_Results3.mat
SPD-DN-NSGA-II,IGDX,MMF1_z,2,0.0378169526132337,All_Algorithms_Comparison_Results3.mat
SPD-DN-NSGA-II,IGDX,MMF1_z,3,0.04457369475467767,All_Algorithms_Comparison_Results3.mat
SPD-DN-NSGA-II,IGDX,MMF1_z,4,0.037387709506549766,All_Algorithms_Comparison_Results3.mat
SPD-DN-NSGA-II,IGDX,MMF1_z,5,0.039986247394940125,All_Algorithms_Comparison_Results3.mat
SPD-DN-NSGA-II,IGDX,MMF1_z,6,0.043319839139020155,All_Algorithms_Comparison_Results3.mat
SPD-DN-NSGA-II,IGDX,MMF1_z,7,0.046501321613751145,All_Algorithms_Comparison_Results3.mat
SPD-DN-NSGA-II,IGDX,MMF1_z,8,0.0367269734903503,All_Algorithms_Comparison_Results3.mat
SPD-DN-NSGA-II,IGDX,MMF1_z,9,0.042399348424505476,All_Algorithms_Comparison_Results3.mat
SPD-DN-NSGA-II,IGDX,MMF1_z,10,0.03709459699237328,All_Algorithms_Comparison_Results3.mat
SPD-DN-NSGA-II,IGDX,MMF1_z,11,0.03730157644262143,All_Algorithms_Comparison_Results3.mat
SPD-DN-NSGA-II,IGDX,MMF1_z,12,0.0619704370942215,All_Algorithms_Comparison_Results3.mat
SPD-DN-NSGA-II,IGDX,MMF1_z,13,0.04120872513061857,All_Algorithms_Comparison_Results3.mat
SPD-DN-NSGA-II,IGDX,MMF1_z,14,0.044691961921831405,All_Algorithms_Comparison_Results3.mat
SPD-DN-NSGA-II,IGDX,MMF1_z,15,0.04660629326608646,All_Algorithms_Comparison_Results3.mat
SPD-DN-NSGA-II,IGDX,MMF1_z,16,0.03782934394809784,All_Algorithms_Comparison_Results3.mat
SPD-DN-NSGA-II,IGDX,MMF1_z,17,0.04421016373159443,All_Algorithms_Comparison_Results3.mat
SPD-DN-NSGA-II,IGDX,MMF1_z,18,0.036894157455734586,All_Algorithms_Comparison_Results3.mat
SPD-DN-NSGA-II,IGDX,MMF1_z,19,0.04078184845933043,All_Algorithms_Comparison_Results3.mat
SPD-DN-NSGA-II,IGDX,MMF1_z,20,0.0377890383998805,All_Algorithms_Comparison_Results3.mat
SPD-DN-NSGA-II,IGDX,MMF1_z,21,0.03404416281464336,All_Algorithms_Comparison_Results3.mat
SPD-DN-NSGA-II,IGDX,MMF1_z,22,0.03886288780702701,All_Algorithms_Comparison_Results3.mat
SPD-DN-NSGA-II,IGDX,MMF1_z,23,0.0389488810763264,All_Algorithms_Comparison_Results3.mat
SPD-DN-NSGA-II,IGDX,MMF1_z,24,0.04734242714138321,All_Algorithms_Comparison_Results3.mat
SPD-DN-NSGA-II,IGDX,MMF1_z,25,0.03800410079398108,All_Algorithms_Comparison_Results3.mat
SPD-DN-NSGA-II,IGDX,MMF1_z,26,0.0440819809220446,All_Algorithms_Comparison_Results3.mat
SPD-DN-NSGA-II,IGDX,MMF1_z,27,0.03553149772135982,All_Algorithms_Comparison_Results3.mat
SPD-DN-NSGA-II,IGDX,MMF1_z,28,0.04621960838734889,All_Algorithms_Comparison_Results3.mat
SPD-DN-NSGA-II,IGDX,MMF1_z,29,0.035171665656783514,All_Algorithms_Comparison_Results3.mat
SPD-DN-NSGA-II,IGDX,MMF1_z,30,0.03756880684114629,All_Algorithms_Comparison_Results3.mat
SPD-DN-NSGA-II,IGDX,MMF1_z,31,0.04093278956690646,All_Algorithms_Comparison_Results3.mat
SPD-DN-NSGA-II,IGDX,MMF1_e,1,0.7260553011597779,All_Algorithms_Comparison_Results3.mat
SPD-DN-NSGA-II,IGDX,MMF1_e,2,1.0541981070111188,All_Algorithms_Comparison_Results3.mat
SPD-DN-NSGA-II,IGDX,MMF1_e,3,1.3608467188181939,All_Algorithms_Comparison_Results3.mat
SPD-DN-NSGA-II,IGDX,MMF1_e,4,0.8797018379935815,All_Algorithms_Comparison_Results3.mat
SPD-DN-NSGA-II,IGDX,MMF1_e,5,1.3992876020467273,All_Algorithms_Comparison_Results3.mat
SPD-DN-NSGA-II,IGDX,MMF1_e,6,1.5352599766030877,All_Algorithms_Comparison_Results3.mat
SPD-DN-NSGA-II,IGDX,MMF1_e,7,0.896525382370242,All_Algorithms_Comparison_Results3.mat
SPD-DN-NSGA-II,IGDX,MMF1_e,8,0.8293086416531623,All_Algorithms_Comparison_Results3.mat
SPD-DN-NSGA-II,IGDX,MMF1_e,9,2.0494969021881504,All_Algorithms_Comparison_Results3.mat
SPD-DN-NSGA-II,IGDX,MMF1_e,10,1.492723658620966,All_Algorithms_Comparison_Results3.mat
SPD-DN-NSGA-II,IGDX,MMF1_e,11,2.206988776144263,All_Algorithms_Comparison_Results3.mat
SPD-DN-NSGA-II,IGDX,MMF1_e,12,0.7753963367513435,All_Algorithms_Comparison_Results3.mat
SPD-DN-NSGA-II,IGDX,MMF1_e,13,2.057319838456034,All_Algorithms_Comparison_Results3.mat
SPD-DN-NSGA-II,IGDX,MMF1_e,14,1.024522412653831,All_Algorithms_Comparison_Results3.mat
SPD-DN-NSGA-II,IGDX,MMF1_e,15,0.4680250385904327,All_Algorithms_Comparison_Results3.mat
SPD-DN-NSGA-II,IGDX,MMF1_e,16,0.9119151994016559,All_Algorithms_Comparison_Results3.mat
SPD-DN-NSGA-II,IGDX,MMF1_e,17,2.09816710383544,All_Algorithms_Comparison_Results3.mat
SPD-DN-NSGA-II,IGDX,MMF1_e,18,0.6190200515134232,All_Algorithms_Comparison_Results3.mat
SPD-DN-NSGA-II,IGDX,MMF1_e,19,0.3904929475733639,All_Algorithms_Comparison_Results3.mat
SPD-DN-NSGA-II,IGDX,MMF1_e,20,0.875359393922065,All_Algorithms_Comparison_Results3.mat
SPD-DN-NSGA-II,IGDX,MMF1_e,21,1.0110189883809124,All_Algorithms_Comparison_Results3.mat
SPD-DN-NSGA-II,IGDX,MMF1_e,22,0.7852728985513755,All_Algorithms_Comparison_Results3.mat
SPD-DN-NSGA-II,IGDX,MMF1_e,23,1.0778352101007302,All_Algorithms_Comparison_Results3.mat
SPD-DN-NSGA-II,IGDX,MMF1_e,24,1.979702716731639,All_Algorithms_Comparison_Results3.mat
SPD-DN-NSGA-II,IGDX,MMF1_e,25,0.5689269593705795,All_Algorithms_Comparison_Results3.mat
SPD-DN-NSGA-II,IGDX,MMF1_e,26,0.709132905931525,All_Algorithms_Comparison_Results3.mat
SPD-DN-NSGA-II,IGDX,MMF1_e,27,2.1869516606036887,All_Algorithms_Comparison_Results3.mat
SPD-DN-NSGA-II,IGDX,MMF1_e,28,1.2231538583836736,All_Algorithms_Comparison_Results3.mat
SPD-DN-NSGA-II,IGDX,MMF1_e,29,0.6860976009175517,All_Algorithms_Comparison_Results3.mat
SPD-DN-NSGA-II,IGDX,MMF1_e,30,0.8511116160351614,All_Algorithms_Comparison_Results3.mat
SPD-DN-NSGA-II,IGDX,MMF1_e,31,1.1781191605816084,All_Algorithms_Comparison_Results3.mat
SPD-DN-NSGA-II,IGDX,MMF14_a,1,0.09228018009655825,All_Algorithms_Comparison_Results3.mat
SPD-DN-NSGA-II,IGDX,MMF14_a,2,0.09797897513951338,All_Algorithms_Comparison_Results3.mat
SPD-DN-NSGA-II,IGDX,MMF14_a,3,0.09154590550866486,All_Algorithms_Comparison_Results3.mat
SPD-DN-NSGA-II,IGDX,MMF14_a,4,0.08160339652711283,All_Algorithms_Comparison_Results3.mat
SPD-DN-NSGA-II,IGDX,MMF14_a,5,0.0885666352685991,All_Algorithms_Comparison_Results3.mat
SPD-DN-NSGA-II,IGDX,MMF14_a,6,0.09395268223794986,All_Algorithms_Comparison_Results3.mat
SPD-DN-NSGA-II,IGDX,MMF14_a,7,0.10005378990363774,All_Algorithms_Comparison_Results3.mat
SPD-DN-NSGA-II,IGDX,MMF14_a,8,0.11228819256476788,All_Algorithms_Comparison_Results3.mat
SPD-DN-NSGA-II,IGDX,MMF14_a,9,0.10187242750669688,All_Algorithms_Comparison_Results3.mat
SPD-DN-NSGA-II,IGDX,MMF14_a,10,0.1098005549072791,All_Algorithms_Comparison_Results3.mat
SPD-DN-NSGA-II,IGDX,MMF14_a,11,0.09855116719541375,All_Algorithms_Comparison_Results3.mat
SPD-DN-NSGA-II,IGDX,MMF14_a,12,0.08546457195645163,All_Algorithms_Comparison_Results3.mat
SPD-DN-NSGA-II,IGDX,MMF14_a,13,0.09458262646341206,All_Algorithms_Comparison_Results3.mat
SPD-DN-NSGA-II,IGDX,MMF14_a,14,0.0918533342331572,All_Algorithms_Comparison_Results3.mat
SPD-DN-NSGA-II,IGDX,MMF14_a,15,0.08967304895966714,All_Algorithms_Comparison_Results3.mat
SPD-DN-NSGA-II,IGDX,MMF14_a,16,0.0873223928070411,All_Algorithms_Comparison_Results3.mat
SPD-DN-NSGA-II,IGDX,MMF14_a,17,0.10671571189556874,All_Algorithms_Comparison_Results3.mat
SPD-DN-NSGA-II,IGDX,MMF14_a,18,0.09212099290854209,All_Algorithms_Comparison_Results3.mat
SPD-DN-NSGA-II,IGDX,MMF14_a,19,0.10330606641542829,All_Algorithms_Comparison_Results3.mat
SPD-DN-NSGA-II,IGDX,MMF14_a,20,0.10196568981651397,All_Algorithms_Comparison_Results3.mat
SPD-DN-NSGA-II,IGDX,MMF14_a,21,0.09060681050828921,All_Algorithms_Comparison_Results3.mat
SPD-DN-NSGA-II,IGDX,MMF14_a,22,0.09689164630029104,All_Algorithms_Comparison_Results3.mat
SPD-DN-NSGA-II,IGDX,MMF14_a,23,0.10561773748309942,All_Algorithms_Comparison_Results3.mat
SPD-DN-NSGA-II,IGDX,MMF14_a,24,0.09615131808472795,All_Algorithms_Comparison_Results3.mat
SPD-DN-NSGA-II,IGDX,MMF14_a,25,0.09976514551648347,All_Algorithms_Comparison_Results3.mat
SPD-DN-NSGA-II,IGDX,MMF14_a,26,0.08985741949074642,All_Algorithms_Comparison_Results3.mat
SPD-DN-NSGA-II,IGDX,MMF14_a,27,0.1008416468524416,All_Algorithms_Comparison_Results3.mat
SPD-DN-NSGA-II,IGDX,MMF14_a,28,0.08177552476716994,All_Algorithms_Comparison_Results3.mat
SPD-DN-NSGA-II,IGDX,MMF14_a,29,0.10617580736764992,All_Algorithms_Comparison_Results3.mat
SPD-DN-NSGA-II,IGDX,MMF14_a,30,0.09386708837211302,All_Algorithms_Comparison_Results3.mat
SPD-DN-NSGA-II,IGDX,MMF14_a,31,0.10070808826812763,All_Algorithms_Comparison_Results3.mat
SPD-DN-NSGA-II,IGDX,MMF15_a,1,0.21367833858753962,All_Algorithms_Comparison_Results3.mat
SPD-DN-NSGA-II,IGDX,MMF15_a,2,0.22706507486858377,All_Algorithms_Comparison_Results3.mat
SPD-DN-NSGA-II,IGDX,MMF15_a,3,0.23071537603914286,All_Algorithms_Comparison_Results3.mat
SPD-DN-NSGA-II,IGDX,MMF15_a,4,0.21529219034450034,All_Algorithms_Comparison_Results3.mat
SPD-DN-NSGA-II,IGDX,MMF15_a,5,0.22331099492560438,All_Algorithms_Comparison_Results3.mat
SPD-DN-NSGA-II,IGDX,MMF15_a,6,0.21312485509985818,All_Algorithms_Comparison_Results3.mat
SPD-DN-NSGA-II,IGDX,MMF15_a,7,0.11231202160579216,All_Algorithms_Comparison_Results3.mat
SPD-DN-NSGA-II,IGDX,MMF15_a,8,0.2240249927714862,All_Algorithms_Comparison_Results3.mat
SPD-DN-NSGA-II,IGDX,MMF15_a,9,0.22245501357950187,All_Algorithms_Comparison_Results3.mat
SPD-DN-NSGA-II,IGDX,MMF15_a,10,0.21162095849980775,All_Algorithms_Comparison_Results3.mat
SPD-DN-NSGA-II,IGDX,MMF15_a,11,0.2254479444534337,All_Algorithms_Comparison_Results3.mat
SPD-DN-NSGA-II,IGDX,MMF15_a,12,0.22399464336476826,All_Algorithms_Comparison_Results3.mat
SPD-DN-NSGA-II,IGDX,MMF15_a,13,0.230017642002026,All_Algorithms_Comparison_Results3.mat
SPD-DN-NSGA-II,IGDX,MMF15_a,14,0.23123326410613299,All_Algorithms_Comparison_Results3.mat
SPD-DN-NSGA-II,IGDX,MMF15_a,15,0.19941177115527453,All_Algorithms_Comparison_Results3.mat
SPD-DN-NSGA-II,IGDX,MMF15_a,16,0.22618376424058698,All_Algorithms_Comparison_Results3.mat
SPD-DN-NSGA-II,IGDX,MMF15_a,17,0.22282402148844138,All_Algorithms_Comparison_Results3.mat
SPD-DN-NSGA-II,IGDX,MMF15_a,18,0.22845648904480795,All_Algorithms_Comparison_Results3.mat
SPD-DN-NSGA-II,IGDX,MMF15_a,19,0.21978872728136112,All_Algorithms_Comparison_Results3.mat
SPD-DN-NSGA-II,IGDX,MMF15_a,20,0.22833606644535448,All_Algorithms_Comparison_Results3.mat
SPD-DN-NSGA-II,IGDX,MMF15_a,21,0.2234041339282918,All_Algorithms_Comparison_Results3.mat
SPD-DN-NSGA-II,IGDX,MMF15_a,22,0.21697007217198183,All_Algorithms_Comparison_Results3.mat
SPD-DN-NSGA-II,IGDX,MMF15_a,23,0.2305502509317832,All_Algorithms_Comparison_Results3.mat
SPD-DN-NSGA-II,IGDX,MMF15_a,24,0.22558085645514303,All_Algorithms_Comparison_Results3.mat
SPD-DN-NSGA-II,IGDX,MMF15_a,25,0.2248823146376094,All_Algorithms_Comparison_Results3.mat
SPD-DN-NSGA-II,IGDX,MMF15_a,26,0.22750983853146275,All_Algorithms_Comparison_Results3.mat
SPD-DN-NSGA-II,IGDX,MMF15_a,27,0.22706834331218634,All_Algorithms_Comparison_Results3.mat
SPD-DN-NSGA-II,IGDX,MMF15_a,28,0.2257025565340361,All_Algorithms_Comparison_Results3.mat
SPD-DN-NSGA-II,IGDX,MMF15_a,29,0.23577628179956195,All_Algorithms_Comparison_Results3.mat
SPD-DN-NSGA-II,IGDX,MMF15_a,30,0.22557127407299732,All_Algorithms_Comparison_Results3.mat
SPD-DN-NSGA-II,IGDX,MMF15_a,31,0.2031443213622724,All_Algorithms_Comparison_Results3.mat
SPD-DN-NSGA-II,IGDX,SYM_PART_simple,1,0.0693890684070039,All_Algorithms_Comparison_Results3.mat
SPD-DN-NSGA-II,IGDX,SYM_PART_simple,2,0.08974751891221555,All_Algorithms_Comparison_Results3.mat
SPD-DN-NSGA-II,IGDX,SYM_PART_simple,3,0.0806733503567983,All_Algorithms_Comparison_Results3.mat
SPD-DN-NSGA-II,IGDX,SYM_PART_simple,4,0.08133660125839197,All_Algorithms_Comparison_Results3.mat
SPD-DN-NSGA-II,IGDX,SYM_PART_simple,5,0.09204313934735808,All_Algorithms_Comparison_Results3.mat
SPD-DN-NSGA-II,IGDX,SYM_PART_simple,6,0.11221428526270052,All_Algorithms_Comparison_Results3.mat
SPD-DN-NSGA-II,IGDX,SYM_PART_simple,7,0.07077733892905223,All_Algorithms_Comparison_Results3.mat
SPD-DN-NSGA-II,IGDX,SYM_PART_simple,8,0.07526092027953846,All_Algorithms_Comparison_Results3.mat
SPD-DN-NSGA-II,IGDX,SYM_PART_simple,9,0.07137373967942168,All_Algorithms_Comparison_Results3.mat
SPD-DN-NSGA-II,IGDX,SYM_PART_simple,10,0.07432053467021602,All_Algorithms_Comparison_Results3.mat
SPD-DN-NSGA-II,IGDX,SYM_PART_simple,11,0.12375440744663536,All_Algorithms_Comparison_Results3.mat
SPD-DN-NSGA-II,IGDX,SYM_PART_simple,12,0.07420909177837613,All_Algorithms_Comparison_Results3.mat
SPD-DN-NSGA-II,IGDX,SYM_PART_simple,13,0.07645165871326602,All_Algorithms_Comparison_Results3.mat
SPD-DN-NSGA-II,IGDX,SYM_PART_simple,14,0.0799806675981495,All_Algorithms_Comparison_Results3.mat
SPD-DN-NSGA-II,IGDX,SYM_PART_simple,15,0.07717775428889687,All_Algorithms_Comparison_Results3.mat
SPD-DN-NSGA-II,IGDX,SYM_PART_simple,16,0.07928737642649508,All_Algorithms_Comparison_Results3.mat
SPD-DN-NSGA-II,IGDX,SYM_PART_simple,17,0.0770158102658679,All_Algorithms_Comparison_Results3.mat
SPD-DN-NSGA-II,IGDX,SYM_PART_simple,18,0.07380292427686576,All_Algorithms_Comparison_Results3.mat
SPD-DN-NSGA-II,IGDX,SYM_PART_simple,19,0.06592292894298321,All_Algorithms_Comparison_Results3.mat
SPD-DN-NSGA-II,IGDX,SYM_PART_simple,20,0.09409116410808581,All_Algorithms_Comparison_Results3.mat
SPD-DN-NSGA-II,IGDX,SYM_PART_simple,21,0.07138564650025629,All_Algorithms_Comparison_Results3.mat
SPD-DN-NSGA-II,IGDX,SYM_PART_simple,22,0.06942975850743476,All_Algorithms_Comparison_Results3.mat
SPD-DN-NSGA-II,IGDX,SYM_PART_simple,23,0.07877696416145342,All_Algorithms_Comparison_Results3.mat
SPD-DN-NSGA-II,IGDX,SYM_PART_simple,24,0.09087283592346068,All_Algorithms_Comparison_Results3.mat
SPD-DN-NSGA-II,IGDX,SYM_PART_simple,25,0.07342306655048761,All_Algorithms_Comparison_Results3.mat
SPD-DN-NSGA-II,IGDX,SYM_PART_simple,26,0.0646185563564371,All_Algorithms_Comparison_Results3.mat
SPD-DN-NSGA-II,IGDX,SYM_PART_simple,27,0.08161467693843732,All_Algorithms_Comparison_Results3.mat
SPD-DN-NSGA-II,IGDX,SYM_PART_simple,28,0.0714055718438965,All_Algorithms_Comparison_Results3.mat
SPD-DN-NSGA-II,IGDX,SYM_PART_simple,29,0.06717762874041357,All_Algorithms_Comparison_Results3.mat
SPD-DN-NSGA-II,IGDX,SYM_PART_simple,30,0.07021476116140464,All_Algorithms_Comparison_Results3.mat
SPD-DN-NSGA-II,IGDX,SYM_PART_simple,31,0.12058056670044066,All_Algorithms_Comparison_Results3.mat
SPD-DN-NSGA-II,IGDX,SYM_PART_rotated,1,0.11211643091405231,All_Algorithms_Comparison_Results3.mat
SPD-DN-NSGA-II,IGDX,SYM_PART_rotated,2,0.10188567982089597,All_Algorithms_Comparison_Results3.mat
SPD-DN-NSGA-II,IGDX,SYM_PART_rotated,3,0.09910755006073793,All_Algorithms_Comparison_Results3.mat
SPD-DN-NSGA-II,IGDX,SYM_PART_rotated,4,0.15361477282898814,All_Algorithms_Comparison_Results3.mat
SPD-DN-NSGA-II,IGDX,SYM_PART_rotated,5,0.10579783514554891,All_Algorithms_Comparison_Results3.mat
SPD-DN-NSGA-II,IGDX,SYM_PART_rotated,6,3.353455520418832,All_Algorithms_Comparison_Results3.mat
SPD-DN-NSGA-II,IGDX,SYM_PART_rotated,7,1.0043510478513609,All_Algorithms_Comparison_Results3.mat
SPD-DN-NSGA-II,IGDX,SYM_PART_rotated,8,0.9982948368261244,All_Algorithms_Comparison_Results3.mat
SPD-DN-NSGA-II,IGDX,SYM_PART_rotated,9,0.9961538411574894,All_Algorithms_Comparison_Results3.mat
SPD-DN-NSGA-II,IGDX,SYM_PART_rotated,10,0.15199886734442497,All_Algorithms_Comparison_Results3.mat
SPD-DN-NSGA-II,IGDX,SYM_PART_rotated,11,0.28868691353197884,All_Algorithms_Comparison_Results3.mat
SPD-DN-NSGA-II,IGDX,SYM_PART_rotated,12,0.16060476277717947,All_Algorithms_Comparison_Results3.mat
SPD-DN-NSGA-II,IGDX,SYM_PART_rotated,13,0.07171400295752225,All_Algorithms_Comparison_Results3.mat
SPD-DN-NSGA-II,IGDX,SYM_PART_rotated,14,0.09014891331805788,All_Algorithms_Comparison_Results3.mat
SPD-DN-NSGA-II,IGDX,SYM_PART_rotated,15,0.081006539398635,All_Algorithms_Comparison_Results3.mat
SPD-DN-NSGA-II,IGDX,SYM_PART_rotated,16,0.9929665527466188,All_Algorithms_Comparison_Results3.mat
SPD-DN-NSGA-II,IGDX,SYM_PART_rotated,17,1.046993496430218,All_Algorithms_Comparison_Results3.mat
SPD-DN-NSGA-II,IGDX,SYM_PART_rotated,18,0.11599666212382258,All_Algorithms_Comparison_Results3.mat
SPD-DN-NSGA-II,IGDX,SYM_PART_rotated,19,0.9834722593551745,All_Algorithms_Comparison_Results3.mat
SPD-DN-NSGA-II,IGDX,SYM_PART_rotated,20,0.9983723364591505,All_Algorithms_Comparison_Results3.mat
SPD-DN-NSGA-II,IGDX,SYM_PART_rotated,21,0.15881194954781172,All_Algorithms_Comparison_Results3.mat
SPD-DN-NSGA-II,IGDX,SYM_PART_rotated,22,1.003311892667108,All_Algorithms_Comparison_Results3.mat
SPD-DN-NSGA-II,IGDX,SYM_PART_rotated,23,0.09322113685199178,All_Algorithms_Comparison_Results3.mat
SPD-DN-NSGA-II,IGDX,SYM_PART_rotated,24,1.0098981497646897,All_Algorithms_Comparison_Results3.mat
SPD-DN-NSGA-II,IGDX,SYM_PART_rotated,25,0.15504679805509328,All_Algorithms_Comparison_Results3.mat
SPD-DN-NSGA-II,IGDX,SYM_PART_rotated,26,0.10645004728911243,All_Algorithms_Comparison_Results3.mat
SPD-DN-NSGA-II,IGDX,SYM_PART_rotated,27,1.0097063843058536,All_Algorithms_Comparison_Results3.mat
SPD-DN-NSGA-II,IGDX,SYM_PART_rotated,28,0.0991126157785106,All_Algorithms_Comparison_Results3.mat
SPD-DN-NSGA-II,IGDX,SYM_PART_rotated,29,0.23073380890585607,All_Algorithms_Comparison_Results3.mat
SPD-DN-NSGA-II,IGDX,SYM_PART_rotated,30,0.9982271389042475,All_Algorithms_Comparison_Results3.mat
SPD-DN-NSGA-II,IGDX,SYM_PART_rotated,31,0.08613191613782807,All_Algorithms_Comparison_Results3.mat
SPD-DN-NSGA-II,IGDX,Omni_test,1,0.3885658671417498,All_Algorithms_Comparison_Results3.mat
SPD-DN-NSGA-II,IGDX,Omni_test,2,0.16179094695387397,All_Algorithms_Comparison_Results3.mat
SPD-DN-NSGA-II,IGDX,Omni_test,3,0.16867570629355153,All_Algorithms_Comparison_Results3.mat
SPD-DN-NSGA-II,IGDX,Omni_test,4,0.16103677451690707,All_Algorithms_Comparison_Results3.mat
SPD-DN-NSGA-II,IGDX,Omni_test,5,0.17644779291473844,All_Algorithms_Comparison_Results3.mat
SPD-DN-NSGA-II,IGDX,Omni_test,6,0.0995614205508614,All_Algorithms_Comparison_Results3.mat
SPD-DN-NSGA-II,IGDX,Omni_test,7,0.15252893151849012,All_Algorithms_Comparison_Results3.mat
SPD-DN-NSGA-II,IGDX,Omni_test,8,0.25334483007965036,All_Algorithms_Comparison_Results3.mat
SPD-DN-NSGA-II,IGDX,Omni_test,9,0.17016756625785695,All_Algorithms_Comparison_Results3.mat
SPD-DN-NSGA-II,IGDX,Omni_test,10,0.23929651586111714,All_Algorithms_Comparison_Results3.mat
SPD-DN-NSGA-II,IGDX,Omni_test,11,0.11622129388347333,All_Algorithms_Comparison_Results3.mat
SPD-DN-NSGA-II,IGDX,Omni_test,12,0.09789859554985608,All_Algorithms_Comparison_Results3.mat
SPD-DN-NSGA-II,IGDX,Omni_test,13,0.17450251766421024,All_Algorithms_Comparison_Results3.mat
SPD-DN-NSGA-II,IGDX,Omni_test,14,0.4301393325740113,All_Algorithms_Comparison_Results3.mat
SPD-DN-NSGA-II,IGDX,Omni_test,15,0.1821958537318453,All_Algorithms_Comparison_Results3.mat
SPD-DN-NSGA-II,IGDX,Omni_test,16,0.0931884784125046,All_Algorithms_Comparison_Results3.mat
SPD-DN-NSGA-II,IGDX,Omni_test,17,0.1943185047434404,All_Algorithms_Comparison_Results3.mat
SPD-DN-NSGA-II,IGDX,Omni_test,18,0.18629378615357436,All_Algorithms_Comparison_Results3.mat
SPD-DN-NSGA-II,IGDX,Omni_test,19,0.23334129464256384,All_Algorithms_Comparison_Results3.mat
SPD-DN-NSGA-II,IGDX,Omni_test,20,0.13889406304619345,All_Algorithms_Comparison_Results3.mat
SPD-DN-NSGA-II,IGDX,Omni_test,21,0.28726097519558086,All_Algorithms_Comparison_Results3.mat
SPD-DN-NSGA-II,IGDX,Omni_test,22,0.11758282691462632,All_Algorithms_Comparison_Results3.mat
SPD-DN-NSGA-II,IGDX,Omni_test,23,0.19156729110344595,All_Algorithms_Comparison_Results3.mat
SPD-DN-NSGA-II,IGDX,Omni_test,24,0.10257651307885991,All_Algorithms_Comparison_Results3.mat
SPD-DN-NSGA-II,IGDX,Omni_test,25,0.10945169508900744,All_Algorithms_Comparison_Results3.mat
SPD-DN-NSGA-II,IGDX,Omni_test,26,0.11150059918588939,All_Algorithms_Comparison_Results3.mat
SPD-DN-NSGA-II,IGDX,Omni_test,27,0.15917706870077347,All_Algorithms_Comparison_Results3.mat
SPD-DN-NSGA-II,IGDX,Omni_test,28,0.18687894389453846,All_Algorithms_Comparison_Results3.mat
SPD-DN-NSGA-II,IGDX,Omni_test,29,0.16658928173970697,All_Algorithms_Comparison_Results3.mat
SPD-DN-NSGA-II,IGDX,Omni_test,30,0.2509224516342124,All_Algorithms_Comparison_Results3.mat
SPD-DN-NSGA-II,IGDX,Omni_test,31,0.10156436164332168,All_Algorithms_Comparison_Results3.mat
SPD-DN-NSGA-II,IGDF,MMF1,1,0.0033934693050470754,All_Algorithms_Comparison_Results3.mat
SPD-DN-NSGA-II,IGDF,MMF1,2,0.0036127251084201615,All_Algorithms_Comparison_Results3.mat
SPD-DN-NSGA-II,IGDF,MMF1,3,0.00335244080289842,All_Algorithms_Comparison_Results3.mat
SPD-DN-NSGA-II,IGDF,MMF1,4,0.0032001166849533404,All_Algorithms_Comparison_Results3.mat
SPD-DN-NSGA-II,IGDF,MMF1,5,0.0033701992638368304,All_Algorithms_Comparison_Results3.mat
SPD-DN-NSGA-II,IGDF,MMF1,6,0.0036287147172944655,All_Algorithms_Comparison_Results3.mat
SPD-DN-NSGA-II,IGDF,MMF1,7,0.003449889125246392,All_Algorithms_Comparison_Results3.mat
SPD-DN-NSGA-II,IGDF,MMF1,8,0.0034966372218586637,All_Algorithms_Comparison_Results3.mat
SPD-DN-NSGA-II,IGDF,MMF1,9,0.003151571384725989,All_Algorithms_Comparison_Results3.mat
SPD-DN-NSGA-II,IGDF,MMF1,10,0.003293952133287541,All_Algorithms_Comparison_Results3.mat
SPD-DN-NSGA-II,IGDF,MMF1,11,0.003423939804675755,All_Algorithms_Comparison_Results3.mat
SPD-DN-NSGA-II,IGDF,MMF1,12,0.0033710983912703545,All_Algorithms_Comparison_Results3.mat
SPD-DN-NSGA-II,IGDF,MMF1,13,0.003323601326786868,All_Algorithms_Comparison_Results3.mat
SPD-DN-NSGA-II,IGDF,MMF1,14,0.003531035329824778,All_Algorithms_Comparison_Results3.mat
SPD-DN-NSGA-II,IGDF,MMF1,15,0.0031322377667609685,All_Algorithms_Comparison_Results3.mat
SPD-DN-NSGA-II,IGDF,MMF1,16,0.0037032288249835756,All_Algorithms_Comparison_Results3.mat
SPD-DN-NSGA-II,IGDF,MMF1,17,0.00478304166084498,All_Algorithms_Comparison_Results3.mat
SPD-DN-NSGA-II,IGDF,MMF1,18,0.0032147686103833426,All_Algorithms_Comparison_Results3.mat
SPD-DN-NSGA-II,IGDF,MMF1,19,0.003400055919823235,All_Algorithms_Comparison_Results3.mat
SPD-DN-NSGA-II,IGDF,MMF1,20,0.0035964241608633695,All_Algorithms_Comparison_Results3.mat
SPD-DN-NSGA-II,IGDF,MMF1,21,0.0031295145421947374,All_Algorithms_Comparison_Results3.mat
SPD-DN-NSGA-II,IGDF,MMF1,22,0.003657379750438037,All_Algorithms_Comparison_Results3.mat
SPD-DN-NSGA-II,IGDF,MMF1,23,0.003333949111553362,All_Algorithms_Comparison_Results3.mat
SPD-DN-NSGA-II,IGDF,MMF1,24,0.0034805745365175233,All_Algorithms_Comparison_Results3.mat
SPD-DN-NSGA-II,IGDF,MMF1,25,0.0033781569692067936,All_Algorithms_Comparison_Results3.mat
SPD-DN-NSGA-II,IGDF,MMF1,26,0.0034598115420466785,All_Algorithms_Comparison_Results3.mat
SPD-DN-NSGA-II,IGDF,MMF1,27,0.0036660773080759044,All_Algorithms_Comparison_Results3.mat
SPD-DN-NSGA-II,IGDF,MMF1,28,0.003459684434181875,All_Algorithms_Comparison_Results3.mat
SPD-DN-NSGA-II,IGDF,MMF1,29,0.017804129864201948,All_Algorithms_Comparison_Results3.mat
SPD-DN-NSGA-II,IGDF,MMF1,30,0.0033899261393442793,All_Algorithms_Comparison_Results3.mat
SPD-DN-NSGA-II,IGDF,MMF1,31,0.003536474909116766,All_Algorithms_Comparison_Results3.mat
SPD-DN-NSGA-II,IGDF,MMF2,1,0.006218991116110497,All_Algorithms_Comparison_Results3.mat
SPD-DN-NSGA-II,IGDF,MMF2,2,0.003694203405781011,All_Algorithms_Comparison_Results3.mat
SPD-DN-NSGA-II,IGDF,MMF2,3,0.006478247877529578,All_Algorithms_Comparison_Results3.mat
SPD-DN-NSGA-II,IGDF,MMF2,4,0.004911123065950279,All_Algorithms_Comparison_Results3.mat
SPD-DN-NSGA-II,IGDF,MMF2,5,0.0068377730437673674,All_Algorithms_Comparison_Results3.mat
SPD-DN-NSGA-II,IGDF,MMF2,6,0.006087516844765177,All_Algorithms_Comparison_Results3.mat
SPD-DN-NSGA-II,IGDF,MMF2,7,0.004906696572998042,All_Algorithms_Comparison_Results3.mat
SPD-DN-NSGA-II,IGDF,MMF2,8,0.005924532054812573,All_Algorithms_Comparison_Results3.mat
SPD-DN-NSGA-II,IGDF,MMF2,9,0.009307604995373926,All_Algorithms_Comparison_Results3.mat
SPD-DN-NSGA-II,IGDF,MMF2,10,0.0076779577396128215,All_Algorithms_Comparison_Results3.mat
SPD-DN-NSGA-II,IGDF,MMF2,11,0.006576947682469397,All_Algorithms_Comparison_Results3.mat
SPD-DN-NSGA-II,IGDF,MMF2,12,0.005614482393328612,All_Algorithms_Comparison_Results3.mat
SPD-DN-NSGA-II,IGDF,MMF2,13,0.00621579696774247,All_Algorithms_Comparison_Results3.mat
SPD-DN-NSGA-II,IGDF,MMF2,14,0.005890171778668589,All_Algorithms_Comparison_Results3.mat
SPD-DN-NSGA-II,IGDF,MMF2,15,0.005319821213747435,All_Algorithms_Comparison_Results3.mat
SPD-DN-NSGA-II,IGDF,MMF2,16,0.004704479232913407,All_Algorithms_Comparison_Results3.mat
SPD-DN-NSGA-II,IGDF,MMF2,17,0.007879922904520751,All_Algorithms_Comparison_Results3.mat
SPD-DN-NSGA-II,IGDF,MMF2,18,0.005019376994437021,All_Algorithms_Comparison_Results3.mat
SPD-DN-NSGA-II,IGDF,MMF2,19,0.005192799587781409,All_Algorithms_Comparison_Results3.mat
SPD-DN-NSGA-II,IGDF,MMF2,20,0.006625769415360988,All_Algorithms_Comparison_Results3.mat
SPD-DN-NSGA-II,IGDF,MMF2,21,0.01136014761502356,All_Algorithms_Comparison_Results3.mat
SPD-DN-NSGA-II,IGDF,MMF2,22,0.007245779272400835,All_Algorithms_Comparison_Results3.mat
SPD-DN-NSGA-II,IGDF,MMF2,23,0.0058859241026981216,All_Algorithms_Comparison_Results3.mat
SPD-DN-NSGA-II,IGDF,MMF2,24,0.007528740791860594,All_Algorithms_Comparison_Results3.mat
SPD-DN-NSGA-II,IGDF,MMF2,25,0.005411903630681104,All_Algorithms_Comparison_Results3.mat
SPD-DN-NSGA-II,IGDF,MMF2,26,0.006129198694611802,All_Algorithms_Comparison_Results3.mat
SPD-DN-NSGA-II,IGDF,MMF2,27,0.0069478829639967555,All_Algorithms_Comparison_Results3.mat
SPD-DN-NSGA-II,IGDF,MMF2,28,0.005529195870689408,All_Algorithms_Comparison_Results3.mat
SPD-DN-NSGA-II,IGDF,MMF2,29,0.008343750683211276,All_Algorithms_Comparison_Results3.mat
SPD-DN-NSGA-II,IGDF,MMF2,30,0.005680214393307855,All_Algorithms_Comparison_Results3.mat
SPD-DN-NSGA-II,IGDF,MMF2,31,0.008279353154255516,All_Algorithms_Comparison_Results3.mat
SPD-DN-NSGA-II,IGDF,MMF3,1,0.01004036720350241,All_Algorithms_Comparison_Results3.mat
SPD-DN-NSGA-II,IGDF,MMF3,2,0.004151144189324222,All_Algorithms_Comparison_Results3.mat
SPD-DN-NSGA-II,IGDF,MMF3,3,0.003985638011429295,All_Algorithms_Comparison_Results3.mat
SPD-DN-NSGA-II,IGDF,MMF3,4,0.008526453977826412,All_Algorithms_Comparison_Results3.mat
SPD-DN-NSGA-II,IGDF,MMF3,5,0.005558958366916903,All_Algorithms_Comparison_Results3.mat
SPD-DN-NSGA-II,IGDF,MMF3,6,0.008562599011548135,All_Algorithms_Comparison_Results3.mat
SPD-DN-NSGA-II,IGDF,MMF3,7,0.006421860904226583,All_Algorithms_Comparison_Results3.mat
SPD-DN-NSGA-II,IGDF,MMF3,8,0.005461554167837419,All_Algorithms_Comparison_Results3.mat
SPD-DN-NSGA-II,IGDF,MMF3,9,0.0048344269222039896,All_Algorithms_Comparison_Results3.mat
SPD-DN-NSGA-II,IGDF,MMF3,10,0.0055296894134474915,All_Algorithms_Comparison_Results3.mat
SPD-DN-NSGA-II,IGDF,MMF3,11,0.004955365899301062,All_Algorithms_Comparison_Results3.mat
SPD-DN-NSGA-II,IGDF,MMF3,12,0.004611049828893405,All_Algorithms_Comparison_Results3.mat
SPD-DN-NSGA-II,IGDF,MMF3,13,0.00904080361791889,All_Algorithms_Comparison_Results3.mat
SPD-DN-NSGA-II,IGDF,MMF3,14,0.006954654627315568,All_Algorithms_Comparison_Results3.mat
SPD-DN-NSGA-II,IGDF,MMF3,15,0.004736535631700235,All_Algorithms_Comparison_Results3.mat
SPD-DN-NSGA-II,IGDF,MMF3,16,0.007412690929999216,All_Algorithms_Comparison_Results3.mat
SPD-DN-NSGA-II,IGDF,MMF3,17,0.0062192896076961055,All_Algorithms_Comparison_Results3.mat
SPD-DN-NSGA-II,IGDF,MMF3,18,0.005094425674832123,All_Algorithms_Comparison_Results3.mat
SPD-DN-NSGA-II,IGDF,MMF3,19,0.004669919591821368,All_Algorithms_Comparison_Results3.mat
SPD-DN-NSGA-II,IGDF,MMF3,20,0.013028012304319271,All_Algorithms_Comparison_Results3.mat
SPD-DN-NSGA-II,IGDF,MMF3,21,0.007454122151242513,All_Algorithms_Comparison_Results3.mat
SPD-DN-NSGA-II,IGDF,MMF3,22,0.008311450558771204,All_Algorithms_Comparison_Results3.mat
SPD-DN-NSGA-II,IGDF,MMF3,23,0.019288453419330828,All_Algorithms_Comparison_Results3.mat
SPD-DN-NSGA-II,IGDF,MMF3,24,0.005673250330161313,All_Algorithms_Comparison_Results3.mat
SPD-DN-NSGA-II,IGDF,MMF3,25,0.007615616091662749,All_Algorithms_Comparison_Results3.mat
SPD-DN-NSGA-II,IGDF,MMF3,26,0.005550277134085912,All_Algorithms_Comparison_Results3.mat
SPD-DN-NSGA-II,IGDF,MMF3,27,0.004454365600884492,All_Algorithms_Comparison_Results3.mat
SPD-DN-NSGA-II,IGDF,MMF3,28,0.0069165494119904835,All_Algorithms_Comparison_Results3.mat
SPD-DN-NSGA-II,IGDF,MMF3,29,0.002947468326384409,All_Algorithms_Comparison_Results3.mat
SPD-DN-NSGA-II,IGDF,MMF3,30,0.011054837142795619,All_Algorithms_Comparison_Results3.mat
SPD-DN-NSGA-II,IGDF,MMF3,31,0.0076903978023819975,All_Algorithms_Comparison_Results3.mat
SPD-DN-NSGA-II,IGDF,MMF4,1,0.0032320409282829334,All_Algorithms_Comparison_Results3.mat
SPD-DN-NSGA-II,IGDF,MMF4,2,0.003360596426704415,All_Algorithms_Comparison_Results3.mat
SPD-DN-NSGA-II,IGDF,MMF4,3,0.004772687113232779,All_Algorithms_Comparison_Results3.mat
SPD-DN-NSGA-II,IGDF,MMF4,4,0.0032039012165139004,All_Algorithms_Comparison_Results3.mat
SPD-DN-NSGA-II,IGDF,MMF4,5,0.0029708252039272174,All_Algorithms_Comparison_Results3.mat
SPD-DN-NSGA-II,IGDF,MMF4,6,0.003391969430876783,All_Algorithms_Comparison_Results3.mat
SPD-DN-NSGA-II,IGDF,MMF4,7,0.0029557908158534714,All_Algorithms_Comparison_Results3.mat
SPD-DN-NSGA-II,IGDF,MMF4,8,0.0031043764987474486,All_Algorithms_Comparison_Results3.mat
SPD-DN-NSGA-II,IGDF,MMF4,9,0.0029653045887368694,All_Algorithms_Comparison_Results3.mat
SPD-DN-NSGA-II,IGDF,MMF4,10,0.003315553358470451,All_Algorithms_Comparison_Results3.mat
SPD-DN-NSGA-II,IGDF,MMF4,11,0.018631599574014373,All_Algorithms_Comparison_Results3.mat
SPD-DN-NSGA-II,IGDF,MMF4,12,0.003205914373129627,All_Algorithms_Comparison_Results3.mat
SPD-DN-NSGA-II,IGDF,MMF4,13,0.0029668351803821937,All_Algorithms_Comparison_Results3.mat
SPD-DN-NSGA-II,IGDF,MMF4,14,0.003216517742991663,All_Algorithms_Comparison_Results3.mat
SPD-DN-NSGA-II,IGDF,MMF4,15,0.0033149469552494447,All_Algorithms_Comparison_Results3.mat
SPD-DN-NSGA-II,IGDF,MMF4,16,0.003537849838069439,All_Algorithms_Comparison_Results3.mat
SPD-DN-NSGA-II,IGDF,MMF4,17,0.00315837881876787,All_Algorithms_Comparison_Results3.mat
SPD-DN-NSGA-II,IGDF,MMF4,18,0.0029102412851013,All_Algorithms_Comparison_Results3.mat
SPD-DN-NSGA-II,IGDF,MMF4,19,0.0030862882130443864,All_Algorithms_Comparison_Results3.mat
SPD-DN-NSGA-II,IGDF,MMF4,20,0.0032989564271823212,All_Algorithms_Comparison_Results3.mat
SPD-DN-NSGA-II,IGDF,MMF4,21,0.01179767137819991,All_Algorithms_Comparison_Results3.mat
SPD-DN-NSGA-II,IGDF,MMF4,22,0.002961078311554742,All_Algorithms_Comparison_Results3.mat
SPD-DN-NSGA-II,IGDF,MMF4,23,0.0030546165891913624,All_Algorithms_Comparison_Results3.mat
SPD-DN-NSGA-II,IGDF,MMF4,24,0.005218446848102212,All_Algorithms_Comparison_Results3.mat
SPD-DN-NSGA-II,IGDF,MMF4,25,0.003368408398269992,All_Algorithms_Comparison_Results3.mat
SPD-DN-NSGA-II,IGDF,MMF4,26,0.0029747715694650777,All_Algorithms_Comparison_Results3.mat
SPD-DN-NSGA-II,IGDF,MMF4,27,0.0031091221733529992,All_Algorithms_Comparison_Results3.mat
SPD-DN-NSGA-II,IGDF,MMF4,28,0.0029315160867721553,All_Algorithms_Comparison_Results3.mat
SPD-DN-NSGA-II,IGDF,MMF4,29,0.002835119929307783,All_Algorithms_Comparison_Results3.mat
SPD-DN-NSGA-II,IGDF,MMF4,30,0.002922209367418892,All_Algorithms_Comparison_Results3.mat
SPD-DN-NSGA-II,IGDF,MMF4,31,0.003111575007460915,All_Algorithms_Comparison_Results3.mat
SPD-DN-NSGA-II,IGDF,MMF5,1,0.0032801982538954045,All_Algorithms_Comparison_Results3.mat
SPD-DN-NSGA-II,IGDF,MMF5,2,0.0031977941791292435,All_Algorithms_Comparison_Results3.mat
SPD-DN-NSGA-II,IGDF,MMF5,3,0.003285907956148778,All_Algorithms_Comparison_Results3.mat
SPD-DN-NSGA-II,IGDF,MMF5,4,0.003755882653566941,All_Algorithms_Comparison_Results3.mat
SPD-DN-NSGA-II,IGDF,MMF5,5,0.0034785615144550925,All_Algorithms_Comparison_Results3.mat
SPD-DN-NSGA-II,IGDF,MMF5,6,0.0031220705193747305,All_Algorithms_Comparison_Results3.mat
SPD-DN-NSGA-II,IGDF,MMF5,7,0.0033401578301053597,All_Algorithms_Comparison_Results3.mat
SPD-DN-NSGA-II,IGDF,MMF5,8,0.0031174703971142853,All_Algorithms_Comparison_Results3.mat
SPD-DN-NSGA-II,IGDF,MMF5,9,0.0033350130700419344,All_Algorithms_Comparison_Results3.mat
SPD-DN-NSGA-II,IGDF,MMF5,10,0.0037563407109311915,All_Algorithms_Comparison_Results3.mat
SPD-DN-NSGA-II,IGDF,MMF5,11,0.002943456804847815,All_Algorithms_Comparison_Results3.mat
SPD-DN-NSGA-II,IGDF,MMF5,12,0.003306781291986192,All_Algorithms_Comparison_Results3.mat
SPD-DN-NSGA-II,IGDF,MMF5,13,0.0034398934212801135,All_Algorithms_Comparison_Results3.mat
SPD-DN-NSGA-II,IGDF,MMF5,14,0.00303617637914813,All_Algorithms_Comparison_Results3.mat
SPD-DN-NSGA-II,IGDF,MMF5,15,0.0031548003570573534,All_Algorithms_Comparison_Results3.mat
SPD-DN-NSGA-II,IGDF,MMF5,16,0.0031549102385567906,All_Algorithms_Comparison_Results3.mat
SPD-DN-NSGA-II,IGDF,MMF5,17,0.0034327824858683452,All_Algorithms_Comparison_Results3.mat
SPD-DN-NSGA-II,IGDF,MMF5,18,0.003456754459705028,All_Algorithms_Comparison_Results3.mat
SPD-DN-NSGA-II,IGDF,MMF5,19,0.003186706817405813,All_Algorithms_Comparison_Results3.mat
SPD-DN-NSGA-II,IGDF,MMF5,20,0.0032677322578951334,All_Algorithms_Comparison_Results3.mat
SPD-DN-NSGA-II,IGDF,MMF5,21,0.0030810229290962666,All_Algorithms_Comparison_Results3.mat
SPD-DN-NSGA-II,IGDF,MMF5,22,0.003115875102689418,All_Algorithms_Comparison_Results3.mat
SPD-DN-NSGA-II,IGDF,MMF5,23,0.00307162813609449,All_Algorithms_Comparison_Results3.mat
SPD-DN-NSGA-II,IGDF,MMF5,24,0.003562881809645543,All_Algorithms_Comparison_Results3.mat
SPD-DN-NSGA-II,IGDF,MMF5,25,0.003298325076378844,All_Algorithms_Comparison_Results3.mat
SPD-DN-NSGA-II,IGDF,MMF5,26,0.003666165123928174,All_Algorithms_Comparison_Results3.mat
SPD-DN-NSGA-II,IGDF,MMF5,27,0.003073316429908534,All_Algorithms_Comparison_Results3.mat
SPD-DN-NSGA-II,IGDF,MMF5,28,0.02978030325286981,All_Algorithms_Comparison_Results3.mat
SPD-DN-NSGA-II,IGDF,MMF5,29,0.003275912488465399,All_Algorithms_Comparison_Results3.mat
SPD-DN-NSGA-II,IGDF,MMF5,30,0.003160702998663721,All_Algorithms_Comparison_Results3.mat
SPD-DN-NSGA-II,IGDF,MMF5,31,0.0032657543100739683,All_Algorithms_Comparison_Results3.mat
SPD-DN-NSGA-II,IGDF,MMF6,1,0.0030899571648490744,All_Algorithms_Comparison_Results3.mat
SPD-DN-NSGA-II,IGDF,MMF6,2,0.0033478311629616393,All_Algorithms_Comparison_Results3.mat
SPD-DN-NSGA-II,IGDF,MMF6,3,0.0033511134818791587,All_Algorithms_Comparison_Results3.mat
SPD-DN-NSGA-II,IGDF,MMF6,4,0.0033887044935615573,All_Algorithms_Comparison_Results3.mat
SPD-DN-NSGA-II,IGDF,MMF6,5,0.0034979854582137754,All_Algorithms_Comparison_Results3.mat
SPD-DN-NSGA-II,IGDF,MMF6,6,0.003298389405684058,All_Algorithms_Comparison_Results3.mat
SPD-DN-NSGA-II,IGDF,MMF6,7,0.003202165637305713,All_Algorithms_Comparison_Results3.mat
SPD-DN-NSGA-II,IGDF,MMF6,8,0.003155184802597229,All_Algorithms_Comparison_Results3.mat
SPD-DN-NSGA-II,IGDF,MMF6,9,0.003255609001567057,All_Algorithms_Comparison_Results3.mat
SPD-DN-NSGA-II,IGDF,MMF6,10,0.003337426191005319,All_Algorithms_Comparison_Results3.mat
SPD-DN-NSGA-II,IGDF,MMF6,11,0.003179147953297606,All_Algorithms_Comparison_Results3.mat
SPD-DN-NSGA-II,IGDF,MMF6,12,0.0033115436892034254,All_Algorithms_Comparison_Results3.mat
SPD-DN-NSGA-II,IGDF,MMF6,13,0.003059413960360653,All_Algorithms_Comparison_Results3.mat
SPD-DN-NSGA-II,IGDF,MMF6,14,0.00445774152086773,All_Algorithms_Comparison_Results3.mat
SPD-DN-NSGA-II,IGDF,MMF6,15,0.0032772103253033884,All_Algorithms_Comparison_Results3.mat
SPD-DN-NSGA-II,IGDF,MMF6,16,0.003340716778610661,All_Algorithms_Comparison_Results3.mat
SPD-DN-NSGA-II,IGDF,MMF6,17,0.0031596089357937784,All_Algorithms_Comparison_Results3.mat
SPD-DN-NSGA-II,IGDF,MMF6,18,0.0038864040741806638,All_Algorithms_Comparison_Results3.mat
SPD-DN-NSGA-II,IGDF,MMF6,19,0.0031506919347788465,All_Algorithms_Comparison_Results3.mat
SPD-DN-NSGA-II,IGDF,MMF6,20,0.003306917564638775,All_Algorithms_Comparison_Results3.mat
SPD-DN-NSGA-II,IGDF,MMF6,21,0.003413413345788241,All_Algorithms_Comparison_Results3.mat
SPD-DN-NSGA-II,IGDF,MMF6,22,0.0031692271933969982,All_Algorithms_Comparison_Results3.mat
SPD-DN-NSGA-II,IGDF,MMF6,23,0.0034228539153382254,All_Algorithms_Comparison_Results3.mat
SPD-DN-NSGA-II,IGDF,MMF6,24,0.003297477918667064,All_Algorithms_Comparison_Results3.mat
SPD-DN-NSGA-II,IGDF,MMF6,25,0.0033377022781044463,All_Algorithms_Comparison_Results3.mat
SPD-DN-NSGA-II,IGDF,MMF6,26,0.0032332801864294854,All_Algorithms_Comparison_Results3.mat
SPD-DN-NSGA-II,IGDF,MMF6,27,0.00339389133885977,All_Algorithms_Comparison_Results3.mat
SPD-DN-NSGA-II,IGDF,MMF6,28,0.006558144767719676,All_Algorithms_Comparison_Results3.mat
SPD-DN-NSGA-II,IGDF,MMF6,29,0.0032500173629830785,All_Algorithms_Comparison_Results3.mat
SPD-DN-NSGA-II,IGDF,MMF6,30,0.003216295380634201,All_Algorithms_Comparison_Results3.mat
SPD-DN-NSGA-II,IGDF,MMF6,31,0.004984629510819921,All_Algorithms_Comparison_Results3.mat
SPD-DN-NSGA-II,IGDF,MMF7,1,0.003728361543460695,All_Algorithms_Comparison_Results3.mat
SPD-DN-NSGA-II,IGDF,MMF7,2,0.0037808192849497087,All_Algorithms_Comparison_Results3.mat
SPD-DN-NSGA-II,IGDF,MMF7,3,0.004050693473342943,All_Algorithms_Comparison_Results3.mat
SPD-DN-NSGA-II,IGDF,MMF7,4,0.0036737686135511227,All_Algorithms_Comparison_Results3.mat
SPD-DN-NSGA-II,IGDF,MMF7,5,0.004044267319902695,All_Algorithms_Comparison_Results3.mat
SPD-DN-NSGA-II,IGDF,MMF7,6,0.032413251775236795,All_Algorithms_Comparison_Results3.mat
SPD-DN-NSGA-II,IGDF,MMF7,7,0.016350321968801616,All_Algorithms_Comparison_Results3.mat
SPD-DN-NSGA-II,IGDF,MMF7,8,0.0037013746557141712,All_Algorithms_Comparison_Results3.mat
SPD-DN-NSGA-II,IGDF,MMF7,9,0.004200437450912576,All_Algorithms_Comparison_Results3.mat
SPD-DN-NSGA-II,IGDF,MMF7,10,0.003745683353010708,All_Algorithms_Comparison_Results3.mat
SPD-DN-NSGA-II,IGDF,MMF7,11,0.0035706722590505215,All_Algorithms_Comparison_Results3.mat
SPD-DN-NSGA-II,IGDF,MMF7,12,0.003666033641698483,All_Algorithms_Comparison_Results3.mat
SPD-DN-NSGA-II,IGDF,MMF7,13,0.004203562458865048,All_Algorithms_Comparison_Results3.mat
SPD-DN-NSGA-II,IGDF,MMF7,14,0.0037519897047872067,All_Algorithms_Comparison_Results3.mat
SPD-DN-NSGA-II,IGDF,MMF7,15,0.02238955165786237,All_Algorithms_Comparison_Results3.mat
SPD-DN-NSGA-II,IGDF,MMF7,16,0.0036775589515498485,All_Algorithms_Comparison_Results3.mat
SPD-DN-NSGA-II,IGDF,MMF7,17,0.0038953045567847477,All_Algorithms_Comparison_Results3.mat
SPD-DN-NSGA-II,IGDF,MMF7,18,0.004277437519585315,All_Algorithms_Comparison_Results3.mat
SPD-DN-NSGA-II,IGDF,MMF7,19,0.003836695096345199,All_Algorithms_Comparison_Results3.mat
SPD-DN-NSGA-II,IGDF,MMF7,20,0.0037349173619156896,All_Algorithms_Comparison_Results3.mat
SPD-DN-NSGA-II,IGDF,MMF7,21,0.003451545280572067,All_Algorithms_Comparison_Results3.mat
SPD-DN-NSGA-II,IGDF,MMF7,22,0.004158963285593215,All_Algorithms_Comparison_Results3.mat
SPD-DN-NSGA-II,IGDF,MMF7,23,0.003390787558329418,All_Algorithms_Comparison_Results3.mat
SPD-DN-NSGA-II,IGDF,MMF7,24,0.003521671141204506,All_Algorithms_Comparison_Results3.mat
SPD-DN-NSGA-II,IGDF,MMF7,25,0.00345399049846132,All_Algorithms_Comparison_Results3.mat
SPD-DN-NSGA-II,IGDF,MMF7,26,0.004044066507784315,All_Algorithms_Comparison_Results3.mat
SPD-DN-NSGA-II,IGDF,MMF7,27,0.005560551789490118,All_Algorithms_Comparison_Results3.mat
SPD-DN-NSGA-II,IGDF,MMF7,28,0.0036751595374703828,All_Algorithms_Comparison_Results3.mat
SPD-DN-NSGA-II,IGDF,MMF7,29,0.007987867952043735,All_Algorithms_Comparison_Results3.mat
SPD-DN-NSGA-II,IGDF,MMF7,30,0.003715203617492433,All_Algorithms_Comparison_Results3.mat
SPD-DN-NSGA-II,IGDF,MMF7,31,0.004270550224927398,All_Algorithms_Comparison_Results3.mat
SPD-DN-NSGA-II,IGDF,MMF8,1,0.003552837812491026,All_Algorithms_Comparison_Results3.mat
SPD-DN-NSGA-II,IGDF,MMF8,2,0.003352564490782022,All_Algorithms_Comparison_Results3.mat
SPD-DN-NSGA-II,IGDF,MMF8,3,0.0035348645914790814,All_Algorithms_Comparison_Results3.mat
SPD-DN-NSGA-II,IGDF,MMF8,4,0.0029725473940231573,All_Algorithms_Comparison_Results3.mat
SPD-DN-NSGA-II,IGDF,MMF8,5,0.0036002873710852157,All_Algorithms_Comparison_Results3.mat
SPD-DN-NSGA-II,IGDF,MMF8,6,0.0034168481800904388,All_Algorithms_Comparison_Results3.mat
SPD-DN-NSGA-II,IGDF,MMF8,7,0.0036124166827624284,All_Algorithms_Comparison_Results3.mat
SPD-DN-NSGA-II,IGDF,MMF8,8,0.003327800414709126,All_Algorithms_Comparison_Results3.mat
SPD-DN-NSGA-II,IGDF,MMF8,9,0.0034105845229037437,All_Algorithms_Comparison_Results3.mat
SPD-DN-NSGA-II,IGDF,MMF8,10,0.0037446781866528017,All_Algorithms_Comparison_Results3.mat
SPD-DN-NSGA-II,IGDF,MMF8,11,0.003373844979493033,All_Algorithms_Comparison_Results3.mat
SPD-DN-NSGA-II,IGDF,MMF8,12,0.003217166356971934,All_Algorithms_Comparison_Results3.mat
SPD-DN-NSGA-II,IGDF,MMF8,13,0.0033186839930118895,All_Algorithms_Comparison_Results3.mat
SPD-DN-NSGA-II,IGDF,MMF8,14,0.0036373132027402067,All_Algorithms_Comparison_Results3.mat
SPD-DN-NSGA-II,IGDF,MMF8,15,0.0031522689759240106,All_Algorithms_Comparison_Results3.mat
SPD-DN-NSGA-II,IGDF,MMF8,16,0.0034772760927302294,All_Algorithms_Comparison_Results3.mat
SPD-DN-NSGA-II,IGDF,MMF8,17,0.0033737027697736937,All_Algorithms_Comparison_Results3.mat
SPD-DN-NSGA-II,IGDF,MMF8,18,0.003290178441570967,All_Algorithms_Comparison_Results3.mat
SPD-DN-NSGA-II,IGDF,MMF8,19,0.003450460772562728,All_Algorithms_Comparison_Results3.mat
SPD-DN-NSGA-II,IGDF,MMF8,20,0.0036544586808986233,All_Algorithms_Comparison_Results3.mat
SPD-DN-NSGA-II,IGDF,MMF8,21,0.0035755845404007625,All_Algorithms_Comparison_Results3.mat
SPD-DN-NSGA-II,IGDF,MMF8,22,0.0037768859042269574,All_Algorithms_Comparison_Results3.mat
SPD-DN-NSGA-II,IGDF,MMF8,23,0.003612545603999866,All_Algorithms_Comparison_Results3.mat
SPD-DN-NSGA-II,IGDF,MMF8,24,0.0034662463894706962,All_Algorithms_Comparison_Results3.mat
SPD-DN-NSGA-II,IGDF,MMF8,25,0.003280799833499725,All_Algorithms_Comparison_Results3.mat
SPD-DN-NSGA-II,IGDF,MMF8,26,0.003258628806577032,All_Algorithms_Comparison_Results3.mat
SPD-DN-NSGA-II,IGDF,MMF8,27,0.0036852775989468485,All_Algorithms_Comparison_Results3.mat
SPD-DN-NSGA-II,IGDF,MMF8,28,0.0034614927598664567,All_Algorithms_Comparison_Results3.mat
SPD-DN-NSGA-II,IGDF,MMF8,29,0.003234251630829632,All_Algorithms_Comparison_Results3.mat
SPD-DN-NSGA-II,IGDF,MMF8,30,0.003404852191826432,All_Algorithms_Comparison_Results3.mat
SPD-DN-NSGA-II,IGDF,MMF8,31,0.003883392112133389,All_Algorithms_Comparison_Results3.mat
SPD-DN-NSGA-II,IGDF,MMF9,1,1.0381640984722855,All_Algorithms_Comparison_Results3.mat
SPD-DN-NSGA-II,IGDF,MMF9,2,0.011117270338922175,All_Algorithms_Comparison_Results3.mat
SPD-DN-NSGA-II,IGDF,MMF9,3,0.013393143076775194,All_Algorithms_Comparison_Results3.mat
SPD-DN-NSGA-II,IGDF,MMF9,4,0.014215768218214495,All_Algorithms_Comparison_Results3.mat
SPD-DN-NSGA-II,IGDF,MMF9,5,0.01522056769051411,All_Algorithms_Comparison_Results3.mat
SPD-DN-NSGA-II,IGDF,MMF9,6,0.012389471957040548,All_Algorithms_Comparison_Results3.mat
SPD-DN-NSGA-II,IGDF,MMF9,7,0.012658968705178138,All_Algorithms_Comparison_Results3.mat
SPD-DN-NSGA-II,IGDF,MMF9,8,0.014084316395737312,All_Algorithms_Comparison_Results3.mat
SPD-DN-NSGA-II,IGDF,MMF9,9,0.014031886247496168,All_Algorithms_Comparison_Results3.mat
SPD-DN-NSGA-II,IGDF,MMF9,10,0.014367237588917624,All_Algorithms_Comparison_Results3.mat
SPD-DN-NSGA-II,IGDF,MMF9,11,0.013405452873095535,All_Algorithms_Comparison_Results3.mat
SPD-DN-NSGA-II,IGDF,MMF9,12,0.015071657608736412,All_Algorithms_Comparison_Results3.mat
SPD-DN-NSGA-II,IGDF,MMF9,13,0.09397246954410762,All_Algorithms_Comparison_Results3.mat
SPD-DN-NSGA-II,IGDF,MMF9,14,0.014316866171330423,All_Algorithms_Comparison_Results3.mat
SPD-DN-NSGA-II,IGDF,MMF9,15,0.01428493861034354,All_Algorithms_Comparison_Results3.mat
SPD-DN-NSGA-II,IGDF,MMF9,16,0.014482914530834633,All_Algorithms_Comparison_Results3.mat
SPD-DN-NSGA-II,IGDF,MMF9,17,0.011662612485074046,All_Algorithms_Comparison_Results3.mat
SPD-DN-NSGA-II,IGDF,MMF9,18,0.01174840415611469,All_Algorithms_Comparison_Results3.mat
SPD-DN-NSGA-II,IGDF,MMF9,19,0.014485584896341391,All_Algorithms_Comparison_Results3.mat
SPD-DN-NSGA-II,IGDF,MMF9,20,0.012988997042181826,All_Algorithms_Comparison_Results3.mat
SPD-DN-NSGA-II,IGDF,MMF9,21,0.011754622747548026,All_Algorithms_Comparison_Results3.mat
SPD-DN-NSGA-II,IGDF,MMF9,22,0.014274231298536211,All_Algorithms_Comparison_Results3.mat
SPD-DN-NSGA-II,IGDF,MMF9,23,0.012052300149209888,All_Algorithms_Comparison_Results3.mat
SPD-DN-NSGA-II,IGDF,MMF9,24,0.06288720287940563,All_Algorithms_Comparison_Results3.mat
SPD-DN-NSGA-II,IGDF,MMF9,25,0.015211099134136102,All_Algorithms_Comparison_Results3.mat
SPD-DN-NSGA-II,IGDF,MMF9,26,0.013583053610133882,All_Algorithms_Comparison_Results3.mat
SPD-DN-NSGA-II,IGDF,MMF9,27,0.013760444579434806,All_Algorithms_Comparison_Results3.mat
SPD-DN-NSGA-II,IGDF,MMF9,28,0.2193417676678039,All_Algorithms_Comparison_Results3.mat
SPD-DN-NSGA-II,IGDF,MMF9,29,0.011653753694100273,All_Algorithms_Comparison_Results3.mat
SPD-DN-NSGA-II,IGDF,MMF9,30,0.013988057287229887,All_Algorithms_Comparison_Results3.mat
SPD-DN-NSGA-II,IGDF,MMF9,31,0.013476228189649971,All_Algorithms_Comparison_Results3.mat
SPD-DN-NSGA-II,IGDF,MMF10,1,0.19541608645650768,All_Algorithms_Comparison_Results3.mat
SPD-DN-NSGA-II,IGDF,MMF10,2,0.1955437082466209,All_Algorithms_Comparison_Results3.mat
SPD-DN-NSGA-II,IGDF,MMF10,3,0.1950206354223087,All_Algorithms_Comparison_Results3.mat
SPD-DN-NSGA-II,IGDF,MMF10,4,0.19680691803991876,All_Algorithms_Comparison_Results3.mat
SPD-DN-NSGA-II,IGDF,MMF10,5,0.19526414717751192,All_Algorithms_Comparison_Results3.mat
SPD-DN-NSGA-II,IGDF,MMF10,6,0.1951153789091572,All_Algorithms_Comparison_Results3.mat
SPD-DN-NSGA-II,IGDF,MMF10,7,0.19538872769145668,All_Algorithms_Comparison_Results3.mat
SPD-DN-NSGA-II,IGDF,MMF10,8,0.19634261869420885,All_Algorithms_Comparison_Results3.mat
SPD-DN-NSGA-II,IGDF,MMF10,9,0.19568252915358655,All_Algorithms_Comparison_Results3.mat
SPD-DN-NSGA-II,IGDF,MMF10,10,0.195502790931437,All_Algorithms_Comparison_Results3.mat
SPD-DN-NSGA-II,IGDF,MMF10,11,0.3681565338771316,All_Algorithms_Comparison_Results3.mat
SPD-DN-NSGA-II,IGDF,MMF10,12,0.2699231283631109,All_Algorithms_Comparison_Results3.mat
SPD-DN-NSGA-II,IGDF,MMF10,13,0.19480191351798218,All_Algorithms_Comparison_Results3.mat
SPD-DN-NSGA-II,IGDF,MMF10,14,0.19608011627656058,All_Algorithms_Comparison_Results3.mat
SPD-DN-NSGA-II,IGDF,MMF10,15,0.1955044396673042,All_Algorithms_Comparison_Results3.mat
SPD-DN-NSGA-II,IGDF,MMF10,16,0.1957343313920746,All_Algorithms_Comparison_Results3.mat
SPD-DN-NSGA-II,IGDF,MMF10,17,0.1635873354405464,All_Algorithms_Comparison_Results3.mat
SPD-DN-NSGA-II,IGDF,MMF10,18,0.20067301129360493,All_Algorithms_Comparison_Results3.mat
SPD-DN-NSGA-II,IGDF,MMF10,19,0.1955355698710032,All_Algorithms_Comparison_Results3.mat
SPD-DN-NSGA-II,IGDF,MMF10,20,0.19824518608343028,All_Algorithms_Comparison_Results3.mat
SPD-DN-NSGA-II,IGDF,MMF10,21,0.1981304561249191,All_Algorithms_Comparison_Results3.mat
SPD-DN-NSGA-II,IGDF,MMF10,22,0.19488526998621974,All_Algorithms_Comparison_Results3.mat
SPD-DN-NSGA-II,IGDF,MMF10,23,0.19542442700154342,All_Algorithms_Comparison_Results3.mat
SPD-DN-NSGA-II,IGDF,MMF10,24,0.19550641868663063,All_Algorithms_Comparison_Results3.mat
SPD-DN-NSGA-II,IGDF,MMF10,25,0.1961454415096339,All_Algorithms_Comparison_Results3.mat
SPD-DN-NSGA-II,IGDF,MMF10,26,0.19937764286095125,All_Algorithms_Comparison_Results3.mat
SPD-DN-NSGA-II,IGDF,MMF10,27,0.19551796736114896,All_Algorithms_Comparison_Results3.mat
SPD-DN-NSGA-II,IGDF,MMF10,28,0.1950571463945355,All_Algorithms_Comparison_Results3.mat
SPD-DN-NSGA-II,IGDF,MMF10,29,0.1969760587463949,All_Algorithms_Comparison_Results3.mat
SPD-DN-NSGA-II,IGDF,MMF10,30,0.195678099210179,All_Algorithms_Comparison_Results3.mat
SPD-DN-NSGA-II,IGDF,MMF10,31,0.1956369545175225,All_Algorithms_Comparison_Results3.mat
SPD-DN-NSGA-II,IGDF,MMF11,1,0.09504534118640043,All_Algorithms_Comparison_Results3.mat
SPD-DN-NSGA-II,IGDF,MMF11,2,0.23556041859613888,All_Algorithms_Comparison_Results3.mat
SPD-DN-NSGA-II,IGDF,MMF11,3,0.09854375075755241,All_Algorithms_Comparison_Results3.mat
SPD-DN-NSGA-II,IGDF,MMF11,4,0.09818184745982243,All_Algorithms_Comparison_Results3.mat
SPD-DN-NSGA-II,IGDF,MMF11,5,0.09796913658938415,All_Algorithms_Comparison_Results3.mat
SPD-DN-NSGA-II,IGDF,MMF11,6,0.09675218722026539,All_Algorithms_Comparison_Results3.mat
SPD-DN-NSGA-II,IGDF,MMF11,7,0.09622907698661766,All_Algorithms_Comparison_Results3.mat
SPD-DN-NSGA-II,IGDF,MMF11,8,0.09645085662284851,All_Algorithms_Comparison_Results3.mat
SPD-DN-NSGA-II,IGDF,MMF11,9,0.09647584067186632,All_Algorithms_Comparison_Results3.mat
SPD-DN-NSGA-II,IGDF,MMF11,10,0.09577284052879868,All_Algorithms_Comparison_Results3.mat
SPD-DN-NSGA-II,IGDF,MMF11,11,0.09739136340954645,All_Algorithms_Comparison_Results3.mat
SPD-DN-NSGA-II,IGDF,MMF11,12,0.09522523347047816,All_Algorithms_Comparison_Results3.mat
SPD-DN-NSGA-II,IGDF,MMF11,13,0.09887082216081546,All_Algorithms_Comparison_Results3.mat
SPD-DN-NSGA-II,IGDF,MMF11,14,0.09673127843916862,All_Algorithms_Comparison_Results3.mat
SPD-DN-NSGA-II,IGDF,MMF11,15,0.09531405332903464,All_Algorithms_Comparison_Results3.mat
SPD-DN-NSGA-II,IGDF,MMF11,16,0.09708518861208627,All_Algorithms_Comparison_Results3.mat
SPD-DN-NSGA-II,IGDF,MMF11,17,0.09717250192443609,All_Algorithms_Comparison_Results3.mat
SPD-DN-NSGA-II,IGDF,MMF11,18,0.09630305525832743,All_Algorithms_Comparison_Results3.mat
SPD-DN-NSGA-II,IGDF,MMF11,19,0.09548156569428992,All_Algorithms_Comparison_Results3.mat
SPD-DN-NSGA-II,IGDF,MMF11,20,0.09647890054378956,All_Algorithms_Comparison_Results3.mat
SPD-DN-NSGA-II,IGDF,MMF11,21,0.09669703194763696,All_Algorithms_Comparison_Results3.mat
SPD-DN-NSGA-II,IGDF,MMF11,22,0.095544106788861,All_Algorithms_Comparison_Results3.mat
SPD-DN-NSGA-II,IGDF,MMF11,23,0.14536422055743256,All_Algorithms_Comparison_Results3.mat
SPD-DN-NSGA-II,IGDF,MMF11,24,0.09543765294258222,All_Algorithms_Comparison_Results3.mat
SPD-DN-NSGA-II,IGDF,MMF11,25,0.09648466727472592,All_Algorithms_Comparison_Results3.mat
SPD-DN-NSGA-II,IGDF,MMF11,26,0.09583958561373405,All_Algorithms_Comparison_Results3.mat
SPD-DN-NSGA-II,IGDF,MMF11,27,0.09625112744292713,All_Algorithms_Comparison_Results3.mat
SPD-DN-NSGA-II,IGDF,MMF11,28,0.09641748351509109,All_Algorithms_Comparison_Results3.mat
SPD-DN-NSGA-II,IGDF,MMF11,29,0.09549099025773923,All_Algorithms_Comparison_Results3.mat
SPD-DN-NSGA-II,IGDF,MMF11,30,0.09611251062011775,All_Algorithms_Comparison_Results3.mat
SPD-DN-NSGA-II,IGDF,MMF11,31,0.09586142447963955,All_Algorithms_Comparison_Results3.mat
SPD-DN-NSGA-II,IGDF,MMF12,1,0.083020395376164,All_Algorithms_Comparison_Results3.mat
SPD-DN-NSGA-II,IGDF,MMF12,2,0.08291176573547053,All_Algorithms_Comparison_Results3.mat
SPD-DN-NSGA-II,IGDF,MMF12,3,0.08286294541541017,All_Algorithms_Comparison_Results3.mat
SPD-DN-NSGA-II,IGDF,MMF12,4,0.08287908037533072,All_Algorithms_Comparison_Results3.mat
SPD-DN-NSGA-II,IGDF,MMF12,5,0.08293181150183383,All_Algorithms_Comparison_Results3.mat
SPD-DN-NSGA-II,IGDF,MMF12,6,0.08324157479075388,All_Algorithms_Comparison_Results3.mat
SPD-DN-NSGA-II,IGDF,MMF12,7,0.0830966755540228,All_Algorithms_Comparison_Results3.mat
SPD-DN-NSGA-II,IGDF,MMF12,8,0.08302596199083047,All_Algorithms_Comparison_Results3.mat
SPD-DN-NSGA-II,IGDF,MMF12,9,0.08310698211362098,All_Algorithms_Comparison_Results3.mat
SPD-DN-NSGA-II,IGDF,MMF12,10,0.08294623159011229,All_Algorithms_Comparison_Results3.mat
SPD-DN-NSGA-II,IGDF,MMF12,11,0.08308681080008005,All_Algorithms_Comparison_Results3.mat
SPD-DN-NSGA-II,IGDF,MMF12,12,0.08316225891242988,All_Algorithms_Comparison_Results3.mat
SPD-DN-NSGA-II,IGDF,MMF12,13,0.08298146621161004,All_Algorithms_Comparison_Results3.mat
SPD-DN-NSGA-II,IGDF,MMF12,14,0.08314019969395234,All_Algorithms_Comparison_Results3.mat
SPD-DN-NSGA-II,IGDF,MMF12,15,0.08336729266719585,All_Algorithms_Comparison_Results3.mat
SPD-DN-NSGA-II,IGDF,MMF12,16,0.08302666091843026,All_Algorithms_Comparison_Results3.mat
SPD-DN-NSGA-II,IGDF,MMF12,17,0.0830322246567284,All_Algorithms_Comparison_Results3.mat
SPD-DN-NSGA-II,IGDF,MMF12,18,0.0829718800058854,All_Algorithms_Comparison_Results3.mat
SPD-DN-NSGA-II,IGDF,MMF12,19,0.0840218498038147,All_Algorithms_Comparison_Results3.mat
SPD-DN-NSGA-II,IGDF,MMF12,20,0.08323447449904539,All_Algorithms_Comparison_Results3.mat
SPD-DN-NSGA-II,IGDF,MMF12,21,0.08295761519822527,All_Algorithms_Comparison_Results3.mat
SPD-DN-NSGA-II,IGDF,MMF12,22,0.0830444422026855,All_Algorithms_Comparison_Results3.mat
SPD-DN-NSGA-II,IGDF,MMF12,23,0.08306580060759317,All_Algorithms_Comparison_Results3.mat
SPD-DN-NSGA-II,IGDF,MMF12,24,0.08310298933775408,All_Algorithms_Comparison_Results3.mat
SPD-DN-NSGA-II,IGDF,MMF12,25,0.08313217680516577,All_Algorithms_Comparison_Results3.mat
SPD-DN-NSGA-II,IGDF,MMF12,26,0.08927669889950438,All_Algorithms_Comparison_Results3.mat
SPD-DN-NSGA-II,IGDF,MMF12,27,0.08303732110050398,All_Algorithms_Comparison_Results3.mat
SPD-DN-NSGA-II,IGDF,MMF12,28,0.08311661347119462,All_Algorithms_Comparison_Results3.mat
SPD-DN-NSGA-II,IGDF,MMF12,29,0.08309278662982902,All_Algorithms_Comparison_Results3.mat
SPD-DN-NSGA-II,IGDF,MMF12,30,0.08320509428602703,All_Algorithms_Comparison_Results3.mat
SPD-DN-NSGA-II,IGDF,MMF12,31,0.7589499251813406,All_Algorithms_Comparison_Results3.mat
SPD-DN-NSGA-II,IGDF,MMF13,1,0.15714813703541664,All_Algorithms_Comparison_Results3.mat
SPD-DN-NSGA-II,IGDF,MMF13,2,0.1513378308811361,All_Algorithms_Comparison_Results3.mat
SPD-DN-NSGA-II,IGDF,MMF13,3,0.14798883836195223,All_Algorithms_Comparison_Results3.mat
SPD-DN-NSGA-II,IGDF,MMF13,4,0.14903289726274158,All_Algorithms_Comparison_Results3.mat
SPD-DN-NSGA-II,IGDF,MMF13,5,0.1529676459091359,All_Algorithms_Comparison_Results3.mat
SPD-DN-NSGA-II,IGDF,MMF13,6,0.1503642906608095,All_Algorithms_Comparison_Results3.mat
SPD-DN-NSGA-II,IGDF,MMF13,7,0.1530594249392091,All_Algorithms_Comparison_Results3.mat
SPD-DN-NSGA-II,IGDF,MMF13,8,0.17459482538477722,All_Algorithms_Comparison_Results3.mat
SPD-DN-NSGA-II,IGDF,MMF13,9,0.183624680832134,All_Algorithms_Comparison_Results3.mat
SPD-DN-NSGA-II,IGDF,MMF13,10,0.1497094048786139,All_Algorithms_Comparison_Results3.mat
SPD-DN-NSGA-II,IGDF,MMF13,11,0.1573642746213669,All_Algorithms_Comparison_Results3.mat
SPD-DN-NSGA-II,IGDF,MMF13,12,0.14653423208343297,All_Algorithms_Comparison_Results3.mat
SPD-DN-NSGA-II,IGDF,MMF13,13,0.1526038691089104,All_Algorithms_Comparison_Results3.mat
SPD-DN-NSGA-II,IGDF,MMF13,14,0.15211955945853506,All_Algorithms_Comparison_Results3.mat
SPD-DN-NSGA-II,IGDF,MMF13,15,0.15136222833452995,All_Algorithms_Comparison_Results3.mat
SPD-DN-NSGA-II,IGDF,MMF13,16,0.15349774428092344,All_Algorithms_Comparison_Results3.mat
SPD-DN-NSGA-II,IGDF,MMF13,17,0.14682334537949887,All_Algorithms_Comparison_Results3.mat
SPD-DN-NSGA-II,IGDF,MMF13,18,0.1499674866934074,All_Algorithms_Comparison_Results3.mat
SPD-DN-NSGA-II,IGDF,MMF13,19,0.15306519423464748,All_Algorithms_Comparison_Results3.mat
SPD-DN-NSGA-II,IGDF,MMF13,20,0.15144476418443195,All_Algorithms_Comparison_Results3.mat
SPD-DN-NSGA-II,IGDF,MMF13,21,0.15175816635353193,All_Algorithms_Comparison_Results3.mat
SPD-DN-NSGA-II,IGDF,MMF13,22,0.15040973975449637,All_Algorithms_Comparison_Results3.mat
SPD-DN-NSGA-II,IGDF,MMF13,23,0.14771143095412567,All_Algorithms_Comparison_Results3.mat
SPD-DN-NSGA-II,IGDF,MMF13,24,0.14843010507131904,All_Algorithms_Comparison_Results3.mat
SPD-DN-NSGA-II,IGDF,MMF13,25,0.15325518003956676,All_Algorithms_Comparison_Results3.mat
SPD-DN-NSGA-II,IGDF,MMF13,26,0.15222371750063826,All_Algorithms_Comparison_Results3.mat
SPD-DN-NSGA-II,IGDF,MMF13,27,0.15158372131821365,All_Algorithms_Comparison_Results3.mat
SPD-DN-NSGA-II,IGDF,MMF13,28,0.14843531002611768,All_Algorithms_Comparison_Results3.mat
SPD-DN-NSGA-II,IGDF,MMF13,29,0.16825223842673875,All_Algorithms_Comparison_Results3.mat
SPD-DN-NSGA-II,IGDF,MMF13,30,0.14929114703512336,All_Algorithms_Comparison_Results3.mat
SPD-DN-NSGA-II,IGDF,MMF13,31,0.15945176585979792,All_Algorithms_Comparison_Results3.mat
SPD-DN-NSGA-II,IGDF,MMF14,1,0.10108418239255534,All_Algorithms_Comparison_Results3.mat
SPD-DN-NSGA-II,IGDF,MMF14,2,0.11040364456851633,All_Algorithms_Comparison_Results3.mat
SPD-DN-NSGA-II,IGDF,MMF14,3,0.0988568209599812,All_Algorithms_Comparison_Results3.mat
SPD-DN-NSGA-II,IGDF,MMF14,4,0.10973304656329347,All_Algorithms_Comparison_Results3.mat
SPD-DN-NSGA-II,IGDF,MMF14,5,0.08732879284963928,All_Algorithms_Comparison_Results3.mat
SPD-DN-NSGA-II,IGDF,MMF14,6,0.09612809119022545,All_Algorithms_Comparison_Results3.mat
SPD-DN-NSGA-II,IGDF,MMF14,7,0.10088799665183931,All_Algorithms_Comparison_Results3.mat
SPD-DN-NSGA-II,IGDF,MMF14,8,0.0984433924881912,All_Algorithms_Comparison_Results3.mat
SPD-DN-NSGA-II,IGDF,MMF14,9,0.09677908168328349,All_Algorithms_Comparison_Results3.mat
SPD-DN-NSGA-II,IGDF,MMF14,10,0.09993261839997045,All_Algorithms_Comparison_Results3.mat
SPD-DN-NSGA-II,IGDF,MMF14,11,0.09822325385395261,All_Algorithms_Comparison_Results3.mat
SPD-DN-NSGA-II,IGDF,MMF14,12,0.09490936526870962,All_Algorithms_Comparison_Results3.mat
SPD-DN-NSGA-II,IGDF,MMF14,13,0.09841641176794386,All_Algorithms_Comparison_Results3.mat
SPD-DN-NSGA-II,IGDF,MMF14,14,0.09423525725991637,All_Algorithms_Comparison_Results3.mat
SPD-DN-NSGA-II,IGDF,MMF14,15,0.10632965768004812,All_Algorithms_Comparison_Results3.mat
SPD-DN-NSGA-II,IGDF,MMF14,16,0.09811471359924837,All_Algorithms_Comparison_Results3.mat
SPD-DN-NSGA-II,IGDF,MMF14,17,0.10075558296887971,All_Algorithms_Comparison_Results3.mat
SPD-DN-NSGA-II,IGDF,MMF14,18,0.10216568759294116,All_Algorithms_Comparison_Results3.mat
SPD-DN-NSGA-II,IGDF,MMF14,19,0.09271090257323397,All_Algorithms_Comparison_Results3.mat
SPD-DN-NSGA-II,IGDF,MMF14,20,0.11050181038462129,All_Algorithms_Comparison_Results3.mat
SPD-DN-NSGA-II,IGDF,MMF14,21,0.09825990793907002,All_Algorithms_Comparison_Results3.mat
SPD-DN-NSGA-II,IGDF,MMF14,22,0.09004399887082046,All_Algorithms_Comparison_Results3.mat
SPD-DN-NSGA-II,IGDF,MMF14,23,0.10328989667684664,All_Algorithms_Comparison_Results3.mat
SPD-DN-NSGA-II,IGDF,MMF14,24,0.10100922558915824,All_Algorithms_Comparison_Results3.mat
SPD-DN-NSGA-II,IGDF,MMF14,25,0.09863594700688189,All_Algorithms_Comparison_Results3.mat
SPD-DN-NSGA-II,IGDF,MMF14,26,0.09426444687096797,All_Algorithms_Comparison_Results3.mat
SPD-DN-NSGA-II,IGDF,MMF14,27,0.09664770766653201,All_Algorithms_Comparison_Results3.mat
SPD-DN-NSGA-II,IGDF,MMF14,28,0.09264274632803782,All_Algorithms_Comparison_Results3.mat
SPD-DN-NSGA-II,IGDF,MMF14,29,0.10006805054709297,All_Algorithms_Comparison_Results3.mat
SPD-DN-NSGA-II,IGDF,MMF14,30,0.09788483119081161,All_Algorithms_Comparison_Results3.mat
SPD-DN-NSGA-II,IGDF,MMF14,31,0.09769618070738477,All_Algorithms_Comparison_Results3.mat
SPD-DN-NSGA-II,IGDF,MMF15,1,0.20308130204266647,All_Algorithms_Comparison_Results3.mat
SPD-DN-NSGA-II,IGDF,MMF15,2,0.20420188809360634,All_Algorithms_Comparison_Results3.mat
SPD-DN-NSGA-II,IGDF,MMF15,3,0.20537459550415887,All_Algorithms_Comparison_Results3.mat
SPD-DN-NSGA-II,IGDF,MMF15,4,0.20754689443530833,All_Algorithms_Comparison_Results3.mat
SPD-DN-NSGA-II,IGDF,MMF15,5,0.20337555331090246,All_Algorithms_Comparison_Results3.mat
SPD-DN-NSGA-II,IGDF,MMF15,6,0.19917811182195325,All_Algorithms_Comparison_Results3.mat
SPD-DN-NSGA-II,IGDF,MMF15,7,0.19124120234885172,All_Algorithms_Comparison_Results3.mat
SPD-DN-NSGA-II,IGDF,MMF15,8,0.21432959967241155,All_Algorithms_Comparison_Results3.mat
SPD-DN-NSGA-II,IGDF,MMF15,9,0.1979969471732462,All_Algorithms_Comparison_Results3.mat
SPD-DN-NSGA-II,IGDF,MMF15,10,0.20491909755311993,All_Algorithms_Comparison_Results3.mat
SPD-DN-NSGA-II,IGDF,MMF15,11,0.2084781146369681,All_Algorithms_Comparison_Results3.mat
SPD-DN-NSGA-II,IGDF,MMF15,12,0.19136117100803557,All_Algorithms_Comparison_Results3.mat
SPD-DN-NSGA-II,IGDF,MMF15,13,0.20898510531117234,All_Algorithms_Comparison_Results3.mat
SPD-DN-NSGA-II,IGDF,MMF15,14,0.20103014445241046,All_Algorithms_Comparison_Results3.mat
SPD-DN-NSGA-II,IGDF,MMF15,15,0.1998208679694582,All_Algorithms_Comparison_Results3.mat
SPD-DN-NSGA-II,IGDF,MMF15,16,0.22649577709489754,All_Algorithms_Comparison_Results3.mat
SPD-DN-NSGA-II,IGDF,MMF15,17,0.20933984569894146,All_Algorithms_Comparison_Results3.mat
SPD-DN-NSGA-II,IGDF,MMF15,18,0.20634777114746372,All_Algorithms_Comparison_Results3.mat
SPD-DN-NSGA-II,IGDF,MMF15,19,0.21364365370404248,All_Algorithms_Comparison_Results3.mat
SPD-DN-NSGA-II,IGDF,MMF15,20,0.1960724793909449,All_Algorithms_Comparison_Results3.mat
SPD-DN-NSGA-II,IGDF,MMF15,21,0.20156708804469475,All_Algorithms_Comparison_Results3.mat
SPD-DN-NSGA-II,IGDF,MMF15,22,0.20672181159147213,All_Algorithms_Comparison_Results3.mat
SPD-DN-NSGA-II,IGDF,MMF15,23,0.204061176672501,All_Algorithms_Comparison_Results3.mat
SPD-DN-NSGA-II,IGDF,MMF15,24,0.212754265996566,All_Algorithms_Comparison_Results3.mat
SPD-DN-NSGA-II,IGDF,MMF15,25,0.20638565616689225,All_Algorithms_Comparison_Results3.mat
SPD-DN-NSGA-II,IGDF,MMF15,26,0.20396964971622059,All_Algorithms_Comparison_Results3.mat
SPD-DN-NSGA-II,IGDF,MMF15,27,0.2055048445854941,All_Algorithms_Comparison_Results3.mat
SPD-DN-NSGA-II,IGDF,MMF15,28,0.20409861254634049,All_Algorithms_Comparison_Results3.mat
SPD-DN-NSGA-II,IGDF,MMF15,29,0.19971646913498858,All_Algorithms_Comparison_Results3.mat
SPD-DN-NSGA-II,IGDF,MMF15,30,0.20611573148888623,All_Algorithms_Comparison_Results3.mat
SPD-DN-NSGA-II,IGDF,MMF15,31,0.21201921534885468,All_Algorithms_Comparison_Results3.mat
SPD-DN-NSGA-II,IGDF,MMF1_z,1,0.0030883979071847567,All_Algorithms_Comparison_Results3.mat
SPD-DN-NSGA-II,IGDF,MMF1_z,2,0.0033026905472858126,All_Algorithms_Comparison_Results3.mat
SPD-DN-NSGA-II,IGDF,MMF1_z,3,0.0033384130982758576,All_Algorithms_Comparison_Results3.mat
SPD-DN-NSGA-II,IGDF,MMF1_z,4,0.0030805045138740795,All_Algorithms_Comparison_Results3.mat
SPD-DN-NSGA-II,IGDF,MMF1_z,5,0.003276908724353933,All_Algorithms_Comparison_Results3.mat
SPD-DN-NSGA-II,IGDF,MMF1_z,6,0.003144910210885826,All_Algorithms_Comparison_Results3.mat
SPD-DN-NSGA-II,IGDF,MMF1_z,7,0.00324039780517203,All_Algorithms_Comparison_Results3.mat
SPD-DN-NSGA-II,IGDF,MMF1_z,8,0.00308985209527227,All_Algorithms_Comparison_Results3.mat
SPD-DN-NSGA-II,IGDF,MMF1_z,9,0.003035333249624356,All_Algorithms_Comparison_Results3.mat
SPD-DN-NSGA-II,IGDF,MMF1_z,10,0.0032081516919414627,All_Algorithms_Comparison_Results3.mat
SPD-DN-NSGA-II,IGDF,MMF1_z,11,0.003092808186606035,All_Algorithms_Comparison_Results3.mat
SPD-DN-NSGA-II,IGDF,MMF1_z,12,0.014332091205132942,All_Algorithms_Comparison_Results3.mat
SPD-DN-NSGA-II,IGDF,MMF1_z,13,0.003231205030927833,All_Algorithms_Comparison_Results3.mat
SPD-DN-NSGA-II,IGDF,MMF1_z,14,0.003283708167332987,All_Algorithms_Comparison_Results3.mat
SPD-DN-NSGA-II,IGDF,MMF1_z,15,0.003260942801730719,All_Algorithms_Comparison_Results3.mat
SPD-DN-NSGA-II,IGDF,MMF1_z,16,0.003084452553818693,All_Algorithms_Comparison_Results3.mat
SPD-DN-NSGA-II,IGDF,MMF1_z,17,0.004707820924434298,All_Algorithms_Comparison_Results3.mat
SPD-DN-NSGA-II,IGDF,MMF1_z,18,0.0031339803121724686,All_Algorithms_Comparison_Results3.mat
SPD-DN-NSGA-II,IGDF,MMF1_z,19,0.004940837648145151,All_Algorithms_Comparison_Results3.mat
SPD-DN-NSGA-II,IGDF,MMF1_z,20,0.0031697724262602154,All_Algorithms_Comparison_Results3.mat
SPD-DN-NSGA-II,IGDF,MMF1_z,21,0.003131174711546122,All_Algorithms_Comparison_Results3.mat
SPD-DN-NSGA-II,IGDF,MMF1_z,22,0.004253011518053688,All_Algorithms_Comparison_Results3.mat
SPD-DN-NSGA-II,IGDF,MMF1_z,23,0.0033370105978335995,All_Algorithms_Comparison_Results3.mat
SPD-DN-NSGA-II,IGDF,MMF1_z,24,0.0032036456897759297,All_Algorithms_Comparison_Results3.mat
SPD-DN-NSGA-II,IGDF,MMF1_z,25,0.003205746002763582,All_Algorithms_Comparison_Results3.mat
SPD-DN-NSGA-II,IGDF,MMF1_z,26,0.0032511461033455785,All_Algorithms_Comparison_Results3.mat
SPD-DN-NSGA-II,IGDF,MMF1_z,27,0.0032434786434859036,All_Algorithms_Comparison_Results3.mat
SPD-DN-NSGA-II,IGDF,MMF1_z,28,0.004929866683522516,All_Algorithms_Comparison_Results3.mat
SPD-DN-NSGA-II,IGDF,MMF1_z,29,0.003016981468821884,All_Algorithms_Comparison_Results3.mat
SPD-DN-NSGA-II,IGDF,MMF1_z,30,0.003278228309217769,All_Algorithms_Comparison_Results3.mat
SPD-DN-NSGA-II,IGDF,MMF1_z,31,0.003520558349563366,All_Algorithms_Comparison_Results3.mat
SPD-DN-NSGA-II,IGDF,MMF1_e,1,0.0035214109792011195,All_Algorithms_Comparison_Results3.mat
SPD-DN-NSGA-II,IGDF,MMF1_e,2,0.0032634491713763743,All_Algorithms_Comparison_Results3.mat
SPD-DN-NSGA-II,IGDF,MMF1_e,3,0.003036492120150355,All_Algorithms_Comparison_Results3.mat
SPD-DN-NSGA-II,IGDF,MMF1_e,4,0.003108038890630236,All_Algorithms_Comparison_Results3.mat
SPD-DN-NSGA-II,IGDF,MMF1_e,5,0.003298133015671874,All_Algorithms_Comparison_Results3.mat
SPD-DN-NSGA-II,IGDF,MMF1_e,6,0.0034222314669974953,All_Algorithms_Comparison_Results3.mat
SPD-DN-NSGA-II,IGDF,MMF1_e,7,0.0031971572686234216,All_Algorithms_Comparison_Results3.mat
SPD-DN-NSGA-II,IGDF,MMF1_e,8,0.0032097983398064857,All_Algorithms_Comparison_Results3.mat
SPD-DN-NSGA-II,IGDF,MMF1_e,9,0.0028830199304365127,All_Algorithms_Comparison_Results3.mat
SPD-DN-NSGA-II,IGDF,MMF1_e,10,0.003285781428869787,All_Algorithms_Comparison_Results3.mat
SPD-DN-NSGA-II,IGDF,MMF1_e,11,0.00319559874665524,All_Algorithms_Comparison_Results3.mat
SPD-DN-NSGA-II,IGDF,MMF1_e,12,0.00334904491575758,All_Algorithms_Comparison_Results3.mat
SPD-DN-NSGA-II,IGDF,MMF1_e,13,0.0030552489583268033,All_Algorithms_Comparison_Results3.mat
SPD-DN-NSGA-II,IGDF,MMF1_e,14,0.00321430304093991,All_Algorithms_Comparison_Results3.mat
SPD-DN-NSGA-II,IGDF,MMF1_e,15,0.005479060292082996,All_Algorithms_Comparison_Results3.mat
SPD-DN-NSGA-II,IGDF,MMF1_e,16,0.0033028047394499573,All_Algorithms_Comparison_Results3.mat
SPD-DN-NSGA-II,IGDF,MMF1_e,17,0.003153389639250947,All_Algorithms_Comparison_Results3.mat
SPD-DN-NSGA-II,IGDF,MMF1_e,18,0.004045492922909793,All_Algorithms_Comparison_Results3.mat
SPD-DN-NSGA-II,IGDF,MMF1_e,19,0.04683014160231123,All_Algorithms_Comparison_Results3.mat
SPD-DN-NSGA-II,IGDF,MMF1_e,20,0.0032113412704085215,All_Algorithms_Comparison_Results3.mat
SPD-DN-NSGA-II,IGDF,MMF1_e,21,0.003350909971647664,All_Algorithms_Comparison_Results3.mat
SPD-DN-NSGA-II,IGDF,MMF1_e,22,0.003158787048291982,All_Algorithms_Comparison_Results3.mat
SPD-DN-NSGA-II,IGDF,MMF1_e,23,0.0031292508111480538,All_Algorithms_Comparison_Results3.mat
SPD-DN-NSGA-II,IGDF,MMF1_e,24,0.002805475822504431,All_Algorithms_Comparison_Results3.mat
SPD-DN-NSGA-II,IGDF,MMF1_e,25,0.00320950687496384,All_Algorithms_Comparison_Results3.mat
SPD-DN-NSGA-II,IGDF,MMF1_e,26,0.023797160128057025,All_Algorithms_Comparison_Results3.mat
SPD-DN-NSGA-II,IGDF,MMF1_e,27,0.0030010277121932773,All_Algorithms_Comparison_Results3.mat
SPD-DN-NSGA-II,IGDF,MMF1_e,28,0.003069591203740095,All_Algorithms_Comparison_Results3.mat
SPD-DN-NSGA-II,IGDF,MMF1_e,29,0.002896313889517259,All_Algorithms_Comparison_Results3.mat
SPD-DN-NSGA-II,IGDF,MMF1_e,30,0.00334852816869229,All_Algorithms_Comparison_Results3.mat
SPD-DN-NSGA-II,IGDF,MMF1_e,31,0.0031918421993948672,All_Algorithms_Comparison_Results3.mat
SPD-DN-NSGA-II,IGDF,MMF14_a,1,0.09736818480329656,All_Algorithms_Comparison_Results3.mat
SPD-DN-NSGA-II,IGDF,MMF14_a,2,0.105082593584804,All_Algorithms_Comparison_Results3.mat
SPD-DN-NSGA-II,IGDF,MMF14_a,3,0.10487732962577329,All_Algorithms_Comparison_Results3.mat
SPD-DN-NSGA-II,IGDF,MMF14_a,4,0.0953593863952825,All_Algorithms_Comparison_Results3.mat
SPD-DN-NSGA-II,IGDF,MMF14_a,5,0.09628100951494095,All_Algorithms_Comparison_Results3.mat
SPD-DN-NSGA-II,IGDF,MMF14_a,6,0.21829726893771412,All_Algorithms_Comparison_Results3.mat
SPD-DN-NSGA-II,IGDF,MMF14_a,7,0.12025171518164571,All_Algorithms_Comparison_Results3.mat
SPD-DN-NSGA-II,IGDF,MMF14_a,8,0.1111690506476617,All_Algorithms_Comparison_Results3.mat
SPD-DN-NSGA-II,IGDF,MMF14_a,9,0.10436677751969407,All_Algorithms_Comparison_Results3.mat
SPD-DN-NSGA-II,IGDF,MMF14_a,10,0.10434744691495229,All_Algorithms_Comparison_Results3.mat
SPD-DN-NSGA-II,IGDF,MMF14_a,11,0.10291089063253261,All_Algorithms_Comparison_Results3.mat
SPD-DN-NSGA-II,IGDF,MMF14_a,12,0.09963391681540129,All_Algorithms_Comparison_Results3.mat
SPD-DN-NSGA-II,IGDF,MMF14_a,13,0.11507188563018676,All_Algorithms_Comparison_Results3.mat
SPD-DN-NSGA-II,IGDF,MMF14_a,14,0.1080796180261884,All_Algorithms_Comparison_Results3.mat
SPD-DN-NSGA-II,IGDF,MMF14_a,15,0.10273821676619654,All_Algorithms_Comparison_Results3.mat
SPD-DN-NSGA-II,IGDF,MMF14_a,16,0.10808017115967423,All_Algorithms_Comparison_Results3.mat
SPD-DN-NSGA-II,IGDF,MMF14_a,17,0.11803040083731649,All_Algorithms_Comparison_Results3.mat
SPD-DN-NSGA-II,IGDF,MMF14_a,18,0.10428696224691078,All_Algorithms_Comparison_Results3.mat
SPD-DN-NSGA-II,IGDF,MMF14_a,19,0.11701948294222478,All_Algorithms_Comparison_Results3.mat
SPD-DN-NSGA-II,IGDF,MMF14_a,20,0.11566239515181065,All_Algorithms_Comparison_Results3.mat
SPD-DN-NSGA-II,IGDF,MMF14_a,21,0.10037559731847466,All_Algorithms_Comparison_Results3.mat
SPD-DN-NSGA-II,IGDF,MMF14_a,22,0.09665869149107974,All_Algorithms_Comparison_Results3.mat
SPD-DN-NSGA-II,IGDF,MMF14_a,23,0.10641715533089194,All_Algorithms_Comparison_Results3.mat
SPD-DN-NSGA-II,IGDF,MMF14_a,24,0.10585229415360853,All_Algorithms_Comparison_Results3.mat
SPD-DN-NSGA-II,IGDF,MMF14_a,25,0.1121395126360224,All_Algorithms_Comparison_Results3.mat
SPD-DN-NSGA-II,IGDF,MMF14_a,26,0.10017468251871525,All_Algorithms_Comparison_Results3.mat
SPD-DN-NSGA-II,IGDF,MMF14_a,27,0.10462029767910234,All_Algorithms_Comparison_Results3.mat
SPD-DN-NSGA-II,IGDF,MMF14_a,28,0.09981790281947647,All_Algorithms_Comparison_Results3.mat
SPD-DN-NSGA-II,IGDF,MMF14_a,29,0.19290392501906015,All_Algorithms_Comparison_Results3.mat
SPD-DN-NSGA-II,IGDF,MMF14_a,30,0.10555180289076377,All_Algorithms_Comparison_Results3.mat
SPD-DN-NSGA-II,IGDF,MMF14_a,31,0.10794562796872419,All_Algorithms_Comparison_Results3.mat
SPD-DN-NSGA-II,IGDF,MMF15_a,1,0.205097064868542,All_Algorithms_Comparison_Results3.mat
SPD-DN-NSGA-II,IGDF,MMF15_a,2,0.21184376080191294,All_Algorithms_Comparison_Results3.mat
SPD-DN-NSGA-II,IGDF,MMF15_a,3,0.21574615453599455,All_Algorithms_Comparison_Results3.mat
SPD-DN-NSGA-II,IGDF,MMF15_a,4,0.2117094714819912,All_Algorithms_Comparison_Results3.mat
SPD-DN-NSGA-II,IGDF,MMF15_a,5,0.2083474292224193,All_Algorithms_Comparison_Results3.mat
SPD-DN-NSGA-II,IGDF,MMF15_a,6,0.20084788530883674,All_Algorithms_Comparison_Results3.mat
SPD-DN-NSGA-II,IGDF,MMF15_a,7,0.43982831045909315,All_Algorithms_Comparison_Results3.mat
SPD-DN-NSGA-II,IGDF,MMF15_a,8,0.21044120915992826,All_Algorithms_Comparison_Results3.mat
SPD-DN-NSGA-II,IGDF,MMF15_a,9,0.2054823246654189,All_Algorithms_Comparison_Results3.mat
SPD-DN-NSGA-II,IGDF,MMF15_a,10,0.19551608339978602,All_Algorithms_Comparison_Results3.mat
SPD-DN-NSGA-II,IGDF,MMF15_a,11,0.20890832649461194,All_Algorithms_Comparison_Results3.mat
SPD-DN-NSGA-II,IGDF,MMF15_a,12,0.20878858880960005,All_Algorithms_Comparison_Results3.mat
SPD-DN-NSGA-II,IGDF,MMF15_a,13,0.21805833171353187,All_Algorithms_Comparison_Results3.mat
SPD-DN-NSGA-II,IGDF,MMF15_a,14,0.2204132187901715,All_Algorithms_Comparison_Results3.mat
SPD-DN-NSGA-II,IGDF,MMF15_a,15,0.20485559037053644,All_Algorithms_Comparison_Results3.mat
SPD-DN-NSGA-II,IGDF,MMF15_a,16,0.20807308735766677,All_Algorithms_Comparison_Results3.mat
SPD-DN-NSGA-II,IGDF,MMF15_a,17,0.20325200752709682,All_Algorithms_Comparison_Results3.mat
SPD-DN-NSGA-II,IGDF,MMF15_a,18,0.2138024646236393,All_Algorithms_Comparison_Results3.mat
SPD-DN-NSGA-II,IGDF,MMF15_a,19,0.20982283913272476,All_Algorithms_Comparison_Results3.mat
SPD-DN-NSGA-II,IGDF,MMF15_a,20,0.21438912386884773,All_Algorithms_Comparison_Results3.mat
SPD-DN-NSGA-II,IGDF,MMF15_a,21,0.2015275683959097,All_Algorithms_Comparison_Results3.mat
SPD-DN-NSGA-II,IGDF,MMF15_a,22,0.20741477359184446,All_Algorithms_Comparison_Results3.mat
SPD-DN-NSGA-II,IGDF,MMF15_a,23,0.21752339205735258,All_Algorithms_Comparison_Results3.mat
SPD-DN-NSGA-II,IGDF,MMF15_a,24,0.20487518369288937,All_Algorithms_Comparison_Results3.mat
SPD-DN-NSGA-II,IGDF,MMF15_a,25,0.2129846606406987,All_Algorithms_Comparison_Results3.mat
SPD-DN-NSGA-II,IGDF,MMF15_a,26,0.20696604437191327,All_Algorithms_Comparison_Results3.mat
SPD-DN-NSGA-II,IGDF,MMF15_a,27,0.21701003572459268,All_Algorithms_Comparison_Results3.mat
SPD-DN-NSGA-II,IGDF,MMF15_a,28,0.2065038489182256,All_Algorithms_Comparison_Results3.mat
SPD-DN-NSGA-II,IGDF,MMF15_a,29,0.2229910861584348,All_Algorithms_Comparison_Results3.mat
SPD-DN-NSGA-II,IGDF,MMF15_a,30,0.20476863790979172,All_Algorithms_Comparison_Results3.mat
SPD-DN-NSGA-II,IGDF,MMF15_a,31,0.22256027957030133,All_Algorithms_Comparison_Results3.mat
SPD-DN-NSGA-II,IGDF,SYM_PART_simple,1,0.012282468032802111,All_Algorithms_Comparison_Results3.mat
SPD-DN-NSGA-II,IGDF,SYM_PART_simple,2,0.014884836011837238,All_Algorithms_Comparison_Results3.mat
SPD-DN-NSGA-II,IGDF,SYM_PART_simple,3,0.014923237155361377,All_Algorithms_Comparison_Results3.mat
SPD-DN-NSGA-II,IGDF,SYM_PART_simple,4,0.013848575348561017,All_Algorithms_Comparison_Results3.mat
SPD-DN-NSGA-II,IGDF,SYM_PART_simple,5,0.013509356811903924,All_Algorithms_Comparison_Results3.mat
SPD-DN-NSGA-II,IGDF,SYM_PART_simple,6,0.025666991071848316,All_Algorithms_Comparison_Results3.mat
SPD-DN-NSGA-II,IGDF,SYM_PART_simple,7,0.013545315067345213,All_Algorithms_Comparison_Results3.mat
SPD-DN-NSGA-II,IGDF,SYM_PART_simple,8,0.013404438268030606,All_Algorithms_Comparison_Results3.mat
SPD-DN-NSGA-II,IGDF,SYM_PART_simple,9,0.013027385034635111,All_Algorithms_Comparison_Results3.mat
SPD-DN-NSGA-II,IGDF,SYM_PART_simple,10,0.014161005515492528,All_Algorithms_Comparison_Results3.mat
SPD-DN-NSGA-II,IGDF,SYM_PART_simple,11,0.011436594220140551,All_Algorithms_Comparison_Results3.mat
SPD-DN-NSGA-II,IGDF,SYM_PART_simple,12,0.010906156423265197,All_Algorithms_Comparison_Results3.mat
SPD-DN-NSGA-II,IGDF,SYM_PART_simple,13,0.015615131519703576,All_Algorithms_Comparison_Results3.mat
SPD-DN-NSGA-II,IGDF,SYM_PART_simple,14,0.009671200330296,All_Algorithms_Comparison_Results3.mat
SPD-DN-NSGA-II,IGDF,SYM_PART_simple,15,0.013408549495866381,All_Algorithms_Comparison_Results3.mat
SPD-DN-NSGA-II,IGDF,SYM_PART_simple,16,0.009931588245849828,All_Algorithms_Comparison_Results3.mat
SPD-DN-NSGA-II,IGDF,SYM_PART_simple,17,0.013648186109390056,All_Algorithms_Comparison_Results3.mat
SPD-DN-NSGA-II,IGDF,SYM_PART_simple,18,0.013091019353750457,All_Algorithms_Comparison_Results3.mat
SPD-DN-NSGA-II,IGDF,SYM_PART_simple,19,0.012993839670513105,All_Algorithms_Comparison_Results3.mat
SPD-DN-NSGA-II,IGDF,SYM_PART_simple,20,0.011956667608077455,All_Algorithms_Comparison_Results3.mat
SPD-DN-NSGA-II,IGDF,SYM_PART_simple,21,0.012992592352503206,All_Algorithms_Comparison_Results3.mat
SPD-DN-NSGA-II,IGDF,SYM_PART_simple,22,0.012491072085672987,All_Algorithms_Comparison_Results3.mat
SPD-DN-NSGA-II,IGDF,SYM_PART_simple,23,0.011637722311394339,All_Algorithms_Comparison_Results3.mat
SPD-DN-NSGA-II,IGDF,SYM_PART_simple,24,0.014689044409006194,All_Algorithms_Comparison_Results3.mat
SPD-DN-NSGA-II,IGDF,SYM_PART_simple,25,0.014051416378688232,All_Algorithms_Comparison_Results3.mat
SPD-DN-NSGA-II,IGDF,SYM_PART_simple,26,0.01057662207699864,All_Algorithms_Comparison_Results3.mat
SPD-DN-NSGA-II,IGDF,SYM_PART_simple,27,0.01272699760329499,All_Algorithms_Comparison_Results3.mat
SPD-DN-NSGA-II,IGDF,SYM_PART_simple,28,0.011748116751367724,All_Algorithms_Comparison_Results3.mat
SPD-DN-NSGA-II,IGDF,SYM_PART_simple,29,0.014857724371967005,All_Algorithms_Comparison_Results3.mat
SPD-DN-NSGA-II,IGDF,SYM_PART_simple,30,0.010273898842079946,All_Algorithms_Comparison_Results3.mat
SPD-DN-NSGA-II,IGDF,SYM_PART_simple,31,0.040081374926798564,All_Algorithms_Comparison_Results3.mat
SPD-DN-NSGA-II,IGDF,SYM_PART_rotated,1,0.014794414512841093,All_Algorithms_Comparison_Results3.mat
SPD-DN-NSGA-II,IGDF,SYM_PART_rotated,2,0.011427499097721304,All_Algorithms_Comparison_Results3.mat
SPD-DN-NSGA-II,IGDF,SYM_PART_rotated,3,0.015333885047914098,All_Algorithms_Comparison_Results3.mat
SPD-DN-NSGA-II,IGDF,SYM_PART_rotated,4,0.013892137966959747,All_Algorithms_Comparison_Results3.mat
SPD-DN-NSGA-II,IGDF,SYM_PART_rotated,5,0.015945276529334196,All_Algorithms_Comparison_Results3.mat
SPD-DN-NSGA-II,IGDF,SYM_PART_rotated,6,1.8256333682280104,All_Algorithms_Comparison_Results3.mat
SPD-DN-NSGA-II,IGDF,SYM_PART_rotated,7,0.01586869999173966,All_Algorithms_Comparison_Results3.mat
SPD-DN-NSGA-II,IGDF,SYM_PART_rotated,8,0.016617921320045765,All_Algorithms_Comparison_Results3.mat
SPD-DN-NSGA-II,IGDF,SYM_PART_rotated,9,0.014610096645592738,All_Algorithms_Comparison_Results3.mat
SPD-DN-NSGA-II,IGDF,SYM_PART_rotated,10,0.013935491287772394,All_Algorithms_Comparison_Results3.mat
SPD-DN-NSGA-II,IGDF,SYM_PART_rotated,11,0.11881840497567492,All_Algorithms_Comparison_Results3.mat
SPD-DN-NSGA-II,IGDF,SYM_PART_rotated,12,0.011860778372779011,All_Algorithms_Comparison_Results3.mat
SPD-DN-NSGA-II,IGDF,SYM_PART_rotated,13,0.01541270437046419,All_Algorithms_Comparison_Results3.mat
SPD-DN-NSGA-II,IGDF,SYM_PART_rotated,14,0.013606677484623811,All_Algorithms_Comparison_Results3.mat
SPD-DN-NSGA-II,IGDF,SYM_PART_rotated,15,0.015574733498934954,All_Algorithms_Comparison_Results3.mat
SPD-DN-NSGA-II,IGDF,SYM_PART_rotated,16,0.013948215098877599,All_Algorithms_Comparison_Results3.mat
SPD-DN-NSGA-II,IGDF,SYM_PART_rotated,17,0.012271735595579533,All_Algorithms_Comparison_Results3.mat
SPD-DN-NSGA-II,IGDF,SYM_PART_rotated,18,0.015415006251983809,All_Algorithms_Comparison_Results3.mat
SPD-DN-NSGA-II,IGDF,SYM_PART_rotated,19,0.011529808466813717,All_Algorithms_Comparison_Results3.mat
SPD-DN-NSGA-II,IGDF,SYM_PART_rotated,20,0.013583861363566077,All_Algorithms_Comparison_Results3.mat
SPD-DN-NSGA-II,IGDF,SYM_PART_rotated,21,0.012434378074277918,All_Algorithms_Comparison_Results3.mat
SPD-DN-NSGA-II,IGDF,SYM_PART_rotated,22,0.012608946715243674,All_Algorithms_Comparison_Results3.mat
SPD-DN-NSGA-II,IGDF,SYM_PART_rotated,23,0.017879486524116184,All_Algorithms_Comparison_Results3.mat
SPD-DN-NSGA-II,IGDF,SYM_PART_rotated,24,0.013960961359597896,All_Algorithms_Comparison_Results3.mat
SPD-DN-NSGA-II,IGDF,SYM_PART_rotated,25,0.013553146015515492,All_Algorithms_Comparison_Results3.mat
SPD-DN-NSGA-II,IGDF,SYM_PART_rotated,26,0.013643557495287555,All_Algorithms_Comparison_Results3.mat
SPD-DN-NSGA-II,IGDF,SYM_PART_rotated,27,0.01511872358206285,All_Algorithms_Comparison_Results3.mat
SPD-DN-NSGA-II,IGDF,SYM_PART_rotated,28,0.014436289908006805,All_Algorithms_Comparison_Results3.mat
SPD-DN-NSGA-II,IGDF,SYM_PART_rotated,29,0.03158552889761049,All_Algorithms_Comparison_Results3.mat
SPD-DN-NSGA-II,IGDF,SYM_PART_rotated,30,0.01932085882727702,All_Algorithms_Comparison_Results3.mat
SPD-DN-NSGA-II,IGDF,SYM_PART_rotated,31,0.01450190219095234,All_Algorithms_Comparison_Results3.mat
SPD-DN-NSGA-II,IGDF,Omni_test,1,0.007039046522324449,All_Algorithms_Comparison_Results3.mat
SPD-DN-NSGA-II,IGDF,Omni_test,2,0.0074123462209716735,All_Algorithms_Comparison_Results3.mat
SPD-DN-NSGA-II,IGDF,Omni_test,3,0.007536516869019113,All_Algorithms_Comparison_Results3.mat
SPD-DN-NSGA-II,IGDF,Omni_test,4,0.006943107342163849,All_Algorithms_Comparison_Results3.mat
SPD-DN-NSGA-II,IGDF,Omni_test,5,0.007534826993816656,All_Algorithms_Comparison_Results3.mat
SPD-DN-NSGA-II,IGDF,Omni_test,6,0.007307624816907583,All_Algorithms_Comparison_Results3.mat
SPD-DN-NSGA-II,IGDF,Omni_test,7,0.007492277225393576,All_Algorithms_Comparison_Results3.mat
SPD-DN-NSGA-II,IGDF,Omni_test,8,0.007058360166489918,All_Algorithms_Comparison_Results3.mat
SPD-DN-NSGA-II,IGDF,Omni_test,9,0.006966851936237856,All_Algorithms_Comparison_Results3.mat
SPD-DN-NSGA-II,IGDF,Omni_test,10,0.007539224883313772,All_Algorithms_Comparison_Results3.mat
SPD-DN-NSGA-II,IGDF,Omni_test,11,0.007464901277049001,All_Algorithms_Comparison_Results3.mat
SPD-DN-NSGA-II,IGDF,Omni_test,12,0.007207829880905831,All_Algorithms_Comparison_Results3.mat
SPD-DN-NSGA-II,IGDF,Omni_test,13,0.007156774971023206,All_Algorithms_Comparison_Results3.mat
SPD-DN-NSGA-II,IGDF,Omni_test,14,0.007017958772818355,All_Algorithms_Comparison_Results3.mat
SPD-DN-NSGA-II,IGDF,Omni_test,15,0.0070479037217497115,All_Algorithms_Comparison_Results3.mat
SPD-DN-NSGA-II,IGDF,Omni_test,16,0.007518701736538385,All_Algorithms_Comparison_Results3.mat
SPD-DN-NSGA-II,IGDF,Omni_test,17,0.007336526371599931,All_Algorithms_Comparison_Results3.mat
SPD-DN-NSGA-II,IGDF,Omni_test,18,0.007401319684029377,All_Algorithms_Comparison_Results3.mat
SPD-DN-NSGA-II,IGDF,Omni_test,19,0.007580629317315245,All_Algorithms_Comparison_Results3.mat
SPD-DN-NSGA-II,IGDF,Omni_test,20,0.0071595879193733164,All_Algorithms_Comparison_Results3.mat
SPD-DN-NSGA-II,IGDF,Omni_test,21,0.007667252622921422,All_Algorithms_Comparison_Results3.mat
SPD-DN-NSGA-II,IGDF,Omni_test,22,0.007610977321611439,All_Algorithms_Comparison_Results3.mat
SPD-DN-NSGA-II,IGDF,Omni_test,23,0.0069773396384198265,All_Algorithms_Comparison_Results3.mat
SPD-DN-NSGA-II,IGDF,Omni_test,24,0.007001618532342485,All_Algorithms_Comparison_Results3.mat
SPD-DN-NSGA-II,IGDF,Omni_test,25,0.007240131901784054,All_Algorithms_Comparison_Results3.mat
SPD-DN-NSGA-II,IGDF,Omni_test,26,0.00683823611086826,All_Algorithms_Comparison_Results3.mat
SPD-DN-NSGA-II,IGDF,Omni_test,27,0.007386062555927898,All_Algorithms_Comparison_Results3.mat
SPD-DN-NSGA-II,IGDF,Omni_test,28,0.00787051420638132,All_Algorithms_Comparison_Results3.mat
SPD-DN-NSGA-II,IGDF,Omni_test,29,0.00735803946090425,All_Algorithms_Comparison_Results3.mat
SPD-DN-NSGA-II,IGDF,Omni_test,30,0.007260772912690574,All_Algorithms_Comparison_Results3.mat
SPD-DN-NSGA-II,IGDF,Omni_test,31,0.007077766471129226,All_Algorithms_Comparison_Results3.mat
MMO-DE-CSCD,rPSP,MMF1,1,0.04531705554041256,Table_global_MMODE_CSCD.mat
MMO-DE-CSCD,rPSP,MMF1,2,0.04370092080880357,Table_global_MMODE_CSCD.mat
MMO-DE-CSCD,rPSP,MMF1,3,0.04420142025727314,Table_global_MMODE_CSCD.mat
MMO-DE-CSCD,rPSP,MMF1,4,0.04597476896228099,Table_global_MMODE_CSCD.mat
MMO-DE-CSCD,rPSP,MMF1,5,0.0467703616471827,Table_global_MMODE_CSCD.mat
MMO-DE-CSCD,rPSP,MMF1,6,0.044589015320912244,Table_global_MMODE_CSCD.mat
MMO-DE-CSCD,rPSP,MMF1,7,0.04398298339364338,Table_global_MMODE_CSCD.mat
MMO-DE-CSCD,rPSP,MMF1,8,0.046139696139266495,Table_global_MMODE_CSCD.mat
MMO-DE-CSCD,rPSP,MMF1,9,0.04427923493039286,Table_global_MMODE_CSCD.mat
MMO-DE-CSCD,rPSP,MMF1,10,0.046081267433639155,Table_global_MMODE_CSCD.mat
MMO-DE-CSCD,rPSP,MMF1,11,0.04332544848932801,Table_global_MMODE_CSCD.mat
MMO-DE-CSCD,rPSP,MMF1,12,0.04417370681700806,Table_global_MMODE_CSCD.mat
MMO-DE-CSCD,rPSP,MMF1,13,0.043683234244241795,Table_global_MMODE_CSCD.mat
MMO-DE-CSCD,rPSP,MMF1,14,0.04647290391220054,Table_global_MMODE_CSCD.mat
MMO-DE-CSCD,rPSP,MMF1,15,0.04242596786503954,Table_global_MMODE_CSCD.mat
MMO-DE-CSCD,rPSP,MMF1,16,0.04534489956400428,Table_global_MMODE_CSCD.mat
MMO-DE-CSCD,rPSP,MMF1,17,0.04422435036120883,Table_global_MMODE_CSCD.mat
MMO-DE-CSCD,rPSP,MMF1,18,0.04429510058300071,Table_global_MMODE_CSCD.mat
MMO-DE-CSCD,rPSP,MMF1,19,0.04336990848858088,Table_global_MMODE_CSCD.mat
MMO-DE-CSCD,rPSP,MMF1,20,0.04497646041985523,Table_global_MMODE_CSCD.mat
MMO-DE-CSCD,rPSP,MMF1,21,0.044265806790387156,Table_global_MMODE_CSCD.mat
MMO-DE-CSCD,rHV,MMF1,1,1.1453197062483287,Table_global_MMODE_CSCD.mat
MMO-DE-CSCD,rHV,MMF1,2,1.145718651267843,Table_global_MMODE_CSCD.mat
MMO-DE-CSCD,rHV,MMF1,3,1.1455069710046641,Table_global_MMODE_CSCD.mat
MMO-DE-CSCD,rHV,MMF1,4,1.1452388873582091,Table_global_MMODE_CSCD.mat
MMO-DE-CSCD,rHV,MMF1,5,1.1452690042105227,Table_global_MMODE_CSCD.mat
MMO-DE-CSCD,rHV,MMF1,6,1.145620430108575,Table_global_MMODE_CSCD.mat
MMO-DE-CSCD,rHV,MMF1,7,1.1453783942036047,Table_global_MMODE_CSCD.mat
MMO-DE-CSCD,rHV,MMF1,8,1.1468911747714734,Table_global_MMODE_CSCD.mat
MMO-DE-CSCD,rHV,MMF1,9,1.1452519280314462,Table_global_MMODE_CSCD.mat
MMO-DE-CSCD,rHV,MMF1,10,1.145123830728316,Table_global_MMODE_CSCD.mat
MMO-DE-CSCD,rHV,MMF1,11,1.145768647500248,Table_global_MMODE_CSCD.mat
MMO-DE-CSCD,rHV,MMF1,12,1.1450218716111793,Table_global_MMODE_CSCD.mat
MMO-DE-CSCD,rHV,MMF1,13,1.1450697550160776,Table_global_MMODE_CSCD.mat
MMO-DE-CSCD,rHV,MMF1,14,1.1466633332742924,Table_global_MMODE_CSCD.mat
MMO-DE-CSCD,rHV,MMF1,15,1.1454213547266097,Table_global_MMODE_CSCD.mat
MMO-DE-CSCD,rHV,MMF1,16,1.1451914260868903,Table_global_MMODE_CSCD.mat
MMO-DE-CSCD,rHV,MMF1,17,1.1449283988948198,Table_global_MMODE_CSCD.mat
MMO-DE-CSCD,rHV,MMF1,18,1.1457424606641147,Table_global_MMODE_CSCD.mat
MMO-DE-CSCD,rHV,MMF1,19,1.1453989842851073,Table_global_MMODE_CSCD.mat
MMO-DE-CSCD,rHV,MMF1,20,1.1458017788372132,Table_global_MMODE_CSCD.mat
MMO-DE-CSCD,rHV,MMF1,21,1.1453207126916067,Table_global_MMODE_CSCD.mat
MMO-DE-CSCD,IGDX,MMF1,1,0.04487941030786503,Table_global_MMODE_CSCD.mat
MMO-DE-CSCD,IGDX,MMF1,2,0.04343579120534604,Table_global_MMODE_CSCD.mat
MMO-DE-CSCD,IGDX,MMF1,3,0.043515657415004974,Table_global_MMODE_CSCD.mat
MMO-DE-CSCD,IGDX,MMF1,4,0.04582436669183368,Table_global_MMODE_CSCD.mat
MMO-DE-CSCD,IGDX,MMF1,5,0.04668601184720975,Table_global_MMODE_CSCD.mat
MMO-DE-CSCD,IGDX,MMF1,6,0.04429809374707192,Table_global_MMODE_CSCD.mat
MMO-DE-CSCD,IGDX,MMF1,7,0.04384095601313205,Table_global_MMODE_CSCD.mat
MMO-DE-CSCD,IGDX,MMF1,8,0.045772715501725604,Table_global_MMODE_CSCD.mat
MMO-DE-CSCD,IGDX,MMF1,9,0.044080008731738125,Table_global_MMODE_CSCD.mat
MMO-DE-CSCD,IGDX,MMF1,10,0.04598371848420375,Table_global_MMODE_CSCD.mat
MMO-DE-CSCD,IGDX,MMF1,11,0.04320778726912868,Table_global_MMODE_CSCD.mat
MMO-DE-CSCD,IGDX,MMF1,12,0.043914871669002944,Table_global_MMODE_CSCD.mat
MMO-DE-CSCD,IGDX,MMF1,13,0.04336570285232754,Table_global_MMODE_CSCD.mat
MMO-DE-CSCD,IGDX,MMF1,14,0.04598462961731986,Table_global_MMODE_CSCD.mat
MMO-DE-CSCD,IGDX,MMF1,15,0.042226035305994704,Table_global_MMODE_CSCD.mat
MMO-DE-CSCD,IGDX,MMF1,16,0.04500495254695551,Table_global_MMODE_CSCD.mat
MMO-DE-CSCD,IGDX,MMF1,17,0.0440415080929941,Table_global_MMODE_CSCD.mat
MMO-DE-CSCD,IGDX,MMF1,18,0.04381549538105583,Table_global_MMODE_CSCD.mat
MMO-DE-CSCD,IGDX,MMF1,19,0.04310026529023696,Table_global_MMODE_CSCD.mat
MMO-DE-CSCD,IGDX,MMF1,20,0.04466973513061573,Table_global_MMODE_CSCD.mat
MMO-DE-CSCD,IGDX,MMF1,21,0.04403387043618068,Table_global_MMODE_CSCD.mat
MMO-DE-CSCD,IGDF,MMF1,1,0.002636966393369845,Table_global_MMODE_CSCD.mat
MMO-DE-CSCD,IGDF,MMF1,2,0.002434460881889587,Table_global_MMODE_CSCD.mat
MMO-DE-CSCD,IGDF,MMF1,3,0.002375720255394978,Table_global_MMODE_CSCD.mat
MMO-DE-CSCD,IGDF,MMF1,4,0.002446516404273265,Table_global_MMODE_CSCD.mat
MMO-DE-CSCD,IGDF,MMF1,5,0.002368891208002335,Table_global_MMODE_CSCD.mat
MMO-DE-CSCD,IGDF,MMF1,6,0.0025014983679283987,Table_global_MMODE_CSCD.mat
MMO-DE-CSCD,IGDF,MMF1,7,0.00253652312923564,Table_global_MMODE_CSCD.mat
MMO-DE-CSCD,IGDF,MMF1,8,0.002470537839045537,Table_global_MMODE_CSCD.mat
MMO-DE-CSCD,IGDF,MMF1,9,0.0025190166786934263,Table_global_MMODE_CSCD.mat
MMO-DE-CSCD,IGDF,MMF1,10,0.002247450350711215,Table_global_MMODE_CSCD.mat
MMO-DE-CSCD,IGDF,MMF1,11,0.0026062355178204334,Table_global_MMODE_CSCD.mat
MMO-DE-CSCD,IGDF,MMF1,12,0.0023073201792160234,Table_global_MMODE_CSCD.mat
MMO-DE-CSCD,IGDF,MMF1,13,0.002318935157386052,Table_global_MMODE_CSCD.mat
MMO-DE-CSCD,IGDF,MMF1,14,0.002703019618216031,Table_global_MMODE_CSCD.mat
MMO-DE-CSCD,IGDF,MMF1,15,0.002513896036918302,Table_global_MMODE_CSCD.mat
MMO-DE-CSCD,IGDF,MMF1,16,0.0025540765038689554,Table_global_MMODE_CSCD.mat
MMO-DE-CSCD,IGDF,MMF1,17,0.002449618477220211,Table_global_MMODE_CSCD.mat
MMO-DE-CSCD,IGDF,MMF1,18,0.0027330167447153194,Table_global_MMODE_CSCD.mat
MMO-DE-CSCD,IGDF,MMF1,19,0.002574545861456873,Table_global_MMODE_CSCD.mat
MMO-DE-CSCD,IGDF,MMF1,20,0.0023724447338249006,Table_global_MMODE_CSCD.mat
MMO-DE-CSCD,IGDF,MMF1,21,0.0023436661482472286,Table_global_MMODE_CSCD.mat
MMO-DE-CSCD,rPSP,MMF2,1,0.03373728947492691,Table_global_MMODE_CSCD.mat
MMO-DE-CSCD,rPSP,MMF2,2,0.02955014680136423,Table_global_MMODE_CSCD.mat
MMO-DE-CSCD,rPSP,MMF2,3,0.03838689991548326,Table_global_MMODE_CSCD.mat
MMO-DE-CSCD,rPSP,MMF2,4,0.03468185045307936,Table_global_MMODE_CSCD.mat
MMO-DE-CSCD,rPSP,MMF2,5,0.03400769445677774,Table_global_MMODE_CSCD.mat
MMO-DE-CSCD,rPSP,MMF2,6,0.04704079151569949,Table_global_MMODE_CSCD.mat
MMO-DE-CSCD,rPSP,MMF2,7,0.03861958194386837,Table_global_MMODE_CSCD.mat
MMO-DE-CSCD,rPSP,MMF2,8,0.03794924840805517,Table_global_MMODE_CSCD.mat
MMO-DE-CSCD,rPSP,MMF2,9,0.049904131576397476,Table_global_MMODE_CSCD.mat
MMO-DE-CSCD,rPSP,MMF2,10,0.03066434032922167,Table_global_MMODE_CSCD.mat
MMO-DE-CSCD,rPSP,MMF2,11,0.0515885249467357,Table_global_MMODE_CSCD.mat
MMO-DE-CSCD,rPSP,MMF2,12,0.032678450816005004,Table_global_MMODE_CSCD.mat
MMO-DE-CSCD,rPSP,MMF2,13,0.03738065682192948,Table_global_MMODE_CSCD.mat
MMO-DE-CSCD,rPSP,MMF2,14,0.03763923828187553,Table_global_MMODE_CSCD.mat
MMO-DE-CSCD,rPSP,MMF2,15,0.03655393560067038,Table_global_MMODE_CSCD.mat
MMO-DE-CSCD,rPSP,MMF2,16,0.04534432605759742,Table_global_MMODE_CSCD.mat
MMO-DE-CSCD,rPSP,MMF2,17,0.0487937156158579,Table_global_MMODE_CSCD.mat
MMO-DE-CSCD,rPSP,MMF2,18,0.031581142202509835,Table_global_MMODE_CSCD.mat
MMO-DE-CSCD,rPSP,MMF2,19,0.0301945969569623,Table_global_MMODE_CSCD.mat
MMO-DE-CSCD,rPSP,MMF2,20,0.04036305185378211,Table_global_MMODE_CSCD.mat
MMO-DE-CSCD,rPSP,MMF2,21,0.03938829196835088,Table_global_MMODE_CSCD.mat
MMO-DE-CSCD,rHV,MMF2,1,1.1795832233946655,Table_global_MMODE_CSCD.mat
MMO-DE-CSCD,rHV,MMF2,2,1.1815041260498595,Table_global_MMODE_CSCD.mat
MMO-DE-CSCD,rHV,MMF2,3,1.1764854771597741,Table_global_MMODE_CSCD.mat
MMO-DE-CSCD,rHV,MMF2,4,1.1782651715179837,Table_global_MMODE_CSCD.mat
MMO-DE-CSCD,rHV,MMF2,5,1.1857880885018255,Table_global_MMODE_CSCD.mat
MMO-DE-CSCD,rHV,MMF2,6,1.1755674824938829,Table_global_MMODE_CSCD.mat
MMO-DE-CSCD,rHV,MMF2,7,1.1826869114741723,Table_global_MMODE_CSCD.mat
MMO-DE-CSCD,rHV,MMF2,8,1.1810079231280213,Table_global_MMODE_CSCD.mat
MMO-DE-CSCD,rHV,MMF2,9,1.180747420218176,Table_global_MMODE_CSCD.mat
MMO-DE-CSCD,rHV,MMF2,10,1.172583313552144,Table_global_MMODE_CSCD.mat
MMO-DE-CSCD,rHV,MMF2,11,1.1829630864471745,Table_global_MMODE_CSCD.mat
MMO-DE-CSCD,rHV,MMF2,12,1.1752728856740322,Table_global_MMODE_CSCD.mat
MMO-DE-CSCD,rHV,MMF2,13,1.1804775501475264,Table_global_MMODE_CSCD.mat
MMO-DE-CSCD,rHV,MMF2,14,1.1776016379656846,Table_global_MMODE_CSCD.mat
MMO-DE-CSCD,rHV,MMF2,15,1.1740986519031835,Table_global_MMODE_CSCD.mat
MMO-DE-CSCD,rHV,MMF2,16,1.1829551477809672,Table_global_MMODE_CSCD.mat
MMO-DE-CSCD,rHV,MMF2,17,1.1895043024140517,Table_global_MMODE_CSCD.mat
MMO-DE-CSCD,rHV,MMF2,18,1.1703151709581645,Table_global_MMODE_CSCD.mat
MMO-DE-CSCD,rHV,MMF2,19,1.1778679297627168,Table_global_MMODE_CSCD.mat
MMO-DE-CSCD,rHV,MMF2,20,1.1785071415460815,Table_global_MMODE_CSCD.mat
MMO-DE-CSCD,rHV,MMF2,21,1.1867237312380465,Table_global_MMODE_CSCD.mat
MMO-DE-CSCD,IGDX,MMF2,1,0.03373708858815256,Table_global_MMODE_CSCD.mat
MMO-DE-CSCD,IGDX,MMF2,2,0.028235743162373164,Table_global_MMODE_CSCD.mat
MMO-DE-CSCD,IGDX,MMF2,3,0.03772367694026504,Table_global_MMODE_CSCD.mat
MMO-DE-CSCD,IGDX,MMF2,4,0.032808676270636355,Table_global_MMODE_CSCD.mat
MMO-DE-CSCD,IGDX,MMF2,5,0.032648306004428515,Table_global_MMODE_CSCD.mat
MMO-DE-CSCD,IGDX,MMF2,6,0.04370130424260259,Table_global_MMODE_CSCD.mat
MMO-DE-CSCD,IGDX,MMF2,7,0.035478913015694766,Table_global_MMODE_CSCD.mat
MMO-DE-CSCD,IGDX,MMF2,8,0.03794794515735842,Table_global_MMODE_CSCD.mat
MMO-DE-CSCD,IGDX,MMF2,9,0.047584304756831015,Table_global_MMODE_CSCD.mat
MMO-DE-CSCD,IGDX,MMF2,10,0.03066263141195937,Table_global_MMODE_CSCD.mat
MMO-DE-CSCD,IGDX,MMF2,11,0.047472785028329995,Table_global_MMODE_CSCD.mat
MMO-DE-CSCD,IGDX,MMF2,12,0.031684526296723366,Table_global_MMODE_CSCD.mat
MMO-DE-CSCD,IGDX,MMF2,13,0.037196361551720264,Table_global_MMODE_CSCD.mat
MMO-DE-CSCD,IGDX,MMF2,14,0.035507141418518504,Table_global_MMODE_CSCD.mat
MMO-DE-CSCD,IGDX,MMF2,15,0.03655223515856666,Table_global_MMODE_CSCD.mat
MMO-DE-CSCD,IGDX,MMF2,16,0.04534420814948897,Table_global_MMODE_CSCD.mat
MMO-DE-CSCD,IGDX,MMF2,17,0.04361313296202061,Table_global_MMODE_CSCD.mat
MMO-DE-CSCD,IGDX,MMF2,18,0.03158087490201447,Table_global_MMODE_CSCD.mat
MMO-DE-CSCD,IGDX,MMF2,19,0.029566837107841044,Table_global_MMODE_CSCD.mat
MMO-DE-CSCD,IGDX,MMF2,20,0.04036301644278039,Table_global_MMODE_CSCD.mat
MMO-DE-CSCD,IGDX,MMF2,21,0.03938783917501694,Table_global_MMODE_CSCD.mat
MMO-DE-CSCD,IGDF,MMF2,1,0.019205954899964694,Table_global_MMODE_CSCD.mat
MMO-DE-CSCD,IGDF,MMF2,2,0.020225145632578174,Table_global_MMODE_CSCD.mat
MMO-DE-CSCD,IGDF,MMF2,3,0.01769207812873639,Table_global_MMODE_CSCD.mat
MMO-DE-CSCD,IGDF,MMF2,4,0.017346876870636737,Table_global_MMODE_CSCD.mat
MMO-DE-CSCD,IGDF,MMF2,5,0.023570465691958763,Table_global_MMODE_CSCD.mat
MMO-DE-CSCD,IGDF,MMF2,6,0.0173123013398127,Table_global_MMODE_CSCD.mat
MMO-DE-CSCD,IGDF,MMF2,7,0.022035237334598383,Table_global_MMODE_CSCD.mat
MMO-DE-CSCD,IGDF,MMF2,8,0.020854236209697466,Table_global_MMODE_CSCD.mat
MMO-DE-CSCD,IGDF,MMF2,9,0.021876354720155092,Table_global_MMODE_CSCD.mat
MMO-DE-CSCD,IGDF,MMF2,10,0.017519269225840482,Table_global_MMODE_CSCD.mat
MMO-DE-CSCD,IGDF,MMF2,11,0.020613978797279966,Table_global_MMODE_CSCD.mat
MMO-DE-CSCD,IGDF,MMF2,12,0.017375216999506032,Table_global_MMODE_CSCD.mat
MMO-DE-CSCD,IGDF,MMF2,13,0.019588155066661825,Table_global_MMODE_CSCD.mat
MMO-DE-CSCD,IGDF,MMF2,14,0.0167981828498461,Table_global_MMODE_CSCD.mat
MMO-DE-CSCD,IGDF,MMF2,15,0.017809821944618245,Table_global_MMODE_CSCD.mat
MMO-DE-CSCD,IGDF,MMF2,16,0.0241879282588197,Table_global_MMODE_CSCD.mat
MMO-DE-CSCD,IGDF,MMF2,17,0.025522370773221958,Table_global_MMODE_CSCD.mat
MMO-DE-CSCD,IGDF,MMF2,18,0.015446795024641066,Table_global_MMODE_CSCD.mat
MMO-DE-CSCD,IGDF,MMF2,19,0.018491706860784194,Table_global_MMODE_CSCD.mat
MMO-DE-CSCD,IGDF,MMF2,20,0.020571330281741247,Table_global_MMODE_CSCD.mat
MMO-DE-CSCD,IGDF,MMF2,21,0.02481714406144261,Table_global_MMODE_CSCD.mat
MMO-DE-CSCD,rPSP,MMF3,1,0.0327214285622679,Table_global_MMODE_CSCD.mat
MMO-DE-CSCD,rPSP,MMF3,2,0.02994699491480781,Table_global_MMODE_CSCD.mat
MMO-DE-CSCD,rPSP,MMF3,3,0.030983016121276664,Table_global_MMODE_CSCD.mat
MMO-DE-CSCD,rPSP,MMF3,4,0.02967670365561088,Table_global_MMODE_CSCD.mat
MMO-DE-CSCD,rPSP,MMF3,5,0.023070532173932172,Table_global_MMODE_CSCD.mat
MMO-DE-CSCD,rPSP,MMF3,6,0.028396502450449203,Table_global_MMODE_CSCD.mat
MMO-DE-CSCD,rPSP,MMF3,7,0.036480741445093286,Table_global_MMODE_CSCD.mat
MMO-DE-CSCD,rPSP,MMF3,8,0.027129616719922443,Table_global_MMODE_CSCD.mat
MMO-DE-CSCD,rPSP,MMF3,9,0.03410409420370017,Table_global_MMODE_CSCD.mat
MMO-DE-CSCD,rPSP,MMF3,10,0.03660021685102158,Table_global_MMODE_CSCD.mat
MMO-DE-CSCD,rPSP,MMF3,11,0.024875494204881596,Table_global_MMODE_CSCD.mat
MMO-DE-CSCD,rPSP,MMF3,12,0.02307304965011523,Table_global_MMODE_CSCD.mat
MMO-DE-CSCD,rPSP,MMF3,13,0.027424802707142287,Table_global_MMODE_CSCD.mat
MMO-DE-CSCD,rPSP,MMF3,14,0.03733344116277474,Table_global_MMODE_CSCD.mat
MMO-DE-CSCD,rPSP,MMF3,15,0.028388128235027846,Table_global_MMODE_CSCD.mat
MMO-DE-CSCD,rPSP,MMF3,16,0.02603462539744509,Table_global_MMODE_CSCD.mat
MMO-DE-CSCD,rPSP,MMF3,17,0.026212400493623562,Table_global_MMODE_CSCD.mat
MMO-DE-CSCD,rPSP,MMF3,18,0.02418506937872128,Table_global_MMODE_CSCD.mat
MMO-DE-CSCD,rPSP,MMF3,19,0.03278013789091152,Table_global_MMODE_CSCD.mat
MMO-DE-CSCD,rPSP,MMF3,20,0.02610820597643337,Table_global_MMODE_CSCD.mat
MMO-DE-CSCD,rPSP,MMF3,21,0.026677202484575988,Table_global_MMODE_CSCD.mat
MMO-DE-CSCD,rHV,MMF3,1,1.170338186385835,Table_global_MMODE_CSCD.mat
MMO-DE-CSCD,rHV,MMF3,2,1.1657963714306163,Table_global_MMODE_CSCD.mat
MMO-DE-CSCD,rHV,MMF3,3,1.1703355443633408,Table_global_MMODE_CSCD.mat
MMO-DE-CSCD,rHV,MMF3,4,1.1679596496223108,Table_global_MMODE_CSCD.mat
MMO-DE-CSCD,rHV,MMF3,5,1.1673858921289746,Table_global_MMODE_CSCD.mat
MMO-DE-CSCD,rHV,MMF3,6,1.1649265829385027,Table_global_MMODE_CSCD.mat
MMO-DE-CSCD,rHV,MMF3,7,1.1680422961168386,Table_global_MMODE_CSCD.mat
MMO-DE-CSCD,rHV,MMF3,8,1.1671956817711433,Table_global_MMODE_CSCD.mat
MMO-DE-CSCD,rHV,MMF3,9,1.170225863314036,Table_global_MMODE_CSCD.mat
MMO-DE-CSCD,rHV,MMF3,10,1.179425601456883,Table_global_MMODE_CSCD.mat
MMO-DE-CSCD,rHV,MMF3,11,1.1666552143969042,Table_global_MMODE_CSCD.mat
MMO-DE-CSCD,rHV,MMF3,12,1.1664958408067445,Table_global_MMODE_CSCD.mat
MMO-DE-CSCD,rHV,MMF3,13,1.1666862696398765,Table_global_MMODE_CSCD.mat
MMO-DE-CSCD,rHV,MMF3,14,1.1755280794171283,Table_global_MMODE_CSCD.mat
MMO-DE-CSCD,rHV,MMF3,15,1.1692695434010894,Table_global_MMODE_CSCD.mat
MMO-DE-CSCD,rHV,MMF3,16,1.171659924500799,Table_global_MMODE_CSCD.mat
MMO-DE-CSCD,rHV,MMF3,17,1.1678652156677538,Table_global_MMODE_CSCD.mat
MMO-DE-CSCD,rHV,MMF3,18,1.168015102589984,Table_global_MMODE_CSCD.mat
MMO-DE-CSCD,rHV,MMF3,19,1.1706279670025275,Table_global_MMODE_CSCD.mat
MMO-DE-CSCD,rHV,MMF3,20,1.1738476066242067,Table_global_MMODE_CSCD.mat
MMO-DE-CSCD,rHV,MMF3,21,1.1704668052805882,Table_global_MMODE_CSCD.mat
MMO-DE-CSCD,IGDX,MMF3,1,0.03272123603971803,Table_global_MMODE_CSCD.mat
MMO-DE-CSCD,IGDX,MMF3,2,0.029108542802758854,Table_global_MMODE_CSCD.mat
MMO-DE-CSCD,IGDX,MMF3,3,0.03098297995096818,Table_global_MMODE_CSCD.mat
MMO-DE-CSCD,IGDX,MMF3,4,0.02967668175577186,Table_global_MMODE_CSCD.mat
MMO-DE-CSCD,IGDX,MMF3,5,0.02218330807484363,Table_global_MMODE_CSCD.mat
MMO-DE-CSCD,IGDX,MMF3,6,0.028396038502847762,Table_global_MMODE_CSCD.mat
MMO-DE-CSCD,IGDX,MMF3,7,0.03648056082746261,Table_global_MMODE_CSCD.mat
MMO-DE-CSCD,IGDX,MMF3,8,0.0258268217301426,Table_global_MMODE_CSCD.mat
MMO-DE-CSCD,IGDX,MMF3,9,0.03410375565684301,Table_global_MMODE_CSCD.mat
MMO-DE-CSCD,IGDX,MMF3,10,0.033970587006017544,Table_global_MMODE_CSCD.mat
MMO-DE-CSCD,IGDX,MMF3,11,0.0248754488753966,Table_global_MMODE_CSCD.mat
MMO-DE-CSCD,IGDX,MMF3,12,0.022526515609070378,Table_global_MMODE_CSCD.mat
MMO-DE-CSCD,IGDX,MMF3,13,0.026014105323976685,Table_global_MMODE_CSCD.mat
MMO-DE-CSCD,IGDX,MMF3,14,0.036216103153162926,Table_global_MMODE_CSCD.mat
MMO-DE-CSCD,IGDX,MMF3,15,0.02634315518504317,Table_global_MMODE_CSCD.mat
MMO-DE-CSCD,IGDX,MMF3,16,0.024817068172964977,Table_global_MMODE_CSCD.mat
MMO-DE-CSCD,IGDX,MMF3,17,0.02621238710947481,Table_global_MMODE_CSCD.mat
MMO-DE-CSCD,IGDX,MMF3,18,0.02418491367271296,Table_global_MMODE_CSCD.mat
MMO-DE-CSCD,IGDX,MMF3,19,0.030696036339961902,Table_global_MMODE_CSCD.mat
MMO-DE-CSCD,IGDX,MMF3,20,0.024508716035882422,Table_global_MMODE_CSCD.mat
MMO-DE-CSCD,IGDX,MMF3,21,0.025294884969205036,Table_global_MMODE_CSCD.mat
MMO-DE-CSCD,IGDF,MMF3,1,0.01701194008813306,Table_global_MMODE_CSCD.mat
MMO-DE-CSCD,IGDF,MMF3,2,0.012766642263668077,Table_global_MMODE_CSCD.mat
MMO-DE-CSCD,IGDF,MMF3,3,0.014837891622248568,Table_global_MMODE_CSCD.mat
MMO-DE-CSCD,IGDF,MMF3,4,0.013473531241674613,Table_global_MMODE_CSCD.mat
MMO-DE-CSCD,IGDF,MMF3,5,0.012889350159180902,Table_global_MMODE_CSCD.mat
MMO-DE-CSCD,IGDF,MMF3,6,0.012662608859667438,Table_global_MMODE_CSCD.mat
MMO-DE-CSCD,IGDF,MMF3,7,0.014000168468945796,Table_global_MMODE_CSCD.mat
MMO-DE-CSCD,IGDF,MMF3,8,0.01248618417352675,Table_global_MMODE_CSCD.mat
MMO-DE-CSCD,IGDF,MMF3,9,0.015207864274323244,Table_global_MMODE_CSCD.mat
MMO-DE-CSCD,IGDF,MMF3,10,0.02022889719143226,Table_global_MMODE_CSCD.mat
MMO-DE-CSCD,IGDF,MMF3,11,0.01338078867611125,Table_global_MMODE_CSCD.mat
MMO-DE-CSCD,IGDF,MMF3,12,0.011960132687516748,Table_global_MMODE_CSCD.mat
MMO-DE-CSCD,IGDF,MMF3,13,0.012855348249447087,Table_global_MMODE_CSCD.mat
MMO-DE-CSCD,IGDF,MMF3,14,0.017725622065397857,Table_global_MMODE_CSCD.mat
MMO-DE-CSCD,IGDF,MMF3,15,0.01471668370936816,Table_global_MMODE_CSCD.mat
MMO-DE-CSCD,IGDF,MMF3,16,0.014963186243516684,Table_global_MMODE_CSCD.mat
MMO-DE-CSCD,IGDF,MMF3,17,0.01460386871992012,Table_global_MMODE_CSCD.mat
MMO-DE-CSCD,IGDF,MMF3,18,0.013356067219475874,Table_global_MMODE_CSCD.mat
MMO-DE-CSCD,IGDF,MMF3,19,0.014141964250542196,Table_global_MMODE_CSCD.mat
MMO-DE-CSCD,IGDF,MMF3,20,0.016563381826850365,Table_global_MMODE_CSCD.mat
MMO-DE-CSCD,IGDF,MMF3,21,0.014102069781246031,Table_global_MMODE_CSCD.mat
MMO-DE-CSCD,rPSP,MMF4,1,0.02373264437610702,Table_global_MMODE_CSCD.mat
MMO-DE-CSCD,rPSP,MMF4,2,0.023736389674432805,Table_global_MMODE_CSCD.mat
MMO-DE-CSCD,rPSP,MMF4,3,0.024192401673332663,Table_global_MMODE_CSCD.mat
MMO-DE-CSCD,rPSP,MMF4,4,0.02292867756589585,Table_global_MMODE_CSCD.mat
MMO-DE-CSCD,rPSP,MMF4,5,0.024289386653619276,Table_global_MMODE_CSCD.mat
MMO-DE-CSCD,rPSP,MMF4,6,0.025264705706768444,Table_global_MMODE_CSCD.mat
MMO-DE-CSCD,rPSP,MMF4,7,0.022351582787232316,Table_global_MMODE_CSCD.mat
MMO-DE-CSCD,rPSP,MMF4,8,0.024359583932981686,Table_global_MMODE_CSCD.mat
MMO-DE-CSCD,rPSP,MMF4,9,0.026239983424625565,Table_global_MMODE_CSCD.mat
MMO-DE-CSCD,rPSP,MMF4,10,0.02564733835870293,Table_global_MMODE_CSCD.mat
MMO-DE-CSCD,rPSP,MMF4,11,0.02238484119092885,Table_global_MMODE_CSCD.mat
MMO-DE-CSCD,rPSP,MMF4,12,0.02347575311518009,Table_global_MMODE_CSCD.mat
MMO-DE-CSCD,rPSP,MMF4,13,0.024975796382523244,Table_global_MMODE_CSCD.mat
MMO-DE-CSCD,rPSP,MMF4,14,0.02511392914789766,Table_global_MMODE_CSCD.mat
MMO-DE-CSCD,rPSP,MMF4,15,0.021889300430308557,Table_global_MMODE_CSCD.mat
MMO-DE-CSCD,rPSP,MMF4,16,0.02340021539588855,Table_global_MMODE_CSCD.mat
MMO-DE-CSCD,rPSP,MMF4,17,0.02177326717425768,Table_global_MMODE_CSCD.mat
MMO-DE-CSCD,rPSP,MMF4,18,0.02229468255823231,Table_global_MMODE_CSCD.mat
MMO-DE-CSCD,rPSP,MMF4,19,0.024168970355777437,Table_global_MMODE_CSCD.mat
MMO-DE-CSCD,rPSP,MMF4,20,0.026468623038768183,Table_global_MMODE_CSCD.mat
MMO-DE-CSCD,rPSP,MMF4,21,0.022305394092457024,Table_global_MMODE_CSCD.mat
MMO-DE-CSCD,rHV,MMF4,1,1.8503068442877482,Table_global_MMODE_CSCD.mat
MMO-DE-CSCD,rHV,MMF4,2,1.850894977292182,Table_global_MMODE_CSCD.mat
MMO-DE-CSCD,rHV,MMF4,3,1.8510453658553068,Table_global_MMODE_CSCD.mat
MMO-DE-CSCD,rHV,MMF4,4,1.8512344311027045,Table_global_MMODE_CSCD.mat
MMO-DE-CSCD,rHV,MMF4,5,1.8509288434837101,Table_global_MMODE_CSCD.mat
MMO-DE-CSCD,rHV,MMF4,6,1.8513227538947405,Table_global_MMODE_CSCD.mat
MMO-DE-CSCD,rHV,MMF4,7,1.851519967362151,Table_global_MMODE_CSCD.mat
MMO-DE-CSCD,rHV,MMF4,8,1.850987257312013,Table_global_MMODE_CSCD.mat
MMO-DE-CSCD,rHV,MMF4,9,1.8515781416280614,Table_global_MMODE_CSCD.mat
MMO-DE-CSCD,rHV,MMF4,10,1.8505924780854757,Table_global_MMODE_CSCD.mat
MMO-DE-CSCD,rHV,MMF4,11,1.8511496336775808,Table_global_MMODE_CSCD.mat
MMO-DE-CSCD,rHV,MMF4,12,1.8506190862987648,Table_global_MMODE_CSCD.mat
MMO-DE-CSCD,rHV,MMF4,13,1.8512207252391717,Table_global_MMODE_CSCD.mat
MMO-DE-CSCD,rHV,MMF4,14,1.8510121374022075,Table_global_MMODE_CSCD.mat
MMO-DE-CSCD,rHV,MMF4,15,1.8510182346177118,Table_global_MMODE_CSCD.mat
MMO-DE-CSCD,rHV,MMF4,16,1.8513749421243701,Table_global_MMODE_CSCD.mat
MMO-DE-CSCD,rHV,MMF4,17,1.8509964057006991,Table_global_MMODE_CSCD.mat
MMO-DE-CSCD,rHV,MMF4,18,1.8510030821819132,Table_global_MMODE_CSCD.mat
MMO-DE-CSCD,rHV,MMF4,19,1.850918550151001,Table_global_MMODE_CSCD.mat
MMO-DE-CSCD,rHV,MMF4,20,1.851188048654906,Table_global_MMODE_CSCD.mat
MMO-DE-CSCD,rHV,MMF4,21,1.8514005389185808,Table_global_MMODE_CSCD.mat
MMO-DE-CSCD,IGDX,MMF4,1,0.023609215452487495,Table_global_MMODE_CSCD.mat
MMO-DE-CSCD,IGDX,MMF4,2,0.02368442806642685,Table_global_MMODE_CSCD.mat
MMO-DE-CSCD,IGDX,MMF4,3,0.024059746083497733,Table_global_MMODE_CSCD.mat
MMO-DE-CSCD,IGDX,MMF4,4,0.022821094923505227,Table_global_MMODE_CSCD.mat
MMO-DE-CSCD,IGDX,MMF4,5,0.024160282118655663,Table_global_MMODE_CSCD.mat
MMO-DE-CSCD,IGDX,MMF4,6,0.025120930034729757,Table_global_MMODE_CSCD.mat
MMO-DE-CSCD,IGDX,MMF4,7,0.02228088280442795,Table_global_MMODE_CSCD.mat
MMO-DE-CSCD,IGDX,MMF4,8,0.02424372675813226,Table_global_MMODE_CSCD.mat
MMO-DE-CSCD,IGDX,MMF4,9,0.025438818603550007,Table_global_MMODE_CSCD.mat
MMO-DE-CSCD,IGDX,MMF4,10,0.02558172042394908,Table_global_MMODE_CSCD.mat
MMO-DE-CSCD,IGDX,MMF4,11,0.022178811295690447,Table_global_MMODE_CSCD.mat
MMO-DE-CSCD,IGDX,MMF4,12,0.023302386785539392,Table_global_MMODE_CSCD.mat
MMO-DE-CSCD,IGDX,MMF4,13,0.02495742295487654,Table_global_MMODE_CSCD.mat
MMO-DE-CSCD,IGDX,MMF4,14,0.02509527290304618,Table_global_MMODE_CSCD.mat
MMO-DE-CSCD,IGDX,MMF4,15,0.021862409446344558,Table_global_MMODE_CSCD.mat
MMO-DE-CSCD,IGDX,MMF4,16,0.02318315825614808,Table_global_MMODE_CSCD.mat
MMO-DE-CSCD,IGDX,MMF4,17,0.02169450650397535,Table_global_MMODE_CSCD.mat
MMO-DE-CSCD,IGDX,MMF4,18,0.022150003753561517,Table_global_MMODE_CSCD.mat
MMO-DE-CSCD,IGDX,MMF4,19,0.024079140929633952,Table_global_MMODE_CSCD.mat
MMO-DE-CSCD,IGDX,MMF4,20,0.0264078125081505,Table_global_MMODE_CSCD.mat
MMO-DE-CSCD,IGDX,MMF4,21,0.022267160169525076,Table_global_MMODE_CSCD.mat
MMO-DE-CSCD,IGDF,MMF4,1,0.002026793717020256,Table_global_MMODE_CSCD.mat
MMO-DE-CSCD,IGDF,MMF4,2,0.0021818022995758316,Table_global_MMODE_CSCD.mat
MMO-DE-CSCD,IGDF,MMF4,3,0.0022642416612775693,Table_global_MMODE_CSCD.mat
MMO-DE-CSCD,IGDF,MMF4,4,0.0023044008106013784,Table_global_MMODE_CSCD.mat
MMO-DE-CSCD,IGDF,MMF4,5,0.002451286584077554,Table_global_MMODE_CSCD.mat
MMO-DE-CSCD,IGDF,MMF4,6,0.0023114957628201983,Table_global_MMODE_CSCD.mat
MMO-DE-CSCD,IGDF,MMF4,7,0.0023689562450103295,Table_global_MMODE_CSCD.mat
MMO-DE-CSCD,IGDF,MMF4,8,0.0023589448374707195,Table_global_MMODE_CSCD.mat
MMO-DE-CSCD,IGDF,MMF4,9,0.0022763945358296833,Table_global_MMODE_CSCD.mat
MMO-DE-CSCD,IGDF,MMF4,10,0.0023566570648853565,Table_global_MMODE_CSCD.mat
MMO-DE-CSCD,IGDF,MMF4,11,0.0022360187308423604,Table_global_MMODE_CSCD.mat
MMO-DE-CSCD,IGDF,MMF4,12,0.0023060182551623873,Table_global_MMODE_CSCD.mat
MMO-DE-CSCD,IGDF,MMF4,13,0.0024442604244073424,Table_global_MMODE_CSCD.mat
MMO-DE-CSCD,IGDF,MMF4,14,0.0023916213302129334,Table_global_MMODE_CSCD.mat
MMO-DE-CSCD,IGDF,MMF4,15,0.0022656294170779303,Table_global_MMODE_CSCD.mat
MMO-DE-CSCD,IGDF,MMF4,16,0.002252099680324933,Table_global_MMODE_CSCD.mat
MMO-DE-CSCD,IGDF,MMF4,17,0.0023081208198740743,Table_global_MMODE_CSCD.mat
MMO-DE-CSCD,IGDF,MMF4,18,0.0022124454109013246,Table_global_MMODE_CSCD.mat
MMO-DE-CSCD,IGDF,MMF4,19,0.002294592354933403,Table_global_MMODE_CSCD.mat
MMO-DE-CSCD,IGDF,MMF4,20,0.0022164281057962683,Table_global_MMODE_CSCD.mat
MMO-DE-CSCD,IGDF,MMF4,21,0.0023013789329848298,Table_global_MMODE_CSCD.mat
MMO-DE-CSCD,rPSP,MMF5,1,0.07914755638025689,Table_global_MMODE_CSCD.mat
MMO-DE-CSCD,rPSP,MMF5,2,0.07947707146876937,Table_global_MMODE_CSCD.mat
MMO-DE-CSCD,rPSP,MMF5,3,0.07711484376048246,Table_global_MMODE_CSCD.mat
MMO-DE-CSCD,rPSP,MMF5,4,0.07772874519379952,Table_global_MMODE_CSCD.mat
MMO-DE-CSCD,rPSP,MMF5,5,0.0736900652694235,Table_global_MMODE_CSCD.mat
MMO-DE-CSCD,rPSP,MMF5,6,0.07923324914898586,Table_global_MMODE_CSCD.mat
MMO-DE-CSCD,rPSP,MMF5,7,0.07855504365483797,Table_global_MMODE_CSCD.mat
MMO-DE-CSCD,rPSP,MMF5,8,0.07512879728403174,Table_global_MMODE_CSCD.mat
MMO-DE-CSCD,rPSP,MMF5,9,0.07616323257626881,Table_global_MMODE_CSCD.mat
MMO-DE-CSCD,rPSP,MMF5,10,0.07679049979482651,Table_global_MMODE_CSCD.mat
MMO-DE-CSCD,rPSP,MMF5,11,0.07332150538788482,Table_global_MMODE_CSCD.mat
MMO-DE-CSCD,rPSP,MMF5,12,0.0761490906290467,Table_global_MMODE_CSCD.mat
MMO-DE-CSCD,rPSP,MMF5,13,0.08067241004963627,Table_global_MMODE_CSCD.mat
MMO-DE-CSCD,rPSP,MMF5,14,0.08209325336577342,Table_global_MMODE_CSCD.mat
MMO-DE-CSCD,rPSP,MMF5,15,0.07738039213724493,Table_global_MMODE_CSCD.mat
MMO-DE-CSCD,rPSP,MMF5,16,0.09102303127694321,Table_global_MMODE_CSCD.mat
MMO-DE-CSCD,rPSP,MMF5,17,0.08203428130223817,Table_global_MMODE_CSCD.mat
MMO-DE-CSCD,rPSP,MMF5,18,0.0789722598600074,Table_global_MMODE_CSCD.mat
MMO-DE-CSCD,rPSP,MMF5,19,0.07351889070438224,Table_global_MMODE_CSCD.mat
MMO-DE-CSCD,rPSP,MMF5,20,0.08173971629703476,Table_global_MMODE_CSCD.mat
MMO-DE-CSCD,rPSP,MMF5,21,0.08902178414567796,Table_global_MMODE_CSCD.mat
MMO-DE-CSCD,rHV,MMF5,1,1.1451868500817872,Table_global_MMODE_CSCD.mat
MMO-DE-CSCD,rHV,MMF5,2,1.145442945976985,Table_global_MMODE_CSCD.mat
MMO-DE-CSCD,rHV,MMF5,3,1.1454724378869219,Table_global_MMODE_CSCD.mat
MMO-DE-CSCD,rHV,MMF5,4,1.1452499974088841,Table_global_MMODE_CSCD.mat
MMO-DE-CSCD,rHV,MMF5,5,1.145239737054651,Table_global_MMODE_CSCD.mat
MMO-DE-CSCD,rHV,MMF5,6,1.1453281430403204,Table_global_MMODE_CSCD.mat
MMO-DE-CSCD,rHV,MMF5,7,1.146396701342366,Table_global_MMODE_CSCD.mat
MMO-DE-CSCD,rHV,MMF5,8,1.1463539913630976,Table_global_MMODE_CSCD.mat
MMO-DE-CSCD,rHV,MMF5,9,1.1454493187135613,Table_global_MMODE_CSCD.mat
MMO-DE-CSCD,rHV,MMF5,10,1.1454786746758048,Table_global_MMODE_CSCD.mat
MMO-DE-CSCD,rHV,MMF5,11,1.1449643004777172,Table_global_MMODE_CSCD.mat
MMO-DE-CSCD,rHV,MMF5,12,1.1455871127480737,Table_global_MMODE_CSCD.mat
MMO-DE-CSCD,rHV,MMF5,13,1.1461833561686505,Table_global_MMODE_CSCD.mat
MMO-DE-CSCD,rHV,MMF5,14,1.145194936251707,Table_global_MMODE_CSCD.mat
MMO-DE-CSCD,rHV,MMF5,15,1.1453710946165718,Table_global_MMODE_CSCD.mat
MMO-DE-CSCD,rHV,MMF5,16,1.1459022351986878,Table_global_MMODE_CSCD.mat
MMO-DE-CSCD,rHV,MMF5,17,1.1456151632333627,Table_global_MMODE_CSCD.mat
MMO-DE-CSCD,rHV,MMF5,18,1.1452826823011713,Table_global_MMODE_CSCD.mat
MMO-DE-CSCD,rHV,MMF5,19,1.1450865393640506,Table_global_MMODE_CSCD.mat
MMO-DE-CSCD,rHV,MMF5,20,1.1453761324346174,Table_global_MMODE_CSCD.mat
MMO-DE-CSCD,rHV,MMF5,21,1.1462453701873492,Table_global_MMODE_CSCD.mat
MMO-DE-CSCD,IGDX,MMF5,1,0.07896711552230884,Table_global_MMODE_CSCD.mat
MMO-DE-CSCD,IGDX,MMF5,2,0.07899324216170488,Table_global_MMODE_CSCD.mat
MMO-DE-CSCD,IGDX,MMF5,3,0.07664047618194261,Table_global_MMODE_CSCD.mat
MMO-DE-CSCD,IGDX,MMF5,4,0.07745514478308228,Table_global_MMODE_CSCD.mat
MMO-DE-CSCD,IGDX,MMF5,5,0.07360299323629432,Table_global_MMODE_CSCD.mat
MMO-DE-CSCD,IGDX,MMF5,6,0.07893315023400488,Table_global_MMODE_CSCD.mat
MMO-DE-CSCD,IGDX,MMF5,7,0.07741633254139058,Table_global_MMODE_CSCD.mat
MMO-DE-CSCD,IGDX,MMF5,8,0.07436743449137266,Table_global_MMODE_CSCD.mat
MMO-DE-CSCD,IGDX,MMF5,9,0.0761152941989648,Table_global_MMODE_CSCD.mat
MMO-DE-CSCD,IGDX,MMF5,10,0.07615691054383503,Table_global_MMODE_CSCD.mat
MMO-DE-CSCD,IGDX,MMF5,11,0.07313847099886789,Table_global_MMODE_CSCD.mat
MMO-DE-CSCD,IGDX,MMF5,12,0.07597071746579821,Table_global_MMODE_CSCD.mat
MMO-DE-CSCD,IGDX,MMF5,13,0.0797181056926105,Table_global_MMODE_CSCD.mat
MMO-DE-CSCD,IGDX,MMF5,14,0.08119046288184319,Table_global_MMODE_CSCD.mat
MMO-DE-CSCD,IGDX,MMF5,15,0.07728941919966459,Table_global_MMODE_CSCD.mat
MMO-DE-CSCD,IGDX,MMF5,16,0.09053757165244884,Table_global_MMODE_CSCD.mat
MMO-DE-CSCD,IGDX,MMF5,17,0.08108703443423428,Table_global_MMODE_CSCD.mat
MMO-DE-CSCD,IGDX,MMF5,18,0.07849499754505591,Table_global_MMODE_CSCD.mat
MMO-DE-CSCD,IGDX,MMF5,19,0.07328232736710322,Table_global_MMODE_CSCD.mat
MMO-DE-CSCD,IGDX,MMF5,20,0.08146625903684825,Table_global_MMODE_CSCD.mat
MMO-DE-CSCD,IGDX,MMF5,21,0.08825754921186797,Table_global_MMODE_CSCD.mat
MMO-DE-CSCD,IGDF,MMF5,1,0.0023772844754940954,Table_global_MMODE_CSCD.mat
MMO-DE-CSCD,IGDF,MMF5,2,0.002502520892094121,Table_global_MMODE_CSCD.mat
MMO-DE-CSCD,IGDF,MMF5,3,0.0023889020454850225,Table_global_MMODE_CSCD.mat
MMO-DE-CSCD,IGDF,MMF5,4,0.0023215486590591507,Table_global_MMODE_CSCD.mat
MMO-DE-CSCD,IGDF,MMF5,5,0.0023981870463544498,Table_global_MMODE_CSCD.mat
MMO-DE-CSCD,IGDF,MMF5,6,0.00245522093047207,Table_global_MMODE_CSCD.mat
MMO-DE-CSCD,IGDF,MMF5,7,0.0026662312678747357,Table_global_MMODE_CSCD.mat
MMO-DE-CSCD,IGDF,MMF5,8,0.0024668004352215033,Table_global_MMODE_CSCD.mat
MMO-DE-CSCD,IGDF,MMF5,9,0.002529648458899812,Table_global_MMODE_CSCD.mat
MMO-DE-CSCD,IGDF,MMF5,10,0.0024462362908586294,Table_global_MMODE_CSCD.mat
MMO-DE-CSCD,IGDF,MMF5,11,0.002310071920444726,Table_global_MMODE_CSCD.mat
MMO-DE-CSCD,IGDF,MMF5,12,0.0025073035501293034,Table_global_MMODE_CSCD.mat
MMO-DE-CSCD,IGDF,MMF5,13,0.0026316489421187293,Table_global_MMODE_CSCD.mat
MMO-DE-CSCD,IGDF,MMF5,14,0.0024575477166330333,Table_global_MMODE_CSCD.mat
MMO-DE-CSCD,IGDF,MMF5,15,0.0024510118220816947,Table_global_MMODE_CSCD.mat
MMO-DE-CSCD,IGDF,MMF5,16,0.0025220474313395313,Table_global_MMODE_CSCD.mat
MMO-DE-CSCD,IGDF,MMF5,17,0.002421708364167175,Table_global_MMODE_CSCD.mat
MMO-DE-CSCD,IGDF,MMF5,18,0.002232815486964936,Table_global_MMODE_CSCD.mat
MMO-DE-CSCD,IGDF,MMF5,19,0.0022758836199688647,Table_global_MMODE_CSCD.mat
MMO-DE-CSCD,IGDF,MMF5,20,0.002437261324453899,Table_global_MMODE_CSCD.mat
MMO-DE-CSCD,IGDF,MMF5,21,0.002880972165080065,Table_global_MMODE_CSCD.mat
MMO-DE-CSCD,rPSP,MMF6,1,0.06650170542567897,Table_global_MMODE_CSCD.mat
MMO-DE-CSCD,rPSP,MMF6,2,0.06228956316724428,Table_global_MMODE_CSCD.mat
MMO-DE-CSCD,rPSP,MMF6,3,0.06873215414007794,Table_global_MMODE_CSCD.mat
MMO-DE-CSCD,rPSP,MMF6,4,0.06715344207826164,Table_global_MMODE_CSCD.mat
MMO-DE-CSCD,rPSP,MMF6,5,0.06731437908227177,Table_global_MMODE_CSCD.mat
MMO-DE-CSCD,rPSP,MMF6,6,0.07187833867321555,Table_global_MMODE_CSCD.mat
MMO-DE-CSCD,rPSP,MMF6,7,0.06885300012889005,Table_global_MMODE_CSCD.mat
MMO-DE-CSCD,rPSP,MMF6,8,0.06675303533137027,Table_global_MMODE_CSCD.mat
MMO-DE-CSCD,rPSP,MMF6,9,0.06617593244708518,Table_global_MMODE_CSCD.mat
MMO-DE-CSCD,rPSP,MMF6,10,0.0642452430633685,Table_global_MMODE_CSCD.mat
MMO-DE-CSCD,rPSP,MMF6,11,0.07125134644305542,Table_global_MMODE_CSCD.mat
MMO-DE-CSCD,rPSP,MMF6,12,0.06350840340938742,Table_global_MMODE_CSCD.mat
MMO-DE-CSCD,rPSP,MMF6,13,0.06806475451109642,Table_global_MMODE_CSCD.mat
MMO-DE-CSCD,rPSP,MMF6,14,0.06370437941454582,Table_global_MMODE_CSCD.mat
MMO-DE-CSCD,rPSP,MMF6,15,0.07113477267573456,Table_global_MMODE_CSCD.mat
MMO-DE-CSCD,rPSP,MMF6,16,0.0646127116912675,Table_global_MMODE_CSCD.mat
MMO-DE-CSCD,rPSP,MMF6,17,0.06589909002898588,Table_global_MMODE_CSCD.mat
MMO-DE-CSCD,rPSP,MMF6,18,0.0644504140271023,Table_global_MMODE_CSCD.mat
MMO-DE-CSCD,rPSP,MMF6,19,0.0694824276694061,Table_global_MMODE_CSCD.mat
MMO-DE-CSCD,rPSP,MMF6,20,0.0687065768572434,Table_global_MMODE_CSCD.mat
MMO-DE-CSCD,rPSP,MMF6,21,0.06587802442561076,Table_global_MMODE_CSCD.mat
MMO-DE-CSCD,rHV,MMF6,1,1.1447083475596116,Table_global_MMODE_CSCD.mat
MMO-DE-CSCD,rHV,MMF6,2,1.144796926640259,Table_global_MMODE_CSCD.mat
MMO-DE-CSCD,rHV,MMF6,3,1.144614163016166,Table_global_MMODE_CSCD.mat
MMO-DE-CSCD,rHV,MMF6,4,1.1447012698308336,Table_global_MMODE_CSCD.mat
MMO-DE-CSCD,rHV,MMF6,5,1.1448254291791544,Table_global_MMODE_CSCD.mat
MMO-DE-CSCD,rHV,MMF6,6,1.14484414001005,Table_global_MMODE_CSCD.mat
MMO-DE-CSCD,rHV,MMF6,7,1.1448937882578722,Table_global_MMODE_CSCD.mat
MMO-DE-CSCD,rHV,MMF6,8,1.1449688769041635,Table_global_MMODE_CSCD.mat
MMO-DE-CSCD,rHV,MMF6,9,1.1449220476235586,Table_global_MMODE_CSCD.mat
MMO-DE-CSCD,rHV,MMF6,10,1.1450655557704787,Table_global_MMODE_CSCD.mat
MMO-DE-CSCD,rHV,MMF6,11,1.1449580632078875,Table_global_MMODE_CSCD.mat
MMO-DE-CSCD,rHV,MMF6,12,1.1447372541397416,Table_global_MMODE_CSCD.mat
MMO-DE-CSCD,rHV,MMF6,13,1.1447909287329168,Table_global_MMODE_CSCD.mat
MMO-DE-CSCD,rHV,MMF6,14,1.1450749148904351,Table_global_MMODE_CSCD.mat
MMO-DE-CSCD,rHV,MMF6,15,1.1449272813872344,Table_global_MMODE_CSCD.mat
MMO-DE-CSCD,rHV,MMF6,16,1.1453900342691365,Table_global_MMODE_CSCD.mat
MMO-DE-CSCD,rHV,MMF6,17,1.1451643157783926,Table_global_MMODE_CSCD.mat
MMO-DE-CSCD,rHV,MMF6,18,1.1447453396859624,Table_global_MMODE_CSCD.mat
MMO-DE-CSCD,rHV,MMF6,19,1.144871016087004,Table_global_MMODE_CSCD.mat
MMO-DE-CSCD,rHV,MMF6,20,1.144762057814823,Table_global_MMODE_CSCD.mat
MMO-DE-CSCD,rHV,MMF6,21,1.1447747394771601,Table_global_MMODE_CSCD.mat
MMO-DE-CSCD,IGDX,MMF6,1,0.06636290585968521,Table_global_MMODE_CSCD.mat
MMO-DE-CSCD,IGDX,MMF6,2,0.06220856750562538,Table_global_MMODE_CSCD.mat
MMO-DE-CSCD,IGDX,MMF6,3,0.06804302049815314,Table_global_MMODE_CSCD.mat
MMO-DE-CSCD,IGDX,MMF6,4,0.06702060204095031,Table_global_MMODE_CSCD.mat
MMO-DE-CSCD,IGDX,MMF6,5,0.06685773334244606,Table_global_MMODE_CSCD.mat
MMO-DE-CSCD,IGDX,MMF6,6,0.07175342894138953,Table_global_MMODE_CSCD.mat
MMO-DE-CSCD,IGDX,MMF6,7,0.06869680606125811,Table_global_MMODE_CSCD.mat
MMO-DE-CSCD,IGDX,MMF6,8,0.06609741093024145,Table_global_MMODE_CSCD.mat
MMO-DE-CSCD,IGDX,MMF6,9,0.0659901107233195,Table_global_MMODE_CSCD.mat
MMO-DE-CSCD,IGDX,MMF6,10,0.06407372361703544,Table_global_MMODE_CSCD.mat
MMO-DE-CSCD,IGDX,MMF6,11,0.07095811638197348,Table_global_MMODE_CSCD.mat
MMO-DE-CSCD,IGDX,MMF6,12,0.06338126974696567,Table_global_MMODE_CSCD.mat
MMO-DE-CSCD,IGDX,MMF6,13,0.06752211098893318,Table_global_MMODE_CSCD.mat
MMO-DE-CSCD,IGDX,MMF6,14,0.0632434522078395,Table_global_MMODE_CSCD.mat
MMO-DE-CSCD,IGDX,MMF6,15,0.07041366855415611,Table_global_MMODE_CSCD.mat
MMO-DE-CSCD,IGDX,MMF6,16,0.06433830116728138,Table_global_MMODE_CSCD.mat
MMO-DE-CSCD,IGDX,MMF6,17,0.06480103427840346,Table_global_MMODE_CSCD.mat
MMO-DE-CSCD,IGDX,MMF6,18,0.06429858540537597,Table_global_MMODE_CSCD.mat
MMO-DE-CSCD,IGDX,MMF6,19,0.06937558519181562,Table_global_MMODE_CSCD.mat
MMO-DE-CSCD,IGDX,MMF6,20,0.06839794459388913,Table_global_MMODE_CSCD.mat
MMO-DE-CSCD,IGDX,MMF6,21,0.06572608727998062,Table_global_MMODE_CSCD.mat
MMO-DE-CSCD,IGDF,MMF6,1,0.0022421060843001227,Table_global_MMODE_CSCD.mat
MMO-DE-CSCD,IGDF,MMF6,2,0.002188184385776929,Table_global_MMODE_CSCD.mat
MMO-DE-CSCD,IGDF,MMF6,3,0.002137700099786276,Table_global_MMODE_CSCD.mat
MMO-DE-CSCD,IGDF,MMF6,4,0.0022269501082021748,Table_global_MMODE_CSCD.mat
MMO-DE-CSCD,IGDF,MMF6,5,0.002236352666373502,Table_global_MMODE_CSCD.mat
MMO-DE-CSCD,IGDF,MMF6,6,0.0022308132995545824,Table_global_MMODE_CSCD.mat
MMO-DE-CSCD,IGDF,MMF6,7,0.002258145193119038,Table_global_MMODE_CSCD.mat
MMO-DE-CSCD,IGDF,MMF6,8,0.0023338051356958434,Table_global_MMODE_CSCD.mat
MMO-DE-CSCD,IGDF,MMF6,9,0.0022048105673761727,Table_global_MMODE_CSCD.mat
MMO-DE-CSCD,IGDF,MMF6,10,0.0022787564751317727,Table_global_MMODE_CSCD.mat
MMO-DE-CSCD,IGDF,MMF6,11,0.0022456093310789828,Table_global_MMODE_CSCD.mat
MMO-DE-CSCD,IGDF,MMF6,12,0.0021949685571647625,Table_global_MMODE_CSCD.mat
MMO-DE-CSCD,IGDF,MMF6,13,0.0021722664690808006,Table_global_MMODE_CSCD.mat
MMO-DE-CSCD,IGDF,MMF6,14,0.0022867720528051924,Table_global_MMODE_CSCD.mat
MMO-DE-CSCD,IGDF,MMF6,15,0.002325118785224936,Table_global_MMODE_CSCD.mat
MMO-DE-CSCD,IGDF,MMF6,16,0.002396613095365441,Table_global_MMODE_CSCD.mat
MMO-DE-CSCD,IGDF,MMF6,17,0.0023405493999644838,Table_global_MMODE_CSCD.mat
MMO-DE-CSCD,IGDF,MMF6,18,0.002159465729296206,Table_global_MMODE_CSCD.mat
MMO-DE-CSCD,IGDF,MMF6,19,0.0021459618479795204,Table_global_MMODE_CSCD.mat
MMO-DE-CSCD,IGDF,MMF6,20,0.002180581417036799,Table_global_MMODE_CSCD.mat
MMO-DE-CSCD,IGDF,MMF6,21,0.002225000826678329,Table_global_MMODE_CSCD.mat
MMO-DE-CSCD,rPSP,MMF7,1,0.027779465723169756,Table_global_MMODE_CSCD.mat
MMO-DE-CSCD,rPSP,MMF7,2,0.026722135005644663,Table_global_MMODE_CSCD.mat
MMO-DE-CSCD,rPSP,MMF7,3,0.029840284350057502,Table_global_MMODE_CSCD.mat
MMO-DE-CSCD,rPSP,MMF7,4,0.028933417645802144,Table_global_MMODE_CSCD.mat
MMO-DE-CSCD,rPSP,MMF7,5,0.034091462674265424,Table_global_MMODE_CSCD.mat
MMO-DE-CSCD,rPSP,MMF7,6,0.02185144516128791,Table_global_MMODE_CSCD.mat
MMO-DE-CSCD,rPSP,MMF7,7,0.021326780274828438,Table_global_MMODE_CSCD.mat
MMO-DE-CSCD,rPSP,MMF7,8,0.028935776863119534,Table_global_MMODE_CSCD.mat
MMO-DE-CSCD,rPSP,MMF7,9,0.022122402359031818,Table_global_MMODE_CSCD.mat
MMO-DE-CSCD,rPSP,MMF7,10,0.030390138770261216,Table_global_MMODE_CSCD.mat
MMO-DE-CSCD,rPSP,MMF7,11,0.02737270765321347,Table_global_MMODE_CSCD.mat
MMO-DE-CSCD,rPSP,MMF7,12,0.03643527796255702,Table_global_MMODE_CSCD.mat
MMO-DE-CSCD,rPSP,MMF7,13,0.03153487180961461,Table_global_MMODE_CSCD.mat
MMO-DE-CSCD,rPSP,MMF7,14,0.03133371690412993,Table_global_MMODE_CSCD.mat
MMO-DE-CSCD,rPSP,MMF7,15,0.03455969949109631,Table_global_MMODE_CSCD.mat
MMO-DE-CSCD,rPSP,MMF7,16,0.023787133937548645,Table_global_MMODE_CSCD.mat
MMO-DE-CSCD,rPSP,MMF7,17,0.03481590306480741,Table_global_MMODE_CSCD.mat
MMO-DE-CSCD,rPSP,MMF7,18,0.034171247430838284,Table_global_MMODE_CSCD.mat
MMO-DE-CSCD,rPSP,MMF7,19,0.02421655236997733,Table_global_MMODE_CSCD.mat
MMO-DE-CSCD,rPSP,MMF7,20,0.030736806109022113,Table_global_MMODE_CSCD.mat
MMO-DE-CSCD,rPSP,MMF7,21,0.03595044435922208,Table_global_MMODE_CSCD.mat
MMO-DE-CSCD,rHV,MMF7,1,1.145099108487681,Table_global_MMODE_CSCD.mat
MMO-DE-CSCD,rHV,MMF7,2,1.1448440179904584,Table_global_MMODE_CSCD.mat
MMO-DE-CSCD,rHV,MMF7,3,1.1447994603064662,Table_global_MMODE_CSCD.mat
MMO-DE-CSCD,rHV,MMF7,4,1.144851320501802,Table_global_MMODE_CSCD.mat
MMO-DE-CSCD,rHV,MMF7,5,1.1451328045889368,Table_global_MMODE_CSCD.mat
MMO-DE-CSCD,rHV,MMF7,6,1.1451674347621907,Table_global_MMODE_CSCD.mat
MMO-DE-CSCD,rHV,MMF7,7,1.1448740536111592,Table_global_MMODE_CSCD.mat
MMO-DE-CSCD,rHV,MMF7,8,1.1451108603625126,Table_global_MMODE_CSCD.mat
MMO-DE-CSCD,rHV,MMF7,9,1.145025804999442,Table_global_MMODE_CSCD.mat
MMO-DE-CSCD,rHV,MMF7,10,1.1453801510667758,Table_global_MMODE_CSCD.mat
MMO-DE-CSCD,rHV,MMF7,11,1.1448965386006862,Table_global_MMODE_CSCD.mat
MMO-DE-CSCD,rHV,MMF7,12,1.14551462847485,Table_global_MMODE_CSCD.mat
MMO-DE-CSCD,rHV,MMF7,13,1.145390384313812,Table_global_MMODE_CSCD.mat
MMO-DE-CSCD,rHV,MMF7,14,1.1452040996605748,Table_global_MMODE_CSCD.mat
MMO-DE-CSCD,rHV,MMF7,15,1.144660764105132,Table_global_MMODE_CSCD.mat
MMO-DE-CSCD,rHV,MMF7,16,1.1449715148522819,Table_global_MMODE_CSCD.mat
MMO-DE-CSCD,rHV,MMF7,17,1.145183961843524,Table_global_MMODE_CSCD.mat
MMO-DE-CSCD,rHV,MMF7,18,1.145501843868934,Table_global_MMODE_CSCD.mat
MMO-DE-CSCD,rHV,MMF7,19,1.1450124022202737,Table_global_MMODE_CSCD.mat
MMO-DE-CSCD,rHV,MMF7,20,1.1456037942225383,Table_global_MMODE_CSCD.mat
MMO-DE-CSCD,rHV,MMF7,21,1.1450755759863074,Table_global_MMODE_CSCD.mat
MMO-DE-CSCD,IGDX,MMF7,1,0.02537783655072743,Table_global_MMODE_CSCD.mat
MMO-DE-CSCD,IGDX,MMF7,2,0.026155981462399187,Table_global_MMODE_CSCD.mat
MMO-DE-CSCD,IGDX,MMF7,3,0.029507483951249438,Table_global_MMODE_CSCD.mat
MMO-DE-CSCD,IGDX,MMF7,4,0.028384057638387396,Table_global_MMODE_CSCD.mat
MMO-DE-CSCD,IGDX,MMF7,5,0.031128147100855683,Table_global_MMODE_CSCD.mat
MMO-DE-CSCD,IGDX,MMF7,6,0.020869708740758375,Table_global_MMODE_CSCD.mat
MMO-DE-CSCD,IGDX,MMF7,7,0.02121466721196783,Table_global_MMODE_CSCD.mat
MMO-DE-CSCD,IGDX,MMF7,8,0.02833665062387666,Table_global_MMODE_CSCD.mat
MMO-DE-CSCD,IGDX,MMF7,9,0.022057354586270207,Table_global_MMODE_CSCD.mat
MMO-DE-CSCD,IGDX,MMF7,10,0.028202643890397866,Table_global_MMODE_CSCD.mat
MMO-DE-CSCD,IGDX,MMF7,11,0.024978634395549686,Table_global_MMODE_CSCD.mat
MMO-DE-CSCD,IGDX,MMF7,12,0.03178772307158592,Table_global_MMODE_CSCD.mat
MMO-DE-CSCD,IGDX,MMF7,13,0.02741718592161825,Table_global_MMODE_CSCD.mat
MMO-DE-CSCD,IGDX,MMF7,14,0.030519967786299614,Table_global_MMODE_CSCD.mat
MMO-DE-CSCD,IGDX,MMF7,15,0.03344825541788437,Table_global_MMODE_CSCD.mat
MMO-DE-CSCD,IGDX,MMF7,16,0.023637637853361825,Table_global_MMODE_CSCD.mat
MMO-DE-CSCD,IGDX,MMF7,17,0.02967840416518613,Table_global_MMODE_CSCD.mat
MMO-DE-CSCD,IGDX,MMF7,18,0.03088264351849011,Table_global_MMODE_CSCD.mat
MMO-DE-CSCD,IGDX,MMF7,19,0.024168155844735296,Table_global_MMODE_CSCD.mat
MMO-DE-CSCD,IGDX,MMF7,20,0.02848684808938045,Table_global_MMODE_CSCD.mat
MMO-DE-CSCD,IGDX,MMF7,21,0.03322659287177046,Table_global_MMODE_CSCD.mat
MMO-DE-CSCD,IGDF,MMF7,1,0.0024830980462534308,Table_global_MMODE_CSCD.mat
MMO-DE-CSCD,IGDF,MMF7,2,0.002325663597350426,Table_global_MMODE_CSCD.mat
MMO-DE-CSCD,IGDF,MMF7,3,0.0023221232229028808,Table_global_MMODE_CSCD.mat
MMO-DE-CSCD,IGDF,MMF7,4,0.0023743494104891206,Table_global_MMODE_CSCD.mat
MMO-DE-CSCD,IGDF,MMF7,5,0.0025776674633155683,Table_global_MMODE_CSCD.mat
MMO-DE-CSCD,IGDF,MMF7,6,0.002455939087561782,Table_global_MMODE_CSCD.mat
MMO-DE-CSCD,IGDF,MMF7,7,0.00235497125861366,Table_global_MMODE_CSCD.mat
MMO-DE-CSCD,IGDF,MMF7,8,0.0023924907575791497,Table_global_MMODE_CSCD.mat
MMO-DE-CSCD,IGDF,MMF7,9,0.002379675608678045,Table_global_MMODE_CSCD.mat
MMO-DE-CSCD,IGDF,MMF7,10,0.0026990888151196125,Table_global_MMODE_CSCD.mat
MMO-DE-CSCD,IGDF,MMF7,11,0.0024533595474982963,Table_global_MMODE_CSCD.mat
MMO-DE-CSCD,IGDF,MMF7,12,0.002768478933363977,Table_global_MMODE_CSCD.mat
MMO-DE-CSCD,IGDF,MMF7,13,0.00274481326305714,Table_global_MMODE_CSCD.mat
MMO-DE-CSCD,IGDF,MMF7,14,0.0025026613689730186,Table_global_MMODE_CSCD.mat
MMO-DE-CSCD,IGDF,MMF7,15,0.002241106085760777,Table_global_MMODE_CSCD.mat
MMO-DE-CSCD,IGDF,MMF7,16,0.0024053608904278014,Table_global_MMODE_CSCD.mat
MMO-DE-CSCD,IGDF,MMF7,17,0.0025848886797342208,Table_global_MMODE_CSCD.mat
MMO-DE-CSCD,IGDF,MMF7,18,0.002757769240018222,Table_global_MMODE_CSCD.mat
MMO-DE-CSCD,IGDF,MMF7,19,0.0023640357030065657,Table_global_MMODE_CSCD.mat
MMO-DE-CSCD,IGDF,MMF7,20,0.0028634470181285315,Table_global_MMODE_CSCD.mat
MMO-DE-CSCD,IGDF,MMF7,21,0.0025247485547108973,Table_global_MMODE_CSCD.mat
MMO-DE-CSCD,rPSP,MMF8,1,0.1911030400263893,Table_global_MMODE_CSCD.mat
MMO-DE-CSCD,rPSP,MMF8,2,0.15177421448034695,Table_global_MMODE_CSCD.mat
MMO-DE-CSCD,rPSP,MMF8,3,0.27560767764025185,Table_global_MMODE_CSCD.mat
MMO-DE-CSCD,rPSP,MMF8,4,0.1269722789014727,Table_global_MMODE_CSCD.mat
MMO-DE-CSCD,rPSP,MMF8,5,0.19612421494649962,Table_global_MMODE_CSCD.mat
MMO-DE-CSCD,rPSP,MMF8,6,0.1875815684890853,Table_global_MMODE_CSCD.mat
MMO-DE-CSCD,rPSP,MMF8,7,0.14020122141559516,Table_global_MMODE_CSCD.mat
MMO-DE-CSCD,rPSP,MMF8,8,0.1650963865631953,Table_global_MMODE_CSCD.mat
MMO-DE-CSCD,rPSP,MMF8,9,0.28592176509397943,Table_global_MMODE_CSCD.mat
MMO-DE-CSCD,rPSP,MMF8,10,0.15838466788056504,Table_global_MMODE_CSCD.mat
MMO-DE-CSCD,rPSP,MMF8,11,0.18248728831081548,Table_global_MMODE_CSCD.mat
MMO-DE-CSCD,rPSP,MMF8,12,0.1351607254868376,Table_global_MMODE_CSCD.mat
MMO-DE-CSCD,rPSP,MMF8,13,0.10742517484407918,Table_global_MMODE_CSCD.mat
MMO-DE-CSCD,rPSP,MMF8,14,0.23747878405442502,Table_global_MMODE_CSCD.mat
MMO-DE-CSCD,rPSP,MMF8,15,0.11852446930653349,Table_global_MMODE_CSCD.mat
MMO-DE-CSCD,rPSP,MMF8,16,0.17650814038991372,Table_global_MMODE_CSCD.mat
MMO-DE-CSCD,rPSP,MMF8,17,0.3044587580273111,Table_global_MMODE_CSCD.mat
MMO-DE-CSCD,rPSP,MMF8,18,0.24007709735430885,Table_global_MMODE_CSCD.mat
MMO-DE-CSCD,rPSP,MMF8,19,0.3079016826688353,Table_global_MMODE_CSCD.mat
MMO-DE-CSCD,rPSP,MMF8,20,0.14721163322572275,Table_global_MMODE_CSCD.mat
MMO-DE-CSCD,rPSP,MMF8,21,0.24507561172083175,Table_global_MMODE_CSCD.mat
MMO-DE-CSCD,rHV,MMF8,1,2.372282673123322,Table_global_MMODE_CSCD.mat
MMO-DE-CSCD,rHV,MMF8,2,2.3739466014303656,Table_global_MMODE_CSCD.mat
MMO-DE-CSCD,rHV,MMF8,3,2.375114111525457,Table_global_MMODE_CSCD.mat
MMO-DE-CSCD,rHV,MMF8,4,2.3732825965656814,Table_global_MMODE_CSCD.mat
MMO-DE-CSCD,rHV,MMF8,5,2.376968043306341,Table_global_MMODE_CSCD.mat
MMO-DE-CSCD,rHV,MMF8,6,2.378309058695601,Table_global_MMODE_CSCD.mat
MMO-DE-CSCD,rHV,MMF8,7,2.376094956853783,Table_global_MMODE_CSCD.mat
MMO-DE-CSCD,rHV,MMF8,8,2.3772390029644392,Table_global_MMODE_CSCD.mat
MMO-DE-CSCD,rHV,MMF8,9,2.3797466046948554,Table_global_MMODE_CSCD.mat
MMO-DE-CSCD,rHV,MMF8,10,2.373216594342902,Table_global_MMODE_CSCD.mat
MMO-DE-CSCD,rHV,MMF8,11,2.3730205082666593,Table_global_MMODE_CSCD.mat
MMO-DE-CSCD,rHV,MMF8,12,2.3787924082317167,Table_global_MMODE_CSCD.mat
MMO-DE-CSCD,rHV,MMF8,13,2.378840274501378,Table_global_MMODE_CSCD.mat
MMO-DE-CSCD,rHV,MMF8,14,2.3884944952824108,Table_global_MMODE_CSCD.mat
MMO-DE-CSCD,rHV,MMF8,15,2.374292427098781,Table_global_MMODE_CSCD.mat
MMO-DE-CSCD,rHV,MMF8,16,2.3800098409072903,Table_global_MMODE_CSCD.mat
MMO-DE-CSCD,rHV,MMF8,17,2.3800952235000206,Table_global_MMODE_CSCD.mat
MMO-DE-CSCD,rHV,MMF8,18,2.3720681099942396,Table_global_MMODE_CSCD.mat
MMO-DE-CSCD,rHV,MMF8,19,2.3725300007200025,Table_global_MMODE_CSCD.mat
MMO-DE-CSCD,rHV,MMF8,20,2.3755464214597644,Table_global_MMODE_CSCD.mat
MMO-DE-CSCD,rHV,MMF8,21,2.3830025041952116,Table_global_MMODE_CSCD.mat
MMO-DE-CSCD,IGDX,MMF8,1,0.17877097668354325,Table_global_MMODE_CSCD.mat
MMO-DE-CSCD,IGDX,MMF8,2,0.15161296660258475,Table_global_MMODE_CSCD.mat
MMO-DE-CSCD,IGDX,MMF8,3,0.2447613535355666,Table_global_MMODE_CSCD.mat
MMO-DE-CSCD,IGDX,MMF8,4,0.12484309119202598,Table_global_MMODE_CSCD.mat
MMO-DE-CSCD,IGDX,MMF8,5,0.17732851796231003,Table_global_MMODE_CSCD.mat
MMO-DE-CSCD,IGDX,MMF8,6,0.18698531574129212,Table_global_MMODE_CSCD.mat
MMO-DE-CSCD,IGDX,MMF8,7,0.14013714928641563,Table_global_MMODE_CSCD.mat
MMO-DE-CSCD,IGDX,MMF8,8,0.1553676424546283,Table_global_MMODE_CSCD.mat
MMO-DE-CSCD,IGDX,MMF8,9,0.2574641038257965,Table_global_MMODE_CSCD.mat
MMO-DE-CSCD,IGDX,MMF8,10,0.1580214580776476,Table_global_MMODE_CSCD.mat
MMO-DE-CSCD,IGDX,MMF8,11,0.18188644680634958,Table_global_MMODE_CSCD.mat
MMO-DE-CSCD,IGDX,MMF8,12,0.12807821668569358,Table_global_MMODE_CSCD.mat
MMO-DE-CSCD,IGDX,MMF8,13,0.10715223345829664,Table_global_MMODE_CSCD.mat
MMO-DE-CSCD,IGDX,MMF8,14,0.23612925464769272,Table_global_MMODE_CSCD.mat
MMO-DE-CSCD,IGDX,MMF8,15,0.1182900394695789,Table_global_MMODE_CSCD.mat
MMO-DE-CSCD,IGDX,MMF8,16,0.1629412355187211,Table_global_MMODE_CSCD.mat
MMO-DE-CSCD,IGDX,MMF8,17,0.2756318354623144,Table_global_MMODE_CSCD.mat
MMO-DE-CSCD,IGDX,MMF8,18,0.22004871124468928,Table_global_MMODE_CSCD.mat
MMO-DE-CSCD,IGDX,MMF8,19,0.290885511424984,Table_global_MMODE_CSCD.mat
MMO-DE-CSCD,IGDX,MMF8,20,0.14179696167863023,Table_global_MMODE_CSCD.mat
MMO-DE-CSCD,IGDX,MMF8,21,0.2438684582601304,Table_global_MMODE_CSCD.mat
MMO-DE-CSCD,IGDF,MMF8,1,0.0024720813042496646,Table_global_MMODE_CSCD.mat
MMO-DE-CSCD,IGDF,MMF8,2,0.0025663313177720967,Table_global_MMODE_CSCD.mat
MMO-DE-CSCD,IGDF,MMF8,3,0.0023998771230340863,Table_global_MMODE_CSCD.mat
MMO-DE-CSCD,IGDF,MMF8,4,0.0025576581876695977,Table_global_MMODE_CSCD.mat
MMO-DE-CSCD,IGDF,MMF8,5,0.002511642961373875,Table_global_MMODE_CSCD.mat
MMO-DE-CSCD,IGDF,MMF8,6,0.0024988751892080223,Table_global_MMODE_CSCD.mat
MMO-DE-CSCD,IGDF,MMF8,7,0.0023833324034783546,Table_global_MMODE_CSCD.mat
MMO-DE-CSCD,IGDF,MMF8,8,0.0023689055312692353,Table_global_MMODE_CSCD.mat
MMO-DE-CSCD,IGDF,MMF8,9,0.0024731674474058017,Table_global_MMODE_CSCD.mat
MMO-DE-CSCD,IGDF,MMF8,10,0.0022548029369393575,Table_global_MMODE_CSCD.mat
MMO-DE-CSCD,IGDF,MMF8,11,0.002452749979343673,Table_global_MMODE_CSCD.mat
MMO-DE-CSCD,IGDF,MMF8,12,0.002384114484710277,Table_global_MMODE_CSCD.mat
MMO-DE-CSCD,IGDF,MMF8,13,0.0024609174876732997,Table_global_MMODE_CSCD.mat
MMO-DE-CSCD,IGDF,MMF8,14,0.002537776477317504,Table_global_MMODE_CSCD.mat
MMO-DE-CSCD,IGDF,MMF8,15,0.002579765908630143,Table_global_MMODE_CSCD.mat
MMO-DE-CSCD,IGDF,MMF8,16,0.002386868263727025,Table_global_MMODE_CSCD.mat
MMO-DE-CSCD,IGDF,MMF8,17,0.0024939911188907402,Table_global_MMODE_CSCD.mat
MMO-DE-CSCD,IGDF,MMF8,18,0.002412504388136274,Table_global_MMODE_CSCD.mat
MMO-DE-CSCD,IGDF,MMF8,19,0.002393307137081306,Table_global_MMODE_CSCD.mat
MMO-DE-CSCD,IGDF,MMF8,20,0.0026326963466935804,Table_global_MMODE_CSCD.mat
MMO-DE-CSCD,IGDF,MMF8,21,0.0023780880477255613,Table_global_MMODE_CSCD.mat
MMO-DE-CSCD,rPSP,MMF9,1,0.005250666995982993,Table_global_MMODE_CSCD.mat
MMO-DE-CSCD,rPSP,MMF9,2,0.0044640215614972075,Table_global_MMODE_CSCD.mat
MMO-DE-CSCD,rPSP,MMF9,3,0.0045974686678115755,Table_global_MMODE_CSCD.mat
MMO-DE-CSCD,rPSP,MMF9,4,0.0049498533131699315,Table_global_MMODE_CSCD.mat
MMO-DE-CSCD,rPSP,MMF9,5,0.00494413416356936,Table_global_MMODE_CSCD.mat
MMO-DE-CSCD,rPSP,MMF9,6,0.004419532096898057,Table_global_MMODE_CSCD.mat
MMO-DE-CSCD,rPSP,MMF9,7,0.0054145072986491165,Table_global_MMODE_CSCD.mat
MMO-DE-CSCD,rPSP,MMF9,8,0.00470690911975902,Table_global_MMODE_CSCD.mat
MMO-DE-CSCD,rPSP,MMF9,9,0.005192249252844144,Table_global_MMODE_CSCD.mat
MMO-DE-CSCD,rPSP,MMF9,10,0.004802578107980592,Table_global_MMODE_CSCD.mat
MMO-DE-CSCD,rPSP,MMF9,11,0.005065540473835873,Table_global_MMODE_CSCD.mat
MMO-DE-CSCD,rPSP,MMF9,12,0.005225002125124353,Table_global_MMODE_CSCD.mat
MMO-DE-CSCD,rPSP,MMF9,13,0.004898707019088977,Table_global_MMODE_CSCD.mat
MMO-DE-CSCD,rPSP,MMF9,14,0.004989653559375909,Table_global_MMODE_CSCD.mat
MMO-DE-CSCD,rPSP,MMF9,15,0.004737822676758753,Table_global_MMODE_CSCD.mat
MMO-DE-CSCD,rPSP,MMF9,16,0.004678721314271305,Table_global_MMODE_CSCD.mat
MMO-DE-CSCD,rPSP,MMF9,17,0.00793940486649634,Table_global_MMODE_CSCD.mat
MMO-DE-CSCD,rPSP,MMF9,18,0.004759461365091835,Table_global_MMODE_CSCD.mat
MMO-DE-CSCD,rPSP,MMF9,19,0.005708307598682001,Table_global_MMODE_CSCD.mat
MMO-DE-CSCD,rPSP,MMF9,20,0.005109425213815259,Table_global_MMODE_CSCD.mat
MMO-DE-CSCD,rPSP,MMF9,21,0.0052151304101891284,Table_global_MMODE_CSCD.mat
MMO-DE-CSCD,rHV,MMF9,1,0.10318369118247986,Table_global_MMODE_CSCD.mat
MMO-DE-CSCD,rHV,MMF9,2,0.10319666069273943,Table_global_MMODE_CSCD.mat
MMO-DE-CSCD,rHV,MMF9,3,0.10319258982929386,Table_global_MMODE_CSCD.mat
MMO-DE-CSCD,rHV,MMF9,4,0.10319398508472906,Table_global_MMODE_CSCD.mat
MMO-DE-CSCD,rHV,MMF9,5,0.10317823329190698,Table_global_MMODE_CSCD.mat
MMO-DE-CSCD,rHV,MMF9,6,0.10318310173207036,Table_global_MMODE_CSCD.mat
MMO-DE-CSCD,rHV,MMF9,7,0.10317036497822196,Table_global_MMODE_CSCD.mat
MMO-DE-CSCD,rHV,MMF9,8,0.10318665381005868,Table_global_MMODE_CSCD.mat
MMO-DE-CSCD,rHV,MMF9,9,0.10317427038450949,Table_global_MMODE_CSCD.mat
MMO-DE-CSCD,rHV,MMF9,10,0.10319505720259828,Table_global_MMODE_CSCD.mat
MMO-DE-CSCD,rHV,MMF9,11,0.10318281561664619,Table_global_MMODE_CSCD.mat
MMO-DE-CSCD,rHV,MMF9,12,0.10320491299751373,Table_global_MMODE_CSCD.mat
MMO-DE-CSCD,rHV,MMF9,13,0.10319315651049815,Table_global_MMODE_CSCD.mat
MMO-DE-CSCD,rHV,MMF9,14,0.10318222158047964,Table_global_MMODE_CSCD.mat
MMO-DE-CSCD,rHV,MMF9,15,0.10322719296744093,Table_global_MMODE_CSCD.mat
MMO-DE-CSCD,rHV,MMF9,16,0.10321589911512327,Table_global_MMODE_CSCD.mat
MMO-DE-CSCD,rHV,MMF9,17,0.10318646964394328,Table_global_MMODE_CSCD.mat
MMO-DE-CSCD,rHV,MMF9,18,0.10318271158145007,Table_global_MMODE_CSCD.mat
MMO-DE-CSCD,rHV,MMF9,19,0.10319545703344428,Table_global_MMODE_CSCD.mat
MMO-DE-CSCD,rHV,MMF9,20,0.10320291530582079,Table_global_MMODE_CSCD.mat
MMO-DE-CSCD,rHV,MMF9,21,0.10317040224796256,Table_global_MMODE_CSCD.mat
MMO-DE-CSCD,IGDX,MMF9,1,0.005250666927650107,Table_global_MMODE_CSCD.mat
MMO-DE-CSCD,IGDX,MMF9,2,0.004464017357524524,Table_global_MMODE_CSCD.mat
MMO-DE-CSCD,IGDX,MMF9,3,0.004597446320017858,Table_global_MMODE_CSCD.mat
MMO-DE-CSCD,IGDX,MMF9,4,0.004949853167147447,Table_global_MMODE_CSCD.mat
MMO-DE-CSCD,IGDX,MMF9,5,0.004944067849215362,Table_global_MMODE_CSCD.mat
MMO-DE-CSCD,IGDX,MMF9,6,0.004419531519602678,Table_global_MMODE_CSCD.mat
MMO-DE-CSCD,IGDX,MMF9,7,0.0054145070475453035,Table_global_MMODE_CSCD.mat
MMO-DE-CSCD,IGDX,MMF9,8,0.004706907572413794,Table_global_MMODE_CSCD.mat
MMO-DE-CSCD,IGDX,MMF9,9,0.0051922487822239185,Table_global_MMODE_CSCD.mat
MMO-DE-CSCD,IGDX,MMF9,10,0.004802577440445385,Table_global_MMODE_CSCD.mat
MMO-DE-CSCD,IGDX,MMF9,11,0.0050655314392919985,Table_global_MMODE_CSCD.mat
MMO-DE-CSCD,IGDX,MMF9,12,0.005224997830748529,Table_global_MMODE_CSCD.mat
MMO-DE-CSCD,IGDX,MMF9,13,0.004898705801060023,Table_global_MMODE_CSCD.mat
MMO-DE-CSCD,IGDX,MMF9,14,0.004989653216193255,Table_global_MMODE_CSCD.mat
MMO-DE-CSCD,IGDX,MMF9,15,0.004737821425098243,Table_global_MMODE_CSCD.mat
MMO-DE-CSCD,IGDX,MMF9,16,0.00467871662679248,Table_global_MMODE_CSCD.mat
MMO-DE-CSCD,IGDX,MMF9,17,0.007939390440463878,Table_global_MMODE_CSCD.mat
MMO-DE-CSCD,IGDX,MMF9,18,0.004759458510163117,Table_global_MMODE_CSCD.mat
MMO-DE-CSCD,IGDX,MMF9,19,0.005708279701800688,Table_global_MMODE_CSCD.mat
MMO-DE-CSCD,IGDX,MMF9,20,0.005109407231447126,Table_global_MMODE_CSCD.mat
MMO-DE-CSCD,IGDX,MMF9,21,0.005215126746366591,Table_global_MMODE_CSCD.mat
MMO-DE-CSCD,IGDF,MMF9,1,0.010782222219032491,Table_global_MMODE_CSCD.mat
MMO-DE-CSCD,IGDF,MMF9,2,0.009933854768990813,Table_global_MMODE_CSCD.mat
MMO-DE-CSCD,IGDF,MMF9,3,0.010165107685304613,Table_global_MMODE_CSCD.mat
MMO-DE-CSCD,IGDF,MMF9,4,0.01045570497565766,Table_global_MMODE_CSCD.mat
MMO-DE-CSCD,IGDF,MMF9,5,0.01072022817527123,Table_global_MMODE_CSCD.mat
MMO-DE-CSCD,IGDF,MMF9,6,0.011399242484125468,Table_global_MMODE_CSCD.mat
MMO-DE-CSCD,IGDF,MMF9,7,0.009342752636215491,Table_global_MMODE_CSCD.mat
MMO-DE-CSCD,IGDF,MMF9,8,0.011053618640466669,Table_global_MMODE_CSCD.mat
MMO-DE-CSCD,IGDF,MMF9,9,0.010780288832823363,Table_global_MMODE_CSCD.mat
MMO-DE-CSCD,IGDF,MMF9,10,0.011165375406057318,Table_global_MMODE_CSCD.mat
MMO-DE-CSCD,IGDF,MMF9,11,0.010845333980776686,Table_global_MMODE_CSCD.mat
MMO-DE-CSCD,IGDF,MMF9,12,0.011480891521305062,Table_global_MMODE_CSCD.mat
MMO-DE-CSCD,IGDF,MMF9,13,0.010410897094162324,Table_global_MMODE_CSCD.mat
MMO-DE-CSCD,IGDF,MMF9,14,0.009494343559202817,Table_global_MMODE_CSCD.mat
MMO-DE-CSCD,IGDF,MMF9,15,0.013651902957076816,Table_global_MMODE_CSCD.mat
MMO-DE-CSCD,IGDF,MMF9,16,0.011680133793556811,Table_global_MMODE_CSCD.mat
MMO-DE-CSCD,IGDF,MMF9,17,0.01168838358853637,Table_global_MMODE_CSCD.mat
MMO-DE-CSCD,IGDF,MMF9,18,0.010533680930745139,Table_global_MMODE_CSCD.mat
MMO-DE-CSCD,IGDF,MMF9,19,0.010837966760267808,Table_global_MMODE_CSCD.mat
MMO-DE-CSCD,IGDF,MMF9,20,0.010627753460351703,Table_global_MMODE_CSCD.mat
MMO-DE-CSCD,IGDF,MMF9,21,0.009283212260542156,Table_global_MMODE_CSCD.mat
MMO-DE-CSCD,rPSP,MMF10,1,0.39827294426262405,Table_global_MMODE_CSCD.mat
MMO-DE-CSCD,rPSP,MMF10,2,0.0018474096508415579,Table_global_MMODE_CSCD.mat
MMO-DE-CSCD,rPSP,MMF10,3,0.0021084585036922794,Table_global_MMODE_CSCD.mat
MMO-DE-CSCD,rPSP,MMF10,4,0.3961177674094996,Table_global_MMODE_CSCD.mat
MMO-DE-CSCD,rPSP,MMF10,5,0.002206556093002183,Table_global_MMODE_CSCD.mat
MMO-DE-CSCD,rPSP,MMF10,6,0.0020799433607577044,Table_global_MMODE_CSCD.mat
MMO-DE-CSCD,rPSP,MMF10,7,0.0021147369906246776,Table_global_MMODE_CSCD.mat
MMO-DE-CSCD,rPSP,MMF10,8,0.39779591531237507,Table_global_MMODE_CSCD.mat
MMO-DE-CSCD,rPSP,MMF10,9,0.0023008714195480967,Table_global_MMODE_CSCD.mat
MMO-DE-CSCD,rPSP,MMF10,10,0.002017750012447518,Table_global_MMODE_CSCD.mat
MMO-DE-CSCD,rPSP,MMF10,11,0.0021638624394786856,Table_global_MMODE_CSCD.mat
MMO-DE-CSCD,rPSP,MMF10,12,0.002144942900388711,Table_global_MMODE_CSCD.mat
MMO-DE-CSCD,rPSP,MMF10,13,0.001918320401584182,Table_global_MMODE_CSCD.mat
MMO-DE-CSCD,rPSP,MMF10,14,0.0021543556820613824,Table_global_MMODE_CSCD.mat
MMO-DE-CSCD,rPSP,MMF10,15,0.3986058837040564,Table_global_MMODE_CSCD.mat
MMO-DE-CSCD,rPSP,MMF10,16,0.39799899128098515,Table_global_MMODE_CSCD.mat
MMO-DE-CSCD,rPSP,MMF10,17,0.0019967412340272436,Table_global_MMODE_CSCD.mat
MMO-DE-CSCD,rPSP,MMF10,18,0.3978017669677228,Table_global_MMODE_CSCD.mat
MMO-DE-CSCD,rPSP,MMF10,19,0.001966497436212947,Table_global_MMODE_CSCD.mat
MMO-DE-CSCD,rPSP,MMF10,20,0.39619372556673643,Table_global_MMODE_CSCD.mat
MMO-DE-CSCD,rPSP,MMF10,21,0.0018778940385154514,Table_global_MMODE_CSCD.mat
MMO-DE-CSCD,rHV,MMF10,1,0.08597853261444156,Table_global_MMODE_CSCD.mat
MMO-DE-CSCD,rHV,MMF10,2,0.07767146452193721,Table_global_MMODE_CSCD.mat
MMO-DE-CSCD,rHV,MMF10,3,0.07767090056181843,Table_global_MMODE_CSCD.mat
MMO-DE-CSCD,rHV,MMF10,4,0.0859804205126348,Table_global_MMODE_CSCD.mat
MMO-DE-CSCD,rHV,MMF10,5,0.07766903577444892,Table_global_MMODE_CSCD.mat
MMO-DE-CSCD,rHV,MMF10,6,0.07766648705292066,Table_global_MMODE_CSCD.mat
MMO-DE-CSCD,rHV,MMF10,7,0.07766661519709364,Table_global_MMODE_CSCD.mat
MMO-DE-CSCD,rHV,MMF10,8,0.08598519763426349,Table_global_MMODE_CSCD.mat
MMO-DE-CSCD,rHV,MMF10,9,0.07766281956476331,Table_global_MMODE_CSCD.mat
MMO-DE-CSCD,rHV,MMF10,10,0.07766772710898515,Table_global_MMODE_CSCD.mat
MMO-DE-CSCD,rHV,MMF10,11,0.07766981421753501,Table_global_MMODE_CSCD.mat
MMO-DE-CSCD,rHV,MMF10,12,0.0776786388779606,Table_global_MMODE_CSCD.mat
MMO-DE-CSCD,rHV,MMF10,13,0.07767117974569104,Table_global_MMODE_CSCD.mat
MMO-DE-CSCD,rHV,MMF10,14,0.0776699822969485,Table_global_MMODE_CSCD.mat
MMO-DE-CSCD,rHV,MMF10,15,0.08597959399130038,Table_global_MMODE_CSCD.mat
MMO-DE-CSCD,rHV,MMF10,16,0.08598502066738592,Table_global_MMODE_CSCD.mat
MMO-DE-CSCD,rHV,MMF10,17,0.07766478208924306,Table_global_MMODE_CSCD.mat
MMO-DE-CSCD,rHV,MMF10,18,0.08598639459898559,Table_global_MMODE_CSCD.mat
MMO-DE-CSCD,rHV,MMF10,19,0.0776749891675233,Table_global_MMODE_CSCD.mat
MMO-DE-CSCD,rHV,MMF10,20,0.0859792494960008,Table_global_MMODE_CSCD.mat
MMO-DE-CSCD,rHV,MMF10,21,0.07767356991967926,Table_global_MMODE_CSCD.mat
MMO-DE-CSCD,IGDX,MMF10,1,0.39827292687932503,Table_global_MMODE_CSCD.mat
MMO-DE-CSCD,IGDX,MMF10,2,0.0018474095420251218,Table_global_MMODE_CSCD.mat
MMO-DE-CSCD,IGDX,MMF10,3,0.002108457873387497,Table_global_MMODE_CSCD.mat
MMO-DE-CSCD,IGDX,MMF10,4,0.3961176881365056,Table_global_MMODE_CSCD.mat
MMO-DE-CSCD,IGDX,MMF10,5,0.002206554777494144,Table_global_MMODE_CSCD.mat
MMO-DE-CSCD,IGDX,MMF10,6,0.002079943233000558,Table_global_MMODE_CSCD.mat
MMO-DE-CSCD,IGDX,MMF10,7,0.0021147368641163,Table_global_MMODE_CSCD.mat
MMO-DE-CSCD,IGDX,MMF10,8,0.39779547387781733,Table_global_MMODE_CSCD.mat
MMO-DE-CSCD,IGDX,MMF10,9,0.002300869111043213,Table_global_MMODE_CSCD.mat
MMO-DE-CSCD,IGDX,MMF10,10,0.002017743568860154,Table_global_MMODE_CSCD.mat
MMO-DE-CSCD,IGDX,MMF10,11,0.002163862114422441,Table_global_MMODE_CSCD.mat
MMO-DE-CSCD,IGDX,MMF10,12,0.0021449427893749816,Table_global_MMODE_CSCD.mat
MMO-DE-CSCD,IGDX,MMF10,13,0.001918320389259211,Table_global_MMODE_CSCD.mat
MMO-DE-CSCD,IGDX,MMF10,14,0.002154355574269383,Table_global_MMODE_CSCD.mat
MMO-DE-CSCD,IGDX,MMF10,15,0.39860583913321385,Table_global_MMODE_CSCD.mat
MMO-DE-CSCD,IGDX,MMF10,16,0.39799888789930876,Table_global_MMODE_CSCD.mat
MMO-DE-CSCD,IGDX,MMF10,17,0.0019967405903203238,Table_global_MMODE_CSCD.mat
MMO-DE-CSCD,IGDX,MMF10,18,0.39780103799502214,Table_global_MMODE_CSCD.mat
MMO-DE-CSCD,IGDX,MMF10,19,0.001966493690888655,Table_global_MMODE_CSCD.mat
MMO-DE-CSCD,IGDX,MMF10,20,0.39619346885850426,Table_global_MMODE_CSCD.mat
MMO-DE-CSCD,IGDX,MMF10,21,0.0018778935530760555,Table_global_MMODE_CSCD.mat
MMO-DE-CSCD,IGDF,MMF10,1,0.2995118485809104,Table_global_MMODE_CSCD.mat
MMO-DE-CSCD,IGDF,MMF10,2,0.008323077247720032,Table_global_MMODE_CSCD.mat
MMO-DE-CSCD,IGDF,MMF10,3,0.00784418941753871,Table_global_MMODE_CSCD.mat
MMO-DE-CSCD,IGDF,MMF10,4,0.2994799793595028,Table_global_MMODE_CSCD.mat
MMO-DE-CSCD,IGDF,MMF10,5,0.008021444612633273,Table_global_MMODE_CSCD.mat
MMO-DE-CSCD,IGDF,MMF10,6,0.006561818885400681,Table_global_MMODE_CSCD.mat
MMO-DE-CSCD,IGDF,MMF10,7,0.007568260160256635,Table_global_MMODE_CSCD.mat
MMO-DE-CSCD,IGDF,MMF10,8,0.2997721158588728,Table_global_MMODE_CSCD.mat
MMO-DE-CSCD,IGDF,MMF10,9,0.006921771839045965,Table_global_MMODE_CSCD.mat
MMO-DE-CSCD,IGDF,MMF10,10,0.007368387888309374,Table_global_MMODE_CSCD.mat
MMO-DE-CSCD,IGDF,MMF10,11,0.00756112848439449,Table_global_MMODE_CSCD.mat
MMO-DE-CSCD,IGDF,MMF10,12,0.008388902841982087,Table_global_MMODE_CSCD.mat
MMO-DE-CSCD,IGDF,MMF10,13,0.0073855316089196784,Table_global_MMODE_CSCD.mat
MMO-DE-CSCD,IGDF,MMF10,14,0.007511654532222593,Table_global_MMODE_CSCD.mat
MMO-DE-CSCD,IGDF,MMF10,15,0.29948366840986784,Table_global_MMODE_CSCD.mat
MMO-DE-CSCD,IGDF,MMF10,16,0.29966511601720347,Table_global_MMODE_CSCD.mat
MMO-DE-CSCD,IGDF,MMF10,17,0.007288899189940903,Table_global_MMODE_CSCD.mat
MMO-DE-CSCD,IGDF,MMF10,18,0.29960245455828866,Table_global_MMODE_CSCD.mat
MMO-DE-CSCD,IGDF,MMF10,19,0.008779136377643928,Table_global_MMODE_CSCD.mat
MMO-DE-CSCD,IGDF,MMF10,20,0.29936228103336593,Table_global_MMODE_CSCD.mat
MMO-DE-CSCD,IGDF,MMF10,21,0.007454133757410076,Table_global_MMODE_CSCD.mat
MMO-DE-CSCD,rPSP,MMF11,1,0.002486782806027814,Table_global_MMODE_CSCD.mat
MMO-DE-CSCD,rPSP,MMF11,2,0.0026150141230442637,Table_global_MMODE_CSCD.mat
MMO-DE-CSCD,rPSP,MMF11,3,0.0024834274552287578,Table_global_MMODE_CSCD.mat
MMO-DE-CSCD,rPSP,MMF11,4,0.0027858692844578152,Table_global_MMODE_CSCD.mat
MMO-DE-CSCD,rPSP,MMF11,5,0.0025453902972410324,Table_global_MMODE_CSCD.mat
MMO-DE-CSCD,rPSP,MMF11,6,0.0025366620079653656,Table_global_MMODE_CSCD.mat
MMO-DE-CSCD,rPSP,MMF11,7,0.00261870866271577,Table_global_MMODE_CSCD.mat
MMO-DE-CSCD,rPSP,MMF11,8,0.0026014779957617765,Table_global_MMODE_CSCD.mat
MMO-DE-CSCD,rPSP,MMF11,9,0.002374854870525035,Table_global_MMODE_CSCD.mat
MMO-DE-CSCD,rPSP,MMF11,10,0.002462623100967023,Table_global_MMODE_CSCD.mat
MMO-DE-CSCD,rPSP,MMF11,11,0.0024959948818572423,Table_global_MMODE_CSCD.mat
MMO-DE-CSCD,rPSP,MMF11,12,0.0025745949187253015,Table_global_MMODE_CSCD.mat
MMO-DE-CSCD,rPSP,MMF11,13,0.0026536154213438134,Table_global_MMODE_CSCD.mat
MMO-DE-CSCD,rPSP,MMF11,14,0.002987122621401626,Table_global_MMODE_CSCD.mat
MMO-DE-CSCD,rPSP,MMF11,15,0.0026280145406515462,Table_global_MMODE_CSCD.mat
MMO-DE-CSCD,rPSP,MMF11,16,0.002355414471860187,Table_global_MMODE_CSCD.mat
MMO-DE-CSCD,rPSP,MMF11,17,0.002502658429549926,Table_global_MMODE_CSCD.mat
MMO-DE-CSCD,rPSP,MMF11,18,0.0025479531557329343,Table_global_MMODE_CSCD.mat
MMO-DE-CSCD,rPSP,MMF11,19,0.0024841759961733256,Table_global_MMODE_CSCD.mat
MMO-DE-CSCD,rPSP,MMF11,20,0.0024371879159594545,Table_global_MMODE_CSCD.mat
MMO-DE-CSCD,rPSP,MMF11,21,0.002692929448821519,Table_global_MMODE_CSCD.mat
MMO-DE-CSCD,rHV,MMF11,1,0.06885426727179414,Table_global_MMODE_CSCD.mat
MMO-DE-CSCD,rHV,MMF11,2,0.0688468908932779,Table_global_MMODE_CSCD.mat
MMO-DE-CSCD,rHV,MMF11,3,0.06885281731568668,Table_global_MMODE_CSCD.mat
MMO-DE-CSCD,rHV,MMF11,4,0.06884659870288974,Table_global_MMODE_CSCD.mat
MMO-DE-CSCD,rHV,MMF11,5,0.06884856823406617,Table_global_MMODE_CSCD.mat
MMO-DE-CSCD,rHV,MMF11,6,0.06884553911255979,Table_global_MMODE_CSCD.mat
MMO-DE-CSCD,rHV,MMF11,7,0.06885488120731163,Table_global_MMODE_CSCD.mat
MMO-DE-CSCD,rHV,MMF11,8,0.06884538889565832,Table_global_MMODE_CSCD.mat
MMO-DE-CSCD,rHV,MMF11,9,0.06885254122041365,Table_global_MMODE_CSCD.mat
MMO-DE-CSCD,rHV,MMF11,10,0.06885260632159532,Table_global_MMODE_CSCD.mat
MMO-DE-CSCD,rHV,MMF11,11,0.06885484171878567,Table_global_MMODE_CSCD.mat
MMO-DE-CSCD,rHV,MMF11,12,0.06886020125370397,Table_global_MMODE_CSCD.mat
MMO-DE-CSCD,rHV,MMF11,13,0.06884831786162852,Table_global_MMODE_CSCD.mat
MMO-DE-CSCD,rHV,MMF11,14,0.06886499697999056,Table_global_MMODE_CSCD.mat
MMO-DE-CSCD,rHV,MMF11,15,0.06885681001082294,Table_global_MMODE_CSCD.mat
MMO-DE-CSCD,rHV,MMF11,16,0.06885139089333768,Table_global_MMODE_CSCD.mat
MMO-DE-CSCD,rHV,MMF11,17,0.06885063828496034,Table_global_MMODE_CSCD.mat
MMO-DE-CSCD,rHV,MMF11,18,0.06885947877779096,Table_global_MMODE_CSCD.mat
MMO-DE-CSCD,rHV,MMF11,19,0.06885003113896501,Table_global_MMODE_CSCD.mat
MMO-DE-CSCD,rHV,MMF11,20,0.06885080142471027,Table_global_MMODE_CSCD.mat
MMO-DE-CSCD,rHV,MMF11,21,0.0688673693107247,Table_global_MMODE_CSCD.mat
MMO-DE-CSCD,IGDX,MMF11,1,0.002486781728099619,Table_global_MMODE_CSCD.mat
MMO-DE-CSCD,IGDX,MMF11,2,0.0026150116850671944,Table_global_MMODE_CSCD.mat
MMO-DE-CSCD,IGDX,MMF11,3,0.002483421777033681,Table_global_MMODE_CSCD.mat
MMO-DE-CSCD,IGDX,MMF11,4,0.002785866380667361,Table_global_MMODE_CSCD.mat
MMO-DE-CSCD,IGDX,MMF11,5,0.00254539019090804,Table_global_MMODE_CSCD.mat
MMO-DE-CSCD,IGDX,MMF11,6,0.002536661744441489,Table_global_MMODE_CSCD.mat
MMO-DE-CSCD,IGDX,MMF11,7,0.0026187083192504,Table_global_MMODE_CSCD.mat
MMO-DE-CSCD,IGDX,MMF11,8,0.002601477341243713,Table_global_MMODE_CSCD.mat
MMO-DE-CSCD,IGDX,MMF11,9,0.0023748476514445257,Table_global_MMODE_CSCD.mat
MMO-DE-CSCD,IGDX,MMF11,10,0.0024626210219520677,Table_global_MMODE_CSCD.mat
MMO-DE-CSCD,IGDX,MMF11,11,0.0024959931719604716,Table_global_MMODE_CSCD.mat
MMO-DE-CSCD,IGDX,MMF11,12,0.0025745909467057913,Table_global_MMODE_CSCD.mat
MMO-DE-CSCD,IGDX,MMF11,13,0.002653615418085869,Table_global_MMODE_CSCD.mat
MMO-DE-CSCD,IGDX,MMF11,14,0.002987122126464263,Table_global_MMODE_CSCD.mat
MMO-DE-CSCD,IGDX,MMF11,15,0.002628014240294507,Table_global_MMODE_CSCD.mat
MMO-DE-CSCD,IGDX,MMF11,16,0.002355413746845968,Table_global_MMODE_CSCD.mat
MMO-DE-CSCD,IGDX,MMF11,17,0.00250263900560445,Table_global_MMODE_CSCD.mat
MMO-DE-CSCD,IGDX,MMF11,18,0.002547952985153634,Table_global_MMODE_CSCD.mat
MMO-DE-CSCD,IGDX,MMF11,19,0.0024841759500308564,Table_global_MMODE_CSCD.mat
MMO-DE-CSCD,IGDX,MMF11,20,0.002437185605650162,Table_global_MMODE_CSCD.mat
MMO-DE-CSCD,IGDX,MMF11,21,0.00269292933351146,Table_global_MMODE_CSCD.mat
MMO-DE-CSCD,IGDF,MMF11,1,0.009800758384268788,Table_global_MMODE_CSCD.mat
MMO-DE-CSCD,IGDF,MMF11,2,0.009899993919552869,Table_global_MMODE_CSCD.mat
MMO-DE-CSCD,IGDF,MMF11,3,0.01005357399961362,Table_global_MMODE_CSCD.mat
MMO-DE-CSCD,IGDF,MMF11,4,0.009214805848895984,Table_global_MMODE_CSCD.mat
MMO-DE-CSCD,IGDF,MMF11,5,0.009837217940215075,Table_global_MMODE_CSCD.mat
MMO-DE-CSCD,IGDF,MMF11,6,0.00938087732404897,Table_global_MMODE_CSCD.mat
MMO-DE-CSCD,IGDF,MMF11,7,0.010530776033681933,Table_global_MMODE_CSCD.mat
MMO-DE-CSCD,IGDF,MMF11,8,0.009804477809371803,Table_global_MMODE_CSCD.mat
MMO-DE-CSCD,IGDF,MMF11,9,0.010457035555604897,Table_global_MMODE_CSCD.mat
MMO-DE-CSCD,IGDF,MMF11,10,0.010230966295836414,Table_global_MMODE_CSCD.mat
MMO-DE-CSCD,IGDF,MMF11,11,0.010311054244992415,Table_global_MMODE_CSCD.mat
MMO-DE-CSCD,IGDF,MMF11,12,0.009983966126521028,Table_global_MMODE_CSCD.mat
MMO-DE-CSCD,IGDF,MMF11,13,0.009698886141548915,Table_global_MMODE_CSCD.mat
MMO-DE-CSCD,IGDF,MMF11,14,0.011696789183776419,Table_global_MMODE_CSCD.mat
MMO-DE-CSCD,IGDF,MMF11,15,0.0106095899550254,Table_global_MMODE_CSCD.mat
MMO-DE-CSCD,IGDF,MMF11,16,0.010240974174277346,Table_global_MMODE_CSCD.mat
MMO-DE-CSCD,IGDF,MMF11,17,0.009318756970978672,Table_global_MMODE_CSCD.mat
MMO-DE-CSCD,IGDF,MMF11,18,0.010952557573956068,Table_global_MMODE_CSCD.mat
MMO-DE-CSCD,IGDF,MMF11,19,0.010635557685834594,Table_global_MMODE_CSCD.mat
MMO-DE-CSCD,IGDF,MMF11,20,0.010219665843712427,Table_global_MMODE_CSCD.mat
MMO-DE-CSCD,IGDF,MMF11,21,0.012331390916992131,Table_global_MMODE_CSCD.mat
MMO-DE-CSCD,rPSP,MMF12,1,0.001422552519490676,Table_global_MMODE_CSCD.mat
MMO-DE-CSCD,rPSP,MMF12,2,0.0013732633605502834,Table_global_MMODE_CSCD.mat
MMO-DE-CSCD,rPSP,MMF12,3,0.0013863660673308523,Table_global_MMODE_CSCD.mat
MMO-DE-CSCD,rPSP,MMF12,4,0.0014157786542515094,Table_global_MMODE_CSCD.mat
MMO-DE-CSCD,rPSP,MMF12,5,0.0014035834163060516,Table_global_MMODE_CSCD.mat
MMO-DE-CSCD,rPSP,MMF12,6,0.0013986183929259213,Table_global_MMODE_CSCD.mat
MMO-DE-CSCD,rPSP,MMF12,7,0.001418500048151569,Table_global_MMODE_CSCD.mat
MMO-DE-CSCD,rPSP,MMF12,8,0.0013737792601637565,Table_global_MMODE_CSCD.mat
MMO-DE-CSCD,rPSP,MMF12,9,0.0014832440856719217,Table_global_MMODE_CSCD.mat
MMO-DE-CSCD,rPSP,MMF12,10,0.0014305946336937037,Table_global_MMODE_CSCD.mat
MMO-DE-CSCD,rPSP,MMF12,11,0.0014318271605221545,Table_global_MMODE_CSCD.mat
MMO-DE-CSCD,rPSP,MMF12,12,0.0014019545666088408,Table_global_MMODE_CSCD.mat
MMO-DE-CSCD,rPSP,MMF12,13,0.0014146771844791282,Table_global_MMODE_CSCD.mat
MMO-DE-CSCD,rPSP,MMF12,14,0.0013962931125745604,Table_global_MMODE_CSCD.mat
MMO-DE-CSCD,rPSP,MMF12,15,0.0013529005887214815,Table_global_MMODE_CSCD.mat
MMO-DE-CSCD,rPSP,MMF12,16,0.001450597464085355,Table_global_MMODE_CSCD.mat
MMO-DE-CSCD,rPSP,MMF12,17,0.0013870104505156037,Table_global_MMODE_CSCD.mat
MMO-DE-CSCD,rPSP,MMF12,18,0.0013379994023184087,Table_global_MMODE_CSCD.mat
MMO-DE-CSCD,rPSP,MMF12,19,0.0014240636821726902,Table_global_MMODE_CSCD.mat
MMO-DE-CSCD,rPSP,MMF12,20,0.0014569660519689433,Table_global_MMODE_CSCD.mat
MMO-DE-CSCD,rPSP,MMF12,21,0.001374942708132732,Table_global_MMODE_CSCD.mat
MMO-DE-CSCD,rHV,MMF12,1,0.6353541583780322,Table_global_MMODE_CSCD.mat
MMO-DE-CSCD,rHV,MMF12,2,0.6353501106870706,Table_global_MMODE_CSCD.mat
MMO-DE-CSCD,rHV,MMF12,3,0.6353502720472981,Table_global_MMODE_CSCD.mat
MMO-DE-CSCD,rHV,MMF12,4,0.6353417590852988,Table_global_MMODE_CSCD.mat
MMO-DE-CSCD,rHV,MMF12,5,0.635351541559881,Table_global_MMODE_CSCD.mat
MMO-DE-CSCD,rHV,MMF12,6,0.6353461643599039,Table_global_MMODE_CSCD.mat
MMO-DE-CSCD,rHV,MMF12,7,0.635353799087427,Table_global_MMODE_CSCD.mat
MMO-DE-CSCD,rHV,MMF12,8,0.6353532072614908,Table_global_MMODE_CSCD.mat
MMO-DE-CSCD,rHV,MMF12,9,0.6353568188463825,Table_global_MMODE_CSCD.mat
MMO-DE-CSCD,rHV,MMF12,10,0.6353596077965515,Table_global_MMODE_CSCD.mat
MMO-DE-CSCD,rHV,MMF12,11,0.6353508867359775,Table_global_MMODE_CSCD.mat
MMO-DE-CSCD,rHV,MMF12,12,0.6353445895339535,Table_global_MMODE_CSCD.mat
MMO-DE-CSCD,rHV,MMF12,13,0.6353521085466372,Table_global_MMODE_CSCD.mat
MMO-DE-CSCD,rHV,MMF12,14,0.6353693730058972,Table_global_MMODE_CSCD.mat
MMO-DE-CSCD,rHV,MMF12,15,0.6353542065754834,Table_global_MMODE_CSCD.mat
MMO-DE-CSCD,rHV,MMF12,16,0.635346084261573,Table_global_MMODE_CSCD.mat
MMO-DE-CSCD,rHV,MMF12,17,0.6353525141489402,Table_global_MMODE_CSCD.mat
MMO-DE-CSCD,rHV,MMF12,18,0.635362419127599,Table_global_MMODE_CSCD.mat
MMO-DE-CSCD,rHV,MMF12,19,0.6353557013919017,Table_global_MMODE_CSCD.mat
MMO-DE-CSCD,rHV,MMF12,20,0.6353562614884279,Table_global_MMODE_CSCD.mat
MMO-DE-CSCD,rHV,MMF12,21,0.6353542731168287,Table_global_MMODE_CSCD.mat
MMO-DE-CSCD,IGDX,MMF12,1,0.0014225522717043449,Table_global_MMODE_CSCD.mat
MMO-DE-CSCD,IGDX,MMF12,2,0.0013732633569775515,Table_global_MMODE_CSCD.mat
MMO-DE-CSCD,IGDX,MMF12,3,0.0013863660670861107,Table_global_MMODE_CSCD.mat
MMO-DE-CSCD,IGDX,MMF12,4,0.0014157786520774093,Table_global_MMODE_CSCD.mat
MMO-DE-CSCD,IGDX,MMF12,5,0.0014035834150234934,Table_global_MMODE_CSCD.mat
MMO-DE-CSCD,IGDX,MMF12,6,0.0013986161803947862,Table_global_MMODE_CSCD.mat
MMO-DE-CSCD,IGDX,MMF12,7,0.0014185000463761083,Table_global_MMODE_CSCD.mat
MMO-DE-CSCD,IGDX,MMF12,8,0.0013737792010829791,Table_global_MMODE_CSCD.mat
MMO-DE-CSCD,IGDX,MMF12,9,0.0014832440622536114,Table_global_MMODE_CSCD.mat
MMO-DE-CSCD,IGDX,MMF12,10,0.0014305944432603038,Table_global_MMODE_CSCD.mat
MMO-DE-CSCD,IGDX,MMF12,11,0.0014318271600669914,Table_global_MMODE_CSCD.mat
MMO-DE-CSCD,IGDX,MMF12,12,0.0014019545468886506,Table_global_MMODE_CSCD.mat
MMO-DE-CSCD,IGDX,MMF12,13,0.0014146770574314975,Table_global_MMODE_CSCD.mat
MMO-DE-CSCD,IGDX,MMF12,14,0.001396293107127008,Table_global_MMODE_CSCD.mat
MMO-DE-CSCD,IGDX,MMF12,15,0.0013529005887151088,Table_global_MMODE_CSCD.mat
MMO-DE-CSCD,IGDX,MMF12,16,0.001450595945882646,Table_global_MMODE_CSCD.mat
MMO-DE-CSCD,IGDX,MMF12,17,0.0013870104505152923,Table_global_MMODE_CSCD.mat
MMO-DE-CSCD,IGDX,MMF12,18,0.001337975400701809,Table_global_MMODE_CSCD.mat
MMO-DE-CSCD,IGDX,MMF12,19,0.0014240636813467114,Table_global_MMODE_CSCD.mat
MMO-DE-CSCD,IGDX,MMF12,20,0.0014569658797005925,Table_global_MMODE_CSCD.mat
MMO-DE-CSCD,IGDX,MMF12,21,0.001374942699480444,Table_global_MMODE_CSCD.mat
MMO-DE-CSCD,IGDF,MMF12,1,0.002111016304912761,Table_global_MMODE_CSCD.mat
MMO-DE-CSCD,IGDF,MMF12,2,0.001956635864741394,Table_global_MMODE_CSCD.mat
MMO-DE-CSCD,IGDF,MMF12,3,0.0018751575158435486,Table_global_MMODE_CSCD.mat
MMO-DE-CSCD,IGDF,MMF12,4,0.0019040859480195372,Table_global_MMODE_CSCD.mat
MMO-DE-CSCD,IGDF,MMF12,5,0.001994545210316447,Table_global_MMODE_CSCD.mat
MMO-DE-CSCD,IGDF,MMF12,6,0.002040892334933347,Table_global_MMODE_CSCD.mat
MMO-DE-CSCD,IGDF,MMF12,7,0.002142663553970461,Table_global_MMODE_CSCD.mat
MMO-DE-CSCD,IGDF,MMF12,8,0.0019294255722266847,Table_global_MMODE_CSCD.mat
MMO-DE-CSCD,IGDF,MMF12,9,0.00216661386318676,Table_global_MMODE_CSCD.mat
MMO-DE-CSCD,IGDF,MMF12,10,0.0022676764814464436,Table_global_MMODE_CSCD.mat
MMO-DE-CSCD,IGDF,MMF12,11,0.00193130875010721,Table_global_MMODE_CSCD.mat
MMO-DE-CSCD,IGDF,MMF12,12,0.0018348999518395114,Table_global_MMODE_CSCD.mat
MMO-DE-CSCD,IGDF,MMF12,13,0.002135997028215657,Table_global_MMODE_CSCD.mat
MMO-DE-CSCD,IGDF,MMF12,14,0.0019778764048588374,Table_global_MMODE_CSCD.mat
MMO-DE-CSCD,IGDF,MMF12,15,0.00194034239893048,Table_global_MMODE_CSCD.mat
MMO-DE-CSCD,IGDF,MMF12,16,0.00206911838748864,Table_global_MMODE_CSCD.mat
MMO-DE-CSCD,IGDF,MMF12,17,0.0019945944136802547,Table_global_MMODE_CSCD.mat
MMO-DE-CSCD,IGDF,MMF12,18,0.0019578205111069028,Table_global_MMODE_CSCD.mat
MMO-DE-CSCD,IGDF,MMF12,19,0.0021012492217725156,Table_global_MMODE_CSCD.mat
MMO-DE-CSCD,IGDF,MMF12,20,0.0019878200884534745,Table_global_MMODE_CSCD.mat
MMO-DE-CSCD,IGDF,MMF12,21,0.00197928360907015,Table_global_MMODE_CSCD.mat
MMO-DE-CSCD,rPSP,MMF13,1,0.028852519928195985,Table_global_MMODE_CSCD.mat
MMO-DE-CSCD,rPSP,MMF13,2,0.04025198714683307,Table_global_MMODE_CSCD.mat
MMO-DE-CSCD,rPSP,MMF13,3,0.030776519325113473,Table_global_MMODE_CSCD.mat
MMO-DE-CSCD,rPSP,MMF13,4,0.05687492857282258,Table_global_MMODE_CSCD.mat
MMO-DE-CSCD,rPSP,MMF13,5,0.0284712785502201,Table_global_MMODE_CSCD.mat
MMO-DE-CSCD,rPSP,MMF13,6,0.03625299319884102,Table_global_MMODE_CSCD.mat
MMO-DE-CSCD,rPSP,MMF13,7,0.0355218222001475,Table_global_MMODE_CSCD.mat
MMO-DE-CSCD,rPSP,MMF13,8,0.042179628636485215,Table_global_MMODE_CSCD.mat
MMO-DE-CSCD,rPSP,MMF13,9,0.03040162802298203,Table_global_MMODE_CSCD.mat
MMO-DE-CSCD,rPSP,MMF13,10,0.0445845931017328,Table_global_MMODE_CSCD.mat
MMO-DE-CSCD,rPSP,MMF13,11,0.0305465530578964,Table_global_MMODE_CSCD.mat
MMO-DE-CSCD,rPSP,MMF13,12,0.033149303851865326,Table_global_MMODE_CSCD.mat
MMO-DE-CSCD,rPSP,MMF13,13,0.0481280708433141,Table_global_MMODE_CSCD.mat
MMO-DE-CSCD,rPSP,MMF13,14,0.034821941026094594,Table_global_MMODE_CSCD.mat
MMO-DE-CSCD,rPSP,MMF13,15,0.04861521602728936,Table_global_MMODE_CSCD.mat
MMO-DE-CSCD,rPSP,MMF13,16,0.028973249387665892,Table_global_MMODE_CSCD.mat
MMO-DE-CSCD,rPSP,MMF13,17,0.04038519749152786,Table_global_MMODE_CSCD.mat
MMO-DE-CSCD,rPSP,MMF13,18,0.041590803749870155,Table_global_MMODE_CSCD.mat
MMO-DE-CSCD,rPSP,MMF13,19,0.040866744043423484,Table_global_MMODE_CSCD.mat
MMO-DE-CSCD,rPSP,MMF13,20,0.03075868450550895,Table_global_MMODE_CSCD.mat
MMO-DE-CSCD,rPSP,MMF13,21,0.050261417086594685,Table_global_MMODE_CSCD.mat
MMO-DE-CSCD,rHV,MMF13,1,0.05423154100274944,Table_global_MMODE_CSCD.mat
MMO-DE-CSCD,rHV,MMF13,2,0.05422700872964621,Table_global_MMODE_CSCD.mat
MMO-DE-CSCD,rHV,MMF13,3,0.05422663380549368,Table_global_MMODE_CSCD.mat
MMO-DE-CSCD,rHV,MMF13,4,0.05422268688795859,Table_global_MMODE_CSCD.mat
MMO-DE-CSCD,rHV,MMF13,5,0.05422908284854773,Table_global_MMODE_CSCD.mat
MMO-DE-CSCD,rHV,MMF13,6,0.054228351630390685,Table_global_MMODE_CSCD.mat
MMO-DE-CSCD,rHV,MMF13,7,0.05423370126429362,Table_global_MMODE_CSCD.mat
MMO-DE-CSCD,rHV,MMF13,8,0.05422483963597974,Table_global_MMODE_CSCD.mat
MMO-DE-CSCD,rHV,MMF13,9,0.0542288470896468,Table_global_MMODE_CSCD.mat
MMO-DE-CSCD,rHV,MMF13,10,0.05422381378247893,Table_global_MMODE_CSCD.mat
MMO-DE-CSCD,rHV,MMF13,11,0.05423009843595516,Table_global_MMODE_CSCD.mat
MMO-DE-CSCD,rHV,MMF13,12,0.05423349617301046,Table_global_MMODE_CSCD.mat
MMO-DE-CSCD,rHV,MMF13,13,0.05422810496049532,Table_global_MMODE_CSCD.mat
MMO-DE-CSCD,rHV,MMF13,14,0.054227103995598325,Table_global_MMODE_CSCD.mat
MMO-DE-CSCD,rHV,MMF13,15,0.05422275244950128,Table_global_MMODE_CSCD.mat
MMO-DE-CSCD,rHV,MMF13,16,0.054230557452081295,Table_global_MMODE_CSCD.mat
MMO-DE-CSCD,rHV,MMF13,17,0.054225161581193074,Table_global_MMODE_CSCD.mat
MMO-DE-CSCD,rHV,MMF13,18,0.05422290535551985,Table_global_MMODE_CSCD.mat
MMO-DE-CSCD,rHV,MMF13,19,0.054223017826465436,Table_global_MMODE_CSCD.mat
MMO-DE-CSCD,rHV,MMF13,20,0.05422609075754839,Table_global_MMODE_CSCD.mat
MMO-DE-CSCD,rHV,MMF13,21,0.054227038717127835,Table_global_MMODE_CSCD.mat
MMO-DE-CSCD,IGDX,MMF13,1,0.027400954113744342,Table_global_MMODE_CSCD.mat
MMO-DE-CSCD,IGDX,MMF13,2,0.036131937468395256,Table_global_MMODE_CSCD.mat
MMO-DE-CSCD,IGDX,MMF13,3,0.029229942904993506,Table_global_MMODE_CSCD.mat
MMO-DE-CSCD,IGDX,MMF13,4,0.04517298579050645,Table_global_MMODE_CSCD.mat
MMO-DE-CSCD,IGDX,MMF13,5,0.027322599983139854,Table_global_MMODE_CSCD.mat
MMO-DE-CSCD,IGDX,MMF13,6,0.03157162228252185,Table_global_MMODE_CSCD.mat
MMO-DE-CSCD,IGDX,MMF13,7,0.033170140619818454,Table_global_MMODE_CSCD.mat
MMO-DE-CSCD,IGDX,MMF13,8,0.036671318093531746,Table_global_MMODE_CSCD.mat
MMO-DE-CSCD,IGDX,MMF13,9,0.028640855180684856,Table_global_MMODE_CSCD.mat
MMO-DE-CSCD,IGDX,MMF13,10,0.03680710903637226,Table_global_MMODE_CSCD.mat
MMO-DE-CSCD,IGDX,MMF13,11,0.02982940600967182,Table_global_MMODE_CSCD.mat
MMO-DE-CSCD,IGDX,MMF13,12,0.029166495871283983,Table_global_MMODE_CSCD.mat
MMO-DE-CSCD,IGDX,MMF13,13,0.04551421052300836,Table_global_MMODE_CSCD.mat
MMO-DE-CSCD,IGDX,MMF13,14,0.030846334806905917,Table_global_MMODE_CSCD.mat
MMO-DE-CSCD,IGDX,MMF13,15,0.047519282202081875,Table_global_MMODE_CSCD.mat
MMO-DE-CSCD,IGDX,MMF13,16,0.02806725652750156,Table_global_MMODE_CSCD.mat
MMO-DE-CSCD,IGDX,MMF13,17,0.0353643285058009,Table_global_MMODE_CSCD.mat
MMO-DE-CSCD,IGDX,MMF13,18,0.036821004649268185,Table_global_MMODE_CSCD.mat
MMO-DE-CSCD,IGDX,MMF13,19,0.04025715461228684,Table_global_MMODE_CSCD.mat
MMO-DE-CSCD,IGDX,MMF13,20,0.030283312597908535,Table_global_MMODE_CSCD.mat
MMO-DE-CSCD,IGDX,MMF13,21,0.041170935773657484,Table_global_MMODE_CSCD.mat
MMO-DE-CSCD,IGDF,MMF13,1,0.01312442711316529,Table_global_MMODE_CSCD.mat
MMO-DE-CSCD,IGDF,MMF13,2,0.013970239436959315,Table_global_MMODE_CSCD.mat
MMO-DE-CSCD,IGDF,MMF13,3,0.01100417240161374,Table_global_MMODE_CSCD.mat
MMO-DE-CSCD,IGDF,MMF13,4,0.012161654378793267,Table_global_MMODE_CSCD.mat
MMO-DE-CSCD,IGDF,MMF13,5,0.011948276732198107,Table_global_MMODE_CSCD.mat
MMO-DE-CSCD,IGDF,MMF13,6,0.010165093804280219,Table_global_MMODE_CSCD.mat
MMO-DE-CSCD,IGDF,MMF13,7,0.0155585870787297,Table_global_MMODE_CSCD.mat
MMO-DE-CSCD,IGDF,MMF13,8,0.013921400959939715,Table_global_MMODE_CSCD.mat
MMO-DE-CSCD,IGDF,MMF13,9,0.010559408050628853,Table_global_MMODE_CSCD.mat
MMO-DE-CSCD,IGDF,MMF13,10,0.011752321497613167,Table_global_MMODE_CSCD.mat
MMO-DE-CSCD,IGDF,MMF13,11,0.0143830136939959,Table_global_MMODE_CSCD.mat
MMO-DE-CSCD,IGDF,MMF13,12,0.01455840008142323,Table_global_MMODE_CSCD.mat
MMO-DE-CSCD,IGDF,MMF13,13,0.013429077131613102,Table_global_MMODE_CSCD.mat
MMO-DE-CSCD,IGDF,MMF13,14,0.011369804652576294,Table_global_MMODE_CSCD.mat
MMO-DE-CSCD,IGDF,MMF13,15,0.013414917054214215,Table_global_MMODE_CSCD.mat
MMO-DE-CSCD,IGDF,MMF13,16,0.011525073986485597,Table_global_MMODE_CSCD.mat
MMO-DE-CSCD,IGDF,MMF13,17,0.013366492449707517,Table_global_MMODE_CSCD.mat
MMO-DE-CSCD,IGDF,MMF13,18,0.011738154629953874,Table_global_MMODE_CSCD.mat
MMO-DE-CSCD,IGDF,MMF13,19,0.010945091337782927,Table_global_MMODE_CSCD.mat
MMO-DE-CSCD,IGDF,MMF13,20,0.008148673810637545,Table_global_MMODE_CSCD.mat
MMO-DE-CSCD,IGDF,MMF13,21,0.015772968518766507,Table_global_MMODE_CSCD.mat
MMO-DE-CSCD,rPSP,MMF14,1,0.05286511336880372,Table_global_MMODE_CSCD.mat
MMO-DE-CSCD,rPSP,MMF14,2,0.05332525224685943,Table_global_MMODE_CSCD.mat
MMO-DE-CSCD,rPSP,MMF14,3,0.054113668469968144,Table_global_MMODE_CSCD.mat
MMO-DE-CSCD,rPSP,MMF14,4,0.058308608742933234,Table_global_MMODE_CSCD.mat
MMO-DE-CSCD,rPSP,MMF14,5,0.05330403872173922,Table_global_MMODE_CSCD.mat
MMO-DE-CSCD,rPSP,MMF14,6,0.05517184563109149,Table_global_MMODE_CSCD.mat
MMO-DE-CSCD,rPSP,MMF14,7,0.05651485507303327,Table_global_MMODE_CSCD.mat
MMO-DE-CSCD,rPSP,MMF14,8,0.056636559066744974,Table_global_MMODE_CSCD.mat
MMO-DE-CSCD,rPSP,MMF14,9,0.05762133661971905,Table_global_MMODE_CSCD.mat
MMO-DE-CSCD,rPSP,MMF14,10,0.05290662366484098,Table_global_MMODE_CSCD.mat
MMO-DE-CSCD,rPSP,MMF14,11,0.05312801001129148,Table_global_MMODE_CSCD.mat
MMO-DE-CSCD,rPSP,MMF14,12,0.055251963011576644,Table_global_MMODE_CSCD.mat
MMO-DE-CSCD,rPSP,MMF14,13,0.0540519531019021,Table_global_MMODE_CSCD.mat
MMO-DE-CSCD,rPSP,MMF14,14,0.05687408952168002,Table_global_MMODE_CSCD.mat
MMO-DE-CSCD,rPSP,MMF14,15,0.05486740959008019,Table_global_MMODE_CSCD.mat
MMO-DE-CSCD,rPSP,MMF14,16,0.05449095809631725,Table_global_MMODE_CSCD.mat
MMO-DE-CSCD,rPSP,MMF14,17,0.055121760033658915,Table_global_MMODE_CSCD.mat
MMO-DE-CSCD,rPSP,MMF14,18,0.0540648640913978,Table_global_MMODE_CSCD.mat
MMO-DE-CSCD,rPSP,MMF14,19,0.0597362073094191,Table_global_MMODE_CSCD.mat
MMO-DE-CSCD,rPSP,MMF14,20,0.05539343035053373,Table_global_MMODE_CSCD.mat
MMO-DE-CSCD,rPSP,MMF14,21,0.05571379016070062,Table_global_MMODE_CSCD.mat
MMO-DE-CSCD,rHV,MMF14,1,0.33384614293504367,Table_global_MMODE_CSCD.mat
MMO-DE-CSCD,rHV,MMF14,2,0.3179119605432563,Table_global_MMODE_CSCD.mat
MMO-DE-CSCD,rHV,MMF14,3,0.3258700538969816,Table_global_MMODE_CSCD.mat
MMO-DE-CSCD,rHV,MMF14,4,0.3243764594535828,Table_global_MMODE_CSCD.mat
MMO-DE-CSCD,rHV,MMF14,5,0.34536079115486745,Table_global_MMODE_CSCD.mat
MMO-DE-CSCD,rHV,MMF14,6,0.3289592342065861,Table_global_MMODE_CSCD.mat
MMO-DE-CSCD,rHV,MMF14,7,0.34476159057914263,Table_global_MMODE_CSCD.mat
MMO-DE-CSCD,rHV,MMF14,8,0.3487737987724342,Table_global_MMODE_CSCD.mat
MMO-DE-CSCD,rHV,MMF14,9,0.3446785420768607,Table_global_MMODE_CSCD.mat
MMO-DE-CSCD,rHV,MMF14,10,0.31324784719958154,Table_global_MMODE_CSCD.mat
MMO-DE-CSCD,rHV,MMF14,11,0.32663405799906947,Table_global_MMODE_CSCD.mat
MMO-DE-CSCD,rHV,MMF14,12,0.3270102173143399,Table_global_MMODE_CSCD.mat
MMO-DE-CSCD,rHV,MMF14,13,0.3250507724530671,Table_global_MMODE_CSCD.mat
MMO-DE-CSCD,rHV,MMF14,14,0.35138885091681893,Table_global_MMODE_CSCD.mat
MMO-DE-CSCD,rHV,MMF14,15,0.3423462803464456,Table_global_MMODE_CSCD.mat
MMO-DE-CSCD,rHV,MMF14,16,0.3371993303027267,Table_global_MMODE_CSCD.mat
MMO-DE-CSCD,rHV,MMF14,17,0.3306933446009853,Table_global_MMODE_CSCD.mat
MMO-DE-CSCD,rHV,MMF14,18,0.33233930339988105,Table_global_MMODE_CSCD.mat
MMO-DE-CSCD,rHV,MMF14,19,0.3443514527904672,Table_global_MMODE_CSCD.mat
MMO-DE-CSCD,rHV,MMF14,20,0.3287218325430718,Table_global_MMODE_CSCD.mat
MMO-DE-CSCD,rHV,MMF14,21,0.33252911520929546,Table_global_MMODE_CSCD.mat
MMO-DE-CSCD,IGDX,MMF14,1,0.05286462870547085,Table_global_MMODE_CSCD.mat
MMO-DE-CSCD,IGDX,MMF14,2,0.05304229547030657,Table_global_MMODE_CSCD.mat
MMO-DE-CSCD,IGDX,MMF14,3,0.054113344865656055,Table_global_MMODE_CSCD.mat
MMO-DE-CSCD,IGDX,MMF14,4,0.058177698408445874,Table_global_MMODE_CSCD.mat
MMO-DE-CSCD,IGDX,MMF14,5,0.05329101963946132,Table_global_MMODE_CSCD.mat
MMO-DE-CSCD,IGDX,MMF14,6,0.0551645035973507,Table_global_MMODE_CSCD.mat
MMO-DE-CSCD,IGDX,MMF14,7,0.0565103616356016,Table_global_MMODE_CSCD.mat
MMO-DE-CSCD,IGDX,MMF14,8,0.05663083175375353,Table_global_MMODE_CSCD.mat
MMO-DE-CSCD,IGDX,MMF14,9,0.05762009254728887,Table_global_MMODE_CSCD.mat
MMO-DE-CSCD,IGDX,MMF14,10,0.0529064632670766,Table_global_MMODE_CSCD.mat
MMO-DE-CSCD,IGDX,MMF14,11,0.05312109590136408,Table_global_MMODE_CSCD.mat
MMO-DE-CSCD,IGDX,MMF14,12,0.05525121768527819,Table_global_MMODE_CSCD.mat
MMO-DE-CSCD,IGDX,MMF14,13,0.05404527379691383,Table_global_MMODE_CSCD.mat
MMO-DE-CSCD,IGDX,MMF14,14,0.05687194572190407,Table_global_MMODE_CSCD.mat
MMO-DE-CSCD,IGDX,MMF14,15,0.05485815365623709,Table_global_MMODE_CSCD.mat
MMO-DE-CSCD,IGDX,MMF14,16,0.05448906108480879,Table_global_MMODE_CSCD.mat
MMO-DE-CSCD,IGDX,MMF14,17,0.05510224135837628,Table_global_MMODE_CSCD.mat
MMO-DE-CSCD,IGDX,MMF14,18,0.05406151304523705,Table_global_MMODE_CSCD.mat
MMO-DE-CSCD,IGDX,MMF14,19,0.059714019905667826,Table_global_MMODE_CSCD.mat
MMO-DE-CSCD,IGDX,MMF14,20,0.05539092645278279,Table_global_MMODE_CSCD.mat
MMO-DE-CSCD,IGDX,MMF14,21,0.05569229382513353,Table_global_MMODE_CSCD.mat
MMO-DE-CSCD,IGDF,MMF14,1,0.08592979452717665,Table_global_MMODE_CSCD.mat
MMO-DE-CSCD,IGDF,MMF14,2,0.08217507304844893,Table_global_MMODE_CSCD.mat
MMO-DE-CSCD,IGDF,MMF14,3,0.08528220532400739,Table_global_MMODE_CSCD.mat
MMO-DE-CSCD,IGDF,MMF14,4,0.08791332065210408,Table_global_MMODE_CSCD.mat
MMO-DE-CSCD,IGDF,MMF14,5,0.08419927548010415,Table_global_MMODE_CSCD.mat
MMO-DE-CSCD,IGDF,MMF14,6,0.08522232270914089,Table_global_MMODE_CSCD.mat
MMO-DE-CSCD,IGDF,MMF14,7,0.08652982678268961,Table_global_MMODE_CSCD.mat
MMO-DE-CSCD,IGDF,MMF14,8,0.08448465505091537,Table_global_MMODE_CSCD.mat
MMO-DE-CSCD,IGDF,MMF14,9,0.08360972457611963,Table_global_MMODE_CSCD.mat
MMO-DE-CSCD,IGDF,MMF14,10,0.08364783197637403,Table_global_MMODE_CSCD.mat
MMO-DE-CSCD,IGDF,MMF14,11,0.08384094115794323,Table_global_MMODE_CSCD.mat
MMO-DE-CSCD,IGDF,MMF14,12,0.08354631398869698,Table_global_MMODE_CSCD.mat
MMO-DE-CSCD,IGDF,MMF14,13,0.0817677810705879,Table_global_MMODE_CSCD.mat
MMO-DE-CSCD,IGDF,MMF14,14,0.08514474707312011,Table_global_MMODE_CSCD.mat
MMO-DE-CSCD,IGDF,MMF14,15,0.08418769745713463,Table_global_MMODE_CSCD.mat
MMO-DE-CSCD,IGDF,MMF14,16,0.08327293369723256,Table_global_MMODE_CSCD.mat
MMO-DE-CSCD,IGDF,MMF14,17,0.08777900196276966,Table_global_MMODE_CSCD.mat
MMO-DE-CSCD,IGDF,MMF14,18,0.08433928640976328,Table_global_MMODE_CSCD.mat
MMO-DE-CSCD,IGDF,MMF14,19,0.08577063737210058,Table_global_MMODE_CSCD.mat
MMO-DE-CSCD,IGDF,MMF14,20,0.08721080893743154,Table_global_MMODE_CSCD.mat
MMO-DE-CSCD,IGDF,MMF14,21,0.08577141433822391,Table_global_MMODE_CSCD.mat
MMO-DE-CSCD,rPSP,MMF15,1,0.04352391090390339,Table_global_MMODE_CSCD.mat
MMO-DE-CSCD,rPSP,MMF15,2,0.04239618198354993,Table_global_MMODE_CSCD.mat
MMO-DE-CSCD,rPSP,MMF15,3,0.041516068250519074,Table_global_MMODE_CSCD.mat
MMO-DE-CSCD,rPSP,MMF15,4,0.0425541459974018,Table_global_MMODE_CSCD.mat
MMO-DE-CSCD,rPSP,MMF15,5,0.040091641282713926,Table_global_MMODE_CSCD.mat
MMO-DE-CSCD,rPSP,MMF15,6,0.039255819260944805,Table_global_MMODE_CSCD.mat
MMO-DE-CSCD,rPSP,MMF15,7,0.041384377305649166,Table_global_MMODE_CSCD.mat
MMO-DE-CSCD,rPSP,MMF15,8,0.04154027389034065,Table_global_MMODE_CSCD.mat
MMO-DE-CSCD,rPSP,MMF15,9,0.03968843218295175,Table_global_MMODE_CSCD.mat
MMO-DE-CSCD,rPSP,MMF15,10,0.042343532025166455,Table_global_MMODE_CSCD.mat
MMO-DE-CSCD,rPSP,MMF15,11,0.042816892298376825,Table_global_MMODE_CSCD.mat
MMO-DE-CSCD,rPSP,MMF15,12,0.038648593419414165,Table_global_MMODE_CSCD.mat
MMO-DE-CSCD,rPSP,MMF15,13,0.038433902270848155,Table_global_MMODE_CSCD.mat
MMO-DE-CSCD,rPSP,MMF15,14,0.03937312718770415,Table_global_MMODE_CSCD.mat
MMO-DE-CSCD,rPSP,MMF15,15,0.045696532803747934,Table_global_MMODE_CSCD.mat
MMO-DE-CSCD,rPSP,MMF15,16,0.042091190680723624,Table_global_MMODE_CSCD.mat
MMO-DE-CSCD,rPSP,MMF15,17,0.04681450869747748,Table_global_MMODE_CSCD.mat
MMO-DE-CSCD,rPSP,MMF15,18,0.04256555273698232,Table_global_MMODE_CSCD.mat
MMO-DE-CSCD,rPSP,MMF15,19,0.04337031165592356,Table_global_MMODE_CSCD.mat
MMO-DE-CSCD,rPSP,MMF15,20,0.0394835527597493,Table_global_MMODE_CSCD.mat
MMO-DE-CSCD,rPSP,MMF15,21,0.03798513173563068,Table_global_MMODE_CSCD.mat
MMO-DE-CSCD,rHV,MMF15,1,0.26298275041228275,Table_global_MMODE_CSCD.mat
MMO-DE-CSCD,rHV,MMF15,2,0.24836255038993613,Table_global_MMODE_CSCD.mat
MMO-DE-CSCD,rHV,MMF15,3,0.2456567087245717,Table_global_MMODE_CSCD.mat
MMO-DE-CSCD,rHV,MMF15,4,0.23143624620415396,Table_global_MMODE_CSCD.mat
MMO-DE-CSCD,rHV,MMF15,5,0.24045775099780006,Table_global_MMODE_CSCD.mat
MMO-DE-CSCD,rHV,MMF15,6,0.23454213700757798,Table_global_MMODE_CSCD.mat
MMO-DE-CSCD,rHV,MMF15,7,0.24629320112336947,Table_global_MMODE_CSCD.mat
MMO-DE-CSCD,rHV,MMF15,8,0.22889463336447544,Table_global_MMODE_CSCD.mat
MMO-DE-CSCD,rHV,MMF15,9,0.2305690316380747,Table_global_MMODE_CSCD.mat
MMO-DE-CSCD,rHV,MMF15,10,0.2494883242049322,Table_global_MMODE_CSCD.mat
MMO-DE-CSCD,rHV,MMF15,11,0.23059566325353,Table_global_MMODE_CSCD.mat
MMO-DE-CSCD,rHV,MMF15,12,0.2316253803317392,Table_global_MMODE_CSCD.mat
MMO-DE-CSCD,rHV,MMF15,13,0.22769714066701086,Table_global_MMODE_CSCD.mat
MMO-DE-CSCD,rHV,MMF15,14,0.22234405162790807,Table_global_MMODE_CSCD.mat
MMO-DE-CSCD,rHV,MMF15,15,0.2448454017752176,Table_global_MMODE_CSCD.mat
MMO-DE-CSCD,rHV,MMF15,16,0.23034440859129154,Table_global_MMODE_CSCD.mat
MMO-DE-CSCD,rHV,MMF15,17,0.2400332758340822,Table_global_MMODE_CSCD.mat
MMO-DE-CSCD,rHV,MMF15,18,0.2503922575885089,Table_global_MMODE_CSCD.mat
MMO-DE-CSCD,rHV,MMF15,19,0.2373543879105172,Table_global_MMODE_CSCD.mat
MMO-DE-CSCD,rHV,MMF15,20,0.2422098276636908,Table_global_MMODE_CSCD.mat
MMO-DE-CSCD,rHV,MMF15,21,0.2300025942409656,Table_global_MMODE_CSCD.mat
MMO-DE-CSCD,IGDX,MMF15,1,0.04352359492702937,Table_global_MMODE_CSCD.mat
MMO-DE-CSCD,IGDX,MMF15,2,0.042394087649823005,Table_global_MMODE_CSCD.mat
MMO-DE-CSCD,IGDX,MMF15,3,0.04151405527971735,Table_global_MMODE_CSCD.mat
MMO-DE-CSCD,IGDX,MMF15,4,0.0425539547692779,Table_global_MMODE_CSCD.mat
MMO-DE-CSCD,IGDX,MMF15,5,0.04007401696675578,Table_global_MMODE_CSCD.mat
MMO-DE-CSCD,IGDX,MMF15,6,0.03925399631822097,Table_global_MMODE_CSCD.mat
MMO-DE-CSCD,IGDX,MMF15,7,0.04138040740947782,Table_global_MMODE_CSCD.mat
MMO-DE-CSCD,IGDX,MMF15,8,0.04154015996885137,Table_global_MMODE_CSCD.mat
MMO-DE-CSCD,IGDX,MMF15,9,0.03968163004640038,Table_global_MMODE_CSCD.mat
MMO-DE-CSCD,IGDX,MMF15,10,0.04234301326986834,Table_global_MMODE_CSCD.mat
MMO-DE-CSCD,IGDX,MMF15,11,0.04281497271240673,Table_global_MMODE_CSCD.mat
MMO-DE-CSCD,IGDX,MMF15,12,0.038648367017894474,Table_global_MMODE_CSCD.mat
MMO-DE-CSCD,IGDX,MMF15,13,0.038433516973302655,Table_global_MMODE_CSCD.mat
MMO-DE-CSCD,IGDX,MMF15,14,0.03933514728692741,Table_global_MMODE_CSCD.mat
MMO-DE-CSCD,IGDX,MMF15,15,0.045677277008025416,Table_global_MMODE_CSCD.mat
MMO-DE-CSCD,IGDX,MMF15,16,0.042084253398242163,Table_global_MMODE_CSCD.mat
MMO-DE-CSCD,IGDX,MMF15,17,0.046769213338397765,Table_global_MMODE_CSCD.mat
MMO-DE-CSCD,IGDX,MMF15,18,0.042560061289330896,Table_global_MMODE_CSCD.mat
MMO-DE-CSCD,IGDX,MMF15,19,0.04336549105526194,Table_global_MMODE_CSCD.mat
MMO-DE-CSCD,IGDX,MMF15,20,0.039471723213365985,Table_global_MMODE_CSCD.mat
MMO-DE-CSCD,IGDX,MMF15,21,0.037984049980423276,Table_global_MMODE_CSCD.mat
MMO-DE-CSCD,IGDF,MMF15,1,0.0881385041222151,Table_global_MMODE_CSCD.mat
MMO-DE-CSCD,IGDF,MMF15,2,0.09124510093563212,Table_global_MMODE_CSCD.mat
MMO-DE-CSCD,IGDF,MMF15,3,0.08795653115674204,Table_global_MMODE_CSCD.mat
MMO-DE-CSCD,IGDF,MMF15,4,0.09158012722393677,Table_global_MMODE_CSCD.mat
MMO-DE-CSCD,IGDF,MMF15,5,0.08614085337971755,Table_global_MMODE_CSCD.mat
MMO-DE-CSCD,IGDF,MMF15,6,0.08652864512876395,Table_global_MMODE_CSCD.mat
MMO-DE-CSCD,IGDF,MMF15,7,0.08605118838680464,Table_global_MMODE_CSCD.mat
MMO-DE-CSCD,IGDF,MMF15,8,0.0861269199491501,Table_global_MMODE_CSCD.mat
MMO-DE-CSCD,IGDF,MMF15,9,0.08353538721759926,Table_global_MMODE_CSCD.mat
MMO-DE-CSCD,IGDF,MMF15,10,0.08712449543344276,Table_global_MMODE_CSCD.mat
MMO-DE-CSCD,IGDF,MMF15,11,0.0912158814709655,Table_global_MMODE_CSCD.mat
MMO-DE-CSCD,IGDF,MMF15,12,0.08303439049431252,Table_global_MMODE_CSCD.mat
MMO-DE-CSCD,IGDF,MMF15,13,0.08474799254097956,Table_global_MMODE_CSCD.mat
MMO-DE-CSCD,IGDF,MMF15,14,0.08790280665720897,Table_global_MMODE_CSCD.mat
MMO-DE-CSCD,IGDF,MMF15,15,0.09310258910745033,Table_global_MMODE_CSCD.mat
MMO-DE-CSCD,IGDF,MMF15,16,0.08862440593604047,Table_global_MMODE_CSCD.mat
MMO-DE-CSCD,IGDF,MMF15,17,0.09031086369071266,Table_global_MMODE_CSCD.mat
MMO-DE-CSCD,IGDF,MMF15,18,0.08943272154939598,Table_global_MMODE_CSCD.mat
MMO-DE-CSCD,IGDF,MMF15,19,0.09235894874310442,Table_global_MMODE_CSCD.mat
MMO-DE-CSCD,IGDF,MMF15,20,0.0891929380824444,Table_global_MMODE_CSCD.mat
MMO-DE-CSCD,IGDF,MMF15,21,0.0837136985474556,Table_global_MMODE_CSCD.mat
MMO-DE-CSCD,rPSP,MMF1_z,1,0.039523939253336186,Table_global_MMODE_CSCD.mat
MMO-DE-CSCD,rPSP,MMF1_z,2,0.03185434088038467,Table_global_MMODE_CSCD.mat
MMO-DE-CSCD,rPSP,MMF1_z,3,0.03564133748186172,Table_global_MMODE_CSCD.mat
MMO-DE-CSCD,rPSP,MMF1_z,4,0.05135264872248461,Table_global_MMODE_CSCD.mat
MMO-DE-CSCD,rPSP,MMF1_z,5,0.032014838916906166,Table_global_MMODE_CSCD.mat
MMO-DE-CSCD,rPSP,MMF1_z,6,0.0414971776124998,Table_global_MMODE_CSCD.mat
MMO-DE-CSCD,rPSP,MMF1_z,7,0.031952216520164785,Table_global_MMODE_CSCD.mat
MMO-DE-CSCD,rPSP,MMF1_z,8,0.03368016280300624,Table_global_MMODE_CSCD.mat
MMO-DE-CSCD,rPSP,MMF1_z,9,0.03795873138962844,Table_global_MMODE_CSCD.mat
MMO-DE-CSCD,rPSP,MMF1_z,10,0.038760667489451166,Table_global_MMODE_CSCD.mat
MMO-DE-CSCD,rPSP,MMF1_z,11,0.038429813074872185,Table_global_MMODE_CSCD.mat
MMO-DE-CSCD,rPSP,MMF1_z,12,0.03727558052886388,Table_global_MMODE_CSCD.mat
MMO-DE-CSCD,rPSP,MMF1_z,13,0.04990884963997181,Table_global_MMODE_CSCD.mat
MMO-DE-CSCD,rPSP,MMF1_z,14,0.04289753974124516,Table_global_MMODE_CSCD.mat
MMO-DE-CSCD,rPSP,MMF1_z,15,0.04305457830060311,Table_global_MMODE_CSCD.mat
MMO-DE-CSCD,rPSP,MMF1_z,16,0.03827325915074315,Table_global_MMODE_CSCD.mat
MMO-DE-CSCD,rPSP,MMF1_z,17,0.034134274208802204,Table_global_MMODE_CSCD.mat
MMO-DE-CSCD,rPSP,MMF1_z,18,0.043026529215436676,Table_global_MMODE_CSCD.mat
MMO-DE-CSCD,rPSP,MMF1_z,19,0.03492008451585091,Table_global_MMODE_CSCD.mat
MMO-DE-CSCD,rPSP,MMF1_z,20,0.039835226535339475,Table_global_MMODE_CSCD.mat
MMO-DE-CSCD,rPSP,MMF1_z,21,0.03600750403334461,Table_global_MMODE_CSCD.mat
MMO-DE-CSCD,rHV,MMF1_z,1,1.1456059044312348,Table_global_MMODE_CSCD.mat
MMO-DE-CSCD,rHV,MMF1_z,2,1.1448673448465423,Table_global_MMODE_CSCD.mat
MMO-DE-CSCD,rHV,MMF1_z,3,1.1451727626029895,Table_global_MMODE_CSCD.mat
MMO-DE-CSCD,rHV,MMF1_z,4,1.1451223081000734,Table_global_MMODE_CSCD.mat
MMO-DE-CSCD,rHV,MMF1_z,5,1.1451852164887681,Table_global_MMODE_CSCD.mat
MMO-DE-CSCD,rHV,MMF1_z,6,1.145474372187877,Table_global_MMODE_CSCD.mat
MMO-DE-CSCD,rHV,MMF1_z,7,1.145437889780047,Table_global_MMODE_CSCD.mat
MMO-DE-CSCD,rHV,MMF1_z,8,1.1449696124570745,Table_global_MMODE_CSCD.mat
MMO-DE-CSCD,rHV,MMF1_z,9,1.1449597172939208,Table_global_MMODE_CSCD.mat
MMO-DE-CSCD,rHV,MMF1_z,10,1.1451710960187451,Table_global_MMODE_CSCD.mat
MMO-DE-CSCD,rHV,MMF1_z,11,1.1453128328361295,Table_global_MMODE_CSCD.mat
MMO-DE-CSCD,rHV,MMF1_z,12,1.1449464716670101,Table_global_MMODE_CSCD.mat
MMO-DE-CSCD,rHV,MMF1_z,13,1.1450828807159994,Table_global_MMODE_CSCD.mat
MMO-DE-CSCD,rHV,MMF1_z,14,1.1459931834789128,Table_global_MMODE_CSCD.mat
MMO-DE-CSCD,rHV,MMF1_z,15,1.1450329663517906,Table_global_MMODE_CSCD.mat
MMO-DE-CSCD,rHV,MMF1_z,16,1.146451153706053,Table_global_MMODE_CSCD.mat
MMO-DE-CSCD,rHV,MMF1_z,17,1.1450080978906705,Table_global_MMODE_CSCD.mat
MMO-DE-CSCD,rHV,MMF1_z,18,1.1454144991048203,Table_global_MMODE_CSCD.mat
MMO-DE-CSCD,rHV,MMF1_z,19,1.1449479902171371,Table_global_MMODE_CSCD.mat
MMO-DE-CSCD,rHV,MMF1_z,20,1.1456473123560007,Table_global_MMODE_CSCD.mat
MMO-DE-CSCD,rHV,MMF1_z,21,1.1450927812770977,Table_global_MMODE_CSCD.mat
MMO-DE-CSCD,IGDX,MMF1_z,1,0.03913210181868336,Table_global_MMODE_CSCD.mat
MMO-DE-CSCD,IGDX,MMF1_z,2,0.03179310790457166,Table_global_MMODE_CSCD.mat
MMO-DE-CSCD,IGDX,MMF1_z,3,0.03533457670856113,Table_global_MMODE_CSCD.mat
MMO-DE-CSCD,IGDX,MMF1_z,4,0.0500014804250721,Table_global_MMODE_CSCD.mat
MMO-DE-CSCD,IGDX,MMF1_z,5,0.03189210106035627,Table_global_MMODE_CSCD.mat
MMO-DE-CSCD,IGDX,MMF1_z,6,0.04088492192882822,Table_global_MMODE_CSCD.mat
MMO-DE-CSCD,IGDX,MMF1_z,7,0.03166036734129877,Table_global_MMODE_CSCD.mat
MMO-DE-CSCD,IGDX,MMF1_z,8,0.033654369513962806,Table_global_MMODE_CSCD.mat
MMO-DE-CSCD,IGDX,MMF1_z,9,0.03785832603004054,Table_global_MMODE_CSCD.mat
MMO-DE-CSCD,IGDX,MMF1_z,10,0.0385813905471957,Table_global_MMODE_CSCD.mat
MMO-DE-CSCD,IGDX,MMF1_z,11,0.03824357402841147,Table_global_MMODE_CSCD.mat
MMO-DE-CSCD,IGDX,MMF1_z,12,0.036892265396929524,Table_global_MMODE_CSCD.mat
MMO-DE-CSCD,IGDX,MMF1_z,13,0.049880384666229176,Table_global_MMODE_CSCD.mat
MMO-DE-CSCD,IGDX,MMF1_z,14,0.04227104670866092,Table_global_MMODE_CSCD.mat
MMO-DE-CSCD,IGDX,MMF1_z,15,0.04299381448025346,Table_global_MMODE_CSCD.mat
MMO-DE-CSCD,IGDX,MMF1_z,16,0.03766692455520091,Table_global_MMODE_CSCD.mat
MMO-DE-CSCD,IGDX,MMF1_z,17,0.03376091569587069,Table_global_MMODE_CSCD.mat
MMO-DE-CSCD,IGDX,MMF1_z,18,0.04276420296543729,Table_global_MMODE_CSCD.mat
MMO-DE-CSCD,IGDX,MMF1_z,19,0.03489790313707837,Table_global_MMODE_CSCD.mat
MMO-DE-CSCD,IGDX,MMF1_z,20,0.03957270262129256,Table_global_MMODE_CSCD.mat
MMO-DE-CSCD,IGDX,MMF1_z,21,0.03592323659979547,Table_global_MMODE_CSCD.mat
MMO-DE-CSCD,IGDF,MMF1_z,1,0.0023455345544787713,Table_global_MMODE_CSCD.mat
MMO-DE-CSCD,IGDF,MMF1_z,2,0.0023092579548900706,Table_global_MMODE_CSCD.mat
MMO-DE-CSCD,IGDF,MMF1_z,3,0.0023439104094485634,Table_global_MMODE_CSCD.mat
MMO-DE-CSCD,IGDF,MMF1_z,4,0.002362075464502551,Table_global_MMODE_CSCD.mat
MMO-DE-CSCD,IGDF,MMF1_z,5,0.0023835192530425355,Table_global_MMODE_CSCD.mat
MMO-DE-CSCD,IGDF,MMF1_z,6,0.002634776995478889,Table_global_MMODE_CSCD.mat
MMO-DE-CSCD,IGDF,MMF1_z,7,0.0022542205682915357,Table_global_MMODE_CSCD.mat
MMO-DE-CSCD,IGDF,MMF1_z,8,0.002201407960504702,Table_global_MMODE_CSCD.mat
MMO-DE-CSCD,IGDF,MMF1_z,9,0.0023260205502102886,Table_global_MMODE_CSCD.mat
MMO-DE-CSCD,IGDF,MMF1_z,10,0.002180286888409326,Table_global_MMODE_CSCD.mat
MMO-DE-CSCD,IGDF,MMF1_z,11,0.002356127836150596,Table_global_MMODE_CSCD.mat
MMO-DE-CSCD,IGDF,MMF1_z,12,0.0023485401520102977,Table_global_MMODE_CSCD.mat
MMO-DE-CSCD,IGDF,MMF1_z,13,0.0024054657448969023,Table_global_MMODE_CSCD.mat
MMO-DE-CSCD,IGDF,MMF1_z,14,0.002439026711511267,Table_global_MMODE_CSCD.mat
MMO-DE-CSCD,IGDF,MMF1_z,15,0.0022690664557377827,Table_global_MMODE_CSCD.mat
MMO-DE-CSCD,IGDF,MMF1_z,16,0.0024959401029042553,Table_global_MMODE_CSCD.mat
MMO-DE-CSCD,IGDF,MMF1_z,17,0.002248847667950852,Table_global_MMODE_CSCD.mat
MMO-DE-CSCD,IGDF,MMF1_z,18,0.0023863715795009997,Table_global_MMODE_CSCD.mat
MMO-DE-CSCD,IGDF,MMF1_z,19,0.0023942824105616534,Table_global_MMODE_CSCD.mat
MMO-DE-CSCD,IGDF,MMF1_z,20,0.0023898041982644827,Table_global_MMODE_CSCD.mat
MMO-DE-CSCD,IGDF,MMF1_z,21,0.00254102049553937,Table_global_MMODE_CSCD.mat
MMO-DE-CSCD,rPSP,MMF1_e,1,1.6369913614901312,Table_global_MMODE_CSCD.mat
MMO-DE-CSCD,rPSP,MMF1_e,2,1.6035757872690053,Table_global_MMODE_CSCD.mat
MMO-DE-CSCD,rPSP,MMF1_e,3,1.6374868840312402,Table_global_MMODE_CSCD.mat
MMO-DE-CSCD,rPSP,MMF1_e,4,1.3620841167825621,Table_global_MMODE_CSCD.mat
MMO-DE-CSCD,rPSP,MMF1_e,5,0.9349205834779835,Table_global_MMODE_CSCD.mat
MMO-DE-CSCD,rPSP,MMF1_e,6,8.215967979971241,Table_global_MMODE_CSCD.mat
MMO-DE-CSCD,rPSP,MMF1_e,7,4.231808144947987,Table_global_MMODE_CSCD.mat
MMO-DE-CSCD,rPSP,MMF1_e,8,1.5026401179801259,Table_global_MMODE_CSCD.mat
MMO-DE-CSCD,rPSP,MMF1_e,9,3.5517958474108635,Table_global_MMODE_CSCD.mat
MMO-DE-CSCD,rPSP,MMF1_e,10,1.7830855798000242,Table_global_MMODE_CSCD.mat
MMO-DE-CSCD,rPSP,MMF1_e,11,2.065164004153295,Table_global_MMODE_CSCD.mat
MMO-DE-CSCD,rPSP,MMF1_e,12,6.049294536970073,Table_global_MMODE_CSCD.mat
MMO-DE-CSCD,rPSP,MMF1_e,13,3.8338548505410106,Table_global_MMODE_CSCD.mat
MMO-DE-CSCD,rPSP,MMF1_e,14,5.967286318502069,Table_global_MMODE_CSCD.mat
MMO-DE-CSCD,rPSP,MMF1_e,15,2.194197682467746,Table_global_MMODE_CSCD.mat
MMO-DE-CSCD,rPSP,MMF1_e,16,5.996930759818843,Table_global_MMODE_CSCD.mat
MMO-DE-CSCD,rPSP,MMF1_e,17,2.2072201516027135,Table_global_MMODE_CSCD.mat
MMO-DE-CSCD,rPSP,MMF1_e,18,1.1582231944994248,Table_global_MMODE_CSCD.mat
MMO-DE-CSCD,rPSP,MMF1_e,19,0.7402700555033188,Table_global_MMODE_CSCD.mat
MMO-DE-CSCD,rPSP,MMF1_e,20,1.0991303834821935,Table_global_MMODE_CSCD.mat
MMO-DE-CSCD,rPSP,MMF1_e,21,6.285673642027646,Table_global_MMODE_CSCD.mat
MMO-DE-CSCD,rHV,MMF1_e,1,1.1539895594862544,Table_global_MMODE_CSCD.mat
MMO-DE-CSCD,rHV,MMF1_e,2,1.1497870459498658,Table_global_MMODE_CSCD.mat
MMO-DE-CSCD,rHV,MMF1_e,3,1.1524104141852891,Table_global_MMODE_CSCD.mat
MMO-DE-CSCD,rHV,MMF1_e,4,1.1518363045290299,Table_global_MMODE_CSCD.mat
MMO-DE-CSCD,rHV,MMF1_e,5,1.1492767623254168,Table_global_MMODE_CSCD.mat
MMO-DE-CSCD,rHV,MMF1_e,6,1.1483294324842819,Table_global_MMODE_CSCD.mat
MMO-DE-CSCD,rHV,MMF1_e,7,1.1503561596045198,Table_global_MMODE_CSCD.mat
MMO-DE-CSCD,rHV,MMF1_e,8,1.1492997160333,Table_global_MMODE_CSCD.mat
MMO-DE-CSCD,rHV,MMF1_e,9,1.148545966307894,Table_global_MMODE_CSCD.mat
MMO-DE-CSCD,rHV,MMF1_e,10,1.1491214238403922,Table_global_MMODE_CSCD.mat
MMO-DE-CSCD,rHV,MMF1_e,11,1.1495586409611385,Table_global_MMODE_CSCD.mat
MMO-DE-CSCD,rHV,MMF1_e,12,1.1488353819696542,Table_global_MMODE_CSCD.mat
MMO-DE-CSCD,rHV,MMF1_e,13,1.149562594482855,Table_global_MMODE_CSCD.mat
MMO-DE-CSCD,rHV,MMF1_e,14,1.1476441002980555,Table_global_MMODE_CSCD.mat
MMO-DE-CSCD,rHV,MMF1_e,15,1.1512753916539404,Table_global_MMODE_CSCD.mat
MMO-DE-CSCD,rHV,MMF1_e,16,1.148120605101138,Table_global_MMODE_CSCD.mat
MMO-DE-CSCD,rHV,MMF1_e,17,1.1517197218499762,Table_global_MMODE_CSCD.mat
MMO-DE-CSCD,rHV,MMF1_e,18,1.1505512835576397,Table_global_MMODE_CSCD.mat
MMO-DE-CSCD,rHV,MMF1_e,19,1.1532269064138132,Table_global_MMODE_CSCD.mat
MMO-DE-CSCD,rHV,MMF1_e,20,1.1509724476621297,Table_global_MMODE_CSCD.mat
MMO-DE-CSCD,rHV,MMF1_e,21,1.1466860138761428,Table_global_MMODE_CSCD.mat
MMO-DE-CSCD,IGDX,MMF1_e,1,1.2260099611492377,Table_global_MMODE_CSCD.mat
MMO-DE-CSCD,IGDX,MMF1_e,2,1.1631306794585918,Table_global_MMODE_CSCD.mat
MMO-DE-CSCD,IGDX,MMF1_e,3,1.1822617121690733,Table_global_MMODE_CSCD.mat
MMO-DE-CSCD,IGDX,MMF1_e,4,1.0732788710452537,Table_global_MMODE_CSCD.mat
MMO-DE-CSCD,IGDX,MMF1_e,5,0.7336659578495166,Table_global_MMODE_CSCD.mat
MMO-DE-CSCD,IGDX,MMF1_e,6,2.9294505135234528,Table_global_MMODE_CSCD.mat
MMO-DE-CSCD,IGDX,MMF1_e,7,2.2301419738079993,Table_global_MMODE_CSCD.mat
MMO-DE-CSCD,IGDX,MMF1_e,8,1.0906280738176581,Table_global_MMODE_CSCD.mat
MMO-DE-CSCD,IGDX,MMF1_e,9,2.330789117148157,Table_global_MMODE_CSCD.mat
MMO-DE-CSCD,IGDX,MMF1_e,10,1.2332416556673589,Table_global_MMODE_CSCD.mat
MMO-DE-CSCD,IGDX,MMF1_e,11,1.3596840277810773,Table_global_MMODE_CSCD.mat
MMO-DE-CSCD,IGDX,MMF1_e,12,2.591596909078819,Table_global_MMODE_CSCD.mat
MMO-DE-CSCD,IGDX,MMF1_e,13,2.006768676625282,Table_global_MMODE_CSCD.mat
MMO-DE-CSCD,IGDX,MMF1_e,14,2.4540653196830395,Table_global_MMODE_CSCD.mat
MMO-DE-CSCD,IGDX,MMF1_e,15,1.4062391529227325,Table_global_MMODE_CSCD.mat
MMO-DE-CSCD,IGDX,MMF1_e,16,2.5777838224219782,Table_global_MMODE_CSCD.mat
MMO-DE-CSCD,IGDX,MMF1_e,17,1.4413837705696044,Table_global_MMODE_CSCD.mat
MMO-DE-CSCD,IGDX,MMF1_e,18,1.018016888383963,Table_global_MMODE_CSCD.mat
MMO-DE-CSCD,IGDX,MMF1_e,19,0.6206591282193507,Table_global_MMODE_CSCD.mat
MMO-DE-CSCD,IGDX,MMF1_e,20,0.8911863577392086,Table_global_MMODE_CSCD.mat
MMO-DE-CSCD,IGDX,MMF1_e,21,2.6194735475039006,Table_global_MMODE_CSCD.mat
MMO-DE-CSCD,IGDF,MMF1_e,1,0.006855690689060236,Table_global_MMODE_CSCD.mat
MMO-DE-CSCD,IGDF,MMF1_e,2,0.005050401745610129,Table_global_MMODE_CSCD.mat
MMO-DE-CSCD,IGDF,MMF1_e,3,0.005886955903319225,Table_global_MMODE_CSCD.mat
MMO-DE-CSCD,IGDF,MMF1_e,4,0.005086141742576214,Table_global_MMODE_CSCD.mat
MMO-DE-CSCD,IGDF,MMF1_e,5,0.004372152134980024,Table_global_MMODE_CSCD.mat
MMO-DE-CSCD,IGDF,MMF1_e,6,0.003758808740185334,Table_global_MMODE_CSCD.mat
MMO-DE-CSCD,IGDF,MMF1_e,7,0.005402664333136484,Table_global_MMODE_CSCD.mat
MMO-DE-CSCD,IGDF,MMF1_e,8,0.004913976305445712,Table_global_MMODE_CSCD.mat
MMO-DE-CSCD,IGDF,MMF1_e,9,0.0045253702843405744,Table_global_MMODE_CSCD.mat
MMO-DE-CSCD,IGDF,MMF1_e,10,0.004680470610912554,Table_global_MMODE_CSCD.mat
MMO-DE-CSCD,IGDF,MMF1_e,11,0.004908828687024442,Table_global_MMODE_CSCD.mat
MMO-DE-CSCD,IGDF,MMF1_e,12,0.0045459086736303524,Table_global_MMODE_CSCD.mat
MMO-DE-CSCD,IGDF,MMF1_e,13,0.004265975766450936,Table_global_MMODE_CSCD.mat
MMO-DE-CSCD,IGDF,MMF1_e,14,0.003296328653335766,Table_global_MMODE_CSCD.mat
MMO-DE-CSCD,IGDF,MMF1_e,15,0.005083000021095365,Table_global_MMODE_CSCD.mat
MMO-DE-CSCD,IGDF,MMF1_e,16,0.004391087702041118,Table_global_MMODE_CSCD.mat
MMO-DE-CSCD,IGDF,MMF1_e,17,0.006688619126232996,Table_global_MMODE_CSCD.mat
MMO-DE-CSCD,IGDF,MMF1_e,18,0.00557820319778342,Table_global_MMODE_CSCD.mat
MMO-DE-CSCD,IGDF,MMF1_e,19,0.005880961462303305,Table_global_MMODE_CSCD.mat
MMO-DE-CSCD,IGDF,MMF1_e,20,0.005614492734483322,Table_global_MMODE_CSCD.mat
MMO-DE-CSCD,IGDF,MMF1_e,21,0.0034160379629114205,Table_global_MMODE_CSCD.mat
MMO-DE-CSCD,rPSP,MMF14_a,1,0.07590470624563021,Table_global_MMODE_CSCD.mat
MMO-DE-CSCD,rPSP,MMF14_a,2,0.07456611049391697,Table_global_MMODE_CSCD.mat
MMO-DE-CSCD,rPSP,MMF14_a,3,0.07514182000128619,Table_global_MMODE_CSCD.mat
MMO-DE-CSCD,rPSP,MMF14_a,4,0.08378676054746761,Table_global_MMODE_CSCD.mat
MMO-DE-CSCD,rPSP,MMF14_a,5,0.07982122407992734,Table_global_MMODE_CSCD.mat
MMO-DE-CSCD,rPSP,MMF14_a,6,0.07445879931926087,Table_global_MMODE_CSCD.mat
MMO-DE-CSCD,rPSP,MMF14_a,7,0.07291701436758259,Table_global_MMODE_CSCD.mat
MMO-DE-CSCD,rPSP,MMF14_a,8,0.07712075065694109,Table_global_MMODE_CSCD.mat
MMO-DE-CSCD,rPSP,MMF14_a,9,0.07755821871350072,Table_global_MMODE_CSCD.mat
MMO-DE-CSCD,rPSP,MMF14_a,10,0.07959254627809259,Table_global_MMODE_CSCD.mat
MMO-DE-CSCD,rPSP,MMF14_a,11,0.07292820285366906,Table_global_MMODE_CSCD.mat
MMO-DE-CSCD,rPSP,MMF14_a,12,0.07247344522065798,Table_global_MMODE_CSCD.mat
MMO-DE-CSCD,rPSP,MMF14_a,13,0.07238082198462152,Table_global_MMODE_CSCD.mat
MMO-DE-CSCD,rPSP,MMF14_a,14,0.08642664955485747,Table_global_MMODE_CSCD.mat
MMO-DE-CSCD,rPSP,MMF14_a,15,0.0728532049601045,Table_global_MMODE_CSCD.mat
MMO-DE-CSCD,rPSP,MMF14_a,16,0.07279121995128275,Table_global_MMODE_CSCD.mat
MMO-DE-CSCD,rPSP,MMF14_a,17,0.07431471601035046,Table_global_MMODE_CSCD.mat
MMO-DE-CSCD,rPSP,MMF14_a,18,0.06789719130193138,Table_global_MMODE_CSCD.mat
MMO-DE-CSCD,rPSP,MMF14_a,19,0.07895749551204524,Table_global_MMODE_CSCD.mat
MMO-DE-CSCD,rPSP,MMF14_a,20,0.06695122553874398,Table_global_MMODE_CSCD.mat
MMO-DE-CSCD,rPSP,MMF14_a,21,0.0744509113518234,Table_global_MMODE_CSCD.mat
MMO-DE-CSCD,rHV,MMF14_a,1,0.28132721110063835,Table_global_MMODE_CSCD.mat
MMO-DE-CSCD,rHV,MMF14_a,2,0.32222915450678286,Table_global_MMODE_CSCD.mat
MMO-DE-CSCD,rHV,MMF14_a,3,0.33644821431968286,Table_global_MMODE_CSCD.mat
MMO-DE-CSCD,rHV,MMF14_a,4,0.35173135303126773,Table_global_MMODE_CSCD.mat
MMO-DE-CSCD,rHV,MMF14_a,5,0.3208821645958251,Table_global_MMODE_CSCD.mat
MMO-DE-CSCD,rHV,MMF14_a,6,0.3290839304519601,Table_global_MMODE_CSCD.mat
MMO-DE-CSCD,rHV,MMF14_a,7,0.33323957621171585,Table_global_MMODE_CSCD.mat
MMO-DE-CSCD,rHV,MMF14_a,8,0.33954847990684334,Table_global_MMODE_CSCD.mat
MMO-DE-CSCD,rHV,MMF14_a,9,0.3391176886701085,Table_global_MMODE_CSCD.mat
MMO-DE-CSCD,rHV,MMF14_a,10,0.33170836198558507,Table_global_MMODE_CSCD.mat
MMO-DE-CSCD,rHV,MMF14_a,11,0.3429384623906933,Table_global_MMODE_CSCD.mat
MMO-DE-CSCD,rHV,MMF14_a,12,0.34497999939110485,Table_global_MMODE_CSCD.mat
MMO-DE-CSCD,rHV,MMF14_a,13,0.3828557235975088,Table_global_MMODE_CSCD.mat
MMO-DE-CSCD,rHV,MMF14_a,14,0.35813680309923357,Table_global_MMODE_CSCD.mat
MMO-DE-CSCD,rHV,MMF14_a,15,0.326593712642473,Table_global_MMODE_CSCD.mat
MMO-DE-CSCD,rHV,MMF14_a,16,0.34266508619110714,Table_global_MMODE_CSCD.mat
MMO-DE-CSCD,rHV,MMF14_a,17,0.34012169569982625,Table_global_MMODE_CSCD.mat
MMO-DE-CSCD,rHV,MMF14_a,18,0.31415350975334067,Table_global_MMODE_CSCD.mat
MMO-DE-CSCD,rHV,MMF14_a,19,0.3296451536502527,Table_global_MMODE_CSCD.mat
MMO-DE-CSCD,rHV,MMF14_a,20,0.3335584794046754,Table_global_MMODE_CSCD.mat
MMO-DE-CSCD,rHV,MMF14_a,21,0.3458665114252405,Table_global_MMODE_CSCD.mat
MMO-DE-CSCD,IGDX,MMF14_a,1,0.07587485679024628,Table_global_MMODE_CSCD.mat
MMO-DE-CSCD,IGDX,MMF14_a,2,0.0745510803352149,Table_global_MMODE_CSCD.mat
MMO-DE-CSCD,IGDX,MMF14_a,3,0.07500292332254355,Table_global_MMODE_CSCD.mat
MMO-DE-CSCD,IGDX,MMF14_a,4,0.08361996597562128,Table_global_MMODE_CSCD.mat
MMO-DE-CSCD,IGDX,MMF14_a,5,0.07951385976776232,Table_global_MMODE_CSCD.mat
MMO-DE-CSCD,IGDX,MMF14_a,6,0.07443354729168675,Table_global_MMODE_CSCD.mat
MMO-DE-CSCD,IGDX,MMF14_a,7,0.07277247082464161,Table_global_MMODE_CSCD.mat
MMO-DE-CSCD,IGDX,MMF14_a,8,0.07676904976877859,Table_global_MMODE_CSCD.mat
MMO-DE-CSCD,IGDX,MMF14_a,9,0.0775156137737881,Table_global_MMODE_CSCD.mat
MMO-DE-CSCD,IGDX,MMF14_a,10,0.0795703089411934,Table_global_MMODE_CSCD.mat
MMO-DE-CSCD,IGDX,MMF14_a,11,0.07286077742477338,Table_global_MMODE_CSCD.mat
MMO-DE-CSCD,IGDX,MMF14_a,12,0.07223062950642807,Table_global_MMODE_CSCD.mat
MMO-DE-CSCD,IGDX,MMF14_a,13,0.07236575171717051,Table_global_MMODE_CSCD.mat
MMO-DE-CSCD,IGDX,MMF14_a,14,0.0864014953459326,Table_global_MMODE_CSCD.mat
MMO-DE-CSCD,IGDX,MMF14_a,15,0.07270767068898158,Table_global_MMODE_CSCD.mat
MMO-DE-CSCD,IGDX,MMF14_a,16,0.0725400874995791,Table_global_MMODE_CSCD.mat
MMO-DE-CSCD,IGDX,MMF14_a,17,0.0743065360458825,Table_global_MMODE_CSCD.mat
MMO-DE-CSCD,IGDX,MMF14_a,18,0.06782124929620077,Table_global_MMODE_CSCD.mat
MMO-DE-CSCD,IGDX,MMF14_a,19,0.0789389154944046,Table_global_MMODE_CSCD.mat
MMO-DE-CSCD,IGDX,MMF14_a,20,0.06692056763854533,Table_global_MMODE_CSCD.mat
MMO-DE-CSCD,IGDX,MMF14_a,21,0.07436079971033699,Table_global_MMODE_CSCD.mat
MMO-DE-CSCD,IGDF,MMF14_a,1,0.08548975778469464,Table_global_MMODE_CSCD.mat
MMO-DE-CSCD,IGDF,MMF14_a,2,0.08349381461791272,Table_global_MMODE_CSCD.mat
MMO-DE-CSCD,IGDF,MMF14_a,3,0.08594037620715293,Table_global_MMODE_CSCD.mat
MMO-DE-CSCD,IGDF,MMF14_a,4,0.08750017402883374,Table_global_MMODE_CSCD.mat
MMO-DE-CSCD,IGDF,MMF14_a,5,0.08524946042187752,Table_global_MMODE_CSCD.mat
MMO-DE-CSCD,IGDF,MMF14_a,6,0.08509664927424863,Table_global_MMODE_CSCD.mat
MMO-DE-CSCD,IGDF,MMF14_a,7,0.08342594742529841,Table_global_MMODE_CSCD.mat
MMO-DE-CSCD,IGDF,MMF14_a,8,0.08610043649505834,Table_global_MMODE_CSCD.mat
MMO-DE-CSCD,IGDF,MMF14_a,9,0.08316776101642534,Table_global_MMODE_CSCD.mat
MMO-DE-CSCD,IGDF,MMF14_a,10,0.08637733266266069,Table_global_MMODE_CSCD.mat
MMO-DE-CSCD,IGDF,MMF14_a,11,0.08503291445171272,Table_global_MMODE_CSCD.mat
MMO-DE-CSCD,IGDF,MMF14_a,12,0.08477846373582827,Table_global_MMODE_CSCD.mat
MMO-DE-CSCD,IGDF,MMF14_a,13,0.08347815877208643,Table_global_MMODE_CSCD.mat
MMO-DE-CSCD,IGDF,MMF14_a,14,0.09012602322188396,Table_global_MMODE_CSCD.mat
MMO-DE-CSCD,IGDF,MMF14_a,15,0.08617005163273225,Table_global_MMODE_CSCD.mat
MMO-DE-CSCD,IGDF,MMF14_a,16,0.08334596795606128,Table_global_MMODE_CSCD.mat
MMO-DE-CSCD,IGDF,MMF14_a,17,0.08685697158873137,Table_global_MMODE_CSCD.mat
MMO-DE-CSCD,IGDF,MMF14_a,18,0.08247482854163156,Table_global_MMODE_CSCD.mat
MMO-DE-CSCD,IGDF,MMF14_a,19,0.08319971002120621,Table_global_MMODE_CSCD.mat
MMO-DE-CSCD,IGDF,MMF14_a,20,0.08421353245657712,Table_global_MMODE_CSCD.mat
MMO-DE-CSCD,IGDF,MMF14_a,21,0.08644527681765916,Table_global_MMODE_CSCD.mat
MMO-DE-CSCD,rPSP,MMF15_a,1,0.05772072368358118,Table_global_MMODE_CSCD.mat
MMO-DE-CSCD,rPSP,MMF15_a,2,0.05031887716426558,Table_global_MMODE_CSCD.mat
MMO-DE-CSCD,rPSP,MMF15_a,3,0.051996319384080496,Table_global_MMODE_CSCD.mat
MMO-DE-CSCD,rPSP,MMF15_a,4,0.05821731757970705,Table_global_MMODE_CSCD.mat
MMO-DE-CSCD,rPSP,MMF15_a,5,0.05417688289607264,Table_global_MMODE_CSCD.mat
MMO-DE-CSCD,rPSP,MMF15_a,6,0.05409952154611846,Table_global_MMODE_CSCD.mat
MMO-DE-CSCD,rPSP,MMF15_a,7,0.04915154837821964,Table_global_MMODE_CSCD.mat
MMO-DE-CSCD,rPSP,MMF15_a,8,0.052554358064042433,Table_global_MMODE_CSCD.mat
MMO-DE-CSCD,rPSP,MMF15_a,9,0.052367801420113526,Table_global_MMODE_CSCD.mat
MMO-DE-CSCD,rPSP,MMF15_a,10,0.05155194519418073,Table_global_MMODE_CSCD.mat
MMO-DE-CSCD,rPSP,MMF15_a,11,0.05170769187112558,Table_global_MMODE_CSCD.mat
MMO-DE-CSCD,rPSP,MMF15_a,12,0.05055267297376184,Table_global_MMODE_CSCD.mat
MMO-DE-CSCD,rPSP,MMF15_a,13,0.049741562944266925,Table_global_MMODE_CSCD.mat
MMO-DE-CSCD,rPSP,MMF15_a,14,0.050794242345878204,Table_global_MMODE_CSCD.mat
MMO-DE-CSCD,rPSP,MMF15_a,15,0.05200070424754071,Table_global_MMODE_CSCD.mat
MMO-DE-CSCD,rPSP,MMF15_a,16,0.05576730521333297,Table_global_MMODE_CSCD.mat
MMO-DE-CSCD,rPSP,MMF15_a,17,0.053611972466292575,Table_global_MMODE_CSCD.mat
MMO-DE-CSCD,rPSP,MMF15_a,18,0.05316067559831487,Table_global_MMODE_CSCD.mat
MMO-DE-CSCD,rPSP,MMF15_a,19,0.05255368751364021,Table_global_MMODE_CSCD.mat
MMO-DE-CSCD,rPSP,MMF15_a,20,0.05392594453719963,Table_global_MMODE_CSCD.mat
MMO-DE-CSCD,rPSP,MMF15_a,21,0.054686967601522134,Table_global_MMODE_CSCD.mat
MMO-DE-CSCD,rHV,MMF15_a,1,0.256061700754753,Table_global_MMODE_CSCD.mat
MMO-DE-CSCD,rHV,MMF15_a,2,0.23756859548143136,Table_global_MMODE_CSCD.mat
MMO-DE-CSCD,rHV,MMF15_a,3,0.2520705541262718,Table_global_MMODE_CSCD.mat
MMO-DE-CSCD,rHV,MMF15_a,4,0.2496461764487714,Table_global_MMODE_CSCD.mat
MMO-DE-CSCD,rHV,MMF15_a,5,0.2317205219610609,Table_global_MMODE_CSCD.mat
MMO-DE-CSCD,rHV,MMF15_a,6,0.23108316496165535,Table_global_MMODE_CSCD.mat
MMO-DE-CSCD,rHV,MMF15_a,7,0.23177745952365456,Table_global_MMODE_CSCD.mat
MMO-DE-CSCD,rHV,MMF15_a,8,0.23474625753799136,Table_global_MMODE_CSCD.mat
MMO-DE-CSCD,rHV,MMF15_a,9,0.23033587114096504,Table_global_MMODE_CSCD.mat
MMO-DE-CSCD,rHV,MMF15_a,10,0.2287547111695914,Table_global_MMODE_CSCD.mat
MMO-DE-CSCD,rHV,MMF15_a,11,0.24391361775808332,Table_global_MMODE_CSCD.mat
MMO-DE-CSCD,rHV,MMF15_a,12,0.2393502732144495,Table_global_MMODE_CSCD.mat
MMO-DE-CSCD,rHV,MMF15_a,13,0.23394781926657165,Table_global_MMODE_CSCD.mat
MMO-DE-CSCD,rHV,MMF15_a,14,0.23497181841306805,Table_global_MMODE_CSCD.mat
MMO-DE-CSCD,rHV,MMF15_a,15,0.23403623755106226,Table_global_MMODE_CSCD.mat
MMO-DE-CSCD,rHV,MMF15_a,16,0.2379374421553482,Table_global_MMODE_CSCD.mat
MMO-DE-CSCD,rHV,MMF15_a,17,0.23982470055487914,Table_global_MMODE_CSCD.mat
MMO-DE-CSCD,rHV,MMF15_a,18,0.25161490798923714,Table_global_MMODE_CSCD.mat
MMO-DE-CSCD,rHV,MMF15_a,19,0.2511088532453938,Table_global_MMODE_CSCD.mat
MMO-DE-CSCD,rHV,MMF15_a,20,0.2368093864761875,Table_global_MMODE_CSCD.mat
MMO-DE-CSCD,rHV,MMF15_a,21,0.235221838031759,Table_global_MMODE_CSCD.mat
MMO-DE-CSCD,IGDX,MMF15_a,1,0.057421322927816064,Table_global_MMODE_CSCD.mat
MMO-DE-CSCD,IGDX,MMF15_a,2,0.0497884549549606,Table_global_MMODE_CSCD.mat
MMO-DE-CSCD,IGDX,MMF15_a,3,0.05199537681000029,Table_global_MMODE_CSCD.mat
MMO-DE-CSCD,IGDX,MMF15_a,4,0.05821522991380533,Table_global_MMODE_CSCD.mat
MMO-DE-CSCD,IGDX,MMF15_a,5,0.053192669211998896,Table_global_MMODE_CSCD.mat
MMO-DE-CSCD,IGDX,MMF15_a,6,0.053976037101360314,Table_global_MMODE_CSCD.mat
MMO-DE-CSCD,IGDX,MMF15_a,7,0.04884114585899889,Table_global_MMODE_CSCD.mat
MMO-DE-CSCD,IGDX,MMF15_a,8,0.05250643332807819,Table_global_MMODE_CSCD.mat
MMO-DE-CSCD,IGDX,MMF15_a,9,0.0520343785739161,Table_global_MMODE_CSCD.mat
MMO-DE-CSCD,IGDX,MMF15_a,10,0.05153035817146031,Table_global_MMODE_CSCD.mat
MMO-DE-CSCD,IGDX,MMF15_a,11,0.05170614429327313,Table_global_MMODE_CSCD.mat
MMO-DE-CSCD,IGDX,MMF15_a,12,0.05054561202147157,Table_global_MMODE_CSCD.mat
MMO-DE-CSCD,IGDX,MMF15_a,13,0.04972925370163955,Table_global_MMODE_CSCD.mat
MMO-DE-CSCD,IGDX,MMF15_a,14,0.05079165824988963,Table_global_MMODE_CSCD.mat
MMO-DE-CSCD,IGDX,MMF15_a,15,0.051640232661802926,Table_global_MMODE_CSCD.mat
MMO-DE-CSCD,IGDX,MMF15_a,16,0.05576626565032177,Table_global_MMODE_CSCD.mat
MMO-DE-CSCD,IGDX,MMF15_a,17,0.05360616907024898,Table_global_MMODE_CSCD.mat
MMO-DE-CSCD,IGDX,MMF15_a,18,0.05314787621674413,Table_global_MMODE_CSCD.mat
MMO-DE-CSCD,IGDX,MMF15_a,19,0.05254710135026438,Table_global_MMODE_CSCD.mat
MMO-DE-CSCD,IGDX,MMF15_a,20,0.05392493994790075,Table_global_MMODE_CSCD.mat
MMO-DE-CSCD,IGDX,MMF15_a,21,0.0546857852502721,Table_global_MMODE_CSCD.mat
MMO-DE-CSCD,IGDF,MMF15_a,1,0.09449886301897055,Table_global_MMODE_CSCD.mat
MMO-DE-CSCD,IGDF,MMF15_a,2,0.0855276839184055,Table_global_MMODE_CSCD.mat
MMO-DE-CSCD,IGDF,MMF15_a,3,0.09027698841226177,Table_global_MMODE_CSCD.mat
MMO-DE-CSCD,IGDF,MMF15_a,4,0.09406608185508057,Table_global_MMODE_CSCD.mat
MMO-DE-CSCD,IGDF,MMF15_a,5,0.09316049899387238,Table_global_MMODE_CSCD.mat
MMO-DE-CSCD,IGDF,MMF15_a,6,0.09052500847642546,Table_global_MMODE_CSCD.mat
MMO-DE-CSCD,IGDF,MMF15_a,7,0.0854263944688714,Table_global_MMODE_CSCD.mat
MMO-DE-CSCD,IGDF,MMF15_a,8,0.08929026636761307,Table_global_MMODE_CSCD.mat
MMO-DE-CSCD,IGDF,MMF15_a,9,0.08698708837594438,Table_global_MMODE_CSCD.mat
MMO-DE-CSCD,IGDF,MMF15_a,10,0.08763411128503933,Table_global_MMODE_CSCD.mat
MMO-DE-CSCD,IGDF,MMF15_a,11,0.08731668727648058,Table_global_MMODE_CSCD.mat
MMO-DE-CSCD,IGDF,MMF15_a,12,0.08535817743663676,Table_global_MMODE_CSCD.mat
MMO-DE-CSCD,IGDF,MMF15_a,13,0.08785575971880508,Table_global_MMODE_CSCD.mat
MMO-DE-CSCD,IGDF,MMF15_a,14,0.08837788951683702,Table_global_MMODE_CSCD.mat
MMO-DE-CSCD,IGDF,MMF15_a,15,0.08628995522195539,Table_global_MMODE_CSCD.mat
MMO-DE-CSCD,IGDF,MMF15_a,16,0.09403484427816877,Table_global_MMODE_CSCD.mat
MMO-DE-CSCD,IGDF,MMF15_a,17,0.08859905670383969,Table_global_MMODE_CSCD.mat
MMO-DE-CSCD,IGDF,MMF15_a,18,0.08871896446302734,Table_global_MMODE_CSCD.mat
MMO-DE-CSCD,IGDF,MMF15_a,19,0.08770867178464585,Table_global_MMODE_CSCD.mat
MMO-DE-CSCD,IGDF,MMF15_a,20,0.09235167204782868,Table_global_MMODE_CSCD.mat
MMO-DE-CSCD,IGDF,MMF15_a,21,0.09120126819544107,Table_global_MMODE_CSCD.mat
MMO-DE-CSCD,rPSP,SYM_PART_simple,1,0.039428182703917555,Table_global_MMODE_CSCD.mat
MMO-DE-CSCD,rPSP,SYM_PART_simple,2,0.042575005965866095,Table_global_MMODE_CSCD.mat
MMO-DE-CSCD,rPSP,SYM_PART_simple,3,0.04232867343572313,Table_global_MMODE_CSCD.mat
MMO-DE-CSCD,rPSP,SYM_PART_simple,4,0.04458453610769491,Table_global_MMODE_CSCD.mat
MMO-DE-CSCD,rPSP,SYM_PART_simple,5,0.04269255054019435,Table_global_MMODE_CSCD.mat
MMO-DE-CSCD,rPSP,SYM_PART_simple,6,0.03865365536546158,Table_global_MMODE_CSCD.mat
MMO-DE-CSCD,rPSP,SYM_PART_simple,7,0.04080165428220896,Table_global_MMODE_CSCD.mat
MMO-DE-CSCD,rPSP,SYM_PART_simple,8,0.04076477527378798,Table_global_MMODE_CSCD.mat
MMO-DE-CSCD,rPSP,SYM_PART_simple,9,0.03993325896619466,Table_global_MMODE_CSCD.mat
MMO-DE-CSCD,rPSP,SYM_PART_simple,10,0.041584661169165454,Table_global_MMODE_CSCD.mat
MMO-DE-CSCD,rPSP,SYM_PART_simple,11,0.041860711585653215,Table_global_MMODE_CSCD.mat
MMO-DE-CSCD,rPSP,SYM_PART_simple,12,0.0476233026949382,Table_global_MMODE_CSCD.mat
MMO-DE-CSCD,rPSP,SYM_PART_simple,13,0.041060310016128615,Table_global_MMODE_CSCD.mat
MMO-DE-CSCD,rPSP,SYM_PART_simple,14,0.042808311874869595,Table_global_MMODE_CSCD.mat
MMO-DE-CSCD,rPSP,SYM_PART_simple,15,0.049631555541822,Table_global_MMODE_CSCD.mat
MMO-DE-CSCD,rPSP,SYM_PART_simple,16,0.038632460004795095,Table_global_MMODE_CSCD.mat
MMO-DE-CSCD,rPSP,SYM_PART_simple,17,0.046510749879459044,Table_global_MMODE_CSCD.mat
MMO-DE-CSCD,rPSP,SYM_PART_simple,18,0.0492342093028283,Table_global_MMODE_CSCD.mat
MMO-DE-CSCD,rPSP,SYM_PART_simple,19,0.04842277456737781,Table_global_MMODE_CSCD.mat
MMO-DE-CSCD,rPSP,SYM_PART_simple,20,0.04343626362541103,Table_global_MMODE_CSCD.mat
MMO-DE-CSCD,rPSP,SYM_PART_simple,21,0.04071129015629745,Table_global_MMODE_CSCD.mat
MMO-DE-CSCD,rHV,SYM_PART_simple,1,0.060024031906442656,Table_global_MMODE_CSCD.mat
MMO-DE-CSCD,rHV,SYM_PART_simple,2,0.06002227775545963,Table_global_MMODE_CSCD.mat
MMO-DE-CSCD,rHV,SYM_PART_simple,3,0.06002642223589099,Table_global_MMODE_CSCD.mat
MMO-DE-CSCD,rHV,SYM_PART_simple,4,0.060018944121869755,Table_global_MMODE_CSCD.mat
MMO-DE-CSCD,rHV,SYM_PART_simple,5,0.06001920061026295,Table_global_MMODE_CSCD.mat
MMO-DE-CSCD,rHV,SYM_PART_simple,6,0.06002179826783903,Table_global_MMODE_CSCD.mat
MMO-DE-CSCD,rHV,SYM_PART_simple,7,0.06001764604116959,Table_global_MMODE_CSCD.mat
MMO-DE-CSCD,rHV,SYM_PART_simple,8,0.060022930129692564,Table_global_MMODE_CSCD.mat
MMO-DE-CSCD,rHV,SYM_PART_simple,9,0.06002763687617329,Table_global_MMODE_CSCD.mat
MMO-DE-CSCD,rHV,SYM_PART_simple,10,0.06002772540607691,Table_global_MMODE_CSCD.mat
MMO-DE-CSCD,rHV,SYM_PART_simple,11,0.0600218199832114,Table_global_MMODE_CSCD.mat
MMO-DE-CSCD,rHV,SYM_PART_simple,12,0.060017906894284406,Table_global_MMODE_CSCD.mat
MMO-DE-CSCD,rHV,SYM_PART_simple,13,0.06002956929012707,Table_global_MMODE_CSCD.mat
MMO-DE-CSCD,rHV,SYM_PART_simple,14,0.06002259571563122,Table_global_MMODE_CSCD.mat
MMO-DE-CSCD,rHV,SYM_PART_simple,15,0.060027794024303034,Table_global_MMODE_CSCD.mat
MMO-DE-CSCD,rHV,SYM_PART_simple,16,0.06002314637320476,Table_global_MMODE_CSCD.mat
MMO-DE-CSCD,rHV,SYM_PART_simple,17,0.06002224034218558,Table_global_MMODE_CSCD.mat
MMO-DE-CSCD,rHV,SYM_PART_simple,18,0.06002066621730118,Table_global_MMODE_CSCD.mat
MMO-DE-CSCD,rHV,SYM_PART_simple,19,0.06002345422394095,Table_global_MMODE_CSCD.mat
MMO-DE-CSCD,rHV,SYM_PART_simple,20,0.06002187300334025,Table_global_MMODE_CSCD.mat
MMO-DE-CSCD,rHV,SYM_PART_simple,21,0.06002383080307819,Table_global_MMODE_CSCD.mat
MMO-DE-CSCD,IGDX,SYM_PART_simple,1,0.039375224578366126,Table_global_MMODE_CSCD.mat
MMO-DE-CSCD,IGDX,SYM_PART_simple,2,0.04248159718451564,Table_global_MMODE_CSCD.mat
MMO-DE-CSCD,IGDX,SYM_PART_simple,3,0.0423214501109539,Table_global_MMODE_CSCD.mat
MMO-DE-CSCD,IGDX,SYM_PART_simple,4,0.04455657041114966,Table_global_MMODE_CSCD.mat
MMO-DE-CSCD,IGDX,SYM_PART_simple,5,0.04266383007094221,Table_global_MMODE_CSCD.mat
MMO-DE-CSCD,IGDX,SYM_PART_simple,6,0.038615738616285436,Table_global_MMODE_CSCD.mat
MMO-DE-CSCD,IGDX,SYM_PART_simple,7,0.04074900772117644,Table_global_MMODE_CSCD.mat
MMO-DE-CSCD,IGDX,SYM_PART_simple,8,0.04063277156596466,Table_global_MMODE_CSCD.mat
MMO-DE-CSCD,IGDX,SYM_PART_simple,9,0.039846341973452944,Table_global_MMODE_CSCD.mat
MMO-DE-CSCD,IGDX,SYM_PART_simple,10,0.04156696287530647,Table_global_MMODE_CSCD.mat
MMO-DE-CSCD,IGDX,SYM_PART_simple,11,0.04175920757237954,Table_global_MMODE_CSCD.mat
MMO-DE-CSCD,IGDX,SYM_PART_simple,12,0.047575632148666544,Table_global_MMODE_CSCD.mat
MMO-DE-CSCD,IGDX,SYM_PART_simple,13,0.04099950738495391,Table_global_MMODE_CSCD.mat
MMO-DE-CSCD,IGDX,SYM_PART_simple,14,0.042698031540204386,Table_global_MMODE_CSCD.mat
MMO-DE-CSCD,IGDX,SYM_PART_simple,15,0.0496019869966882,Table_global_MMODE_CSCD.mat
MMO-DE-CSCD,IGDX,SYM_PART_simple,16,0.03862421506522033,Table_global_MMODE_CSCD.mat
MMO-DE-CSCD,IGDX,SYM_PART_simple,17,0.046504450436832566,Table_global_MMODE_CSCD.mat
MMO-DE-CSCD,IGDX,SYM_PART_simple,18,0.049095916066214024,Table_global_MMODE_CSCD.mat
MMO-DE-CSCD,IGDX,SYM_PART_simple,19,0.048397634888542464,Table_global_MMODE_CSCD.mat
MMO-DE-CSCD,IGDX,SYM_PART_simple,20,0.04343026260793281,Table_global_MMODE_CSCD.mat
MMO-DE-CSCD,IGDX,SYM_PART_simple,21,0.040593479793170274,Table_global_MMODE_CSCD.mat
MMO-DE-CSCD,IGDF,SYM_PART_simple,1,0.009480948818485338,Table_global_MMODE_CSCD.mat
MMO-DE-CSCD,IGDF,SYM_PART_simple,2,0.010306626474624644,Table_global_MMODE_CSCD.mat
MMO-DE-CSCD,IGDF,SYM_PART_simple,3,0.010286244886357217,Table_global_MMODE_CSCD.mat
MMO-DE-CSCD,IGDF,SYM_PART_simple,4,0.008991049082452409,Table_global_MMODE_CSCD.mat
MMO-DE-CSCD,IGDF,SYM_PART_simple,5,0.007484153948266867,Table_global_MMODE_CSCD.mat
MMO-DE-CSCD,IGDF,SYM_PART_simple,6,0.0076875258232787635,Table_global_MMODE_CSCD.mat
MMO-DE-CSCD,IGDF,SYM_PART_simple,7,0.008426151957753045,Table_global_MMODE_CSCD.mat
MMO-DE-CSCD,IGDF,SYM_PART_simple,8,0.008020727534125558,Table_global_MMODE_CSCD.mat
MMO-DE-CSCD,IGDF,SYM_PART_simple,9,0.010267239936959268,Table_global_MMODE_CSCD.mat
MMO-DE-CSCD,IGDF,SYM_PART_simple,10,0.01044919274408781,Table_global_MMODE_CSCD.mat
MMO-DE-CSCD,IGDF,SYM_PART_simple,11,0.010482058017069697,Table_global_MMODE_CSCD.mat
MMO-DE-CSCD,IGDF,SYM_PART_simple,12,0.008020574200454551,Table_global_MMODE_CSCD.mat
MMO-DE-CSCD,IGDF,SYM_PART_simple,13,0.010003668038150412,Table_global_MMODE_CSCD.mat
MMO-DE-CSCD,IGDF,SYM_PART_simple,14,0.0070879974735252515,Table_global_MMODE_CSCD.mat
MMO-DE-CSCD,IGDF,SYM_PART_simple,15,0.009557826147483964,Table_global_MMODE_CSCD.mat
MMO-DE-CSCD,IGDF,SYM_PART_simple,16,0.00896148114200798,Table_global_MMODE_CSCD.mat
MMO-DE-CSCD,IGDF,SYM_PART_simple,17,0.008468593849793255,Table_global_MMODE_CSCD.mat
MMO-DE-CSCD,IGDF,SYM_PART_simple,18,0.009068857508745407,Table_global_MMODE_CSCD.mat
MMO-DE-CSCD,IGDF,SYM_PART_simple,19,0.009670046632091969,Table_global_MMODE_CSCD.mat
MMO-DE-CSCD,IGDF,SYM_PART_simple,20,0.00932900148242115,Table_global_MMODE_CSCD.mat
MMO-DE-CSCD,IGDF,SYM_PART_simple,21,0.00951172843177327,Table_global_MMODE_CSCD.mat
MMO-DE-CSCD,rPSP,SYM_PART_rotated,1,0.1644034677140319,Table_global_MMODE_CSCD.mat
MMO-DE-CSCD,rPSP,SYM_PART_rotated,2,0.2550395754507287,Table_global_MMODE_CSCD.mat
MMO-DE-CSCD,rPSP,SYM_PART_rotated,3,0.13423265807928053,Table_global_MMODE_CSCD.mat
MMO-DE-CSCD,rPSP,SYM_PART_rotated,4,0.21388608856370805,Table_global_MMODE_CSCD.mat
MMO-DE-CSCD,rPSP,SYM_PART_rotated,5,0.129381045153501,Table_global_MMODE_CSCD.mat
MMO-DE-CSCD,rPSP,SYM_PART_rotated,6,1.208026535586211,Table_global_MMODE_CSCD.mat
MMO-DE-CSCD,rPSP,SYM_PART_rotated,7,0.2709827010079524,Table_global_MMODE_CSCD.mat
MMO-DE-CSCD,rPSP,SYM_PART_rotated,8,0.18852722920096973,Table_global_MMODE_CSCD.mat
MMO-DE-CSCD,rPSP,SYM_PART_rotated,9,0.13917207368665602,Table_global_MMODE_CSCD.mat
MMO-DE-CSCD,rPSP,SYM_PART_rotated,10,0.14075318434826767,Table_global_MMODE_CSCD.mat
MMO-DE-CSCD,rPSP,SYM_PART_rotated,11,1.4079087411318036,Table_global_MMODE_CSCD.mat
MMO-DE-CSCD,rPSP,SYM_PART_rotated,12,0.1257373690182128,Table_global_MMODE_CSCD.mat
MMO-DE-CSCD,rPSP,SYM_PART_rotated,13,0.13518975067861427,Table_global_MMODE_CSCD.mat
MMO-DE-CSCD,rPSP,SYM_PART_rotated,14,0.13215229937013237,Table_global_MMODE_CSCD.mat
MMO-DE-CSCD,rPSP,SYM_PART_rotated,15,0.13300596084286917,Table_global_MMODE_CSCD.mat
MMO-DE-CSCD,rPSP,SYM_PART_rotated,16,0.1505025236137587,Table_global_MMODE_CSCD.mat
MMO-DE-CSCD,rPSP,SYM_PART_rotated,17,0.16598454077664537,Table_global_MMODE_CSCD.mat
MMO-DE-CSCD,rPSP,SYM_PART_rotated,18,0.1594762086141799,Table_global_MMODE_CSCD.mat
MMO-DE-CSCD,rPSP,SYM_PART_rotated,19,0.19408001786355855,Table_global_MMODE_CSCD.mat
MMO-DE-CSCD,rPSP,SYM_PART_rotated,20,1.1949933528183463,Table_global_MMODE_CSCD.mat
MMO-DE-CSCD,rPSP,SYM_PART_rotated,21,0.16797174056388486,Table_global_MMODE_CSCD.mat
MMO-DE-CSCD,rHV,SYM_PART_rotated,1,0.06007468235818159,Table_global_MMODE_CSCD.mat
MMO-DE-CSCD,rHV,SYM_PART_rotated,2,0.06006263492451085,Table_global_MMODE_CSCD.mat
MMO-DE-CSCD,rHV,SYM_PART_rotated,3,0.06006989907657993,Table_global_MMODE_CSCD.mat
MMO-DE-CSCD,rHV,SYM_PART_rotated,4,0.06007101498417704,Table_global_MMODE_CSCD.mat
MMO-DE-CSCD,rHV,SYM_PART_rotated,5,0.06008235380358396,Table_global_MMODE_CSCD.mat
MMO-DE-CSCD,rHV,SYM_PART_rotated,6,0.06006701267244114,Table_global_MMODE_CSCD.mat
MMO-DE-CSCD,rHV,SYM_PART_rotated,7,0.06006315535539562,Table_global_MMODE_CSCD.mat
MMO-DE-CSCD,rHV,SYM_PART_rotated,8,0.06005860062721466,Table_global_MMODE_CSCD.mat
MMO-DE-CSCD,rHV,SYM_PART_rotated,9,0.06006562712382421,Table_global_MMODE_CSCD.mat
MMO-DE-CSCD,rHV,SYM_PART_rotated,10,0.06008344300603438,Table_global_MMODE_CSCD.mat
MMO-DE-CSCD,rHV,SYM_PART_rotated,11,0.06005890741321009,Table_global_MMODE_CSCD.mat
MMO-DE-CSCD,rHV,SYM_PART_rotated,12,0.0600610571185438,Table_global_MMODE_CSCD.mat
MMO-DE-CSCD,rHV,SYM_PART_rotated,13,0.06006286221562131,Table_global_MMODE_CSCD.mat
MMO-DE-CSCD,rHV,SYM_PART_rotated,14,0.06008678829404926,Table_global_MMODE_CSCD.mat
MMO-DE-CSCD,rHV,SYM_PART_rotated,15,0.06007662291190644,Table_global_MMODE_CSCD.mat
MMO-DE-CSCD,rHV,SYM_PART_rotated,16,0.06006156434874403,Table_global_MMODE_CSCD.mat
MMO-DE-CSCD,rHV,SYM_PART_rotated,17,0.060074328340561756,Table_global_MMODE_CSCD.mat
MMO-DE-CSCD,rHV,SYM_PART_rotated,18,0.06007300396877608,Table_global_MMODE_CSCD.mat
MMO-DE-CSCD,rHV,SYM_PART_rotated,19,0.06007941951064659,Table_global_MMODE_CSCD.mat
MMO-DE-CSCD,rHV,SYM_PART_rotated,20,0.060082737830589296,Table_global_MMODE_CSCD.mat
MMO-DE-CSCD,rHV,SYM_PART_rotated,21,0.06006867354217054,Table_global_MMODE_CSCD.mat
MMO-DE-CSCD,IGDX,SYM_PART_rotated,1,0.16144229688839115,Table_global_MMODE_CSCD.mat
MMO-DE-CSCD,IGDX,SYM_PART_rotated,2,0.25013811660226176,Table_global_MMODE_CSCD.mat
MMO-DE-CSCD,IGDX,SYM_PART_rotated,3,0.1327942419702488,Table_global_MMODE_CSCD.mat
MMO-DE-CSCD,IGDX,SYM_PART_rotated,4,0.20847718060054224,Table_global_MMODE_CSCD.mat
MMO-DE-CSCD,IGDX,SYM_PART_rotated,5,0.12876525742630782,Table_global_MMODE_CSCD.mat
MMO-DE-CSCD,IGDX,SYM_PART_rotated,6,1.1665946423293172,Table_global_MMODE_CSCD.mat
MMO-DE-CSCD,IGDX,SYM_PART_rotated,7,0.2663236726977876,Table_global_MMODE_CSCD.mat
MMO-DE-CSCD,IGDX,SYM_PART_rotated,8,0.18380917278903605,Table_global_MMODE_CSCD.mat
MMO-DE-CSCD,IGDX,SYM_PART_rotated,9,0.13720428500958615,Table_global_MMODE_CSCD.mat
MMO-DE-CSCD,IGDX,SYM_PART_rotated,10,0.13832559410831125,Table_global_MMODE_CSCD.mat
MMO-DE-CSCD,IGDX,SYM_PART_rotated,11,1.1922281307172684,Table_global_MMODE_CSCD.mat
MMO-DE-CSCD,IGDX,SYM_PART_rotated,12,0.12252411803670321,Table_global_MMODE_CSCD.mat
MMO-DE-CSCD,IGDX,SYM_PART_rotated,13,0.13348847496059404,Table_global_MMODE_CSCD.mat
MMO-DE-CSCD,IGDX,SYM_PART_rotated,14,0.12959849252052735,Table_global_MMODE_CSCD.mat
MMO-DE-CSCD,IGDX,SYM_PART_rotated,15,0.1309927261913165,Table_global_MMODE_CSCD.mat
MMO-DE-CSCD,IGDX,SYM_PART_rotated,16,0.14610517951033272,Table_global_MMODE_CSCD.mat
MMO-DE-CSCD,IGDX,SYM_PART_rotated,17,0.16229035521987442,Table_global_MMODE_CSCD.mat
MMO-DE-CSCD,IGDX,SYM_PART_rotated,18,0.1582064332720303,Table_global_MMODE_CSCD.mat
MMO-DE-CSCD,IGDX,SYM_PART_rotated,19,0.1908905155001436,Table_global_MMODE_CSCD.mat
MMO-DE-CSCD,IGDX,SYM_PART_rotated,20,1.167214511812407,Table_global_MMODE_CSCD.mat
MMO-DE-CSCD,IGDX,SYM_PART_rotated,21,0.16198773643195938,Table_global_MMODE_CSCD.mat
MMO-DE-CSCD,IGDF,SYM_PART_rotated,1,0.014513161354659881,Table_global_MMODE_CSCD.mat
MMO-DE-CSCD,IGDF,SYM_PART_rotated,2,0.014380649378398011,Table_global_MMODE_CSCD.mat
MMO-DE-CSCD,IGDF,SYM_PART_rotated,3,0.014890101612479214,Table_global_MMODE_CSCD.mat
MMO-DE-CSCD,IGDF,SYM_PART_rotated,4,0.014275464084774297,Table_global_MMODE_CSCD.mat
MMO-DE-CSCD,IGDF,SYM_PART_rotated,5,0.01869749197982775,Table_global_MMODE_CSCD.mat
MMO-DE-CSCD,IGDF,SYM_PART_rotated,6,0.014810062460577653,Table_global_MMODE_CSCD.mat
MMO-DE-CSCD,IGDF,SYM_PART_rotated,7,0.01598871642671956,Table_global_MMODE_CSCD.mat
MMO-DE-CSCD,IGDF,SYM_PART_rotated,8,0.013015055304345683,Table_global_MMODE_CSCD.mat
MMO-DE-CSCD,IGDF,SYM_PART_rotated,9,0.014636588797653427,Table_global_MMODE_CSCD.mat
MMO-DE-CSCD,IGDF,SYM_PART_rotated,10,0.01825124691963318,Table_global_MMODE_CSCD.mat
MMO-DE-CSCD,IGDF,SYM_PART_rotated,11,0.014103361018869014,Table_global_MMODE_CSCD.mat
MMO-DE-CSCD,IGDF,SYM_PART_rotated,12,0.014124148048956184,Table_global_MMODE_CSCD.mat
MMO-DE-CSCD,IGDF,SYM_PART_rotated,13,0.015498011195793887,Table_global_MMODE_CSCD.mat
MMO-DE-CSCD,IGDF,SYM_PART_rotated,14,0.019472900736977137,Table_global_MMODE_CSCD.mat
MMO-DE-CSCD,IGDF,SYM_PART_rotated,15,0.01618436294180387,Table_global_MMODE_CSCD.mat
MMO-DE-CSCD,IGDF,SYM_PART_rotated,16,0.015940406869737828,Table_global_MMODE_CSCD.mat
MMO-DE-CSCD,IGDF,SYM_PART_rotated,17,0.014889732291644316,Table_global_MMODE_CSCD.mat
MMO-DE-CSCD,IGDF,SYM_PART_rotated,18,0.021389862563328105,Table_global_MMODE_CSCD.mat
MMO-DE-CSCD,IGDF,SYM_PART_rotated,19,0.013060219172979176,Table_global_MMODE_CSCD.mat
MMO-DE-CSCD,IGDF,SYM_PART_rotated,20,0.016146755878201365,Table_global_MMODE_CSCD.mat
MMO-DE-CSCD,IGDF,SYM_PART_rotated,21,0.013056751672725367,Table_global_MMODE_CSCD.mat
MMO-DE-CSCD,rPSP,Omni_test,1,0.4237002883360768,Table_global_MMODE_CSCD.mat
MMO-DE-CSCD,rPSP,Omni_test,2,0.2941562839841654,Table_global_MMODE_CSCD.mat
MMO-DE-CSCD,rPSP,Omni_test,3,0.24627377812392978,Table_global_MMODE_CSCD.mat
MMO-DE-CSCD,rPSP,Omni_test,4,0.4144693761284384,Table_global_MMODE_CSCD.mat
MMO-DE-CSCD,rPSP,Omni_test,5,0.6492848142312206,Table_global_MMODE_CSCD.mat
MMO-DE-CSCD,rPSP,Omni_test,6,0.7188402870125391,Table_global_MMODE_CSCD.mat
MMO-DE-CSCD,rPSP,Omni_test,7,0.5330903380571309,Table_global_MMODE_CSCD.mat
MMO-DE-CSCD,rPSP,Omni_test,8,0.8294395429319394,Table_global_MMODE_CSCD.mat
MMO-DE-CSCD,rPSP,Omni_test,9,0.6694727575299114,Table_global_MMODE_CSCD.mat
MMO-DE-CSCD,rPSP,Omni_test,10,0.3351647529928756,Table_global_MMODE_CSCD.mat
MMO-DE-CSCD,rPSP,Omni_test,11,0.41031718612013723,Table_global_MMODE_CSCD.mat
MMO-DE-CSCD,rPSP,Omni_test,12,0.3684590080665333,Table_global_MMODE_CSCD.mat
MMO-DE-CSCD,rPSP,Omni_test,13,0.3987384442678918,Table_global_MMODE_CSCD.mat
MMO-DE-CSCD,rPSP,Omni_test,14,0.44417353916228036,Table_global_MMODE_CSCD.mat
MMO-DE-CSCD,rPSP,Omni_test,15,0.21114512079212472,Table_global_MMODE_CSCD.mat
MMO-DE-CSCD,rPSP,Omni_test,16,0.2905430589283121,Table_global_MMODE_CSCD.mat
MMO-DE-CSCD,rPSP,Omni_test,17,0.2984192398253146,Table_global_MMODE_CSCD.mat
MMO-DE-CSCD,rPSP,Omni_test,18,0.2598039655526801,Table_global_MMODE_CSCD.mat
MMO-DE-CSCD,rPSP,Omni_test,19,0.2199164311133369,Table_global_MMODE_CSCD.mat
MMO-DE-CSCD,rPSP,Omni_test,20,0.13681519358755598,Table_global_MMODE_CSCD.mat
MMO-DE-CSCD,rPSP,Omni_test,21,0.1594012126350309,Table_global_MMODE_CSCD.mat
MMO-DE-CSCD,rHV,Omni_test,1,0.018943119407435406,Table_global_MMODE_CSCD.mat
MMO-DE-CSCD,rHV,Omni_test,2,0.018951054299372494,Table_global_MMODE_CSCD.mat
MMO-DE-CSCD,rHV,Omni_test,3,0.018946345176377635,Table_global_MMODE_CSCD.mat
MMO-DE-CSCD,rHV,Omni_test,4,0.018943567380638793,Table_global_MMODE_CSCD.mat
MMO-DE-CSCD,rHV,Omni_test,5,0.018945923681583186,Table_global_MMODE_CSCD.mat
MMO-DE-CSCD,rHV,Omni_test,6,0.018943284338057993,Table_global_MMODE_CSCD.mat
MMO-DE-CSCD,rHV,Omni_test,7,0.01895155869904604,Table_global_MMODE_CSCD.mat
MMO-DE-CSCD,rHV,Omni_test,8,0.01894783190284234,Table_global_MMODE_CSCD.mat
MMO-DE-CSCD,rHV,Omni_test,9,0.018949902182588633,Table_global_MMODE_CSCD.mat
MMO-DE-CSCD,rHV,Omni_test,10,0.018949216459845354,Table_global_MMODE_CSCD.mat
MMO-DE-CSCD,rHV,Omni_test,11,0.01894314268604414,Table_global_MMODE_CSCD.mat
MMO-DE-CSCD,rHV,Omni_test,12,0.01894195997725244,Table_global_MMODE_CSCD.mat
MMO-DE-CSCD,rHV,Omni_test,13,0.018949266315481477,Table_global_MMODE_CSCD.mat
MMO-DE-CSCD,rHV,Omni_test,14,0.018943321611187138,Table_global_MMODE_CSCD.mat
MMO-DE-CSCD,rHV,Omni_test,15,0.018949277685575302,Table_global_MMODE_CSCD.mat
MMO-DE-CSCD,rHV,Omni_test,16,0.01894804517084453,Table_global_MMODE_CSCD.mat
MMO-DE-CSCD,rHV,Omni_test,17,0.018954648491040556,Table_global_MMODE_CSCD.mat
MMO-DE-CSCD,rHV,Omni_test,18,0.018945880146606503,Table_global_MMODE_CSCD.mat
MMO-DE-CSCD,rHV,Omni_test,19,0.018946697100688404,Table_global_MMODE_CSCD.mat
MMO-DE-CSCD,rHV,Omni_test,20,0.01894657825373444,Table_global_MMODE_CSCD.mat
MMO-DE-CSCD,rHV,Omni_test,21,0.0189487506255137,Table_global_MMODE_CSCD.mat
MMO-DE-CSCD,IGDX,Omni_test,1,0.4102420275423397,Table_global_MMODE_CSCD.mat
MMO-DE-CSCD,IGDX,Omni_test,2,0.2845121184053063,Table_global_MMODE_CSCD.mat
MMO-DE-CSCD,IGDX,Omni_test,3,0.24153202522909523,Table_global_MMODE_CSCD.mat
MMO-DE-CSCD,IGDX,Omni_test,4,0.406889694472797,Table_global_MMODE_CSCD.mat
MMO-DE-CSCD,IGDX,Omni_test,5,0.631466366965445,Table_global_MMODE_CSCD.mat
MMO-DE-CSCD,IGDX,Omni_test,6,0.6732928907790197,Table_global_MMODE_CSCD.mat
MMO-DE-CSCD,IGDX,Omni_test,7,0.5087558394882362,Table_global_MMODE_CSCD.mat
MMO-DE-CSCD,IGDX,Omni_test,8,0.7582832662937331,Table_global_MMODE_CSCD.mat
MMO-DE-CSCD,IGDX,Omni_test,9,0.6246650989300842,Table_global_MMODE_CSCD.mat
MMO-DE-CSCD,IGDX,Omni_test,10,0.3238904353540392,Table_global_MMODE_CSCD.mat
MMO-DE-CSCD,IGDX,Omni_test,11,0.3951840956535628,Table_global_MMODE_CSCD.mat
MMO-DE-CSCD,IGDX,Omni_test,12,0.3542944457764647,Table_global_MMODE_CSCD.mat
MMO-DE-CSCD,IGDX,Omni_test,13,0.3857584163778346,Table_global_MMODE_CSCD.mat
MMO-DE-CSCD,IGDX,Omni_test,14,0.4273778868557447,Table_global_MMODE_CSCD.mat
MMO-DE-CSCD,IGDX,Omni_test,15,0.2019066621105484,Table_global_MMODE_CSCD.mat
MMO-DE-CSCD,IGDX,Omni_test,16,0.28381419725393414,Table_global_MMODE_CSCD.mat
MMO-DE-CSCD,IGDX,Omni_test,17,0.2957819648977828,Table_global_MMODE_CSCD.mat
MMO-DE-CSCD,IGDX,Omni_test,18,0.25238656833673717,Table_global_MMODE_CSCD.mat
MMO-DE-CSCD,IGDX,Omni_test,19,0.21502616530513025,Table_global_MMODE_CSCD.mat
MMO-DE-CSCD,IGDX,Omni_test,20,0.13399409492337372,Table_global_MMODE_CSCD.mat
MMO-DE-CSCD,IGDX,Omni_test,21,0.15658968953388044,Table_global_MMODE_CSCD.mat
MMO-DE-CSCD,IGDF,Omni_test,1,0.009564493856582356,Table_global_MMODE_CSCD.mat
MMO-DE-CSCD,IGDF,Omni_test,2,0.008717697659499556,Table_global_MMODE_CSCD.mat
MMO-DE-CSCD,IGDF,Omni_test,3,0.009130089868572177,Table_global_MMODE_CSCD.mat
MMO-DE-CSCD,IGDF,Omni_test,4,0.009358837608465941,Table_global_MMODE_CSCD.mat
MMO-DE-CSCD,IGDF,Omni_test,5,0.00948156859979177,Table_global_MMODE_CSCD.mat
MMO-DE-CSCD,IGDF,Omni_test,6,0.009096647226930609,Table_global_MMODE_CSCD.mat
MMO-DE-CSCD,IGDF,Omni_test,7,0.009041580237266068,Table_global_MMODE_CSCD.mat
MMO-DE-CSCD,IGDF,Omni_test,8,0.008890218885206249,Table_global_MMODE_CSCD.mat
MMO-DE-CSCD,IGDF,Omni_test,9,0.008791659608559065,Table_global_MMODE_CSCD.mat
MMO-DE-CSCD,IGDF,Omni_test,10,0.009700896232448655,Table_global_MMODE_CSCD.mat
MMO-DE-CSCD,IGDF,Omni_test,11,0.008616893924162846,Table_global_MMODE_CSCD.mat
MMO-DE-CSCD,IGDF,Omni_test,12,0.008901620724842045,Table_global_MMODE_CSCD.mat
MMO-DE-CSCD,IGDF,Omni_test,13,0.009708607608354403,Table_global_MMODE_CSCD.mat
MMO-DE-CSCD,IGDF,Omni_test,14,0.0093234430479384,Table_global_MMODE_CSCD.mat
MMO-DE-CSCD,IGDF,Omni_test,15,0.010329196547814853,Table_global_MMODE_CSCD.mat
MMO-DE-CSCD,IGDF,Omni_test,16,0.011092865053143521,Table_global_MMODE_CSCD.mat
MMO-DE-CSCD,IGDF,Omni_test,17,0.010306788759710313,Table_global_MMODE_CSCD.mat
MMO-DE-CSCD,IGDF,Omni_test,18,0.009354594806862414,Table_global_MMODE_CSCD.mat
MMO-DE-CSCD,IGDF,Omni_test,19,0.009259876616595124,Table_global_MMODE_CSCD.mat
MMO-DE-CSCD,IGDF,Omni_test,20,0.009667910872127781,Table_global_MMODE_CSCD.mat
MMO-DE-CSCD,IGDF,Omni_test,21,0.008759748267761668,Table_global_MMODE_CSCD.mat
