de [mm],g [mm],Nn [],Nc [],Force1.Force_y [kNewton]
11,0.3,14,14,-30.5625036
11,0.3,14,16,-31.49632455
11,0.3,14,18,-32.21724959
11,0.3,14,20,-32.84378864
11,0.3,14,22,-33.35244853
11,0.3,14,24,-33.88447305
11,0.3,14,26,-34.26451788
11,0.3,14,28,-34.70097491
11,0.4,14,14,-28.15960833
11,0.4,14,16,-29.26231369
11,0.4,14,18,-30.09282311
11,0.4,14,20,-30.82912867
11,0.4,14,22,-31.42421774
11,0.4,14,24,-31.99185318
11,0.4,14,26,-32.54071288
11,0.4,14,28,-32.94716441
11,0.5,14,14,-25.55639943
11,0.5,14,16,-27.06005755
11,0.5,14,18,-28.16323982
11,0.5,14,20,-28.92739378
11,0.5,14,22,-29.58683834
11,0.5,14,24,-30.19706174
11,0.5,14,26,-30.72093357
11,0.5,14,28,-31.24294517
11,0.6,14,14,-22.82566957
11,0.6,14,16,-24.7428556
11,0.6,14,18,-26.093706
11,0.6,14,20,-27.13679505
11,0.6,14,22,-27.86413647
11,0.6,14,24,-28.54130307
11,0.6,14,26,-29.08142118
11,0.6,14,28,-29.63805698
11,0.7,14,14,-20.24863962
11,0.7,14,16,-22.39134081
11,0.7,14,18,-24.03753223
11,0.7,14,20,-25.27328939
11,0.7,14,22,-26.22523328
11,0.7,14,24,-26.99530619
11,0.7,14,26,-27.57630521
11,0.7,14,28,-28.14348843
11,0.8,14,14,-17.63357487
11,0.8,14,16,-20.12487954
11,0.8,14,18,-22.00872594
11,0.8,14,20,-23.50110034
11,0.8,14,22,-24.63110643
11,0.8,14,24,-25.46468358
11,0.8,14,26,-26.12777299
11,0.8,14,28,-26.72646191
11,0.9,14,14,-15.21084267
11,0.9,14,16,-17.91776888
11,0.9,14,18,-19.97451648
11,0.9,14,20,-21.60673329
11,0.9,14,22,-22.96279332
11,0.9,14,24,-23.92335275
11,0.9,14,26,-24.74247795
11,0.9,14,28,-25.43640562
11,1,14,14,-13.01239222
11,1,14,16,-15.75861965
11,1,14,18,-18.05762302
11,1,14,20,-19.82367336
11,1,14,22,-21.26989796
11,1,14,24,-22.45060156
11,1,14,26,-23.36295352
11,1,14,28,-24.13205538
11,0.3,15,14,-31.29068769
11,0.3,15,16,-32.16425955
11,0.3,15,18,-32.88182846
11,0.3,15,20,-33.49759109
11,0.3,15,22,-34.06356573
11,0.3,15,24,-34.53409773
11,0.3,15,26,-34.93800733
11,0.3,15,28,-35.38671502
11,0.4,15,14,-28.99302682
11,0.4,15,16,-30.01554654
11,0.4,15,18,-30.88802369
11,0.4,15,20,-31.54895439
11,0.4,15,22,-32.1510573
11,0.4,15,24,-32.67222079
11,0.4,15,26,-33.23167572
11,0.4,15,28,-33.65977519
11,0.5,15,14,-26.62874548
11,0.5,15,16,-27.93705956
11,0.5,15,18,-28.96570013
11,0.5,15,20,-29.72188924
11,0.5,15,22,-30.36165729
11,0.5,15,24,-30.96223916
11,0.5,15,26,-31.493583
11,0.5,15,28,-32.02048074
11,0.6,15,14,-24.08580786
11,0.6,15,16,-25.8369194
11,0.6,15,18,-27.11410683
11,0.6,15,20,-27.9823924
11,0.6,15,22,-28.7226522
11,0.6,15,24,-29.33979125
11,0.6,15,26,-29.88334505
11,0.6,15,28,-30.45639871
11,0.7,15,14,-21.57875906
11,0.7,15,16,-23.71202484
11,0.7,15,18,-25.15761951
11,0.7,15,20,-26.28929585
11,0.7,15,22,-27.1441178
11,0.7,15,24,-27.83372838
11,0.7,15,26,-28.39571741
11,0.7,15,28,-28.97214324
11,0.8,15,14,-19.16684894
11,0.8,15,16,-21.44234828
11,0.8,15,18,-23.2400372
11,0.8,15,20,-24.60651331
11,0.8,15,22,-25.61253763
11,0.8,15,24,-26.33339509
11,0.8,15,26,-26.98988367
11,0.8,15,28,-27.59547355
11,0.9,15,14,-16.73578963
11,0.9,15,16,-19.34598112
11,0.9,15,18,-21.30917394
11,0.9,15,20,-22.89449226
11,0.9,15,22,-24.05477179
11,0.9,15,24,-24.92132739
11,0.9,15,26,-25.65409691
11,0.9,15,28,-26.28535923
11,1,15,14,-14.55503243
11,1,15,16,-17.30156151
11,1,15,18,-19.45919037
11,1,15,20,-21.13160731
11,1,15,22,-22.54407655
11,1,15,24,-23.56969013
11,1,15,26,-24.29400056
11,1,15,28,-25.0148451
11,0.3,16,14,-31.92602412
11,0.3,16,16,-32.80399647
11,0.3,16,18,-33.50590616
11,0.3,16,20,-34.11605061
11,0.3,16,22,-34.65375145
11,0.3,16,24,-35.15111914
11,0.3,16,26,-35.61287315
11,0.3,16,28,-35.99801172
11,0.4,16,14,-29.71800193
11,0.4,16,16,-30.72816214
11,0.4,16,18,-31.54850852
11,0.4,16,20,-32.25491998
11,0.4,16,22,-32.83925437
11,0.4,16,24,-33.36891567
11,0.4,16,26,-33.8767116
11,0.4,16,28,-34.30810948
11,0.5,16,14,-27.5362399
11,0.5,16,16,-28.74031565
11,0.5,16,18,-29.6930505
11,0.5,16,20,-30.46837239
11,0.5,16,22,-31.09789195
11,0.5,16,24,-31.68198923
11,0.5,16,26,-32.18294559
11,0.5,16,28,-32.71164048
11,0.6,16,14,-25.23345444
11,0.6,16,16,-26.7801051
11,0.6,16,18,-27.90795037
11,0.6,16,20,-28.75843451
11,0.6,16,22,-29.48385419
11,0.6,16,24,-30.07503968
11,0.6,16,26,-30.62722112
11,0.6,16,28,-31.14617392
11,0.7,16,14,-22.81562081
11,0.7,16,16,-24.7504631
11,0.7,16,18,-26.13943885
11,0.7,16,20,-27.10624387
11,0.7,16,22,-27.92159044
11,0.7,16,24,-28.56847703
11,0.7,16,26,-29.21313926
11,0.7,16,28,-29.72416216
11,0.8,16,14,-20.48257573
11,0.8,16,16,-22.6815112
11,0.8,16,18,-24.37594893
11,0.8,16,20,-25.52410683
11,0.8,16,22,-26.39948687
11,0.8,16,24,-27.14253559
11,0.8,16,26,-27.82526985
11,0.8,16,28,-28.37727296
11,0.9,16,14,-18.20899262
11,0.9,16,16,-20.61820913
11,0.9,16,18,-22.52662513
11,0.9,16,20,-23.94739945
11,0.9,16,22,-24.99326942
11,0.9,16,24,-25.77615931
11,0.9,16,26,-26.4939737
11,0.9,16,28,-27.08470644
11,1,16,14,-15.96797034
11,1,16,16,-18.66514366
11,1,16,18,-20.72824342
11,1,16,20,-22.35122693
11,1,16,22,-23.60836915
11,1,16,24,-24.49876511
11,1,16,26,-25.27181605
11,1,16,28,-25.86729986
11,0.3,17,14,-32.49719694
11,0.3,17,16,-33.40469806
11,0.3,17,18,-34.04778135
11,0.3,17,20,-34.69611795
11,0.3,17,22,-35.25062239
11,0.3,17,24,-35.74597952
11,0.3,17,26,-36.19814909
11,0.3,17,28,-36.60004529
11,0.4,17,14,-30.37989369
11,0.4,17,16,-31.37166913
11,0.4,17,18,-32.19173861
11,0.4,17,20,-32.85445389
11,0.4,17,22,-33.48405332
11,0.4,17,24,-34.04192469
11,0.4,17,26,-34.54770311
11,0.4,17,28,-34.96739526
11,0.5,17,14,-28.31194618
11,0.5,17,16,-29.43455804
11,0.5,17,18,-30.36678878
11,0.5,17,20,-31.1229161
11,0.5,17,22,-31.7937615
11,0.5,17,24,-32.33494995
11,0.5,17,26,-32.9227359
11,0.5,17,28,-33.4175424
11,0.6,17,14,-26.19680601
11,0.6,17,16,-27.56257294
11,0.6,17,18,-28.6383362
11,0.6,17,20,-29.48564266
11,0.6,17,22,-30.15250101
11,0.6,17,24,-30.78233188
11,0.6,17,26,-31.36286264
11,0.6,17,28,-31.88319835
11,0.7,17,14,-23.94647767
11,0.7,17,16,-25.74059793
11,0.7,17,18,-26.9566604
11,0.7,17,20,-27.89326029
11,0.7,17,22,-28.71382221
11,0.7,17,24,-29.35279386
11,0.7,17,26,-29.92356312
11,0.7,17,28,-30.46416656
11,0.8,17,14,-21.68258171
11,0.8,17,16,-23.82327553
11,0.8,17,18,-25.31191435
11,0.8,17,20,-26.40440655
11,0.8,17,22,-27.20207551
11,0.8,17,24,-27.88551344
11,0.8,17,26,-28.56982531
11,0.8,17,28,-29.13847053
11,0.9,17,14,-19.51837414
11,0.9,17,16,-21.82214548
11,0.9,17,18,-23.58311434
11,0.9,17,20,-24.90557258
11,0.9,17,22,-25.78249633
11,0.9,17,24,-26.55949219
11,0.9,17,26,-27.2204538
11,0.9,17,28,-27.84241427
11,1,17,14,-17.38685352
11,1,17,16,-19.90048063
11,1,17,18,-21.90058487
11,1,17,20,-23.35294134
11,1,17,22,-24.39874858
11,1,17,24,-25.29849761
11,1,17,26,-25.96870543
11,1,17,28,-26.66112602
11,0.3,18,14,-33.10329946
11,0.3,18,16,-33.94710811
11,0.3,18,18,-34.60605948
11,0.3,18,20,-35.22849671
11,0.3,18,22,-35.77704985
11,0.3,18,24,-36.2728159
11,0.3,18,26,-36.75608371
11,0.3,18,28,-37.15860816
11,0.4,18,14,-31.00495276
11,0.4,18,16,-31.97312545
11,0.4,18,18,-32.82144492
11,0.4,18,20,-33.46853454
11,0.4,18,22,-34.09978115
11,0.4,18,24,-34.63254744
11,0.4,18,26,-35.12148292
11,0.4,18,28,-35.5748375
11,0.5,18,14,-28.98171463
11,0.5,18,16,-30.08158453
11,0.5,18,18,-30.9869435
11,0.5,18,20,-31.72611611
11,0.5,18,22,-32.42191692
11,0.5,18,24,-32.99443538
11,0.5,18,26,-33.5387697
11,0.5,18,28,-34.07349076
11,0.6,18,14,-27.00597464
11,0.6,18,16,-28.26938072
11,0.6,18,18,-29.32575436
11,0.6,18,20,-30.13871239
11,0.6,18,22,-30.81285986
11,0.6,18,24,-31.44074442
11,0.6,18,26,-32.07483099
11,0.6,18,28,-32.57258849
11,0.7,18,14,-24.96675478
11,0.7,18,16,-26.55257815
11,0.7,18,18,-27.6713103
11,0.7,18,20,-28.57390672
11,0.7,18,22,-29.28471732
11,0.7,18,24,-30.02001124
11,0.7,18,26,-30.63185288
11,0.7,18,28,-31.19950032
11,0.8,18,14,-22.81561049
11,0.8,18,16,-24.77539742
11,0.8,18,18,-26.08440755
11,0.8,18,20,-27.10027555
11,0.8,18,22,-27.96064791
11,0.8,18,24,-28.61986452
11,0.8,18,26,-29.23762548
11,0.8,18,28,-29.83745752
11,0.9,18,14,-20.69152636
11,0.9,18,16,-22.9116779
11,0.9,18,18,-24.52177217
11,0.9,18,20,-25.63260191
11,0.9,18,22,-26.54559925
11,0.9,18,24,-27.30433106
11,0.9,18,26,-27.94128999
11,0.9,18,28,-28.58815849
11,1,18,14,-18.66660124
11,1,18,16,-21.06740812
11,1,18,18,-22.92958811
11,1,18,20,-24.22885361
11,1,18,22,-25.24320788
11,1,18,24,-25.99660825
11,1,18,26,-26.77800146
11,1,18,28,-27.36139053
11,0.3,19,14,-33.59430364
11,0.3,19,16,-34.41295076
11,0.3,19,18,-35.17882741
11,0.3,19,20,-35.74674275
11,0.3,19,22,-36.34438419
11,0.3,19,24,-36.82282268
11,0.3,19,26,-37.19561227
11,0.3,19,28,-37.69077646
11,0.4,19,14,-31.56515455
11,0.4,19,16,-32.53724522
11,0.4,19,18,-33.30903029
11,0.4,19,20,-34.04188199
11,0.4,19,22,-34.66207272
11,0.4,19,24,-35.19426146
11,0.4,19,26,-35.69294678
11,0.4,19,28,-36.16268691
11,0.5,19,14,-29.60546862
11,0.5,19,16,-30.67233435
11,0.5,19,18,-31.64376749
11,0.5,19,20,-32.33053455
11,0.5,19,22,-33.01864101
11,0.5,19,24,-33.64061178
11,0.5,19,26,-34.18104115
11,0.5,19,28,-34.65180472
11,0.6,19,14,-27.73343373
11,0.6,19,16,-28.90647418
11,0.6,19,18,-30.07754242
11,0.6,19,20,-30.75994675
11,0.6,19,22,-31.5038
11,0.6,19,24,-32.10918535
11,0.6,19,26,-32.68247888
11,0.6,19,28,-33.23699024
11,0.7,19,14,-25.86046469
11,0.7,19,16,-27.24452472
11,0.7,19,18,-28.33679662
11,0.7,19,20,-29.23275285
11,0.7,19,22,-30.02357576
11,0.7,19,24,-30.63845555
11,0.7,19,26,-31.25293178
11,0.7,19,28,-31.897731
11,0.8,19,14,-23.82468126
11,0.8,19,16,-25.60584535
11,0.8,19,18,-26.81223273
11,0.8,19,20,-27.8010412
11,0.8,19,22,-28.57804466
11,0.8,19,24,-29.25575807
11,0.8,19,26,-29.89810142
11,0.8,19,28,-30.50689758
11,0.9,19,14,-21.78886126
11,0.9,19,16,-23.86938929
11,0.9,19,18,-25.34184505
11,0.9,19,20,-26.41144259
11,0.9,19,22,-27.23624879
11,0.9,19,24,-27.97749123
11,0.9,19,26,-28.619422
11,0.9,19,28,-29.2639147
11,1,19,14,-19.81578561
11,1,19,16,-22.1291938
11,1,19,18,-23.8648184
11,1,19,20,-25.0735589
11,1,19,22,-25.96840436
11,1,19,24,-26.78164508
11,1,19,26,-27.48604846
11,1,19,28,-28.06835829
11,0.3,20,14,-34.08529735
11,0.3,20,16,-34.95946524
11,0.3,20,18,-35.65195151
11,0.3,20,20,-36.28379446
11,0.3,20,22,-36.80902361
11,0.3,20,24,-37.33070466
11,0.3,20,26,-37.77562947
11,0.3,20,28,-38.20166681
11,0.4,20,14,-32.11594649
11,0.4,20,16,-33.08400874
11,0.4,20,18,-33.89020375
11,0.4,20,20,-34.59534389
11,0.4,20,22,-35.22092283
11,0.4,20,24,-35.75502461
11,0.4,20,26,-36.23264461
11,0.4,20,28,-36.68160066
11,0.5,20,14,-30.16603367
11,0.5,20,16,-31.29348355
11,0.5,20,18,-32.14412419
11,0.5,20,20,-32.91503478
11,0.5,20,22,-33.62234606
11,0.5,20,24,-34.21412376
11,0.5,20,26,-34.75685747
11,0.5,20,28,-35.22485868
11,0.6,20,14,-28.34246049
11,0.6,20,16,-29.52795908
11,0.6,20,18,-30.47753089
11,0.6,20,20,-31.39738954
11,0.6,20,22,-32.08485332
11,0.6,20,24,-32.72522244
11,0.6,20,26,-33.30205752
11,0.6,20,28,-33.82509081
11,0.7,20,14,-26.56527777
11,0.7,20,16,-27.88906629
11,0.7,20,18,-28.96713229
11,0.7,20,20,-29.87008057
11,0.7,20,22,-30.73567561
11,0.7,20,24,-31.30107626
11,0.7,20,26,-31.90522048
11,0.7,20,28,-32.48846177
11,0.8,20,14,-24.77408325
11,0.8,20,16,-26.32260326
11,0.8,20,18,-27.477533
11,0.8,20,20,-28.41476384
11,0.8,20,22,-29.37822628
11,0.8,20,24,-29.92783962
11,0.8,20,26,-30.55859641
11,0.8,20,28,-31.18482576
11,0.9,20,14,-22.81218838
11,0.9,20,16,-24.72762854
11,0.9,20,18,-26.01937774
11,0.9,20,20,-27.05747121
11,0.9,20,22,-27.90102885
11,0.9,20,24,-28.64206967
11,0.9,20,26,-29.28608308
11,0.9,20,28,-29.93046649
11,1,20,14,-20.89311095
11,1,20,16,-23.09714561
11,1,20,18,-24.62726695
11,1,20,20,-25.75561412
11,1,20,22,-26.70621782
11,1,20,24,-27.45045154
11,1,20,26,-28.16653439
11,1,20,28,-28.72447187
11,0.3,21,14,-34.5730012
11,0.3,21,16,-35.40875359
11,0.3,21,18,-36.08202959
11,0.3,21,20,-36.74026417
11,0.3,21,22,-37.37659767
11,0.3,21,24,-37.80083915
11,0.3,21,26,-38.26854458
11,0.3,21,28,-38.66660346
11,0.4,21,14,-32.62371433
11,0.4,21,16,-33.61338959
11,0.4,21,18,-34.41301553
11,0.4,21,20,-35.12570817
11,0.4,21,22,-35.71031297
11,0.4,21,24,-36.26868191
11,0.4,21,26,-36.75826052
11,0.4,21,28,-37.19832863
11,0.5,21,14,-30.78690177
11,0.5,21,16,-31.82048226
11,0.5,21,18,-32.69734611
11,0.5,21,20,-33.47223649
11,0.5,21,22,-34.19251078
11,0.5,21,24,-34.77801863
11,0.5,21,26,-35.31432585
11,0.5,21,28,-35.79644913
11,0.6,21,14,-28.98307953
11,0.6,21,16,-30.11779872
11,0.6,21,18,-31.09159339
11,0.6,21,20,-32.00862578
11,0.6,21,22,-32.66000128
11,0.6,21,24,-33.32726546
11,0.6,21,26,-33.88493419
11,0.6,21,28,-34.43212719
11,0.7,21,14,-27.28013566
11,0.7,21,16,-28.50728533
11,0.7,21,18,-29.53952701
11,0.7,21,20,-30.46375259
11,0.7,21,22,-31.24866459
11,0.7,21,24,-31.99594601
11,0.7,21,26,-32.51214251
11,0.7,21,28,-33.09856781
11,0.8,21,14,-25.55579121
11,0.8,21,16,-26.96246914
11,0.8,21,18,-28.07771441
11,0.8,21,20,-29.04862674
11,0.8,21,22,-29.89806665
11,0.8,21,24,-30.57777993
11,0.8,21,26,-31.19606085
11,0.8,21,28,-31.8084189
11,0.9,21,14,-23.71588744
11,0.9,21,16,-25.47274627
11,0.9,21,18,-26.70387059
11,0.9,21,20,-27.68999201
11,0.9,21,22,-28.59296502
11,0.9,21,24,-29.33361961
11,0.9,21,26,-29.9300757
11,0.9,21,28,-30.58924494
11,1,21,14,-21.88489743
11,1,21,16,-23.97054748
11,1,21,18,-25.27068647
11,1,21,20,-26.40223552
11,1,21,22,-27.32925627
11,1,21,24,-28.09264327
11,1,21,26,-28.77632206
11,1,21,28,-29.41302159
15,0.3,14,14,-42.01568258
15,0.3,14,16,-43.28628054
15,0.3,14,18,-44.25442335
15,0.3,14,20,-45.0969354
15,0.3,14,22,-45.84610166
15,0.3,14,24,-46.48475076
15,0.3,14,26,-47.03230604
15,0.3,14,28,-47.52008191
15,0.4,14,14,-38.84726283
15,0.4,14,16,-40.5602515
15,0.4,14,18,-41.75562615
15,0.4,14,20,-42.69420389
15,0.4,14,22,-43.60295776
15,0.4,14,24,-44.28709577
15,0.4,14,26,-44.96017312
15,0.4,14,28,-45.52749608
15,0.5,14,14,-35.3323883
15,0.5,14,16,-37.58391255
15,0.5,14,18,-39.20795171
15,0.5,14,20,-40.43174629
15,0.5,14,22,-41.39939235
15,0.5,14,24,-42.24301073
15,0.5,14,26,-42.97554699
15,0.5,14,28,-43.5459385
15,0.6,14,14,-31.70689823
15,0.6,14,16,-34.48537223
15,0.6,14,18,-36.51632312
15,0.6,14,20,-38.06173559
15,0.6,14,22,-39.21400881
15,0.6,14,24,-40.18851043
15,0.6,14,26,-40.9863144
15,0.6,14,28,-41.6296187
15,0.7,14,14,-28.07437272
15,0.7,14,16,-31.21661372
15,0.7,14,18,-33.69286563
15,0.7,14,20,-35.57497599
15,0.7,14,22,-37.01370758
15,0.7,14,24,-38.17389621
15,0.7,14,26,-39.06244636
15,0.7,14,28,-39.77664729
15,0.8,14,14,-24.29847923
15,0.8,14,16,-28.04505143
15,0.8,14,18,-30.78990796
15,0.8,14,20,-32.94465267
15,0.8,14,22,-34.73107612
15,0.8,14,24,-36.13467431
15,0.8,14,26,-37.15515506
15,0.8,14,28,-37.98878353
15,0.9,14,14,-20.79605204
15,0.9,14,16,-24.7438018
15,0.9,14,18,-27.97827114
15,0.9,14,20,-30.36890926
15,0.9,14,22,-32.35772084
15,0.9,14,24,-33.97476717
15,0.9,14,26,-35.26463455
15,0.9,14,28,-36.23628239
15,1,14,14,-17.51601294
15,1,14,16,-21.67852746
15,1,14,18,-25.08038954
15,1,14,20,-27.83239011
15,1,14,22,-29.99245054
15,1,14,24,-31.82905043
15,1,14,26,-33.31662754
15,1,14,28,-34.46362127
15,0.3,15,14,-43.00411446
15,0.3,15,16,-44.18138116
15,0.3,15,18,-45.13073789
15,0.3,15,20,-45.89157437
15,0.3,15,22,-46.64128875
15,0.3,15,24,-47.26869831
15,0.3,15,26,-47.82925257
15,0.3,15,28,-48.35223868
15,0.4,15,14,-40.12825743
15,0.4,15,16,-41.59869108
15,0.4,15,18,-42.73109128
15,0.4,15,20,-43.64620867
15,0.4,15,22,-44.50506575
15,0.4,15,24,-45.22253048
15,0.4,15,26,-45.81422854
15,0.4,15,28,-46.39205206
15,0.5,15,14,-36.94910353
15,0.5,15,16,-38.91368984
15,0.5,15,18,-40.32767596
15,0.5,15,20,-41.41585665
15,0.5,15,22,-42.38856656
15,0.5,15,24,-43.21552206
15,0.5,15,26,-43.8811889
15,0.5,15,28,-44.51202575
15,0.6,15,14,-33.4197891
15,0.6,15,16,-36.02788681
15,0.6,15,18,-37.89843428
15,0.6,15,20,-39.25336219
15,0.6,15,22,-40.31937137
15,0.6,15,24,-41.16053438
15,0.6,15,26,-41.95837759
15,0.6,15,28,-42.61730925
15,0.7,15,14,-30.01326344
15,0.7,15,16,-33.00179789
15,0.7,15,18,-35.31400815
15,0.7,15,20,-37.00171273
15,0.7,15,22,-38.27861161
15,0.7,15,24,-39.32067585
15,0.7,15,26,-40.16508431
15,0.7,15,28,-40.87006371
15,0.8,15,14,-26.49044082
15,0.8,15,16,-29.94755596
15,0.8,15,18,-32.53830979
15,0.8,15,20,-34.66813441
15,0.8,15,22,-36.20068274
15,0.8,15,24,-37.38735014
15,0.8,15,26,-38.33313679
15,0.8,15,28,-39.13220596
15,0.9,15,14,-23.02914506
15,0.9,15,16,-26.928128
15,0.9,15,18,-29.82818278
15,0.9,15,20,-32.14461705
15,0.9,15,22,-34.03521739
15,0.9,15,24,-35.47765465
15,0.9,15,26,-36.56889638
15,0.9,15,28,-37.48077839
15,1,15,14,-19.82098277
15,1,15,16,-23.87006069
15,1,15,18,-27.182721
15,1,15,20,-29.71469582
15,1,15,22,-31.80613864
15,1,15,24,-33.50928226
15,1,15,26,-34.81569006
15,1,15,28,-35.79909988
15,0.3,16,14,-43.81964779
15,0.3,16,16,-44.98404156
15,0.3,16,18,-45.90703746
15,0.3,16,20,-46.71836241
15,0.3,16,22,-47.41650936
15,0.3,16,24,-48.07536129
15,0.3,16,26,-48.60076701
15,0.3,16,28,-49.12545941
15,0.4,16,14,-41.12543029
15,0.4,16,16,-42.47478609
15,0.4,16,18,-43.62213888
15,0.4,16,20,-44.51307693
15,0.4,16,22,-45.36864781
15,0.4,16,24,-46.09168413
15,0.4,16,26,-46.64948638
15,0.4,16,28,-47.23076733
15,0.5,16,14,-38.24977375
15,0.5,16,16,-40.04495684
15,0.5,16,18,-41.35385702
15,0.5,16,20,-42.39260871
15,0.5,16,22,-43.29234051
15,0.5,16,24,-44.15565128
15,0.5,16,26,-44.7572823
15,0.5,16,28,-45.41873387
15,0.6,16,14,-34.99994299
15,0.6,16,16,-37.39612787
15,0.6,16,18,-39.08963012
15,0.6,16,20,-40.25859268
15,0.6,16,22,-41.2913937
15,0.6,16,24,-42.11619278
15,0.6,16,26,-42.95929565
15,0.6,16,28,-43.58234721
15,0.7,16,14,-31.73380373
15,0.7,16,16,-34.58976709
15,0.7,16,18,-36.75298934
15,0.7,16,20,-38.18515789
15,0.7,16,22,-39.35465692
15,0.7,16,24,-40.34794589
15,0.7,16,26,-41.22629614
15,0.7,16,28,-41.86059668
15,0.8,16,14,-28.47265569
15,0.8,16,16,-31.6665989
15,0.8,16,18,-34.23740658
15,0.8,16,20,-36.08620821
15,0.8,16,22,-37.41757392
15,0.8,16,24,-38.49389534
15,0.8,16,26,-39.48334252
15,0.8,16,28,-40.16803611
15,0.9,16,14,-25.11668156
15,0.9,16,16,-28.8068267
15,0.9,16,18,-31.56907655
15,0.9,16,20,-33.78786187
15,0.9,16,22,-35.45874971
15,0.9,16,24,-36.70678281
15,0.9,16,26,-37.74736708
15,0.9,16,28,-38.53974556
15,1,16,14,-21.92354695
15,1,16,16,-25.93528208
15,1,16,18,-29.01955901
15,1,16,20,-31.48606153
15,1,16,22,-33.41820408
15,1,16,24,-34.92305915
15,1,16,26,-36.05346296
15,1,16,28,-36.97485064
15,0.3,17,14,-44.6011068
15,0.3,17,16,-45.7394696
15,0.3,17,18,-46.66004915
15,0.3,17,20,-47.42152574
15,0.3,17,22,-48.15523036
15,0.3,17,24,-48.73444898
15,0.3,17,26,-49.3631968
15,0.3,17,28,-49.86763647
15,0.4,17,14,-42.02601278
15,0.4,17,16,-43.32001518
15,0.4,17,18,-44.45666334
15,0.4,17,20,-45.30678703
15,0.4,17,22,-46.11935476
15,0.4,17,24,-46.8857652
15,0.4,17,26,-47.44555031
15,0.4,17,28,-48.03198893
15,0.5,17,14,-39.3268301
15,0.5,17,16,-40.95788624
15,0.5,17,18,-42.26929958
15,0.5,17,20,-43.28466622
15,0.5,17,22,-44.16752472
15,0.5,17,24,-45.00878511
15,0.5,17,26,-45.65435991
15,0.5,17,28,-46.2830571
15,0.6,17,14,-36.43128433
15,0.6,17,16,-38.54742229
15,0.6,17,18,-40.0900372
15,0.6,17,20,-41.23005606
15,0.6,17,22,-42.22637481
15,0.6,17,24,-43.09153172
15,0.6,17,26,-43.83598321
15,0.6,17,28,-44.49479766
15,0.7,17,14,-33.37725543
15,0.7,17,16,-36.02292353
15,0.7,17,18,-37.83143108
15,0.7,17,20,-39.24785754
15,0.7,17,22,-40.3100069
15,0.7,17,24,-41.28123692
15,0.7,17,26,-42.10804519
15,0.7,17,28,-42.906987
15,0.8,17,14,-30.17976552
15,0.8,17,16,-33.27857033
15,0.8,17,18,-35.75522093
15,0.8,17,20,-37.31922092
15,0.8,17,22,-38.48328642
15,0.8,17,24,-39.57519578
15,0.8,17,26,-40.36935025
15,0.8,17,28,-41.22241975
15,0.9,17,14,-27.05083669
15,0.9,17,16,-30.49464843
15,0.9,17,18,-33.14234798
15,0.9,17,20,-35.20554351
15,0.9,17,22,-36.64697052
15,0.9,17,24,-37.83626654
15,0.9,17,26,-38.69245522
15,0.9,17,28,-39.62942555
15,1,17,14,-23.89617981
15,1,17,16,-27.83635473
15,1,17,18,-30.67515814
15,1,17,20,-33.03506644
15,1,17,22,-34.77309951
15,1,17,24,-36.10683528
15,1,17,26,-37.0934672
15,1,17,28,-38.01230552
15,0.3,18,14,-45.33116256
15,0.3,18,16,-46.4038484
15,0.3,18,18,-47.33319142
15,0.3,18,20,-48.0997332
15,0.3,18,22,-48.84520176
15,0.3,18,24,-49.45158653
15,0.3,18,26,-50.06391187
15,0.3,18,28,-50.54779054
15,0.4,18,14,-42.8508266
15,0.4,18,16,-44.11479058
15,0.4,18,18,-45.18298327
15,0.4,18,20,-46.06985449
15,0.4,18,22,-46.85934581
15,0.4,18,24,-47.61575346
15,0.4,18,26,-48.20958449
15,0.4,18,28,-48.77100196
15,0.5,18,14,-40.35933213
15,0.5,18,16,-41.83648709
15,0.5,18,18,-43.06986283
15,0.5,18,20,-44.06512431
15,0.5,18,22,-44.91936787
15,0.5,18,24,-45.76627925
15,0.5,18,26,-46.40343378
15,0.5,18,28,-47.07298331
15,0.6,18,14,-37.75736251
15,0.6,18,16,-39.56489032
15,0.6,18,18,-41.00035873
15,0.6,18,20,-42.11530303
15,0.6,18,22,-43.04378831
15,0.6,18,24,-43.95500771
15,0.6,18,26,-44.63132323
15,0.6,18,28,-45.34869228
15,0.7,18,14,-34.76534847
15,0.7,18,16,-37.26039609
15,0.7,18,18,-38.89961674
15,0.7,18,20,-40.18293134
15,0.7,18,22,-41.21184034
15,0.7,18,24,-42.15515935
15,0.7,18,26,-42.99807248
15,0.7,18,28,-43.76968231
15,0.8,18,14,-31.74689455
15,0.8,18,16,-34.75386227
15,0.8,18,18,-36.78856297
15,0.8,18,20,-38.35002711
15,0.8,18,22,-39.44402089
15,0.8,18,24,-40.37177777
15,0.8,18,26,-41.29007586
15,0.8,18,28,-42.05064308
15,0.9,18,14,-28.8166124
15,0.9,18,16,-32.0888811
15,0.9,18,18,-34.59183806
15,0.9,18,20,-36.38601894
15,0.9,18,22,-37.69370412
15,0.9,18,24,-38.77265706
15,0.9,18,26,-39.67324279
15,0.9,18,28,-40.48439458
15,1,18,14,-25.78233333
15,1,18,16,-29.49084265
15,1,18,18,-32.28140427
15,1,18,20,-34.4227424
15,1,18,22,-35.93729982
15,1,18,24,-37.17105768
15,1,18,26,-38.11945308
15,1,18,28,-38.99940846
15,0.3,19,14,-45.9378785
15,0.3,19,16,-47.08138423
15,0.3,19,18,-47.97130675
15,0.3,19,20,-48.75953208
15,0.3,19,22,-49.49231638
15,0.3,19,24,-50.1337739
15,0.3,19,26,-50.68739294
15,0.3,19,28,-51.21907593
15,0.4,19,14,-43.5957157
15,0.4,19,16,-44.84980318
15,0.4,19,18,-45.89780334
15,0.4,19,20,-46.80817512
15,0.4,19,22,-47.57866585
15,0.4,19,24,-48.31985304
15,0.4,19,26,-48.88113482
15,0.4,19,28,-49.46863752
15,0.5,19,14,-41.21321304
15,0.5,19,16,-42.64787997
15,0.5,19,18,-43.82257876
15,0.5,19,20,-44.85645342
15,0.5,19,22,-45.69413916
15,0.5,19,24,-46.52104333
15,0.5,19,26,-47.15797164
15,0.5,19,28,-47.82464847
15,0.6,19,14,-38.74469614
15,0.6,19,16,-40.46169269
15,0.6,19,18,-41.79016282
15,0.6,19,20,-42.95854063
15,0.6,19,22,-43.83504223
15,0.6,19,24,-44.73790356
15,0.6,19,26,-45.43113062
15,0.6,19,28,-46.21394146
15,0.7,19,14,-36.15008659
15,0.7,19,16,-38.31796903
15,0.7,19,18,-39.80452415
15,0.7,19,20,-41.06943576
15,0.7,19,22,-42.12015048
15,0.7,19,24,-42.99877435
15,0.7,19,26,-43.78463796
15,0.7,19,28,-44.52088162
15,0.8,19,14,-33.23559013
15,0.8,19,16,-36.0207326
15,0.8,19,18,-37.81600779
15,0.8,19,20,-39.28903327
15,0.8,19,22,-40.3453202
15,0.8,19,24,-41.33204167
15,0.8,19,26,-42.16752107
15,0.8,19,28,-42.90353644
15,0.9,19,14,-30.36148454
15,0.9,19,16,-33.54589306
15,0.9,19,18,-35.78459626
15,0.9,19,20,-37.4087923
15,0.9,19,22,-38.66666637
15,0.9,19,24,-39.68560372
15,0.9,19,26,-40.59478932
15,0.9,19,28,-41.37420691
15,1,19,14,-27.53295408
15,1,19,16,-31.03548092
15,1,19,18,-33.62733745
15,1,19,20,-35.57119037
15,1,19,22,-36.97995316
15,1,19,24,-38.07924186
15,1,19,26,-39.063066
15,1,19,28,-39.95011955
15,0.3,20,14,-46.580519
15,0.3,20,16,-47.68634689
15,0.3,20,18,-48.55456864
15,0.3,20,20,-49.40506925
15,0.3,20,22,-50.09784753
15,0.3,20,24,-50.75661613
15,0.3,20,26,-51.33668625
15,0.3,20,28,-51.82489866
15,0.4,20,14,-44.3048837
15,0.4,20,16,-45.51391918
15,0.4,20,18,-46.56643814
15,0.4,20,20,-47.51087577
15,0.4,20,22,-48.22613805
15,0.4,20,24,-48.99393979
15,0.4,20,26,-49.6208395
15,0.4,20,28,-50.14877407
15,0.5,20,14,-42.00701937
15,0.5,20,16,-43.38019593
15,0.5,20,18,-44.55272452
15,0.5,20,20,-45.58756984
15,0.5,20,22,-46.41791679
15,0.5,20,24,-47.23820699
15,0.5,20,26,-47.89649008
15,0.5,20,28,-48.50298327
15,0.6,20,14,-39.71547627
15,0.6,20,16,-41.26977072
15,0.6,20,18,-42.561684
15,0.6,20,20,-43.69607296
15,0.6,20,22,-44.60287071
15,0.6,20,24,-45.50949622
15,0.6,20,26,-46.20615069
15,0.6,20,28,-46.95410931
15,0.7,20,14,-37.25695698
15,0.7,20,16,-39.27383939
15,0.7,20,18,-40.66220686
15,0.7,20,20,-41.85523414
15,0.7,20,22,-42.90136501
15,0.7,20,24,-43.81335539
15,0.7,20,26,-44.58141123
15,0.7,20,28,-45.35126406
15,0.8,20,14,-34.60265728
15,0.8,20,16,-37.09506065
15,0.8,20,18,-38.72618357
15,0.8,20,20,-40.03677312
15,0.8,20,22,-41.18624964
15,0.8,20,24,-42.15634779
15,0.8,20,26,-43.02589008
15,0.8,20,28,-43.77199105
15,0.9,20,14,-31.80512712
15,0.9,20,16,-34.84645107
15,0.9,20,18,-36.81794939
15,0.9,20,20,-38.28526985
15,0.9,20,22,-39.52797061
15,0.9,20,24,-40.52327956
15,0.9,20,26,-41.46120978
15,0.9,20,28,-42.24516046
15,1,20,14,-29.07723073
15,1,20,16,-32.48084485
15,1,20,18,-34.91752083
15,1,20,20,-36.57086052
15,1,20,22,-37.90184143
15,1,20,24,-38.96742765
15,1,20,26,-39.96972694
15,1,20,28,-40.80259539
15,0.3,21,14,-47.15460405
15,0.3,21,16,-48.25588111
15,0.3,21,18,-49.17343009
15,0.3,21,20,-49.99231448
15,0.3,21,22,-50.72588521
15,0.3,21,24,-51.35877783
15,0.3,21,26,-51.96607054
15,0.3,21,28,-52.48748605
15,0.4,21,14,-44.92476832
15,0.4,21,16,-46.18185461
15,0.4,21,18,-47.20411152
15,0.4,21,20,-48.15345069
15,0.4,21,22,-48.8531791
15,0.4,21,24,-49.58327639
15,0.4,21,26,-50.27509349
15,0.4,21,28,-50.82450064
15,0.5,21,14,-42.68419205
15,0.5,21,16,-44.0535203
15,0.5,21,18,-45.27891853
15,0.5,21,20,-46.23585656
15,0.5,21,22,-47.13257325
15,0.5,21,24,-47.89634821
15,0.5,21,26,-48.59524047
15,0.5,21,28,-49.19160944
15,0.6,21,14,-40.49106142
15,0.6,21,16,-42.03378352
15,0.6,21,18,-43.3086853
15,0.6,21,20,-44.36473603
15,0.6,21,22,-45.31774333
15,0.6,21,24,-46.18397112
15,0.6,21,26,-46.9915956
15,0.6,21,28,-47.58208544
15,0.7,21,14,-38.26034751
15,0.7,21,16,-40.02749497
15,0.7,21,18,-41.45322133
15,0.7,21,20,-42.6118109
15,0.7,21,22,-43.62812346
15,0.7,21,24,-44.53672798
15,0.7,21,26,-45.3934461
15,0.7,21,28,-46.13330464
15,0.8,21,14,-35.81718041
15,0.8,21,16,-38.0444678
15,0.8,21,18,-39.56367715
15,0.8,21,20,-40.8520204
15,0.8,21,22,-41.98903087
15,0.8,21,24,-42.91165758
15,0.8,21,26,-43.80788214
15,0.8,21,28,-44.58003044
15,0.9,21,14,-33.18852519
15,0.9,21,16,-35.95017253
15,0.9,21,18,-37.7575966
15,0.9,21,20,-39.13867691
15,0.9,21,22,-40.3247682
15,0.9,21,24,-41.32629363
15,0.9,21,26,-42.26404996
15,0.9,21,28,-43.06319254
15,1,21,14,-30.50210641
15,1,21,16,-33.7686685
15,1,21,18,-36.00550584
15,1,21,20,-37.50422632
15,1,21,22,-38.7346528
15,1,21,24,-39.79340648
15,1,21,26,-40.75595348
15,1,21,28,-41.64310902
19,0.3,14,14,-53.12168815
19,0.3,14,16,-54.81803642
19,0.3,14,18,-56.1205481
19,0.3,14,20,-57.16817968
19,0.3,14,22,-58.02249551
19,0.3,14,24,-58.81751855
19,0.3,14,26,-59.53780875
19,0.3,14,28,-60.16476251
19,0.4,14,14,-49.17992424
19,0.4,14,16,-51.48233039
19,0.4,14,18,-53.15815721
19,0.4,14,20,-54.43936943
19,0.4,14,22,-55.50589303
19,0.4,14,24,-56.35992216
19,0.4,14,26,-57.19066064
19,0.4,14,28,-57.87740298
19,0.5,14,14,-44.85206949
19,0.5,14,16,-47.82947127
19,0.5,14,18,-50.0777746
19,0.5,14,20,-51.66082383
19,0.5,14,22,-52.93012055
19,0.5,14,24,-54.01384454
19,0.5,14,26,-54.92148659
19,0.5,14,28,-55.72170242
19,0.6,14,14,-40.41412938
19,0.6,14,16,-43.88108015
19,0.6,14,18,-46.65752595
19,0.6,14,20,-48.73508887
19,0.6,14,22,-50.33434711
19,0.6,14,24,-51.59655311
19,0.6,14,26,-52.59105665
19,0.6,14,28,-53.50273661
19,0.7,14,14,-35.71725053
19,0.7,14,16,-39.91605027
19,0.7,14,18,-43.03577921
19,0.7,14,20,-45.60356488
19,0.7,14,22,-47.60285368
19,0.7,14,24,-49.13945098
19,0.7,14,26,-50.33045485
19,0.7,14,28,-51.37946673
19,0.8,14,14,-30.93838643
19,0.8,14,16,-35.76068307
19,0.8,14,18,-39.45372313
19,0.8,14,20,-42.29085088
19,0.8,14,22,-44.66484633
19,0.8,14,24,-46.53659523
19,0.8,14,26,-48.00992166
19,0.8,14,28,-49.2231952
19,0.9,14,14,-26.28876826
19,0.9,14,16,-31.5188834
19,0.9,14,18,-35.79535137
19,0.9,14,20,-39.03898057
19,0.9,14,22,-41.61330682
19,0.9,14,24,-43.80620446
19,0.9,14,26,-45.62004147
19,0.9,14,28,-47.02359736
19,1,14,14,-22.0251837
19,1,14,16,-27.50095511
19,1,14,18,-31.98065411
19,1,14,20,-35.74518125
19,1,14,22,-38.62886153
19,1,14,24,-41.00370754
19,1,14,26,-43.05221784
19,1,14,28,-44.74050228
19,0.3,15,14,-54.37133223
19,0.3,15,16,-55.92672747
19,0.3,15,18,-57.16458956
19,0.3,15,20,-58.20672845
19,0.3,15,22,-59.07047276
19,0.3,15,24,-59.85102452
19,0.3,15,26,-60.50194034
19,0.3,15,28,-61.1494592
19,0.4,15,14,-50.7701631
19,0.4,15,16,-52.82681061
19,0.4,15,18,-54.39219927
19,0.4,15,20,-55.58900459
19,0.4,15,22,-56.59376233
19,0.4,15,24,-57.48103342
19,0.4,15,26,-58.29454498
19,0.4,15,28,-58.91933734
19,0.5,15,14,-46.80363007
19,0.5,15,16,-49.5200715
19,0.5,15,18,-51.53854351
19,0.5,15,20,-52.99900856
19,0.5,15,22,-54.18872635
19,0.5,15,24,-55.23361206
19,0.5,15,26,-56.03889134
19,0.5,15,28,-56.85696378
19,0.6,15,14,-42.53619119
19,0.6,15,16,-45.91574102
19,0.6,15,18,-48.47180019
19,0.6,15,20,-50.31512923
19,0.6,15,22,-51.73985517
19,0.6,15,24,-52.90804504
19,0.6,15,26,-53.85457344
19,0.6,15,28,-54.73161289
19,0.7,15,14,-38.27784288
19,0.7,15,16,-42.08971933
19,0.7,15,18,-45.15553699
19,0.7,15,20,-47.49612445
19,0.7,15,22,-49.2368143
19,0.7,15,24,-50.61295522
19,0.7,15,26,-51.71887104
19,0.7,15,28,-52.73133213
19,0.8,15,14,-33.69152771
19,0.8,15,16,-38.30771647
19,0.8,15,18,-41.69525446
19,0.8,15,20,-44.45134089
19,0.8,15,22,-46.6042677
19,0.8,15,24,-48.2741666
19,0.8,15,26,-49.55919339
19,0.8,15,28,-50.72271415
19,0.9,15,14,-29.25806995
19,0.9,15,16,-34.33731921
19,0.9,15,18,-38.28202468
19,0.9,15,20,-41.30305227
19,0.9,15,22,-43.80219379
19,0.9,15,24,-45.81888881
19,0.9,15,26,-47.37157054
19,0.9,15,28,-48.63012896
19,1,15,14,-24.9951886
19,1,15,16,-30.37938928
19,1,15,18,-34.77839206
19,1,15,20,-38.19574909
19,1,15,22,-40.94183828
19,1,15,24,-43.24341574
19,1,15,26,-45.07589117
19,1,15,28,-46.55752581
19,0.3,16,14,-55.43732528
19,0.3,16,16,-56.91935826
19,0.3,16,18,-58.10914416
19,0.3,16,20,-59.10007155
19,0.3,16,22,-59.98273185
19,0.3,16,24,-60.78312987
19,0.3,16,26,-61.40751576
19,0.3,16,28,-62.03372603
19,0.4,16,14,-52.14629214
19,0.4,16,16,-54.06050112
19,0.4,16,18,-55.4882327
19,0.4,16,20,-56.61709811
19,0.4,16,22,-57.59962168
19,0.4,16,24,-58.53372735
19,0.4,16,26,-59.26710959
19,0.4,16,28,-59.95930345
19,0.5,16,14,-48.52827039
19,0.5,16,16,-51.03978458
19,0.5,16,18,-52.79752266
19,0.5,16,20,-54.16033276
19,0.5,16,22,-55.28725502
19,0.5,16,24,-56.34418794
19,0.5,16,26,-57.11827184
19,0.5,16,28,-57.92036276
19,0.6,16,14,-44.54846619
19,0.6,16,16,-47.71703774
19,0.6,16,18,-50.01734514
19,0.6,16,20,-51.65468426
19,0.6,16,22,-52.94668286
19,0.6,16,24,-54.13156828
19,0.6,16,26,-54.99290898
19,0.6,16,28,-55.84000114
19,0.7,16,14,-40.50581534
19,0.7,16,16,-44.13460069
19,0.7,16,18,-47.00724148
19,0.7,16,20,-49.12161585
19,0.7,16,22,-50.65044057
19,0.7,16,24,-51.95052247
19,0.7,16,26,-52.96339453
19,0.7,16,28,-53.86024539
19,0.8,16,14,-36.269272
19,0.8,16,16,-40.48803836
19,0.8,16,18,-43.78520334
19,0.8,16,20,-46.36754604
19,0.8,16,22,-48.26158062
19,0.8,16,24,-49.73190838
19,0.8,16,26,-50.91512172
19,0.8,16,28,-51.93497576
19,0.9,16,14,-31.93793868
19,0.9,16,16,-36.85113603
19,0.9,16,18,-40.49862449
19,0.9,16,20,-43.44509525
19,0.9,16,22,-45.73224799
19,0.9,16,24,-47.50828126
19,0.9,16,26,-48.83148106
19,0.9,16,28,-50.00000526
19,1,16,14,-27.79295927
19,1,16,16,-33.01235634
19,1,16,18,-37.2209807
19,1,16,20,-40.42529677
19,1,16,22,-43.07897078
19,1,16,24,-45.17491022
19,1,16,26,-46.76295677
19,1,16,28,-48.04352728
19,0.3,17,14,-56.39183587
19,0.3,17,16,-57.80297918
19,0.3,17,18,-58.96808544
19,0.3,17,20,-59.94560828
19,0.3,17,22,-60.81859543
19,0.3,17,24,-61.60543509
19,0.3,17,26,-62.28305656
19,0.3,17,28,-62.90128808
19,0.4,17,14,-53.36724475
19,0.4,17,16,-55.13798235
19,0.4,17,18,-56.44724192
19,0.4,17,20,-57.59791139
19,0.4,17,22,-58.53843414
19,0.4,17,24,-59.4718731
19,0.4,17,26,-60.18295834
19,0.4,17,28,-60.91958413
19,0.5,17,14,-50.01676923
19,0.5,17,16,-52.31255932
19,0.5,17,18,-53.92291181
19,0.5,17,20,-55.2427137
19,0.5,17,22,-56.30021787
19,0.5,17,24,-57.36643251
19,0.5,17,26,-58.15650058
19,0.5,17,28,-58.90718164
19,0.6,17,14,-46.34855068
19,0.6,17,16,-49.29301857
19,0.6,17,18,-51.35193287
19,0.6,17,20,-52.8569099
19,0.6,17,22,-54.0748922
19,0.6,17,24,-55.22691074
19,0.6,17,26,-56.11103159
19,0.6,17,28,-56.87508247
19,0.7,17,14,-42.48163507
19,0.7,17,16,-46.04616123
19,0.7,17,18,-48.61302262
19,0.7,17,20,-50.43706423
19,0.7,17,22,-51.87381455
19,0.7,17,24,-53.10793955
19,0.7,17,26,-54.09571997
19,0.7,17,28,-54.99602151
19,0.8,17,14,-38.5548534
19,0.8,17,16,-42.51862777
19,0.8,17,18,-45.64813889
19,0.8,17,20,-47.97150905
19,0.8,17,22,-49.64322232
19,0.8,17,24,-51.0127765
19,0.8,17,26,-52.09916234
19,0.8,17,28,-53.07833961
19,0.9,17,14,-34.4309952
19,0.9,17,16,-39.0524899
19,0.9,17,18,-42.44572005
19,0.9,17,20,-45.30190381
19,0.9,17,22,-47.34115521
19,0.9,17,24,-48.92163717
19,0.9,17,26,-50.14562641
19,0.9,17,28,-51.23820366
19,1,17,14,-30.37324237
19,1,17,16,-35.53345333
19,1,17,18,-39.37163767
19,1,17,20,-42.50437789
19,1,17,22,-44.9649396
19,1,17,24,-46.7920118
19,1,17,26,-48.19591031
19,1,17,28,-49.37534452
19,0.3,18,14,-57.29047957
19,0.3,18,16,-58.64210537
19,0.3,18,18,-59.80267458
19,0.3,18,20,-60.76056649
19,0.3,18,22,-61.62228642
19,0.3,18,24,-62.41750891
19,0.3,18,26,-63.11108947
19,0.3,18,28,-63.74160124
19,0.4,18,14,-54.35148907
19,0.4,18,16,-56.10405005
19,0.4,18,18,-57.3811588
19,0.4,18,20,-58.4940464
19,0.4,18,22,-59.43591829
19,0.4,18,24,-60.31321244
19,0.4,18,26,-61.06097967
19,0.4,18,28,-61.77729373
19,0.5,18,14,-51.32135898
19,0.5,18,16,-53.43296222
19,0.5,18,18,-55.00473595
19,0.5,18,20,-56.21022643
19,0.5,18,22,-57.26484909
19,0.5,18,24,-58.26827716
19,0.5,18,26,-59.10040089
19,0.5,18,28,-59.85882142
19,0.6,18,14,-47.94577085
19,0.6,18,16,-50.62482275
19,0.6,18,18,-52.53649058
19,0.6,18,20,-53.89140099
19,0.6,18,22,-55.1576062
19,0.6,18,24,-56.18850712
19,0.6,18,26,-57.1299142
19,0.6,18,28,-57.94948416
19,0.7,18,14,-44.31351949
19,0.7,18,16,-47.68719545
19,0.7,18,18,-50.0086501
19,0.7,18,20,-51.63340414
19,0.7,18,22,-52.99931031
19,0.7,18,24,-54.1496381
19,0.7,18,26,-55.15795622
19,0.7,18,28,-56.03746074
19,0.8,18,14,-40.54546839
19,0.8,18,16,-44.38181342
19,0.8,18,18,-47.27510883
19,0.8,18,20,-49.3161961
19,0.8,18,22,-50.91897307
19,0.8,18,24,-52.13758248
19,0.8,18,26,-53.22878767
19,0.8,18,28,-54.23620531
19,0.9,18,14,-36.73707994
19,0.9,18,16,-41.01394944
19,0.9,18,18,-44.38366658
19,0.9,18,20,-46.95011429
19,0.9,18,22,-48.81343363
19,0.9,18,24,-50.15342603
19,0.9,18,26,-51.32617287
19,0.9,18,28,-52.38579057
19,1,18,14,-32.78251961
19,1,18,16,-37.69692145
19,1,18,18,-41.34496786
19,1,18,20,-44.37839226
19,1,18,22,-46.57071234
19,1,18,24,-48.19537948
19,1,18,26,-49.46346775
19,1,18,28,-50.58565916
19,0.3,19,14,-58.08261159
19,0.3,19,16,-59.4313529
19,0.3,19,18,-60.57031968
19,0.3,19,20,-61.57379018
19,0.3,19,22,-62.39562415
19,0.3,19,24,-63.15327311
19,0.3,19,26,-63.88519621
19,0.3,19,28,-64.53208047
19,0.4,19,14,-55.32076193
19,0.4,19,16,-56.95263875
19,0.4,19,18,-58.20122662
19,0.4,19,20,-59.34474855
19,0.4,19,22,-60.31978248
19,0.4,19,24,-61.14050817
19,0.4,19,26,-61.89230081
19,0.4,19,28,-62.6743058
19,0.5,19,14,-52.44684047
19,0.5,19,16,-54.37367004
19,0.5,19,18,-55.85725315
19,0.5,19,20,-57.13077233
19,0.5,19,22,-58.2171071
19,0.5,19,24,-59.10680791
19,0.5,19,26,-59.99605594
19,0.5,19,28,-60.75916403
19,0.6,19,14,-49.37904838
19,0.6,19,16,-51.76861443
19,0.6,19,18,-53.50228806
19,0.6,19,20,-54.90431204
19,0.6,19,22,-56.11887521
19,0.6,19,24,-57.1244305
19,0.6,19,26,-58.06961784
19,0.6,19,28,-58.9329176
19,0.7,19,14,-45.98587378
19,0.7,19,16,-49.07019558
19,0.7,19,18,-51.20293957
19,0.7,19,20,-52.77796437
19,0.7,19,22,-54.08973688
19,0.7,19,24,-55.15380304
19,0.7,19,26,-56.15483679
19,0.7,19,28,-57.02539313
19,0.8,19,14,-42.38131406
19,0.8,19,16,-46.07047296
19,0.8,19,18,-48.67147503
19,0.8,19,20,-50.57821643
19,0.8,19,22,-52.053304
19,0.8,19,24,-53.22588138
19,0.8,19,26,-54.28787741
19,0.8,19,28,-55.21342725
19,0.9,19,14,-38.76807605
19,0.9,19,16,-42.88509858
19,0.9,19,18,-46.02591657
19,0.9,19,20,-48.26500159
19,0.9,19,22,-50.00269277
19,0.9,19,24,-51.29049771
19,0.9,19,26,-52.45005302
19,0.9,19,28,-53.42556256
19,1,19,14,-35.04370425
19,1,19,16,-39.65775624
19,1,19,18,-43.20352882
19,1,19,20,-45.93292768
19,1,19,22,-47.94461271
19,1,19,24,-49.41484795
19,1,19,26,-50.63779583
19,1,19,28,-51.72137942
19,0.3,20,14,-58.82868437
19,0.3,20,16,-60.15691371
19,0.3,20,18,-61.27962564
19,0.3,20,20,-62.27002198
19,0.3,20,22,-63.12995179
19,0.3,20,24,-63.87965858
19,0.3,20,26,-64.61366073
19,0.3,20,28,-65.30370493
19,0.4,20,14,-56.19103622
19,0.4,20,16,-57.80243142
19,0.4,20,18,-59.0277077
19,0.4,20,20,-60.10646278
19,0.4,20,22,-61.10832475
19,0.4,20,24,-61.91573347
19,0.4,20,26,-62.69205865
19,0.4,20,28,-63.48536434
19,0.5,20,14,-53.44901447
19,0.5,20,16,-55.36395307
19,0.5,20,18,-56.75247431
19,0.5,20,20,-57.97416405
19,0.5,20,22,-59.09718926
19,0.5,20,24,-59.96830529
19,0.5,20,26,-60.85034149
19,0.5,20,28,-61.66396748
19,0.6,20,14,-50.6245801
19,0.6,20,16,-52.82776671
19,0.6,20,18,-54.4794599
19,0.6,20,20,-55.82290716
19,0.6,20,22,-57.07065222
19,0.6,20,24,-58.02005009
19,0.6,20,26,-58.97393832
19,0.6,20,28,-59.85531391
19,0.7,20,14,-47.53723543
19,0.7,20,16,-50.2912279
19,0.7,20,18,-52.2291153
19,0.7,20,20,-53.77532628
19,0.7,20,22,-55.06215932
19,0.7,20,24,-56.14001999
19,0.7,20,26,-57.11694421
19,0.7,20,28,-58.06197294
19,0.8,20,14,-44.11815266
19,0.8,20,16,-47.57866023
19,0.8,20,18,-49.90322917
19,0.8,20,20,-51.61897424
19,0.8,20,22,-53.07602668
19,0.8,20,24,-54.30090189
19,0.8,20,26,-55.28895791
19,0.8,20,28,-56.30080453
19,0.9,20,14,-40.59279959
19,0.9,20,16,-44.61294004
19,0.9,20,18,-47.45642028
19,0.9,20,20,-49.48423245
19,0.9,20,22,-51.10383449
19,0.9,20,24,-52.41740822
19,0.9,20,26,-53.49217024
19,0.9,20,28,-54.49580589
19,1,20,14,-37.11071834
19,1,20,16,-41.49209426
19,1,20,18,-44.87441334
19,1,20,20,-47.3056147
19,1,20,22,-49.15481038
19,1,20,24,-50.56736276
19,1,20,26,-51.72587523
19,1,20,28,-52.77354112
19,0.3,21,14,-59.52735994
19,0.3,21,16,-60.86003832
19,0.3,21,18,-61.96997784
19,0.3,21,20,-62.95282283
19,0.3,21,22,-63.87749302
19,0.3,21,24,-64.60996286
19,0.3,21,26,-65.33979841
19,0.3,21,28,-65.99770807
19,0.4,21,14,-56.94977397
19,0.4,21,16,-58.57813055
19,0.4,21,18,-59.79022531
19,0.4,21,20,-60.88851466
19,0.4,21,22,-61.86039385
19,0.4,21,24,-62.69126627
19,0.4,21,26,-63.43471182
19,0.4,21,28,-64.19186398
19,0.5,21,14,-54.35825504
19,0.5,21,16,-56.19689024
19,0.5,21,18,-57.59429549
19,0.5,21,20,-58.79919586
19,0.5,21,22,-59.92474071
19,0.5,21,24,-60.79535966
19,0.5,21,26,-61.65372321
19,0.5,21,28,-62.46599027
19,0.6,21,14,-51.67450801
19,0.6,21,16,-53.80482248
19,0.6,21,18,-55.35381578
19,0.6,21,20,-56.7173965
19,0.6,21,22,-57.96260397
19,0.6,21,24,-58.93967273
19,0.6,21,26,-59.82823248
19,0.6,21,28,-60.65886483
19,0.7,21,14,-48.87250779
19,0.7,21,16,-51.40237386
19,0.7,21,18,-53.24894727
19,0.7,21,20,-54.72527899
19,0.7,21,22,-55.99014678
19,0.7,21,24,-57.12001424
19,0.7,21,26,-58.01931698
19,0.7,21,28,-58.90937793
19,0.8,21,14,-45.69912931
19,0.8,21,16,-48.85486149
19,0.8,21,18,-50.99283456
19,0.8,21,20,-52.6235998
19,0.8,21,22,-54.0412126
19,0.8,21,24,-55.20921
19,0.8,21,26,-56.23015171
19,0.8,21,28,-57.18201019
19,0.9,21,14,-42.32944432
19,0.9,21,16,-46.14793285
19,0.9,21,18,-48.72889094
19,0.9,21,20,-50.56859996
19,0.9,21,22,-52.1188518
19,0.9,21,24,-53.39480309
19,0.9,21,26,-54.46876396
19,0.9,21,28,-55.48492862
19,1,21,14,-38.95908793
19,1,21,16,-43.16151535
19,1,21,18,-46.33530741
19,1,21,20,-48.51330378
19,1,21,22,-50.17385558
19,1,21,24,-51.65361318
19,1,21,26,-52.74461153
19,1,21,28,-53.80671003
23,0.3,14,14,-63.8066879
23,0.3,14,16,-65.95375791
23,0.3,14,18,-67.65214119
23,0.3,14,20,-68.95602708
23,0.3,14,22,-70.06210484
23,0.3,14,24,-71.01112333
23,0.3,14,26,-71.84700586
23,0.3,14,28,-72.55380975
23,0.4,14,14,-59.19429778
23,0.4,14,16,-62.07675593
23,0.4,14,18,-64.24301167
23,0.4,14,20,-65.9502228
23,0.4,14,22,-67.20786734
23,0.4,14,24,-68.33731262
23,0.4,14,26,-69.30657505
23,0.4,14,28,-70.09811125
23,0.5,14,14,-54.16968044
23,0.5,14,16,-57.7372595
23,0.5,14,18,-60.53567659
23,0.5,14,20,-62.68464927
23,0.5,14,22,-64.33572581
23,0.5,14,24,-65.60695317
23,0.5,14,26,-66.80110191
23,0.5,14,28,-67.68790038
23,0.6,14,14,-48.93906979
23,0.6,14,16,-53.15052022
23,0.6,14,18,-56.51852352
23,0.6,14,20,-59.15623174
23,0.6,14,22,-61.21081875
23,0.6,14,24,-62.79764222
23,0.6,14,26,-64.18654727
23,0.6,14,28,-65.22333579
23,0.7,14,14,-43.2265394
23,0.7,14,16,-48.47027457
23,0.7,14,18,-52.26163756
23,0.7,14,20,-55.39817803
23,0.7,14,22,-57.91590389
23,0.7,14,24,-59.89283375
23,0.7,14,26,-61.51195002
23,0.7,14,28,-62.79056713
23,0.8,14,14,-37.48649786
23,0.8,14,16,-43.37438705
23,0.8,14,18,-47.97822831
23,0.8,14,20,-51.46233954
23,0.8,14,22,-54.36046577
23,0.8,14,24,-56.7731431
23,0.8,14,26,-58.72557091
23,0.8,14,28,-60.23299012
23,0.9,14,14,-31.69933582
23,0.9,14,16,-38.25831538
23,0.9,14,18,-43.45120766
23,0.9,14,20,-47.55031101
23,0.9,14,22,-50.72309828
23,0.9,14,24,-53.45600913
23,0.9,14,26,-55.75190742
23,0.9,14,28,-57.58666675
23,1,14,14,-26.43023774
23,1,14,16,-33.22015792
23,1,14,18,-38.8530537
23,1,14,20,-43.494952
23,1,14,22,-47.15683165
23,1,14,24,-50.10347581
23,1,14,26,-52.62539933
23,1,14,28,-54.77938539
23,0.3,15,14,-65.35193318
23,0.3,15,16,-67.39216304
23,0.3,15,18,-68.90400888
23,0.3,15,20,-70.12982086
23,0.3,15,22,-71.23365254
23,0.3,15,24,-72.16359713
23,0.3,15,26,-72.94833347
23,0.3,15,28,-73.7331699
23,0.4,15,14,-61.11587199
23,0.4,15,16,-63.82145134
23,0.4,15,18,-65.79222612
23,0.4,15,20,-67.29808283
23,0.4,15,22,-68.53340728
23,0.4,15,24,-69.59400065
23,0.4,15,26,-70.58512593
23,0.4,15,28,-71.34895544
23,0.5,15,14,-56.45491228
23,0.5,15,16,-59.86728178
23,0.5,15,18,-62.41433542
23,0.5,15,20,-64.30801165
23,0.5,15,22,-65.81096972
23,0.5,15,24,-67.00999729
23,0.5,15,26,-68.18547687
23,0.5,15,28,-69.02288593
23,0.6,15,14,-51.51208162
23,0.6,15,16,-55.57824819
23,0.6,15,18,-58.73791168
23,0.6,15,20,-61.17381597
23,0.6,15,22,-62.97555868
23,0.6,15,24,-64.40477209
23,0.6,15,26,-65.71900834
23,0.6,15,28,-66.69714135
23,0.7,15,14,-46.35733929
23,0.7,15,16,-51.11970509
23,0.7,15,18,-54.75945917
23,0.7,15,20,-57.72114555
23,0.7,15,22,-60.01865239
23,0.7,15,24,-61.73939353
23,0.7,15,26,-63.19624514
23,0.7,15,28,-64.38304009
23,0.8,15,14,-40.82845296
23,0.8,15,16,-46.52302453
23,0.8,15,18,-50.65940264
23,0.8,15,20,-54.02704924
23,0.8,15,22,-56.79809475
23,0.8,15,24,-58.91921383
23,0.8,15,26,-60.66588519
23,0.8,15,28,-61.99190083
23,0.9,15,14,-35.39796797
23,0.9,15,16,-41.6288417
23,0.9,15,18,-46.56117625
23,0.9,15,20,-50.2832304
23,0.9,15,22,-53.37963393
23,0.9,15,24,-55.9573293
23,0.9,15,26,-58.00561856
23,0.9,15,28,-59.59711031
23,1,15,14,-30.09994109
23,1,15,16,-36.83138066
23,1,15,18,-42.22526506
23,1,15,20,-46.58158202
23,1,15,22,-49.91727398
23,1,15,24,-52.80253089
23,1,15,26,-55.19388547
23,1,15,28,-57.10415419
23,0.3,16,14,-66.7182773
23,0.3,16,16,-68.57246805
23,0.3,16,18,-70.03443102
23,0.3,16,20,-71.26495341
23,0.3,16,22,-72.32262371
23,0.3,16,24,-73.22564685
23,0.3,16,26,-74.04490244
23,0.3,16,28,-74.77230182
23,0.4,16,14,-62.80119307
23,0.4,16,16,-65.25856531
23,0.4,16,18,-67.09003997
23,0.4,16,20,-68.54303767
23,0.4,16,22,-69.72494785
23,0.4,16,24,-70.78044167
23,0.4,16,26,-71.69316537
23,0.4,16,28,-72.49371679
23,0.5,16,14,-58.49736212
23,0.5,16,16,-61.65843377
23,0.5,16,18,-63.99837046
23,0.5,16,20,-65.73642293
23,0.5,16,22,-67.1416934
23,0.5,16,24,-68.32883757
23,0.5,16,26,-69.34776466
23,0.5,16,28,-70.26926427
23,0.6,16,14,-53.8512746
23,0.6,16,16,-57.71063976
23,0.6,16,18,-60.65884287
23,0.6,16,20,-62.83609787
23,0.6,16,22,-64.49645099
23,0.6,16,24,-65.82147817
23,0.6,16,26,-66.98427984
23,0.6,16,28,-68.02244103
23,0.7,16,14,-49.05054268
23,0.7,16,16,-53.47843934
23,0.7,16,18,-57.03188971
23,0.7,16,20,-59.74416073
23,0.7,16,22,-61.8060847
23,0.7,16,24,-63.34466698
23,0.7,16,26,-64.64504931
23,0.7,16,28,-65.77507476
23,0.8,16,14,-43.91325455
23,0.8,16,16,-49.22028856
23,0.8,16,18,-53.16699908
23,0.8,16,20,-56.37827981
23,0.8,16,22,-58.87722155
23,0.8,16,24,-60.79231072
23,0.8,16,26,-62.27274903
23,0.8,16,28,-63.51403884
23,0.9,16,14,-38.69938202
23,0.9,16,16,-44.73279914
23,0.9,16,18,-49.24891787
23,0.9,16,20,-52.80176633
23,0.9,16,22,-55.75888968
23,0.9,16,24,-58.08149815
23,0.9,16,26,-59.84256622
23,0.9,16,28,-61.31806901
23,1,16,14,-33.5667674
23,1,16,16,-40.01528553
23,1,16,18,-45.29568237
23,1,16,20,-49.20891925
23,1,16,22,-52.47968973
23,1,16,24,-55.20466126
23,1,16,26,-57.36584207
23,1,16,28,-59.02092687
23,0.3,17,14,-67.85944994
23,0.3,17,16,-69.66941247
23,0.3,17,18,-71.0861046
23,0.3,17,20,-72.30088803
23,0.3,17,22,-73.29204251
23,0.3,17,24,-74.21613433
23,0.3,17,26,-75.04129966
23,0.3,17,28,-75.76278852
23,0.4,17,14,-64.29721716
23,0.4,17,16,-66.56791656
23,0.4,17,18,-68.29144064
23,0.4,17,20,-69.67281524
23,0.4,17,22,-70.85087717
23,0.4,17,24,-71.8467718
23,0.4,17,26,-72.7776148
23,0.4,17,28,-73.56620387
23,0.5,17,14,-60.36594419
23,0.5,17,16,-63.25656664
23,0.5,17,18,-65.40504156
23,0.5,17,20,-67.01059658
23,0.5,17,22,-68.30796648
23,0.5,17,24,-69.5208751
23,0.5,17,26,-70.49194343
23,0.5,17,28,-71.4206062
23,0.6,17,14,-56.01138169
23,0.6,17,16,-59.63980774
23,0.6,17,18,-62.32727798
23,0.6,17,20,-64.29951526
23,0.6,17,22,-65.79306933
23,0.6,17,24,-67.09565224
23,0.6,17,26,-68.22841868
23,0.6,17,28,-69.25454032
23,0.7,17,14,-51.41124279
23,0.7,17,16,-55.70425783
23,0.7,17,18,-59.03583014
23,0.7,17,20,-61.46197638
23,0.7,17,22,-63.30510035
23,0.7,17,24,-64.75556393
23,0.7,17,26,-66.00008519
23,0.7,17,28,-67.07855143
23,0.8,17,14,-46.67869847
23,0.8,17,16,-51.6213475
23,0.8,17,18,-55.4922692
23,0.8,17,20,-58.42762464
23,0.8,17,22,-60.64521269
23,0.8,17,24,-62.35305677
23,0.8,17,26,-63.72852918
23,0.8,17,28,-64.95778114
23,0.9,17,14,-41.67843893
23,0.9,17,16,-47.47173313
23,0.9,17,18,-51.68751135
23,0.9,17,20,-55.12188705
23,0.9,17,22,-57.83474428
23,0.9,17,24,-59.88529214
23,0.9,17,26,-61.45780961
23,0.9,17,28,-62.82021798
23,1,17,14,-36.78739574
23,1,17,16,-43.05492734
23,1,17,18,-47.94473104
23,1,17,20,-51.6837059
23,1,17,22,-54.84145486
23,1,17,24,-57.27558016
23,1,17,26,-59.14534686
23,1,17,28,-60.66391338
23,0.3,18,14,-68.91595082
23,0.3,18,16,-70.65914643
23,0.3,18,18,-72.06220281
23,0.3,18,20,-73.24560613
23,0.3,18,22,-74.24468452
23,0.3,18,24,-75.16100938
23,0.3,18,26,-75.96531909
23,0.3,18,28,-76.69566814
23,0.4,18,14,-65.617229
23,0.4,18,16,-67.73059103
23,0.4,18,18,-69.35936214
23,0.4,18,20,-70.71856924
23,0.4,18,22,-71.84555934
23,0.4,18,24,-72.85681187
23,0.4,18,26,-73.751329
23,0.4,18,28,-74.61731644
23,0.5,18,14,-62.02488407
23,0.5,18,16,-64.69036479
23,0.5,18,18,-66.65097713
23,0.5,18,20,-68.17404909
23,0.5,18,22,-69.47827027
23,0.5,18,24,-70.57821708
23,0.5,18,26,-71.58246373
23,0.5,18,28,-72.57976281
23,0.6,18,14,-57.94247957
23,0.6,18,16,-61.36059501
23,0.6,18,18,-63.81673232
23,0.6,18,20,-65.59629851
23,0.6,18,22,-67.05603781
23,0.6,18,24,-68.29998494
23,0.6,18,26,-69.40917082
23,0.6,18,28,-70.48878338
23,0.7,18,14,-53.60262027
23,0.7,18,16,-57.7226759
23,0.7,18,18,-60.80365992
23,0.7,18,20,-62.95309166
23,0.7,18,22,-64.61788448
23,0.7,18,24,-66.06229726
23,0.7,18,26,-67.22248257
23,0.7,18,28,-68.39893628
23,0.8,18,14,-49.13564661
23,0.8,18,16,-53.81403373
23,0.8,18,18,-57.49221455
23,0.8,18,20,-60.17588718
23,0.8,18,22,-62.18113027
23,0.8,18,24,-63.73540924
23,0.8,18,26,-65.0730605
23,0.8,18,28,-66.26075562
23,0.9,18,14,-44.48155157
23,0.9,18,16,-49.81960851
23,0.9,18,18,-53.96616969
23,0.9,18,20,-57.21634126
23,0.9,18,22,-59.62051389
23,0.9,18,24,-61.39437969
23,0.9,18,26,-62.91361975
23,0.9,18,28,-64.19063033
23,1,18,14,-39.70637518
23,1,18,16,-45.82556551
23,1,18,18,-50.37063338
23,1,18,20,-53.99854942
23,1,18,22,-56.90787394
23,1,18,24,-59.06747071
23,1,18,26,-60.73217624
23,1,18,28,-62.12560389
23,0.3,19,14,-69.90726592
23,0.3,19,16,-71.56865984
23,0.3,19,18,-72.92014875
23,0.3,19,20,-74.13060392
23,0.3,19,22,-75.13909857
23,0.3,19,24,-76.04895358
23,0.3,19,26,-76.82172495
23,0.3,19,28,-77.5966704
23,0.4,19,14,-66.73786987
23,0.4,19,16,-68.78781862
23,0.4,19,18,-70.37981141
23,0.4,19,20,-71.65513227
23,0.4,19,22,-72.82292797
23,0.4,19,24,-73.8083793
23,0.4,19,26,-74.66838101
23,0.4,19,28,-75.56624652
23,0.5,19,14,-63.41311393
23,0.5,19,16,-65.88156008
23,0.5,19,18,-67.76847101
23,0.5,19,20,-69.21933995
23,0.5,19,22,-70.53615089
23,0.5,19,24,-71.61543868
23,0.5,19,26,-72.60247964
23,0.5,19,28,-73.59224791
23,0.6,19,14,-59.70436714
23,0.6,19,16,-62.80263136
23,0.6,19,18,-65.07070863
23,0.6,19,20,-66.75576527
23,0.6,19,22,-68.22953732
23,0.6,19,24,-69.41321429
23,0.6,19,26,-70.4838077
23,0.6,19,28,-71.56975541
23,0.7,19,14,-55.64458048
23,0.7,19,16,-59.49693655
23,0.7,19,18,-62.28330188
23,0.7,19,20,-64.26626337
23,0.7,19,22,-65.84841786
23,0.7,19,24,-67.22341512
23,0.7,19,26,-68.38870478
23,0.7,19,28,-69.50312587
23,0.8,19,14,-51.3430273
23,0.8,19,16,-55.87873622
23,0.8,19,18,-59.3056261
23,0.8,19,20,-61.68221469
23,0.8,19,22,-63.53816146
23,0.8,19,24,-65.00749551
23,0.8,19,26,-66.30851048
23,0.8,19,28,-67.46689035
23,0.9,19,14,-47.0738047
23,0.9,19,16,-52.04093471
23,0.9,19,18,-56.04260769
23,0.9,19,20,-58.96762594
23,0.9,19,22,-61.14522013
23,0.9,19,24,-62.79694583
23,0.9,19,26,-64.19437404
23,0.9,19,28,-65.45841821
23,1,19,14,-42.4554573
23,1,19,16,-48.28997405
23,1,19,18,-52.59190139
23,1,19,20,-56.05843367
23,1,19,22,-58.61400773
23,1,19,24,-60.6228972
23,1,19,26,-62.12289456
23,1,19,28,-63.46540473
23,0.3,20,14,-70.77760135
23,0.3,20,16,-72.39570563
23,0.3,20,18,-73.76779816
23,0.3,20,20,-74.92274546
23,0.3,20,22,-75.97248029
23,0.3,20,24,-76.87020554
23,0.3,20,26,-77.70717998
23,0.3,20,28,-78.48629234
23,0.4,20,14,-67.80378762
23,0.4,20,16,-69.73899521
23,0.4,20,18,-71.29157706
23,0.4,20,20,-72.57963339
23,0.4,20,22,-73.71773242
23,0.4,20,24,-74.7225393
23,0.4,20,26,-75.61603741
23,0.4,20,28,-76.48119137
23,0.5,20,14,-64.64674449
23,0.5,20,16,-66.97326842
23,0.5,20,18,-68.74395865
23,0.5,20,20,-70.2889132
23,0.5,20,22,-71.4882687
23,0.5,20,24,-72.60221874
23,0.5,20,26,-73.55286129
23,0.5,20,28,-74.55880491
23,0.6,20,14,-61.24511442
23,0.6,20,16,-64.11783658
23,0.6,20,18,-66.23896879
23,0.6,20,20,-67.9182207
23,0.6,20,22,-69.25610952
23,0.6,20,24,-70.47722272
23,0.6,20,26,-71.50470336
23,0.6,20,28,-72.59995039
23,0.7,20,14,-57.5016306
23,0.7,20,16,-61.04605586
23,0.7,20,18,-63.66461634
23,0.7,20,20,-65.45693222
23,0.7,20,22,-67.03364004
23,0.7,20,24,-68.3461331
23,0.7,20,26,-69.46217864
23,0.7,20,28,-70.59697944
23,0.8,20,14,-53.40352118
23,0.8,20,16,-57.71363068
23,0.8,20,18,-60.89271942
23,0.8,20,20,-63.01425872
23,0.8,20,22,-64.77132705
23,0.8,20,24,-66.25181202
23,0.8,20,26,-67.45124723
23,0.8,20,28,-68.61778448
23,0.9,20,14,-49.24523512
23,0.9,20,16,-54.11223709
23,0.9,20,18,-57.87748044
23,0.9,20,20,-60.49513525
23,0.9,20,22,-62.49614634
23,0.9,20,24,-64.10394546
23,0.9,20,26,-65.42509676
23,0.9,20,28,-66.65932752
23,1,20,14,-44.97745773
23,1,20,16,-50.38712091
23,1,20,18,-54.69447125
23,1,20,20,-57.8441358
23,1,20,22,-60.13395623
23,1,20,24,-61.98837377
23,1,20,26,-63.4367094
23,1,20,28,-64.72137722
23,0.3,21,14,-71.61411137
23,0.3,21,16,-73.19963543
23,0.3,21,18,-74.58768161
23,0.3,21,20,-75.72628301
23,0.3,21,22,-76.76072359
23,0.3,21,24,-77.69703198
23,0.3,21,26,-78.51448833
23,0.3,21,28,-79.26935539
23,0.4,21,14,-68.76099425
23,0.4,21,16,-70.59603607
23,0.4,21,18,-72.15755631
23,0.4,21,20,-73.45803531
23,0.4,21,22,-74.62961682
23,0.4,21,24,-75.59180149
23,0.4,21,26,-76.48161903
23,0.4,21,28,-77.2983212
23,0.5,21,14,-65.77972453
23,0.5,21,16,-68.01014647
23,0.5,21,18,-69.73330623
23,0.5,21,20,-71.16643369
23,0.5,21,22,-72.53419557
23,0.5,21,24,-73.52541983
23,0.5,21,26,-74.4803281
23,0.5,21,28,-75.33972375
23,0.6,21,14,-62.59502666
23,0.6,21,16,-65.28066563
23,0.6,21,18,-67.31434775
23,0.6,21,20,-68.85313068
23,0.6,21,22,-70.38826429
23,0.6,21,24,-71.44183933
23,0.6,21,26,-72.49750039
23,0.6,21,28,-73.43903529
23,0.7,21,14,-59.15674798
23,0.7,21,16,-62.43438895
23,0.7,21,18,-64.79643927
23,0.7,21,20,-66.56191988
23,0.7,21,22,-68.09871629
23,0.7,21,24,-69.39276872
23,0.7,21,26,-70.51680527
23,0.7,21,28,-71.55759034
23,0.8,21,14,-55.32928448
23,0.8,21,16,-59.3798995
23,0.8,21,18,-62.10480864
23,0.8,21,20,-64.29356444
23,0.8,21,22,-65.90537848
23,0.8,21,24,-67.33597913
23,0.8,21,26,-68.63059152
23,0.8,21,28,-69.68629938
23,0.9,21,14,-51.32153462
23,0.9,21,16,-56.02767487
23,0.9,21,18,-59.48745937
23,0.9,21,20,-61.90640742
23,0.9,21,22,-63.71439224
23,0.9,21,24,-65.27452664
23,0.9,21,26,-66.62975376
23,0.9,21,28,-67.74540426
23,1,21,14,-47.26498345
23,1,21,16,-52.48116776
23,1,21,18,-56.524264
23,1,21,20,-59.43386697
23,1,21,22,-61.50658421
23,1,21,24,-63.22072701
23,1,21,26,-64.67683715
23,1,21,28,-65.91873833
27,0.3,14,14,-74.19683256
27,0.3,14,16,-76.86030982
27,0.3,14,18,-78.89358982
27,0.3,14,20,-80.51911807
27,0.3,14,22,-81.84145341
27,0.3,14,24,-83.00608536
27,0.3,14,26,-83.96721444
27,0.3,14,28,-84.8572706
27,0.4,14,14,-68.94446316
27,0.4,14,16,-72.29738688
27,0.4,14,18,-75.03882696
27,0.4,14,20,-77.07741212
27,0.4,14,22,-78.68876735
27,0.4,14,24,-80.09860261
27,0.4,14,26,-81.18091801
27,0.4,14,28,-82.18852502
27,0.5,14,14,-63.26606882
27,0.5,14,16,-67.40061988
27,0.5,14,18,-70.75517275
27,0.5,14,20,-73.32881606
27,0.5,14,22,-75.36297844
27,0.5,14,24,-77.06398529
27,0.5,14,26,-78.34472052
27,0.5,14,28,-79.5354695
27,0.6,14,14,-57.25967046
27,0.6,14,16,-62.18092608
27,0.6,14,18,-66.09023532
27,0.6,14,20,-69.30564604
27,0.6,14,22,-71.83163909
27,0.6,14,24,-73.83016039
27,0.6,14,26,-75.4367327
27,0.6,14,28,-76.79752565
27,0.7,14,14,-50.67756887
27,0.7,14,16,-56.77408751
27,0.7,14,18,-61.41629702
27,0.7,14,20,-65.04989791
27,0.7,14,22,-67.96950537
27,0.7,14,24,-70.40355558
27,0.7,14,26,-72.37540791
27,0.7,14,28,-74.07821119
27,0.8,14,14,-43.95423775
27,0.8,14,16,-50.85092474
27,0.8,14,18,-56.45249412
27,0.8,14,20,-60.49662754
27,0.8,14,22,-63.89346449
27,0.8,14,24,-66.75022133
27,0.8,14,26,-69.13930902
27,0.8,14,28,-71.04620756
27,0.9,14,14,-37.08330955
27,0.9,14,16,-44.90883375
27,0.9,14,18,-50.99811098
27,0.9,14,20,-55.91852717
27,0.9,14,22,-59.73162662
27,0.9,14,24,-62.9080717
27,0.9,14,26,-65.64921553
27,0.9,14,28,-67.93527776
27,1,14,14,-30.79288909
27,1,14,16,-38.92095454
27,1,14,18,-45.6630735
27,1,14,20,-51.09356538
27,1,14,22,-55.57906267
27,1,14,24,-59.0745083
27,1,14,26,-62.05693527
27,1,14,28,-64.69799239
27,0.3,15,14,-76.08434156
27,0.3,15,16,-78.5090284
27,0.3,15,18,-80.39073371
27,0.3,15,20,-81.92499397
27,0.3,15,22,-83.21318614
27,0.3,15,24,-84.29633365
27,0.3,15,26,-85.30060124
27,0.3,15,28,-86.12465861
27,0.4,15,14,-71.2043731
27,0.4,15,16,-74.38045396
27,0.4,15,18,-76.8489686
27,0.4,15,20,-78.74910727
27,0.4,15,22,-80.23714139
27,0.4,15,24,-81.50346112
27,0.4,15,26,-82.63548395
27,0.4,15,28,-83.5840152
27,0.5,15,14,-65.85728283
27,0.5,15,16,-69.86950622
27,0.5,15,18,-72.94825853
27,0.5,15,20,-75.33003657
27,0.5,15,22,-77.17258722
27,0.5,15,24,-78.68063572
27,0.5,15,26,-79.92580664
27,0.5,15,28,-80.99130784
27,0.6,15,14,-60.27191454
27,0.6,15,16,-64.92248337
27,0.6,15,18,-68.69552391
27,0.6,15,20,-71.70602125
27,0.6,15,22,-73.95750037
27,0.6,15,24,-75.74089941
27,0.6,15,26,-77.20498046
27,0.6,15,28,-78.43583215
27,0.7,15,14,-54.33275276
27,0.7,15,16,-59.88092663
27,0.7,15,18,-64.2135651
27,0.7,15,20,-67.67841012
27,0.7,15,22,-70.49932597
27,0.7,15,24,-72.68671355
27,0.7,15,26,-74.41950322
27,0.7,15,28,-75.8616963
27,0.8,15,14,-47.90597911
27,0.8,15,16,-54.50941059
27,0.8,15,18,-59.59109404
27,0.8,15,20,-63.41638067
27,0.8,15,22,-66.76887447
27,0.8,15,24,-69.40383147
27,0.8,15,26,-71.46384929
27,0.8,15,28,-73.1651343
27,0.9,15,14,-41.46746807
27,0.9,15,16,-48.80659369
27,0.9,15,18,-54.70735316
27,0.9,15,20,-59.13357359
27,0.9,15,22,-62.80545214
27,0.9,15,24,-65.89293367
27,0.9,15,26,-68.3270321
27,0.9,15,28,-70.43063189
27,1,15,14,-35.14112293
27,1,15,16,-43.18706763
27,1,15,18,-49.56331911
27,1,15,20,-54.78256098
27,1,15,22,-58.82401168
27,1,15,24,-62.19769628
27,1,15,26,-65.0714826
27,1,15,28,-67.43687128
27,0.3,16,14,-77.65351308
27,0.3,16,16,-79.94642115
27,0.3,16,18,-81.76932461
27,0.3,16,20,-83.20593268
27,0.3,16,22,-84.4089413
27,0.3,16,24,-85.51997918
27,0.3,16,26,-86.50896305
27,0.3,16,28,-87.33169532
27,0.4,16,14,-73.15503196
27,0.4,16,16,-76.17882126
27,0.4,16,18,-78.48605404
27,0.4,16,20,-80.21840266
27,0.4,16,22,-81.63557261
27,0.4,16,24,-82.85881831
27,0.4,16,26,-83.93910904
27,0.4,16,28,-84.88299607
27,0.5,16,14,-68.20399027
27,0.5,16,16,-72.02677947
27,0.5,16,18,-74.91849017
27,0.5,16,20,-77.09015688
27,0.5,16,22,-78.76544162
27,0.5,16,24,-80.22020526
27,0.5,16,26,-81.39204278
27,0.5,16,28,-82.45355932
27,0.6,16,14,-62.96315798
27,0.6,16,16,-67.46448915
27,0.6,16,18,-71.00549603
27,0.6,16,20,-73.81165934
27,0.6,16,22,-75.78798139
27,0.6,16,24,-77.45121441
27,0.6,16,26,-78.77431972
27,0.6,16,28,-79.97638364
27,0.7,16,14,-57.46227895
27,0.7,16,16,-62.66376305
27,0.7,16,18,-66.83456178
27,0.7,16,20,-70.17676372
27,0.7,16,22,-72.63440738
27,0.7,16,24,-74.63929037
27,0.7,16,26,-76.20863564
27,0.7,16,28,-77.52538021
27,0.8,16,14,-51.47029211
27,0.8,16,16,-57.71474243
27,0.8,16,18,-62.37931263
27,0.8,16,20,-66.202502
27,0.8,16,22,-69.25023603
27,0.8,16,24,-71.65646257
27,0.8,16,26,-73.49991659
27,0.8,16,28,-75.00514027
27,0.9,16,14,-45.40995783
27,0.9,16,16,-52.44036649
27,0.9,16,18,-57.88535972
27,0.9,16,20,-62.09504268
27,0.9,16,22,-65.61205598
27,0.9,16,24,-68.443164
27,0.9,16,26,-70.684945
27,0.9,16,28,-72.48819771
27,1,16,14,-39.25983423
27,1,16,16,-47.03133696
27,1,16,18,-53.19005877
27,1,16,20,-57.96845293
27,1,16,22,-61.80358619
27,1,16,24,-65.01850981
27,1,16,26,-67.67603191
27,1,16,28,-69.82132043
27,0.3,17,14,-79.06796164
27,0.3,17,16,-81.20416251
27,0.3,17,18,-82.96093557
27,0.3,17,20,-84.38085462
27,0.3,17,22,-85.58509168
27,0.3,17,24,-86.64425981
27,0.3,17,26,-87.61217869
27,0.3,17,28,-88.47354922
27,0.4,17,14,-74.94189792
27,0.4,17,16,-77.72427268
27,0.4,17,18,-79.82575762
27,0.4,17,20,-81.51626081
27,0.4,17,22,-82.90342886
27,0.4,17,24,-84.09770731
27,0.4,17,26,-85.18447741
27,0.4,17,28,-86.09893388
27,0.5,17,14,-70.38221327
27,0.5,17,16,-73.90881468
27,0.5,17,18,-76.58319255
27,0.5,17,20,-78.59799465
27,0.5,17,22,-80.18687567
27,0.5,17,24,-81.60243939
27,0.5,17,26,-82.76198937
27,0.5,17,28,-83.73809332
27,0.6,17,14,-65.39044245
27,0.6,17,16,-69.72479222
27,0.6,17,18,-73.10280903
27,0.6,17,20,-75.56896949
27,0.6,17,22,-77.38220049
27,0.6,17,24,-78.96595759
27,0.6,17,26,-80.2495273
27,0.6,17,28,-81.3716224
27,0.7,17,14,-60.23247529
27,0.7,17,16,-65.21913794
27,0.7,17,18,-69.25305607
27,0.7,17,20,-72.26651493
27,0.7,17,22,-74.47880358
27,0.7,17,24,-76.29342985
27,0.7,17,26,-77.77776201
27,0.7,17,28,-79.04123221
27,0.8,17,14,-54.73699751
27,0.8,17,16,-60.49190413
27,0.8,17,18,-65.0562472
27,0.8,17,20,-68.66210338
27,0.8,17,22,-71.39456302
27,0.8,17,24,-73.57390973
27,0.8,17,26,-75.23530667
27,0.8,17,28,-76.64669183
27,0.9,17,14,-48.8986727
27,0.9,17,16,-55.67358855
27,0.9,17,18,-60.72444558
27,0.9,17,20,-64.79678253
27,0.9,17,22,-68.07980686
27,0.9,17,24,-70.6644985
27,0.9,17,26,-72.63882482
27,0.9,17,28,-74.21993064
27,1,17,14,-43.1064322
27,1,17,16,-50.53483991
27,1,17,18,-56.39062243
27,1,17,20,-60.83866955
27,1,17,22,-64.54086038
27,1,17,24,-67.60432221
27,1,17,26,-69.93259556
27,1,17,28,-71.79013283
27,0.3,18,14,-80.32808001
27,0.3,18,16,-82.3531648
27,0.3,18,18,-84.01986997
27,0.3,18,20,-85.46035492
27,0.3,18,22,-86.66811621
27,0.3,18,24,-87.69895757
27,0.3,18,26,-88.66846826
27,0.3,18,28,-89.52661065
27,0.4,18,14,-76.51622832
27,0.4,18,16,-79.13051628
27,0.4,18,18,-81.08738353
27,0.4,18,20,-82.71370073
27,0.4,18,22,-84.08341099
27,0.4,18,24,-85.24486877
27,0.4,18,26,-86.28627257
27,0.4,18,28,-87.23143811
27,0.5,18,14,-72.30498747
27,0.5,18,16,-75.66677801
27,0.5,18,18,-78.03573012
27,0.5,18,20,-79.90440903
27,0.5,18,22,-81.48729177
27,0.5,18,24,-82.80360108
27,0.5,18,26,-83.91835128
27,0.5,18,28,-84.95346965
27,0.6,18,14,-67.6764625
27,0.6,18,16,-71.80766466
27,0.6,18,18,-74.7423225
27,0.6,18,20,-77.05308416
27,0.6,18,22,-78.81466109
27,0.6,18,24,-80.34485066
27,0.6,18,26,-81.55956024
27,0.6,18,28,-82.6648301
27,0.7,18,14,-62.73948068
27,0.7,18,16,-67.57347385
27,0.7,18,18,-71.31146118
27,0.7,18,20,-74.08184713
27,0.7,18,22,-76.09179054
27,0.7,18,24,-77.8689282
27,0.7,18,26,-79.21276864
27,0.7,18,28,-80.41927886
27,0.8,18,14,-57.60930731
27,0.8,18,16,-63.06854509
27,0.8,18,18,-67.46246371
27,0.8,18,20,-70.84855863
27,0.8,18,22,-73.24039943
27,0.8,18,24,-75.28318665
27,0.8,18,26,-76.80722328
27,0.8,18,28,-78.14161102
27,0.9,18,14,-52.15788418
27,0.9,18,16,-58.49398005
27,0.9,18,18,-63.35996398
27,0.9,18,20,-67.26533118
27,0.9,18,22,-70.20856081
27,0.9,18,24,-72.62714637
27,0.9,18,26,-74.32478729
27,0.9,18,28,-75.89349819
27,1,18,14,-46.57692183
27,1,18,16,-53.76789972
27,1,18,18,-59.18672132
27,1,18,20,-63.51597826
27,1,18,22,-66.97682004
27,1,18,24,-69.72674607
27,1,18,26,-71.82336255
27,1,18,28,-73.53530815
27,0.3,19,14,-81.48725544
27,0.3,19,16,-83.47528799
27,0.3,19,18,-85.07638908
27,0.3,19,20,-86.46261428
27,0.3,19,22,-87.67909437
27,0.3,19,24,-88.68534112
27,0.3,19,26,-89.66341408
27,0.3,19,28,-90.51472268
27,0.4,19,14,-77.91358606
27,0.4,19,16,-80.33716653
27,0.4,19,18,-82.2648282
27,0.4,19,20,-83.80042266
27,0.4,19,22,-85.16882267
27,0.4,19,24,-86.33570135
27,0.4,19,26,-87.35167652
27,0.4,19,28,-88.28326944
27,0.5,19,14,-74.02730451
27,0.5,19,16,-77.13359255
27,0.5,19,18,-79.34948158
27,0.5,19,20,-81.15488642
27,0.5,19,22,-82.63689039
27,0.5,19,24,-83.9589907
27,0.5,19,26,-85.09496413
27,0.5,19,28,-86.08856616
27,0.6,19,14,-69.72548561
27,0.6,19,16,-73.54003958
27,0.6,19,18,-76.27027918
27,0.6,19,20,-78.53658243
27,0.6,19,22,-80.12463363
27,0.6,19,24,-81.55950809
27,0.6,19,26,-82.78575884
27,0.6,19,28,-83.87671251
27,0.7,19,14,-65.04099948
27,0.7,19,16,-69.66259709
27,0.7,19,18,-73.13678994
27,0.7,19,20,-75.64933487
27,0.7,19,22,-77.53950748
27,0.7,19,24,-79.10815207
27,0.7,19,26,-80.53470379
27,0.7,19,28,-81.74961607
27,0.8,19,14,-60.16349494
27,0.8,19,16,-65.45128722
27,0.8,19,18,-69.60544159
27,0.8,19,20,-72.62881664
27,0.8,19,22,-74.81778957
27,0.8,19,24,-76.65146468
27,0.8,19,26,-78.21920771
27,0.8,19,28,-79.56986753
27,0.9,19,14,-55.11886431
27,0.9,19,16,-61.05326379
27,0.9,19,18,-65.77901664
27,0.9,19,20,-69.42329901
27,0.9,19,22,-72.05616886
27,0.9,19,24,-74.14869795
27,0.9,19,26,-75.8763224
27,0.9,19,28,-77.34384995
27,1,19,14,-49.7717284
27,1,19,16,-56.62684343
27,1,19,18,-61.76907115
27,1,19,20,-65.99168241
27,1,19,22,-69.12350427
27,1,19,24,-71.57741892
27,1,19,26,-73.51584724
27,1,19,28,-75.12472109
27,0.3,20,14,-82.53227105
27,0.3,20,16,-84.44894741
27,0.3,20,18,-86.07770631
27,0.3,20,20,-87.39570787
27,0.3,20,22,-88.63483466
27,0.3,20,24,-89.66401778
27,0.3,20,26,-90.59730294
27,0.3,20,28,-91.54094149
27,0.4,20,14,-79.19150782
27,0.4,20,16,-81.53018252
27,0.4,20,18,-83.34905118
27,0.4,20,20,-84.85466036
27,0.4,20,22,-86.17686867
27,0.4,20,24,-87.3752024
27,0.4,20,26,-88.37497328
27,0.4,20,28,-89.32683294
27,0.5,20,14,-75.60448389
27,0.5,20,16,-78.43281206
27,0.5,20,18,-80.60156324
27,0.5,20,20,-82.33967193
27,0.5,20,22,-83.74550725
27,0.5,20,24,-85.06190905
27,0.5,20,26,-86.12843428
27,0.5,20,28,-87.16416243
27,0.6,20,14,-71.58332414
27,0.6,20,16,-75.13344796
27,0.6,20,18,-77.72731065
27,0.6,20,20,-79.70955392
27,0.6,20,22,-81.31150268
27,0.6,20,24,-82.73928144
27,0.6,20,26,-83.91188734
27,0.6,20,28,-85.02882425
27,0.7,20,14,-67.19889037
27,0.7,20,16,-71.56575433
27,0.7,20,18,-74.69381854
27,0.7,20,20,-77.05027121
27,0.7,20,22,-78.85913062
27,0.7,20,24,-80.34610212
27,0.7,20,26,-81.77787537
27,0.7,20,28,-82.94204137
27,0.8,20,14,-62.51549901
27,0.8,20,16,-67.6500166
27,0.8,20,18,-71.46343259
27,0.8,20,20,-74.22393809
27,0.8,20,22,-76.32930188
27,0.8,20,24,-78.03032944
27,0.8,20,26,-79.5288494
27,0.8,20,28,-80.81950968
27,0.9,20,14,-57.74121852
27,0.9,20,16,-63.45129929
27,0.9,20,18,-67.95718102
27,0.9,20,20,-71.2797322
27,0.9,20,22,-73.71860861
27,0.9,20,24,-75.6700836
27,0.9,20,26,-77.28434359
27,0.9,20,28,-78.69064932
27,1,20,14,-52.75450833
27,1,20,16,-59.17242946
27,1,20,18,-64.19573585
27,1,20,20,-68.13611898
27,1,20,22,-71.02483177
27,1,20,24,-73.18738983
27,1,20,26,-75.021533
27,1,20,28,-76.55605002
27,0.3,21,14,-83.51280862
27,0.3,21,16,-85.38801633
27,0.3,21,18,-86.97499008
27,0.3,21,20,-88.28778991
27,0.3,21,22,-89.50575325
27,0.3,21,24,-90.52288941
27,0.3,21,26,-91.53600943
27,0.3,21,28,-92.41598962
27,0.4,21,14,-80.31366782
27,0.4,21,16,-82.50448716
27,0.4,21,18,-84.36540384
27,0.4,21,20,-85.83122476
27,0.4,21,22,-87.10308924
27,0.4,21,24,-88.34580798
27,0.4,21,26,-89.35217177
27,0.4,21,28,-90.30370565
27,0.5,21,14,-76.94477013
27,0.5,21,16,-79.6191758
27,0.5,21,18,-81.70109258
27,0.5,21,20,-83.32854181
27,0.5,21,22,-84.8344978
27,0.5,21,24,-86.10000693
27,0.5,21,26,-87.20806543
27,0.5,21,28,-88.15995985
27,0.6,21,14,-73.24755741
27,0.6,21,16,-76.53608695
27,0.6,21,18,-78.96618589
27,0.6,21,20,-80.88492509
27,0.6,21,22,-82.52138296
27,0.6,21,24,-83.84864441
27,0.6,21,26,-85.06084526
27,0.6,21,28,-86.11573871
27,0.7,21,14,-69.18198138
27,0.7,21,16,-73.22853965
27,0.7,21,18,-76.1102027
27,0.7,21,20,-78.34285348
27,0.7,21,22,-80.20054007
27,0.7,21,24,-81.60056936
27,0.7,21,26,-82.91644992
27,0.7,21,28,-84.11549888
27,0.8,21,14,-64.73399364
27,0.8,21,16,-69.60241466
27,0.8,21,18,-73.11417154
27,0.8,21,20,-75.71664682
27,0.8,21,22,-77.75195275
27,0.8,21,24,-79.33216175
27,0.8,21,26,-80.75865626
27,0.8,21,28,-82.04532857
27,0.9,21,14,-60.15333198
27,0.9,21,16,-65.68526198
27,0.9,21,18,-69.88762994
27,0.9,21,20,-72.91995021
27,0.9,21,22,-75.16371744
27,0.9,21,24,-76.97086656
27,0.9,21,26,-78.59363146
27,0.9,21,28,-79.97213979
27,1,21,14,-55.45959671
27,1,21,16,-61.5603961
27,1,21,18,-66.38608564
27,1,21,20,-70.03104364
27,1,21,22,-72.64117023
27,1,21,24,-74.65875639
27,1,21,26,-76.42529231
27,1,21,28,-77.89060484
31,0.3,14,14,-84.28962756
31,0.3,14,16,-87.42135969
31,0.3,14,18,-89.87901684
31,0.3,14,20,-91.81874913
31,0.3,14,22,-93.44064655
31,0.3,14,24,-94.74154621
31,0.3,14,26,-95.90583433
31,0.3,14,28,-96.97517952
31,0.4,14,14,-78.4561215
31,0.4,14,16,-82.39464151
31,0.4,14,18,-85.52580761
31,0.4,14,20,-87.95325008
31,0.4,14,22,-89.9283939
31,0.4,14,24,-91.54376816
31,0.4,14,26,-92.89906753
31,0.4,14,28,-94.12838147
31,0.5,14,14,-72.2102914
31,0.5,14,16,-76.91335517
31,0.5,14,18,-80.70505299
31,0.5,14,20,-83.8227963
31,0.5,14,22,-86.18176591
31,0.5,14,24,-88.17263559
31,0.5,14,26,-89.81509438
31,0.5,14,28,-91.20321285
31,0.6,14,14,-65.41980648
31,0.6,14,16,-71.14577704
31,0.6,14,18,-75.6170012
31,0.6,14,20,-79.33297954
31,0.6,14,22,-82.14467652
31,0.6,14,24,-84.51477872
31,0.6,14,26,-86.53962284
31,0.6,14,28,-88.17305696
31,0.7,14,14,-58.03727893
31,0.7,14,16,-64.9659583
31,0.7,14,18,-70.20302638
31,0.7,14,20,-74.4513707
31,0.7,14,22,-77.88427571
31,0.7,14,24,-80.83688995
31,0.7,14,26,-83.06365053
31,0.7,14,28,-84.99704223
31,0.8,14,14,-50.36568329
31,0.8,14,16,-58.28970379
31,0.8,14,18,-64.54529246
31,0.8,14,20,-69.39762043
31,0.8,14,22,-73.30152711
31,0.8,14,24,-76.64539545
31,0.8,14,26,-79.35103026
31,0.8,14,28,-81.63661682
31,0.9,14,14,-42.34685271
31,0.9,14,16,-51.51692458
31,0.9,14,18,-58.45803781
31,0.9,14,20,-64.21421947
31,0.9,14,22,-68.69537974
31,0.9,14,24,-72.33253232
31,0.9,14,26,-75.3886531
31,0.9,14,28,-78.06153532
31,1,14,14,-35.15589179
31,1,14,16,-44.52170577
31,1,14,18,-52.40671314
31,1,14,20,-58.63723591
31,1,14,22,-63.81922426
31,1,14,24,-68.06062095
31,1,14,26,-71.31286002
31,1,14,28,-74.32183648
31,0.3,15,14,-86.3903316
31,0.3,15,16,-89.38412607
31,0.3,15,18,-91.66224612
31,0.3,15,20,-93.45619634
31,0.3,15,22,-94.98661399
31,0.3,15,24,-96.28187556
31,0.3,15,26,-97.40675336
31,0.3,15,28,-98.42386031
31,0.4,15,14,-80.97838943
31,0.4,15,16,-84.71776766
31,0.4,15,18,-87.77643542
31,0.4,15,20,-89.90871602
31,0.4,15,22,-91.73418755
31,0.4,15,24,-93.23003628
31,0.4,15,26,-94.50135848
31,0.4,15,28,-95.7108531
31,0.5,15,14,-75.11191819
31,0.5,15,16,-79.63903258
31,0.5,15,18,-83.25768911
31,0.5,15,20,-86.08542072
31,0.5,15,22,-88.3357824
31,0.5,15,24,-90.08022118
31,0.5,15,26,-91.58843838
31,0.5,15,28,-92.89755911
31,0.6,15,14,-68.86399653
31,0.6,15,16,-74.18636653
31,0.6,15,18,-78.45419355
31,0.6,15,20,-81.94267872
31,0.6,15,22,-84.66529508
31,0.6,15,24,-86.79035791
31,0.6,15,26,-88.54648111
31,0.6,15,28,-90.08296281
31,0.7,15,14,-62.13584408
31,0.7,15,16,-68.54382519
31,0.7,15,18,-73.486538
31,0.7,15,20,-77.58212111
31,0.7,15,22,-80.85404514
31,0.7,15,24,-83.44317655
31,0.7,15,26,-85.43658314
31,0.7,15,28,-87.16936665
31,0.8,15,14,-54.94358243
31,0.8,15,16,-62.41764001
31,0.8,15,18,-68.27950063
31,0.8,15,20,-72.76508793
31,0.8,15,22,-76.6012068
31,0.8,15,24,-79.70159296
31,0.8,15,26,-82.08729835
31,0.8,15,28,-84.14726312
31,0.9,15,14,-47.49943638
31,0.9,15,16,-55.99218631
31,0.9,15,18,-62.72100149
31,0.9,15,20,-67.94226759
31,0.9,15,22,-72.08388473
31,0.9,15,24,-75.60274572
31,0.9,15,26,-78.55798278
31,0.9,15,28,-80.95192694
31,1,15,14,-40.12176181
31,1,15,16,-49.52638715
31,1,15,18,-56.86751648
31,1,15,20,-62.90143934
31,1,15,22,-67.62384508
31,1,15,24,-71.5124443
31,1,15,26,-74.77251579
31,1,15,28,-77.61801729
31,0.3,16,14,-88.27325396
31,0.3,16,16,-91.0311737
31,0.3,16,18,-93.22095976
31,0.3,16,20,-94.94802061
31,0.3,16,22,-96.5014392
31,0.3,16,24,-97.62632731
31,0.3,16,26,-98.78601085
31,0.3,16,28,-99.71353558
31,0.4,16,14,-83.25201113
31,0.4,16,16,-86.82462101
31,0.4,16,18,-89.50363032
31,0.4,16,20,-91.67877732
31,0.4,16,22,-93.40448705
31,0.4,16,24,-94.77600078
31,0.4,16,26,-96.04480708
31,0.4,16,28,-97.13920774
31,0.5,16,14,-77.74543359
31,0.5,16,16,-82.12504491
31,0.5,16,18,-85.52268474
31,0.5,16,20,-88.15073884
31,0.5,16,22,-90.31639082
31,0.5,16,24,-91.83200863
31,0.5,16,26,-93.27737611
31,0.5,16,28,-94.52847851
31,0.6,16,14,-71.88787534
31,0.6,16,16,-77.01933311
31,0.6,16,18,-81.08751395
31,0.6,16,20,-84.36495889
31,0.6,16,22,-86.84350462
31,0.6,16,24,-88.74725854
31,0.6,16,26,-90.38315142
31,0.6,16,28,-91.81001774
31,0.7,16,14,-65.72636484
31,0.7,16,16,-71.66406809
31,0.7,16,18,-76.38760722
31,0.7,16,20,-80.21169089
31,0.7,16,22,-83.25689177
31,0.7,16,24,-85.80921091
31,0.7,16,26,-87.72308644
31,0.7,16,28,-89.10361134
31,0.8,16,14,-58.95987954
31,0.8,16,16,-66.07560713
31,0.8,16,18,-71.43698854
31,0.8,16,20,-75.84487828
31,0.8,16,22,-79.37699444
31,0.8,16,24,-82.34976953
31,0.8,16,26,-84.51562341
31,0.8,16,28,-86.3224746
31,0.9,16,14,-52.04844689
31,0.9,16,16,-60.05491189
31,0.9,16,18,-66.36237605
31,0.9,16,20,-71.19880259
31,0.9,16,22,-75.22564245
31,0.9,16,24,-78.68068803
31,0.9,16,26,-81.3598796
31,0.9,16,28,-83.43555563
31,1,16,14,-44.98230867
31,1,16,16,-53.93523935
31,1,16,18,-60.98254637
31,1,16,20,-66.57915685
31,1,16,22,-70.94446851
31,1,16,24,-74.71196126
31,1,16,26,-77.79920313
31,1,16,28,-80.36495047
31,0.3,17,14,-89.94687139
31,0.3,17,16,-92.56823096
31,0.3,17,18,-94.61511673
31,0.3,17,20,-96.29678656
31,0.3,17,22,-97.69655942
31,0.3,17,24,-98.92984643
31,0.3,17,26,-99.99034503
31,0.3,17,28,-101.0628192
31,0.4,17,14,-85.29572567
31,0.4,17,16,-88.65136311
31,0.4,17,18,-91.17322177
31,0.4,17,20,-93.18487121
31,0.4,17,22,-94.79109645
31,0.4,17,24,-96.19670187
31,0.4,17,26,-97.37179905
31,0.4,17,28,-98.45275654
31,0.5,17,14,-80.17017818
31,0.5,17,16,-84.33143697
31,0.5,17,18,-87.45862241
31,0.5,17,20,-89.92315287
31,0.5,17,22,-91.83806256
31,0.5,17,24,-93.37100405
31,0.5,17,26,-94.73890259
31,0.5,17,28,-95.91259973
31,0.6,17,14,-74.68390186
31,0.6,17,16,-79.59705526
31,0.6,17,18,-83.41126283
31,0.6,17,20,-86.41702911
31,0.6,17,22,-88.715023
31,0.6,17,24,-90.49879585
31,0.6,17,26,-92.1296897
31,0.6,17,28,-93.41674222
31,0.7,17,14,-68.86780535
31,0.7,17,16,-74.53432447
31,0.7,17,18,-79.08792189
31,0.7,17,20,-82.69176174
31,0.7,17,22,-85.44057626
31,0.7,17,24,-87.58723604
31,0.7,17,26,-89.42569509
31,0.7,17,28,-90.81705008
31,0.8,17,14,-62.62777038
31,0.8,17,16,-69.26856104
31,0.8,17,18,-74.38542586
31,0.8,17,20,-78.61254227
31,0.8,17,22,-81.88754901
31,0.8,17,24,-84.49167299
31,0.8,17,26,-86.63193807
31,0.8,17,28,-88.22473983
31,0.9,17,14,-56.02641395
31,0.9,17,16,-63.76917655
31,0.9,17,18,-69.57932208
31,0.9,17,20,-74.41378589
31,0.9,17,22,-78.09706293
31,0.9,17,24,-81.15390586
31,0.9,17,26,-83.55839393
31,0.9,17,28,-85.54083756
31,1,17,14,-49.4120701
31,1,17,16,-57.9083024
31,1,17,18,-64.663559
31,1,17,20,-69.88549227
31,1,17,22,-74.0787192
31,1,17,24,-77.58607256
31,1,17,26,-80.55129857
31,1,17,28,-82.75929018
31,0.3,18,14,-91.44408715
31,0.3,18,16,-93.86535958
31,0.3,18,18,-95.85388849
31,0.3,18,20,-97.50134624
31,0.3,18,22,-98.89973103
31,0.3,18,24,-100.1141532
31,0.3,18,26,-101.1578503
31,0.3,18,28,-102.1637445
31,0.4,18,14,-87.14855678
31,0.4,18,16,-90.26091638
31,0.4,18,18,-92.60933996
31,0.4,18,20,-94.52951579
31,0.4,18,22,-96.12112406
31,0.4,18,24,-97.47559006
31,0.4,18,26,-98.65648952
31,0.4,18,28,-99.7348527
31,0.5,18,14,-82.37395808
31,0.5,18,16,-86.3004251
31,0.5,18,18,-89.19092331
31,0.5,18,20,-91.4550532
31,0.5,18,22,-93.27591196
31,0.5,18,24,-94.80105899
31,0.5,18,26,-96.13790612
31,0.5,18,28,-97.30559354
31,0.6,18,14,-77.21038865
31,0.6,18,16,-81.8966073
31,0.6,18,18,-85.51619378
31,0.6,18,20,-88.22417197
31,0.6,18,22,-90.36905991
31,0.6,18,24,-92.0603094
31,0.6,18,26,-93.64319848
31,0.6,18,28,-94.86876178
31,0.7,18,14,-71.70242631
31,0.7,18,16,-77.17684148
31,0.7,18,18,-81.50116185
31,0.7,18,20,-84.82885962
31,0.7,18,22,-87.43378763
31,0.7,18,24,-89.3126819
31,0.7,18,26,-91.0541195
31,0.7,18,28,-92.4532365
31,0.8,18,14,-65.92170844
31,0.8,18,16,-72.16922287
31,0.8,18,18,-77.1271613
31,0.8,18,20,-81.11029901
31,0.8,18,22,-84.22243376
31,0.8,18,24,-86.43607173
31,0.8,18,26,-88.39960531
31,0.8,18,28,-89.93528616
31,0.9,18,14,-59.7009007
31,0.9,18,16,-67.02162353
31,0.9,18,18,-72.53167512
31,0.9,18,20,-77.06318588
31,0.9,18,22,-80.73240454
31,0.9,18,24,-83.37187582
31,0.9,18,26,-85.66512228
31,0.9,18,28,-87.39125754
31,1,18,14,-53.38343773
31,1,18,16,-61.59038527
31,1,18,18,-67.86677393
31,1,18,20,-72.80642048
31,1,18,22,-76.94466078
31,1,18,24,-80.15043047
31,1,18,26,-82.74071258
31,1,18,28,-84.8036277
31,0.3,19,14,-92.7801672
31,0.3,19,16,-95.16457873
31,0.3,19,18,-97.04209159
31,0.3,19,20,-98.67019115
31,0.3,19,22,-99.99115874
31,0.3,19,24,-101.1978611
31,0.3,19,26,-102.2690063
31,0.3,19,28,-103.2828378
31,0.4,19,14,-88.78780711
31,0.4,19,16,-91.72551447
31,0.4,19,18,-93.94845379
31,0.4,19,20,-95.79680703
31,0.4,19,22,-97.2907585
31,0.4,19,24,-98.69187544
31,0.4,19,26,-99.84315226
31,0.4,19,28,-100.9220599
31,0.5,19,14,-84.37660926
31,0.5,19,16,-88.07248608
31,0.5,19,18,-90.71527326
31,0.5,19,20,-92.82519232
31,0.5,19,22,-94.59082241
31,0.5,19,24,-96.09254346
31,0.5,19,26,-97.39070208
31,0.5,19,28,-98.57564288
31,0.6,19,14,-79.57388161
31,0.6,19,16,-84.04089358
31,0.6,19,18,-87.31568801
31,0.6,19,20,-89.88459649
31,0.6,19,22,-91.77574862
31,0.6,19,24,-93.50336634
31,0.6,19,26,-94.93450664
31,0.6,19,28,-96.22164855
31,0.7,19,14,-74.35965068
31,0.7,19,16,-79.64919508
31,0.7,19,18,-83.62385906
31,0.7,19,20,-86.72664781
31,0.7,19,22,-89.08438643
31,0.7,19,24,-90.90665396
31,0.7,19,26,-92.52085392
31,0.7,19,28,-93.89147077
31,0.8,19,14,-68.88949174
31,0.8,19,16,-74.89584708
31,0.8,19,18,-79.61230406
31,0.8,19,20,-83.30618163
31,0.8,19,22,-86.09763236
31,0.8,19,24,-88.15797483
31,0.8,19,26,-90.0333519
31,0.8,19,28,-91.49129289
31,0.9,19,14,-63.120425
31,0.9,19,16,-69.94684544
31,0.9,19,18,-75.30832923
31,0.9,19,20,-79.61060736
31,0.9,19,22,-82.93019147
31,0.9,19,24,-85.32633513
31,0.9,19,26,-87.35606241
31,0.9,19,28,-89.06526599
31,1,19,14,-57.02461295
31,1,19,16,-64.87118592
31,1,19,18,-70.8021687
31,1,19,20,-75.6385539
31,1,19,22,-79.47727828
31,1,19,24,-82.39638905
31,1,19,26,-84.71527774
31,1,19,28,-86.61202139
31,0.3,20,14,-93.98749922
31,0.3,20,16,-96.30390059
31,0.3,20,18,-98.1289561
31,0.3,20,20,-99.69161932
31,0.3,20,22,-101.0529385
31,0.3,20,24,-102.2650986
31,0.3,20,26,-103.3348141
31,0.3,20,28,-104.3671245
31,0.4,20,14,-90.25826633
31,0.4,20,16,-93.04938726
31,0.4,20,18,-95.17252788
31,0.4,20,20,-96.93421031
31,0.4,20,22,-98.43483228
31,0.4,20,24,-99.81838135
31,0.4,20,26,-101.0110801
31,0.4,20,28,-102.0035239
31,0.5,20,14,-86.14723004
31,0.5,20,16,-89.56911086
31,0.5,20,18,-92.10715754
31,0.5,20,20,-94.14236296
31,0.5,20,22,-95.81486838
31,0.5,20,24,-97.35578085
31,0.5,20,26,-98.63555753
31,0.5,20,28,-99.86979846
31,0.6,20,14,-81.63360513
31,0.6,20,16,-85.86808574
31,0.6,20,18,-88.89941163
31,0.6,20,20,-91.24555688
31,0.6,20,22,-93.14612042
31,0.6,20,24,-94.81340973
31,0.6,20,26,-96.2617258
31,0.6,20,28,-97.59516882
31,0.7,20,14,-76.74026646
31,0.7,20,16,-81.78791477
31,0.7,20,18,-85.50306124
31,0.7,20,20,-88.26705504
31,0.7,20,22,-90.64933335
31,0.7,20,24,-92.3508554
31,0.7,20,26,-93.83196143
31,0.7,20,28,-95.30589405
31,0.8,20,14,-71.61183426
31,0.8,20,16,-77.34075909
31,0.8,20,18,-81.81503972
31,0.8,20,20,-85.20023119
31,0.8,20,22,-87.81295525
31,0.8,20,24,-89.71835918
31,0.8,20,26,-91.43506268
31,0.8,20,28,-92.97488169
31,0.9,20,14,-66.15661782
31,0.9,20,16,-72.6667118
31,0.9,20,18,-77.80799704
31,0.9,20,20,-81.82477771
31,0.9,20,22,-84.81811908
31,0.9,20,24,-87.08496245
31,0.9,20,26,-88.98516009
31,0.9,20,28,-90.61063297
31,1,20,14,-60.41893822
31,1,20,16,-67.86042093
31,1,20,18,-73.53997465
31,1,20,20,-78.16683642
31,1,20,22,-81.67154172
31,1,20,24,-84.3653655
31,1,20,26,-86.45509639
31,1,20,28,-88.24488971
31,0.3,21,14,-95.12640839
31,0.3,21,16,-97.32830064
31,0.3,21,18,-99.16791674
31,0.3,21,20,-100.7495668
31,0.3,21,22,-102.0686436
31,0.3,21,24,-103.2816756
31,0.3,21,26,-104.3416553
31,0.3,21,28,-105.3793783
31,0.4,21,14,-91.60873077
31,0.4,21,16,-94.21536341
31,0.4,21,18,-96.28501707
31,0.4,21,20,-98.04796383
31,0.4,21,22,-99.58799054
31,0.4,21,24,-100.9507446
31,0.4,21,26,-102.0788389
31,0.4,21,28,-103.1322052
31,0.5,21,14,-87.81321883
31,0.5,21,16,-90.98063621
31,0.5,21,18,-93.39381154
31,0.5,21,20,-95.33938436
31,0.5,21,22,-96.96727644
31,0.5,21,24,-98.52413
31,0.5,21,26,-99.75088754
31,0.5,21,28,-100.9658959
31,0.6,21,14,-83.55025222
31,0.6,21,16,-87.48331202
31,0.6,21,18,-90.3827342
31,0.6,21,20,-92.63998304
31,0.6,21,22,-94.53782042
31,0.6,21,24,-96.13329965
31,0.6,21,26,-97.48583457
31,0.6,21,28,-98.81872787
31,0.7,21,14,-79.01869109
31,0.7,21,16,-83.74084039
31,0.7,21,18,-87.22909702
31,0.7,21,20,-89.78460879
31,0.7,21,22,-91.93255922
31,0.7,21,24,-93.77818937
31,0.7,21,26,-95.17503962
31,0.7,21,28,-96.56419848
31,0.8,21,14,-74.01924369
31,0.8,21,16,-79.59648977
31,0.8,21,18,-83.78232169
31,0.8,21,20,-86.86893041
31,0.8,21,22,-89.24030294
31,0.8,21,24,-91.22992166
31,0.8,21,26,-92.80898847
31,0.8,21,28,-94.32960567
31,0.9,21,14,-68.9482983
31,0.9,21,16,-75.15479783
31,0.9,21,18,-80.08008794
31,0.9,21,20,-83.77706117
31,0.9,21,22,-86.46317263
31,0.9,21,24,-88.71055416
31,0.9,21,26,-90.43109564
31,0.9,21,28,-92.10217155
31,1,21,14,-63.52683925
31,1,21,16,-70.53390361
31,1,21,18,-76.08267286
31,1,21,20,-80.45392036
31,1,21,22,-83.63136012
31,1,21,24,-86.12339526
31,1,21,26,-88.0184794
31,1,21,28,-89.8299174
35,0.3,14,14,-94.04837431
35,0.3,14,16,-97.71240695
35,0.3,14,18,-100.5725374
35,0.3,14,20,-102.8714656
35,0.3,14,22,-104.7587845
35,0.3,14,24,-106.3235461
35,0.3,14,26,-107.6737517
35,0.3,14,28,-108.8170346
35,0.4,14,14,-87.86798592
35,0.4,14,16,-92.2224516
35,0.4,14,18,-95.76167179
35,0.4,14,20,-98.58022274
35,0.4,14,22,-100.9122733
35,0.4,14,24,-102.8165111
35,0.4,14,26,-104.4754519
35,0.4,14,28,-105.7236808
35,0.5,14,14,-81.02082284
35,0.5,14,16,-86.20353286
35,0.5,14,18,-90.48503039
35,0.5,14,20,-93.98033414
35,0.5,14,22,-96.76120951
35,0.5,14,24,-99.05387645
35,0.5,14,26,-100.9400766
35,0.5,14,28,-102.6037523
35,0.6,14,14,-73.49174485
35,0.6,14,16,-79.89115032
35,0.6,14,18,-84.82278956
35,0.6,14,20,-89.03653734
35,0.6,14,22,-92.46966925
35,0.6,14,24,-95.04742479
35,0.6,14,26,-97.32885517
35,0.6,14,28,-99.30765704
35,0.7,14,14,-65.40564883
35,0.7,14,16,-73.04446702
35,0.7,14,18,-78.98117837
35,0.7,14,20,-83.66709151
35,0.7,14,22,-87.65842813
35,0.7,14,24,-90.76351798
35,0.7,14,26,-93.51953751
35,0.7,14,28,-95.74221929
35,0.8,14,14,-56.72600623
35,0.8,14,16,-65.64786766
35,0.8,14,18,-72.64398368
35,0.8,14,20,-78.10147094
35,0.8,14,22,-82.57893173
35,0.8,14,24,-86.17413273
35,0.8,14,26,-89.38124391
35,0.8,14,28,-91.99080933
35,0.9,14,14,-47.70224333
35,0.9,14,16,-58.07753287
35,0.9,14,18,-65.90463384
35,0.9,14,20,-72.29668025
35,0.9,14,22,-77.35129518
35,0.9,14,24,-81.53559915
35,0.9,14,26,-84.99759953
35,0.9,14,28,-88.07429392
35,1,14,14,-39.51212445
35,1,14,16,-50.14794295
35,1,14,18,-59.10428242
35,1,14,20,-66.12156322
35,1,14,22,-71.97567859
35,1,14,24,-76.69901645
35,1,14,26,-80.50315399
35,1,14,28,-83.88339233
35,0.3,15,14,-96.42758325
35,0.3,15,16,-99.90193828
35,0.3,15,18,-102.6392991
35,0.3,15,20,-104.7714096
35,0.3,15,22,-106.5415076
35,0.3,15,24,-108.0424458
35,0.3,15,26,-109.3127878
35,0.3,15,28,-110.4772332
35,0.4,15,14,-90.56087745
35,0.4,15,16,-94.81293492
35,0.4,15,18,-98.20934758
35,0.4,15,20,-100.9332801
35,0.4,15,22,-102.9691049
35,0.4,15,24,-104.7176453
35,0.4,15,26,-106.2191832
35,0.4,15,28,-107.5283573
35,0.5,15,14,-84.20728408
35,0.5,15,16,-89.25699583
35,0.5,15,18,-93.34324088
35,0.5,15,20,-96.63077445
35,0.5,15,22,-99.33064028
35,0.5,15,24,-101.3041199
35,0.5,15,26,-103.0587326
35,0.5,15,28,-104.658238
35,0.6,15,14,-77.32347772
35,0.6,15,16,-83.3147856
35,0.6,15,18,-88.06950917
35,0.6,15,20,-92.00163276
35,0.6,15,22,-95.17430532
35,0.6,15,24,-97.70747174
35,0.6,15,26,-99.74837309
35,0.6,15,28,-101.5026587
35,0.7,15,14,-69.8061262
35,0.7,15,16,-77.09878713
35,0.7,15,18,-82.55934217
35,0.7,15,20,-87.00099938
35,0.7,15,22,-90.74601455
35,0.7,15,24,-93.79870782
35,0.7,15,26,-96.31706363
35,0.7,15,28,-98.33394785
35,0.8,15,14,-61.84775055
35,0.8,15,16,-70.2455595
35,0.8,15,18,-76.7640464
35,0.8,15,20,-81.82597082
35,0.8,15,22,-86.07784391
35,0.8,15,24,-89.61943573
35,0.8,15,26,-92.61381
35,0.8,15,28,-94.89505646
35,0.9,15,14,-53.44230566
35,0.9,15,16,-63.14022692
35,0.9,15,18,-70.58995815
35,0.9,15,20,-76.55771292
35,0.9,15,22,-81.17440453
35,0.9,15,24,-85.17672536
35,0.9,15,26,-88.58243613
35,0.9,15,28,-91.31006508
35,1,15,14,-45.14534917
35,1,15,16,-55.83313588
35,1,15,18,-64.14583475
35,1,15,20,-70.84374809
35,1,15,22,-76.25042596
35,1,15,24,-80.63144124
35,1,15,26,-84.36603211
35,1,15,28,-87.57343671
35,0.3,16,14,-98.59750928
35,0.3,16,16,-101.8827903
35,0.3,16,18,-104.4246376
35,0.3,16,20,-106.4536192
35,0.3,16,22,-108.1470149
35,0.3,16,24,-109.5947602
35,0.3,16,26,-110.8233215
35,0.3,16,28,-111.9547168
35,0.4,16,14,-93.11024121
35,0.4,16,16,-97.16051977
35,0.4,16,18,-100.3728137
35,0.4,16,20,-102.8966107
35,0.4,16,22,-104.7982604
35,0.4,16,24,-106.4609742
35,0.4,16,26,-107.8827173
35,0.4,16,28,-109.1612922
35,0.5,16,14,-87.1134054
35,0.5,16,16,-92.01052913
35,0.5,16,18,-95.91300486
35,0.5,16,20,-98.96176347
35,0.5,16,22,-101.2936013
35,0.5,16,24,-103.2736744
35,0.5,16,26,-104.881556
35,0.5,16,28,-106.3328373
35,0.6,16,14,-80.75163665
35,0.6,16,16,-86.40125621
35,0.6,16,18,-90.98588102
35,0.6,16,20,-94.72119445
35,0.6,16,22,-97.58604342
35,0.6,16,24,-99.96274197
35,0.6,16,26,-101.8164156
35,0.6,16,28,-103.4280961
35,0.7,16,14,-73.81947012
35,0.7,16,16,-80.6173068
35,0.7,16,18,-85.85966183
35,0.7,16,20,-90.1881094
35,0.7,16,22,-93.5883499
35,0.7,16,24,-96.55397048
35,0.7,16,26,-98.7119769
35,0.7,16,28,-100.5923234
35,0.8,16,14,-66.30815189
35,0.8,16,16,-74.32617294
35,0.8,16,18,-80.38535182
35,0.8,16,20,-85.29907235
35,0.8,16,22,-89.28226469
35,0.8,16,24,-92.77242268
35,0.8,16,26,-95.32869562
35,0.8,16,28,-97.48714866
35,0.9,16,14,-58.6086317
35,0.9,16,16,-67.65582517
35,0.9,16,18,-74.73604061
35,0.9,16,20,-80.19588372
35,0.9,16,22,-84.7023296
35,0.9,16,24,-88.71489577
35,0.9,16,26,-91.67861589
35,0.9,16,28,-94.23936067
35,1,16,14,-50.62533511
35,1,16,16,-60.82099912
35,1,16,18,-68.72659453
35,1,16,20,-75.03022491
35,1,16,22,-80.01753362
35,1,16,24,-84.25475251
35,1,16,26,-87.80657088
35,1,16,28,-90.75757968
35,0.3,17,14,-100.4871846
35,0.3,17,16,-103.6178356
35,0.3,17,18,-106.0505172
35,0.3,17,20,-107.9638433
35,0.3,17,22,-109.6110674
35,0.3,17,24,-111.0240913
35,0.3,17,26,-112.2568296
35,0.3,17,28,-113.3663423
35,0.4,17,14,-95.40928593
35,0.4,17,16,-99.27169777
35,0.4,17,18,-102.2602485
35,0.4,17,20,-104.5508218
35,0.4,17,22,-106.5281377
35,0.4,17,24,-108.1659973
35,0.4,17,26,-109.470277
35,0.4,17,28,-110.6738152
35,0.5,17,14,-89.77639354
35,0.5,17,16,-94.48856312
35,0.5,17,18,-98.17442113
35,0.5,17,20,-100.9708929
35,0.5,17,22,-103.2712718
35,0.5,17,24,-105.0006613
35,0.5,17,26,-106.6144906
35,0.5,17,28,-107.9569584
35,0.6,17,14,-83.77533573
35,0.6,17,16,-89.25985642
35,0.6,17,18,-93.70471369
35,0.6,17,20,-97.07292486
35,0.6,17,22,-99.76964013
35,0.6,17,24,-101.9615369
35,0.6,17,26,-103.6912386
35,0.6,17,28,-105.217931
35,0.7,17,14,-77.39717057
35,0.7,17,16,-83.77144889
35,0.7,17,18,-88.86993687
35,0.7,17,20,-92.91437951
35,0.7,17,22,-96.1094314
35,0.7,17,24,-98.70185629
35,0.7,17,26,-100.6985545
35,0.7,17,28,-102.5068227
35,0.8,17,14,-70.39725406
35,0.8,17,16,-77.94897891
35,0.8,17,18,-83.66531593
35,0.8,17,20,-88.37932722
35,0.8,17,22,-92.16479817
35,0.8,17,24,-95.22359491
35,0.8,17,26,-97.69704856
35,0.8,17,28,-99.6343443
35,0.9,17,14,-63.12486955
35,0.9,17,16,-71.75938667
35,0.9,17,18,-78.35551369
35,0.9,17,20,-83.56645425
35,0.9,17,22,-87.98065707
35,0.9,17,24,-91.49247877
35,0.9,17,26,-94.39615641
35,0.9,17,28,-96.66633193
35,1,17,14,-55.59245556
35,1,17,16,-65.23988614
35,1,17,18,-72.8203126
35,1,17,20,-78.67735925
35,1,17,22,-83.511398
35,1,17,24,-87.513727
35,1,17,26,-90.83522845
35,1,17,28,-93.54935461
35,0.3,18,14,-102.2773022
35,0.3,18,16,-105.187452
35,0.3,18,18,-107.513299
35,0.3,18,20,-109.3489119
35,0.3,18,22,-110.9617937
35,0.3,18,24,-112.3417947
35,0.3,18,26,-113.602168
35,0.3,18,28,-114.6930513
35,0.4,18,14,-97.49006906
35,0.4,18,16,-101.1369591
35,0.4,18,18,-103.916786
35,0.4,18,20,-106.1567466
35,0.4,18,22,-107.9729036
35,0.4,18,24,-109.4855233
35,0.4,18,26,-110.8717459
35,0.4,18,28,-112.0999022
35,0.5,18,14,-92.22435775
35,0.5,18,16,-96.71561519
35,0.5,18,18,-100.1745638
35,0.5,18,20,-102.8346459
35,0.5,18,22,-104.9120212
35,0.5,18,24,-106.6674089
35,0.5,18,26,-108.156362
35,0.5,18,28,-109.4454692
35,0.6,18,14,-86.59438942
35,0.6,18,16,-91.84733919
35,0.6,18,18,-95.99722456
35,0.6,18,20,-99.25904648
35,0.6,18,22,-101.7130408
35,0.6,18,24,-103.7260898
35,0.6,18,26,-105.3368278
35,0.6,18,28,-106.8208485
35,0.7,18,14,-80.5797464
35,0.7,18,16,-86.66720287
35,0.7,18,18,-91.53436873
35,0.7,18,20,-95.36554158
35,0.7,18,22,-98.28185167
35,0.7,18,24,-100.6994133
35,0.7,18,26,-102.5467294
35,0.7,18,28,-104.2685051
35,0.8,18,14,-74.08445729
35,0.8,18,16,-81.16646503
35,0.8,18,18,-86.69112496
35,0.8,18,20,-91.16633611
35,0.8,18,22,-94.66643993
35,0.8,18,24,-97.48865575
35,0.8,18,26,-99.66907939
35,0.8,18,28,-101.5443699
35,0.9,18,14,-67.2052565
35,0.9,18,16,-75.41869024
35,0.9,18,18,-81.63963967
35,0.9,18,20,-86.69394809
35,0.9,18,22,-90.82999694
35,0.9,18,24,-94.1036605
35,0.9,18,26,-96.65407698
35,0.9,18,28,-98.75681028
35,1,18,14,-60.17017627
35,1,18,16,-69.34418936
35,1,18,18,-76.46029076
35,1,18,20,-82.012772
35,1,18,22,-86.65843298
35,1,18,24,-90.44379561
35,1,18,26,-93.43355807
35,1,18,28,-95.91926195
35,0.3,19,14,-103.7915568
35,0.3,19,16,-106.6154732
35,0.3,19,18,-108.8653013
35,0.3,19,20,-110.6653676
35,0.3,19,22,-112.1984105
35,0.3,19,24,-113.5993772
35,0.3,19,26,-114.8133099
35,0.3,19,28,-115.9313374
35,0.4,19,14,-99.39428916
35,0.4,19,16,-102.8007013
35,0.4,19,18,-105.4462175
35,0.4,19,20,-107.5797481
35,0.4,19,22,-109.3666324
35,0.4,19,24,-110.8302173
35,0.4,19,26,-112.2189848
35,0.4,19,28,-113.4203624
35,0.5,19,14,-94.49468031
35,0.5,19,16,-98.70830852
35,0.5,19,18,-101.908655
35,0.5,19,20,-104.4491788
35,0.5,19,22,-106.3760942
35,0.5,19,24,-108.1281372
35,0.5,19,26,-109.5988621
35,0.5,19,28,-110.8586408
35,0.6,19,14,-89.18475242
35,0.6,19,16,-94.23867787
35,0.6,19,18,-98.09831691
35,0.6,19,20,-101.0829104
35,0.6,19,22,-103.4124295
35,0.6,19,24,-105.332645
35,0.6,19,26,-106.9297915
35,0.6,19,28,-108.3446797
35,0.7,19,14,-83.47333063
35,0.7,19,16,-89.34940318
35,0.7,19,18,-93.96357678
35,0.7,19,20,-97.53414378
35,0.7,19,22,-100.248282
35,0.7,19,24,-102.4029392
35,0.7,19,26,-104.2964599
35,0.7,19,28,-105.884844
35,0.8,19,14,-77.45202184
35,0.8,19,16,-84.13004378
35,0.8,19,18,-89.47030743
35,0.8,19,20,-93.65477349
35,0.8,19,22,-96.90156671
35,0.8,19,24,-99.64752049
35,0.8,19,26,-101.5360844
35,0.8,19,28,-103.2994349
35,0.9,19,14,-70.92158563
35,0.9,19,16,-78.68636816
35,0.9,19,18,-84.66185624
35,0.9,19,20,-89.51447823
35,0.9,19,22,-93.38131026
35,0.9,19,24,-96.45784374
35,0.9,19,26,-98.67715908
35,0.9,19,28,-100.6415895
35,1,19,14,-64.21927374
35,1,19,16,-73.07202961
35,1,19,18,-79.71134654
35,1,19,20,-85.10502189
35,1,19,22,-89.53798886
35,1,19,24,-93.13274908
35,1,19,26,-95.73750792
35,1,19,28,-97.9732125
35,0.3,20,14,-105.2023834
35,0.3,20,16,-107.9174067
35,0.3,20,18,-110.0384854
35,0.3,20,20,-111.8519022
35,0.3,20,22,-113.3977754
35,0.3,20,24,-114.7636736
35,0.3,20,26,-115.9657061
35,0.3,20,28,-117.1181798
35,0.4,20,14,-101.0700128
35,0.4,20,16,-104.2961429
35,0.4,20,18,-106.8344978
35,0.4,20,20,-108.8720549
35,0.4,20,22,-110.6269714
35,0.4,20,24,-112.0879732
35,0.4,20,26,-113.4019905
35,0.4,20,28,-114.6517428
35,0.5,20,14,-96.50016939
35,0.5,20,16,-100.5176516
35,0.5,20,18,-103.4906404
35,0.5,20,20,-105.8261489
35,0.5,20,22,-107.8135569
35,0.5,20,24,-109.42523
35,0.5,20,26,-110.9030823
35,0.5,20,28,-112.2295218
35,0.6,20,14,-91.51082199
35,0.6,20,16,-96.32093817
35,0.6,20,18,-99.9405521
35,0.6,20,20,-102.6849721
35,0.6,20,22,-104.984654
35,0.6,20,24,-106.7628186
35,0.6,20,26,-108.3608037
35,0.6,20,28,-109.7265636
35,0.7,20,14,-86.17485049
35,0.7,20,16,-91.86167446
35,0.7,20,18,-96.13215466
35,0.7,20,20,-99.42523425
35,0.7,20,22,-101.9122448
35,0.7,20,24,-104.0456231
35,0.7,20,26,-105.762341
35,0.7,20,28,-107.3588929
35,0.8,20,14,-80.43017434
35,0.8,20,16,-86.92670223
35,0.8,20,18,-91.95753471
35,0.8,20,20,-95.87328896
35,0.8,20,22,-98.80607779
35,0.8,20,24,-101.3536768
35,0.8,20,26,-103.1913581
35,0.8,20,28,-104.8893258
35,0.9,20,14,-74.38014733
35,0.9,20,16,-81.73304497
35,0.9,20,18,-87.48984797
35,0.9,20,20,-92.12131048
35,0.9,20,22,-95.57372935
35,0.9,20,24,-98.4761299
35,0.9,20,26,-100.502165
35,0.9,20,28,-102.3850213
35,1,20,14,-67.9731682
35,1,20,16,-76.42684074
35,1,20,18,-82.76280193
35,1,20,20,-87.94842487
35,1,20,22,-92.05480197
35,1,20,24,-95.4257443
35,1,20,26,-97.76764365
35,1,20,28,-99.81362076
35,0.3,21,14,-106.5365482
35,0.3,21,16,-109.1612643
35,0.3,21,18,-111.1831
35,0.3,21,20,-112.9528621
35,0.3,21,22,-114.48939
35,0.3,21,24,-115.8388094
35,0.3,21,26,-117.0757743
35,0.3,21,28,-118.2236268
35,0.4,21,14,-102.629786
35,0.4,21,16,-105.732659
35,0.4,21,18,-108.0931659
35,0.4,21,20,-110.097819
35,0.4,21,22,-111.8101255
35,0.4,21,24,-113.2457126
35,0.4,21,26,-114.5812123
35,0.4,21,28,-115.7718205
35,0.5,21,14,-98.32098266
35,0.5,21,16,-102.1652319
35,0.5,21,18,-104.9517976
35,0.5,21,20,-107.187256
35,0.5,21,22,-109.0842919
35,0.5,21,24,-110.6916702
35,0.5,21,26,-112.152811
35,0.5,21,28,-113.4494182
35,0.6,21,14,-93.65977302
35,0.6,21,16,-98.27016677
35,0.6,21,18,-101.6211944
35,0.6,21,20,-104.1880435
35,0.6,21,22,-106.2967332
35,0.6,21,24,-108.101386
35,0.6,21,26,-109.7778363
35,0.6,21,28,-111.0856421
35,0.7,21,14,-88.66331203
35,0.7,21,16,-94.04495336
35,0.7,21,18,-98.07144469
35,0.7,21,20,-101.0943393
35,0.7,21,22,-103.5843986
35,0.7,21,24,-105.5611054
35,0.7,21,26,-107.2326676
35,0.7,21,28,-108.7460623
35,0.8,21,14,-83.18827262
35,0.8,21,16,-89.48207017
35,0.8,21,18,-94.20144934
35,0.8,21,20,-97.80794002
35,0.8,21,22,-100.6778809
35,0.8,21,24,-102.9745747
35,0.8,21,26,-104.9267149
35,0.8,21,28,-106.4003667
35,0.9,21,14,-77.5345098
35,0.9,21,16,-84.5166249
35,0.9,21,18,-90.04535528
35,0.9,21,20,-94.30859655
35,0.9,21,22,-97.61326547
35,0.9,21,24,-100.2773511
35,0.9,21,26,-102.2301309
35,0.9,21,28,-103.9876569
35,1,21,14,-71.4313124
35,1,21,16,-79.41155068
35,1,21,18,-85.60477984
35,1,21,20,-90.53572327
35,1,21,22,-94.35050795
35,1,21,24,-97.41926454
35,1,21,26,-99.62212442
35,1,21,28,-101.5095492
39,0.3,14,14,-103.7744523
39,0.3,14,16,-107.748037
39,0.3,14,18,-111.0264431
39,0.3,14,20,-113.6949264
39,0.3,14,22,-115.9161683
39,0.3,14,24,-117.7017142
39,0.3,14,26,-119.266803
39,0.3,14,28,-120.5957453
39,0.4,14,14,-96.96873558
39,0.4,14,16,-101.8185093
39,0.4,14,18,-105.7504122
39,0.4,14,20,-109.0877551
39,0.4,14,22,-111.6992595
39,0.4,14,24,-113.8789535
39,0.4,14,26,-115.7252684
39,0.4,14,28,-117.2697478
39,0.5,14,14,-89.57578446
39,0.5,14,16,-95.43324468
39,0.5,14,18,-100.0496826
39,0.5,14,20,-103.9180114
39,0.5,14,22,-107.2763208
39,0.5,14,24,-109.7512468
39,0.5,14,26,-111.9562705
39,0.5,14,28,-113.8987897
39,0.6,14,14,-81.35623295
39,0.6,14,16,-88.55259509
39,0.6,14,18,-93.98144453
39,0.6,14,20,-98.54882982
39,0.6,14,22,-102.2734707
39,0.6,14,24,-105.3557105
39,0.6,14,26,-107.9829288
39,0.6,14,28,-110.1976807
39,0.7,14,14,-72.59740065
39,0.7,14,16,-81.01457464
39,0.7,14,18,-87.5966837
39,0.7,14,20,-92.78176117
39,0.7,14,22,-97.14881301
39,0.7,14,24,-100.7434827
39,0.7,14,26,-103.7399532
39,0.7,14,28,-106.3824532
39,0.8,14,14,-63.04276982
39,0.8,14,16,-72.95865129
39,0.8,14,18,-80.63723162
39,0.8,14,20,-86.74316499
39,0.8,14,22,-91.56383202
39,0.8,14,24,-95.76864588
39,0.8,14,26,-99.19948342
39,0.8,14,28,-102.2285439
39,0.9,14,14,-52.96990985
39,0.9,14,16,-64.57118595
39,0.9,14,18,-73.26739795
39,0.9,14,20,-80.31849713
39,0.9,14,22,-85.99864463
39,0.9,14,24,-90.52544741
39,0.9,14,26,-94.45792448
39,0.9,14,28,-97.86995764
39,1,14,14,-43.85908317
39,1,14,16,-55.68483785
39,1,14,18,-65.74191456
39,1,14,20,-73.5143913
39,1,14,22,-80.01586782
39,1,14,24,-85.26577333
39,1,14,26,-89.52690298
39,1,14,28,-93.27936091
39,0.3,15,14,-106.3577408
39,0.3,15,16,-110.2395309
39,0.3,15,18,-113.3321641
39,0.3,15,20,-115.8591643
39,0.3,15,22,-117.9014333
39,0.3,15,24,-119.6384616
39,0.3,15,26,-121.0908315
39,0.3,15,28,-122.3982597
39,0.4,15,14,-100.0027763
39,0.4,15,16,-104.7430745
39,0.4,15,18,-108.4846832
39,0.4,15,20,-111.5456188
39,0.4,15,22,-114.0279136
39,0.4,15,24,-116.0740806
39,0.4,15,26,-117.763992
39,0.4,15,28,-119.2703845
39,0.5,15,14,-93.12101321
39,0.5,15,16,-98.66312988
39,0.5,15,18,-103.1985277
39,0.5,15,20,-106.9259024
39,0.5,15,22,-110.0489115
39,0.5,15,24,-112.3848378
39,0.5,15,26,-114.3621426
39,0.5,15,28,-116.066816
39,0.6,15,14,-85.6161493
39,0.6,15,16,-92.30271915
39,0.6,15,18,-97.55819439
39,0.6,15,20,-101.8541889
39,0.6,15,22,-105.5214819
39,0.6,15,24,-108.3613611
39,0.6,15,26,-110.7389969
39,0.6,15,28,-112.7535226
39,0.7,15,14,-77.45409515
39,0.7,15,16,-85.41611224
39,0.7,15,18,-91.54147335
39,0.7,15,20,-96.44022212
39,0.7,15,22,-100.7564589
39,0.7,15,24,-104.0450936
39,0.7,15,26,-106.9030836
39,0.7,15,28,-109.2712185
39,0.8,15,14,-68.77208204
39,0.8,15,16,-77.98389565
39,0.8,15,18,-85.19825394
39,0.8,15,20,-90.81455191
39,0.8,15,22,-95.48347061
39,0.8,15,24,-99.44452564
39,0.8,15,26,-102.7652262
39,0.8,15,28,-105.5617942
39,0.9,15,14,-59.43902505
39,0.9,15,16,-70.18306795
39,0.9,15,18,-78.39523489
39,0.9,15,20,-84.97721501
39,0.9,15,22,-90.20679518
39,0.9,15,24,-94.58607601
39,0.9,15,26,-98.3971853
39,0.9,15,28,-101.5837767
39,1,15,14,-50.0914997
39,1,15,16,-62.02486976
39,1,15,18,-71.33099196
39,1,15,20,-78.75068952
39,1,15,22,-84.77577456
39,1,15,24,-89.63722973
39,1,15,26,-93.74491842
39,1,15,28,-97.33102359
39,0.3,16,14,-108.7649382
39,0.3,16,16,-112.4638328
39,0.3,16,18,-115.3969978
39,0.3,16,20,-117.7645882
39,0.3,16,22,-119.698893
39,0.3,16,24,-121.3677824
39,0.3,16,26,-122.7785955
39,0.3,16,28,-124.0678067
39,0.4,16,14,-102.7875647
39,0.4,16,16,-107.2505571
39,0.4,16,18,-110.9040068
39,0.4,16,20,-113.7854525
39,0.4,16,22,-116.0961189
39,0.4,16,24,-117.9893502
39,0.4,16,26,-119.6303986
39,0.4,16,28,-121.0993329
39,0.5,16,14,-96.31490337
39,0.5,16,16,-101.6555258
39,0.5,16,18,-106.0338617
39,0.5,16,20,-109.5459747
39,0.5,16,22,-112.3321073
39,0.5,16,24,-114.5115192
39,0.5,16,26,-116.4117692
39,0.5,16,28,-118.0485248
39,0.6,16,14,-89.35473685
39,0.6,16,16,-95.64698718
39,0.6,16,18,-100.7299843
39,0.6,16,20,-104.8822152
39,0.6,16,22,-108.3338877
39,0.6,16,24,-110.9311747
39,0.6,16,26,-113.0775064
39,0.6,16,28,-114.9393313
39,0.7,16,14,-81.77739994
39,0.7,16,16,-89.32252106
39,0.7,16,18,-95.06447147
39,0.7,16,20,-99.89299916
39,0.7,16,22,-103.8803691
39,0.7,16,24,-107.0144323
39,0.7,16,26,-109.6094291
39,0.7,16,28,-111.7588621
39,0.8,16,14,-73.67561991
39,0.8,16,16,-82.45852083
39,0.8,16,18,-89.17945566
39,0.8,16,20,-94.58611446
39,0.8,16,22,-99.04118008
39,0.8,16,24,-102.8121133
39,0.8,16,26,-105.836657
39,0.8,16,28,-108.4165914
39,0.9,16,14,-65.15186024
39,0.9,16,16,-75.1156705
39,0.9,16,18,-82.96315948
39,0.9,16,20,-89.08368205
39,0.9,16,22,-94.20218427
39,0.9,16,24,-98.31614573
39,0.9,16,26,-101.8612341
39,0.9,16,28,-104.7703746
39,1,16,14,-56.22781058
39,1,16,16,-67.62749867
39,1,16,18,-76.31812847
39,1,16,20,-83.4577504
39,1,16,22,-88.90751645
39,1,16,24,-93.60289346
39,1,16,26,-97.58922497
39,1,16,28,-100.9860275
39,0.3,17,14,-110.871841
39,0.3,17,16,-114.4443177
39,0.3,17,18,-117.2492613
39,0.3,17,20,-119.4580941
39,0.3,17,22,-121.3444714
39,0.3,17,24,-122.9365596
39,0.3,17,26,-124.3485331
39,0.3,17,28,-125.5988285
39,0.4,17,14,-105.2965176
39,0.4,17,16,-109.6554597
39,0.4,17,18,-113.0361796
39,0.4,17,20,-115.7482224
39,0.4,17,22,-117.9510967
39,0.4,17,24,-119.7705419
39,0.4,17,26,-121.3296892
39,0.4,17,28,-122.7626909
39,0.5,17,14,-99.20956588
39,0.5,17,16,-104.3979111
39,0.5,17,18,-108.5427681
39,0.5,17,20,-111.8606748
39,0.5,17,22,-114.4390708
39,0.5,17,24,-116.4731358
39,0.5,17,26,-118.298647
39,0.5,17,28,-119.8637249
39,0.6,17,14,-92.70220362
39,0.6,17,16,-98.75627746
39,0.6,17,18,-103.7103982
39,0.6,17,20,-107.5790932
39,0.6,17,22,-110.6500001
39,0.6,17,24,-113.099153
39,0.6,17,26,-115.2055927
39,0.6,17,28,-116.8934405
39,0.7,17,14,-85.69512822
39,0.7,17,16,-92.82735781
39,0.7,17,18,-98.40703646
39,0.7,17,20,-103.0061632
39,0.7,17,22,-106.6546082
39,0.7,17,24,-109.5667261
39,0.7,17,26,-112.0200258
39,0.7,17,28,-113.9305459
39,0.8,17,14,-78.11973907
39,0.8,17,16,-86.48760976
39,0.8,17,18,-92.78037316
39,0.8,17,20,-97.97194885
39,0.8,17,22,-102.2611988
39,0.8,17,24,-105.7495931
39,0.8,17,26,-108.7190115
39,0.8,17,28,-110.813142
39,0.9,17,14,-70.21969468
39,0.9,17,16,-79.65211966
39,0.9,17,18,-86.98982651
39,0.9,17,20,-92.76227709
39,0.9,17,22,-97.57794729
39,0.9,17,24,-101.5880321
39,0.9,17,26,-104.8838491
39,0.9,17,28,-107.5611088
39,1,17,14,-61.85587855
39,1,17,16,-72.51993997
39,1,17,18,-80.86791796
39,1,17,20,-87.47714162
39,1,17,22,-92.67412037
39,1,17,24,-97.19983879
39,1,17,26,-101.0038559
39,1,17,28,-104.0489988
39,0.3,18,14,-112.8187814
39,0.3,18,16,-116.2403374
39,0.3,18,18,-118.8438266
39,0.3,18,20,-121.0161308
39,0.3,18,22,-122.8205694
39,0.3,18,24,-124.4169018
39,0.3,18,26,-125.786057
39,0.3,18,28,-127.0331386
39,0.4,18,14,-107.6448227
39,0.4,18,16,-111.7406544
39,0.4,18,18,-115.0012525
39,0.4,18,20,-117.5079609
39,0.4,18,22,-119.6873099
39,0.4,18,24,-121.3862089
39,0.4,18,26,-122.9077812
39,0.4,18,28,-124.2721031
39,0.5,18,14,-101.8951955
39,0.5,18,16,-106.908576
39,0.5,18,18,-110.7812494
39,0.5,18,20,-113.9189511
39,0.5,18,22,-116.288539
39,0.5,18,24,-118.3083937
39,0.5,18,26,-120.1350557
39,0.5,18,28,-121.4860401
39,0.6,18,14,-95.72803045
39,0.6,18,16,-101.6189476
39,0.6,18,18,-106.30971
39,0.6,18,20,-109.9667809
39,0.6,18,22,-112.8187442
39,0.6,18,24,-115.1204659
39,0.6,18,26,-117.1345049
39,0.6,18,28,-118.6939703
39,0.7,18,14,-89.23588298
39,0.7,18,16,-95.9527963
39,0.7,18,18,-101.3534912
39,0.7,18,20,-105.6881298
39,0.7,18,22,-109.1203017
39,0.7,18,24,-111.8762124
39,0.7,18,26,-114.0996145
39,0.7,18,28,-115.8947049
39,0.8,18,14,-82.1083022
39,0.8,18,16,-90.00876632
39,0.8,18,18,-96.12040372
39,0.8,18,20,-101.0720888
39,0.8,18,22,-105.1064349
39,0.8,18,24,-108.2666562
39,0.8,18,26,-110.8468272
39,0.8,18,28,-112.9598451
39,0.9,18,14,-74.67322436
39,0.9,18,16,-83.71350177
39,0.9,18,18,-90.63439259
39,0.9,18,20,-96.17723173
39,0.9,18,22,-100.8226011
39,0.9,18,24,-104.5527842
39,0.9,18,26,-107.5136654
39,0.9,18,28,-109.9323738
39,1,18,14,-66.89206134
39,1,18,16,-77.00139227
39,1,18,18,-84.98491505
39,1,18,20,-91.21079248
39,1,18,22,-96.24657635
39,1,18,24,-100.5458853
39,1,18,26,-103.9422783
39,1,18,28,-106.7456092
39,0.3,19,14,-114.5791518
39,0.3,19,16,-117.8344846
39,0.3,19,18,-120.3507384
39,0.3,19,20,-122.4665403
39,0.3,19,22,-124.2543779
39,0.3,19,24,-125.8002845
39,0.3,19,26,-127.145966
39,0.3,19,28,-128.3599569
39,0.4,19,14,-109.7268338
39,0.4,19,16,-113.6713206
39,0.4,19,18,-116.6961365
39,0.4,19,20,-119.1352209
39,0.4,19,22,-121.1144106
39,0.4,19,24,-122.8446424
39,0.4,19,26,-124.3595396
39,0.4,19,28,-125.6684469
39,0.5,19,14,-104.3425412
39,0.5,19,16,-109.1185324
39,0.5,19,18,-112.8143376
39,0.5,19,20,-115.6973753
39,0.5,19,22,-118.0235458
39,0.5,19,24,-119.95862
39,0.5,19,26,-121.6895427
39,0.5,19,28,-123.0557716
39,0.6,19,14,-98.54056824
39,0.6,19,16,-104.2212469
39,0.6,19,18,-108.6096503
39,0.6,19,20,-112.0467566
39,0.6,19,22,-114.7358729
39,0.6,19,24,-116.9212478
39,0.6,19,26,-118.8652134
39,0.6,19,28,-120.3384762
39,0.7,19,14,-92.36882691
39,0.7,19,16,-98.8997975
39,0.7,19,18,-104.0867363
39,0.7,19,20,-108.1376393
39,0.7,19,22,-111.3181814
39,0.7,19,24,-113.8036953
39,0.7,19,26,-115.9817718
39,0.7,19,28,-117.7153102
39,0.8,19,14,-85.79396711
39,0.8,19,16,-93.24937253
39,0.8,19,18,-99.16046263
39,0.8,19,20,-103.9084148
39,0.8,19,22,-107.6060361
39,0.8,19,24,-110.5650909
39,0.8,19,26,-112.9573781
39,0.8,19,28,-114.9360336
39,0.9,19,14,-78.7436375
39,0.9,19,16,-87.34606325
39,0.9,19,18,-93.93305898
39,0.9,19,20,-99.33432449
39,0.9,19,22,-103.6472452
39,0.9,19,24,-107.1230295
39,0.9,19,26,-109.8540129
39,0.9,19,28,-112.0969421
39,1,19,14,-71.40562129
39,1,19,16,-81.09350446
39,1,19,18,-88.58266036
39,1,19,20,-94.50585506
39,1,19,22,-99.41460222
39,1,19,24,-103.4093997
39,1,19,26,-106.5585333
39,1,19,28,-109.1367681
39,0.3,20,14,-116.227812
39,0.3,20,16,-119.3110801
39,0.3,20,18,-121.7338306
39,0.3,20,20,-123.807244
39,0.3,20,22,-125.5236409
39,0.3,20,24,-127.0686478
39,0.3,20,26,-128.3739335
39,0.3,20,28,-129.608333
39,0.4,20,14,-111.634987
39,0.4,20,16,-115.3999627
39,0.4,20,18,-118.2808325
39,0.4,20,20,-120.597661
39,0.4,20,22,-122.6054107
39,0.4,20,24,-124.2464248
39,0.4,20,26,-125.6894941
39,0.4,20,28,-127.0347477
39,0.5,20,14,-106.5932609
39,0.5,20,16,-111.1847222
39,0.5,20,18,-114.6420686
39,0.5,20,20,-117.3365139
39,0.5,20,22,-119.6284225
39,0.5,20,24,-121.4938846
39,0.5,20,26,-123.101194
39,0.5,20,28,-124.5887289
39,0.6,20,14,-101.1637387
39,0.6,20,16,-106.5734135
39,0.6,20,18,-110.7263435
39,0.6,20,20,-113.8939172
39,0.6,20,22,-116.4888736
39,0.6,20,24,-118.6220433
39,0.6,20,26,-120.384291
39,0.6,20,28,-122.0452233
39,0.7,20,14,-95.34841835
39,0.7,20,16,-101.6254352
39,0.7,20,18,-106.4933305
39,0.7,20,20,-110.3320524
39,0.7,20,22,-113.2942838
39,0.7,20,24,-115.67977
39,0.7,20,26,-117.6199829
39,0.7,20,28,-119.5262781
39,0.8,20,14,-89.10910228
39,0.8,20,16,-96.2530931
39,0.8,20,18,-101.9351923
39,0.8,20,20,-106.4073236
39,0.8,20,22,-109.8255576
39,0.8,20,24,-112.5868528
39,0.8,20,26,-114.8721859
39,0.8,20,28,-116.7403664
39,0.9,20,14,-82.49614668
39,0.9,20,16,-90.66245634
39,0.9,20,18,-97.01364297
39,0.9,20,20,-102.1774598
39,0.9,20,22,-106.1776517
39,0.9,20,24,-109.3645064
39,0.9,20,26,-112.0450357
39,0.9,20,28,-114.0031984
39,1,20,14,-75.51881167
39,1,20,16,-84.8162109
39,1,20,18,-91.86152644
39,1,20,20,-97.61384377
39,1,20,22,-102.2728245
39,1,20,24,-106.0130101
39,1,20,26,-109.0277685
39,1,20,28,-111.2268027
39,0.3,21,14,-117.7269943
39,0.3,21,16,-120.6589324
39,0.3,21,18,-123.0470105
39,0.3,21,20,-125.043681
39,0.3,21,22,-126.7639818
39,0.3,21,24,-128.2331296
39,0.3,21,26,-129.593247
39,0.3,21,28,-130.8396091
39,0.4,21,14,-113.4230829
39,0.4,21,16,-116.9522819
39,0.4,21,18,-119.7027039
39,0.4,21,20,-121.9866877
39,0.4,21,22,-123.9123575
39,0.4,21,24,-125.6451419
39,0.4,21,26,-126.9994459
39,0.4,21,28,-128.3111611
39,0.5,21,14,-108.6464015
39,0.5,21,16,-112.9998229
39,0.5,21,18,-116.256453
39,0.5,21,20,-118.8379198
39,0.5,21,22,-121.0456075
39,0.5,21,24,-122.8777892
39,0.5,21,26,-124.4482952
39,0.5,21,28,-125.9733755
39,0.6,21,14,-103.6062538
39,0.6,21,16,-108.7165361
39,0.6,21,18,-112.6474846
39,0.6,21,20,-115.6243037
39,0.6,21,22,-118.0256823
39,0.6,21,24,-120.0888158
39,0.6,21,26,-121.7869215
39,0.6,21,28,-123.3462244
39,0.7,21,14,-98.06597034
39,0.7,21,16,-104.0873503
39,0.7,21,18,-108.7249883
39,0.7,21,20,-112.2652095
39,0.7,21,22,-115.0239181
39,0.7,21,24,-117.227552
39,0.7,21,26,-119.2619806
39,0.7,21,28,-120.9195833
39,0.8,21,14,-92.13132054
39,0.8,21,16,-99.04300425
39,0.8,21,18,-104.5689092
39,0.8,21,20,-108.6260143
39,0.8,21,22,-111.8156808
39,0.8,21,24,-114.3122035
39,0.8,21,26,-116.5293883
39,0.8,21,28,-118.3473792
39,0.9,21,14,-85.90868709
39,0.9,21,16,-93.69173672
39,0.9,21,18,-99.83450467
39,0.9,21,20,-104.6728506
39,0.9,21,22,-108.4302746
39,0.9,21,24,-111.3102184
39,0.9,21,26,-113.8217469
39,0.9,21,28,-115.9662288
39,1,21,14,-79.30398411
39,1,21,16,-88.16157314
39,1,21,18,-94.95451138
39,1,21,20,-100.4710017
39,1,21,22,-104.8256021
39,1,21,24,-108.2306629
39,1,21,26,-111.1006384
39,1,21,28,-113.229144
